Loading meta-llama/Llama-3.1-8B ...

========================================================================
KL faithfulness evaluation
  Tasks  : 16  (narrativeqa, qasper, multifieldqa_en, hotpotqa...)
  Methods: 6  (naive_65pct, snapkv, kq_only, kq_pre_d090, kq_pre_d095, snapkv_d090)
  N/task : 100
  Total  : 9600 examples  (0 already done)
========================================================================

  [narrativeqa              1/16] naive_65pct    (1/6)  ex    1/100  KL=0.0107  mean=0.0107  0.07ex/s  eta=22m00s  [eta=35h40m53s total]
  [narrativeqa              1/16] naive_65pct    (1/6)  ex    2/100  KL=0.0029  mean=0.0068  0.08ex/s  eta=21m42s  [eta=35h28m55s total]
  [narrativeqa              1/16] naive_65pct    (1/6)  ex    3/100  KL=0.0370  mean=0.0169  0.08ex/s  eta=21m26s  [eta=35h23m50s total]
  [narrativeqa              1/16] naive_65pct    (1/6)  ex    4/100  KL=0.0019  mean=0.0131  0.08ex/s  eta=21m12s  [eta=35h22m16s total]
  [narrativeqa              1/16] naive_65pct    (1/6)  ex    5/100  KL=0.0045  mean=0.0114  0.08ex/s  eta=21m00s  [eta=35h22m49s total]
  [narrativeqa              1/16] naive_65pct    (1/6)  ex    6/100  KL=0.0036  mean=0.0101  0.08ex/s  eta=20m46s  [eta=35h22m19s total]
  [narrativeqa              1/16] naive_65pct    (1/6)  ex    7/100  KL=0.0251  mean=0.0123  0.08ex/s  eta=20m34s  [eta=35h22m36s total]
  [narrativeqa              1/16] naive_65pct    (1/6)  ex    8/100  KL=0.0132  mean=0.0124  0.08ex/s  eta=20m21s  [eta=35h23m24s total]
  [narrativeqa              1/16] naive_65pct    (1/6)  ex    9/100  KL=0.0053  mean=0.0116  0.08ex/s  eta=20m11s  [eta=35h28m26s total]
  [narrativeqa              1/16] naive_65pct    (1/6)  ex   10/100  KL=0.0010  mean=0.0105  0.07ex/s  eta=20m04s  [eta=35h39m43s total]
  [narrativeqa              1/16] naive_65pct    (1/6)  ex   11/100  KL=0.0095  mean=0.0104  0.07ex/s  eta=19m58s  [eta=35h52m49s total]
  [narrativeqa              1/16] naive_65pct    (1/6)  ex   12/100  KL=0.0339  mean=0.0124  0.07ex/s  eta=19m53s  [eta=36h07m05s total]
  [narrativeqa              1/16] naive_65pct    (1/6)  ex   13/100  KL=0.0459  mean=0.0150  0.08ex/s  eta=19m01s  [eta=34h57m30s total]
  [narrativeqa              1/16] naive_65pct    (1/6)  ex   14/100  KL=0.0103  mean=0.0147  0.08ex/s  eta=18m38s  [eta=34h37m41s total]
  [narrativeqa              1/16] naive_65pct    (1/6)  ex   15/100  KL=0.0029  mean=0.0139  0.08ex/s  eta=18m36s  [eta=34h58m40s total]
  [narrativeqa              1/16] naive_65pct    (1/6)  ex   16/100  KL=0.0103  mean=0.0136  0.08ex/s  eta=18m32s  [eta=35h15m04s total]
  [narrativeqa              1/16] naive_65pct    (1/6)  ex   17/100  KL=0.0226  mean=0.0142  0.07ex/s  eta=18m26s  [eta=35h30m03s total]
  [narrativeqa              1/16] naive_65pct    (1/6)  ex   18/100  KL=0.0095  mean=0.0139  0.07ex/s  eta=18m20s  [eta=35h44m28s total]
  [narrativeqa              1/16] naive_65pct    (1/6)  ex   19/100  KL=0.0045  mean=0.0134  0.07ex/s  eta=18m14s  [eta=35h58m04s total]
  [narrativeqa              1/16] naive_65pct    (1/6)  ex   20/100  KL=0.0165  mean=0.0136  0.07ex/s  eta=18m06s  [eta=36h08m05s total]
  [narrativeqa              1/16] naive_65pct    (1/6)  ex   21/100  KL=0.0016  mean=0.0130  0.07ex/s  eta=17m57s  [eta=36h18m11s total]
  [narrativeqa              1/16] naive_65pct    (1/6)  ex   22/100  KL=0.0042  mean=0.0126  0.07ex/s  eta=17m48s  [eta=36h26m43s total]
  [narrativeqa              1/16] naive_65pct    (1/6)  ex   23/100  KL=0.0077  mean=0.0124  0.07ex/s  eta=17m39s  [eta=36h36m29s total]
  [narrativeqa              1/16] naive_65pct    (1/6)  ex   24/100  KL=0.0036  mean=0.0120  0.07ex/s  eta=17m29s  [eta=36h44m59s total]
  [narrativeqa              1/16] naive_65pct    (1/6)  ex   25/100  KL=0.0044  mean=0.0117  0.07ex/s  eta=17m19s  [eta=36h52m06s total]
  [narrativeqa              1/16] naive_65pct    (1/6)  ex   26/100  KL=0.0067  mean=0.0115  0.07ex/s  eta=17m10s  [eta=37h01m22s total]
  [narrativeqa              1/16] naive_65pct    (1/6)  ex   27/100  KL=0.0024  mean=0.0112  0.07ex/s  eta=16m58s  [eta=37h07m18s total]
  [narrativeqa              1/16] naive_65pct    (1/6)  ex   28/100  KL=0.0008  mean=0.0108  0.07ex/s  eta=16m47s  [eta=37h13m19s total]
  [narrativeqa              1/16] naive_65pct    (1/6)  ex   29/100  KL=0.0043  mean=0.0106  0.07ex/s  eta=16m19s  [eta=36h40m45s total]
  [narrativeqa              1/16] naive_65pct    (1/6)  ex   30/100  KL=0.0009  mean=0.0103  0.07ex/s  eta=16m09s  [eta=36h49m33s total]
  [narrativeqa              1/16] naive_65pct    (1/6)  ex   31/100  KL=0.0117  mean=0.0103  0.07ex/s  eta=15m59s  [eta=36h57m15s total]
  [narrativeqa              1/16] naive_65pct    (1/6)  ex   32/100  KL=0.0152  mean=0.0105  0.07ex/s  eta=15m47s  [eta=37h01m23s total]
  [narrativeqa              1/16] naive_65pct    (1/6)  ex   33/100  KL=0.0045  mean=0.0103  0.07ex/s  eta=15m36s  [eta=37h09m08s total]
  [narrativeqa              1/16] naive_65pct    (1/6)  ex   34/100  KL=0.0017  mean=0.0100  0.07ex/s  eta=15m24s  [eta=37h14m07s total]
  [narrativeqa              1/16] naive_65pct    (1/6)  ex   35/100  KL=0.0052  mean=0.0099  0.07ex/s  eta=15m00s  [eta=36h47m47s total]
  [narrativeqa              1/16] naive_65pct    (1/6)  ex   36/100  KL=0.0057  mean=0.0098  0.07ex/s  eta=14m49s  [eta=36h54m39s total]
  [narrativeqa              1/16] naive_65pct    (1/6)  ex   37/100  KL=0.0136  mean=0.0099  0.07ex/s  eta=14m37s  [eta=37h01m25s total]
  [narrativeqa              1/16] naive_65pct    (1/6)  ex   38/100  KL=0.0080  mean=0.0098  0.07ex/s  eta=14m16s  [eta=36h41m48s total]
  [narrativeqa              1/16] naive_65pct    (1/6)  ex   39/100  KL=0.0143  mean=0.0099  0.07ex/s  eta=14m05s  [eta=36h49m14s total]
  [narrativeqa              1/16] naive_65pct    (1/6)  ex   40/100  KL=0.0299  mean=0.0104  0.07ex/s  eta=13m53s  [eta=36h53m56s total]
  [narrativeqa              1/16] naive_65pct    (1/6)  ex   41/100  KL=0.0153  mean=0.0106  0.07ex/s  eta=13m41s  [eta=36h59m07s total]
  [narrativeqa              1/16] naive_65pct    (1/6)  ex   42/100  KL=0.0041  mean=0.0104  0.07ex/s  eta=13m29s  [eta=37h02m26s total]
  [narrativeqa              1/16] naive_65pct    (1/6)  ex   43/100  KL=0.0036  mean=0.0102  0.07ex/s  eta=13m16s  [eta=37h06m35s total]
  [narrativeqa              1/16] naive_65pct    (1/6)  ex   44/100  KL=0.0014  mean=0.0100  0.07ex/s  eta=13m04s  [eta=37h10m21s total]
  [narrativeqa              1/16] naive_65pct    (1/6)  ex   45/100  KL=0.0174  mean=0.0102  0.07ex/s  eta=12m51s  [eta=37h13m17s total]
  [narrativeqa              1/16] naive_65pct    (1/6)  ex   46/100  KL=0.0094  mean=0.0102  0.07ex/s  eta=12m38s  [eta=37h16m42s total]
  [narrativeqa              1/16] naive_65pct    (1/6)  ex   47/100  KL=0.0060  mean=0.0101  0.07ex/s  eta=12m25s  [eta=37h20m16s total]
  [narrativeqa              1/16] naive_65pct    (1/6)  ex   48/100  KL=0.0299  mean=0.0105  0.07ex/s  eta=12m12s  [eta=37h24m04s total]
  [narrativeqa              1/16] naive_65pct    (1/6)  ex   49/100  KL=0.0331  mean=0.0110  0.07ex/s  eta=11m59s  [eta=37h27m11s total]
  [narrativeqa              1/16] naive_65pct    (1/6)  ex   50/100  KL=0.0315  mean=0.0114  0.07ex/s  eta=11m46s  [eta=37h30m32s total]
  [narrativeqa              1/16] naive_65pct    (1/6)  ex   51/100  KL=0.0028  mean=0.0112  0.07ex/s  eta=11m33s  [eta=37h33m31s total]
  [narrativeqa              1/16] naive_65pct    (1/6)  ex   52/100  KL=0.0045  mean=0.0111  0.07ex/s  eta=11m20s  [eta=37h37m27s total]
  [narrativeqa              1/16] naive_65pct    (1/6)  ex   53/100  KL=0.0009  mean=0.0109  0.07ex/s  eta=11m07s  [eta=37h40m40s total]
  [narrativeqa              1/16] naive_65pct    (1/6)  ex   54/100  KL=0.0133  mean=0.0109  0.07ex/s  eta=10m54s  [eta=37h43m06s total]
  [narrativeqa              1/16] naive_65pct    (1/6)  ex   55/100  KL=0.0233  mean=0.0112  0.07ex/s  eta=10m40s  [eta=37h46m07s total]
  [narrativeqa              1/16] naive_65pct    (1/6)  ex   56/100  KL=0.0137  mean=0.0112  0.07ex/s  eta=10m27s  [eta=37h47m17s total]
  [narrativeqa              1/16] naive_65pct    (1/6)  ex   57/100  KL=0.0014  mean=0.0110  0.07ex/s  eta=10m13s  [eta=37h50m11s total]
  [narrativeqa              1/16] naive_65pct    (1/6)  ex   58/100  KL=0.0133  mean=0.0111  0.07ex/s  eta=10m00s  [eta=37h52m52s total]
  [narrativeqa              1/16] naive_65pct    (1/6)  ex   59/100  KL=0.0045  mean=0.0110  0.07ex/s  eta=9m46s  [eta=37h54m41s total]
  [narrativeqa              1/16] naive_65pct    (1/6)  ex   60/100  KL=0.0071  mean=0.0109  0.07ex/s  eta=9m32s  [eta=37h56m48s total]
  [narrativeqa              1/16] naive_65pct    (1/6)  ex   61/100  KL=0.0191  mean=0.0110  0.07ex/s  eta=9m18s  [eta=37h58m12s total]
  [narrativeqa              1/16] naive_65pct    (1/6)  ex   62/100  KL=0.1101  mean=0.0126  0.07ex/s  eta=9m00s  [eta=37h41m39s total]
  [narrativeqa              1/16] naive_65pct    (1/6)  ex   63/100  KL=0.0190  mean=0.0127  0.07ex/s  eta=8m47s  [eta=37h45m02s total]
  [narrativeqa              1/16] naive_65pct    (1/6)  ex   64/100  KL=0.0434  mean=0.0132  0.07ex/s  eta=8m33s  [eta=37h46m46s total]
  [narrativeqa              1/16] naive_65pct    (1/6)  ex   65/100  KL=0.0032  mean=0.0131  0.07ex/s  eta=8m19s  [eta=37h48m30s total]
  [narrativeqa              1/16] naive_65pct    (1/6)  ex   66/100  KL=0.0262  mean=0.0133  0.07ex/s  eta=8m05s  [eta=37h50m11s total]
  [narrativeqa              1/16] naive_65pct    (1/6)  ex   67/100  KL=0.0044  mean=0.0131  0.07ex/s  eta=7m48s  [eta=37h35m24s total]
  [narrativeqa              1/16] naive_65pct    (1/6)  ex   68/100  KL=0.0022  mean=0.0130  0.07ex/s  eta=7m34s  [eta=37h38m18s total]
  [narrativeqa              1/16] naive_65pct    (1/6)  ex   69/100  KL=0.0062  mean=0.0129  0.07ex/s  eta=7m21s  [eta=37h40m10s total]
  [narrativeqa              1/16] naive_65pct    (1/6)  ex   70/100  KL=0.0152  mean=0.0129  0.07ex/s  eta=7m07s  [eta=37h41m31s total]
  [narrativeqa              1/16] naive_65pct    (1/6)  ex   71/100  KL=0.0152  mean=0.0129  0.07ex/s  eta=6m53s  [eta=37h43m41s total]
  [narrativeqa              1/16] naive_65pct    (1/6)  ex   72/100  KL=0.0013  mean=0.0128  0.07ex/s  eta=6m39s  [eta=37h45m24s total]
  [narrativeqa              1/16] naive_65pct    (1/6)  ex   73/100  KL=0.0508  mean=0.0133  0.07ex/s  eta=6m25s  [eta=37h46m17s total]
  [narrativeqa              1/16] naive_65pct    (1/6)  ex   74/100  KL=0.0018  mean=0.0131  0.07ex/s  eta=6m11s  [eta=37h47m38s total]
  [narrativeqa              1/16] naive_65pct    (1/6)  ex   75/100  KL=0.0017  mean=0.0130  0.07ex/s  eta=5m57s  [eta=37h48m43s total]
  [narrativeqa              1/16] naive_65pct    (1/6)  ex   76/100  KL=0.0018  mean=0.0128  0.07ex/s  eta=5m41s  [eta=37h38m55s total]
  [narrativeqa              1/16] naive_65pct    (1/6)  ex   77/100  KL=0.0025  mean=0.0127  0.07ex/s  eta=5m27s  [eta=37h40m49s total]
  [narrativeqa              1/16] naive_65pct    (1/6)  ex   78/100  KL=0.0070  mean=0.0126  0.07ex/s  eta=5m11s  [eta=37h28m37s total]
  [narrativeqa              1/16] naive_65pct    (1/6)  ex   79/100  KL=0.0273  mean=0.0128  0.07ex/s  eta=4m57s  [eta=37h30m48s total]
  [narrativeqa              1/16] naive_65pct    (1/6)  ex   80/100  KL=0.0356  mean=0.0131  0.07ex/s  eta=4m43s  [eta=37h33m00s total]
  [narrativeqa              1/16] naive_65pct    (1/6)  ex   81/100  KL=0.0118  mean=0.0131  0.07ex/s  eta=4m28s  [eta=37h20m16s total]
  [narrativeqa              1/16] naive_65pct    (1/6)  ex   82/100  KL=0.0071  mean=0.0130  0.07ex/s  eta=4m14s  [eta=37h22m14s total]
  [narrativeqa              1/16] naive_65pct    (1/6)  ex   83/100  KL=0.0266  mean=0.0132  0.07ex/s  eta=4m00s  [eta=37h24m10s total]
  [narrativeqa              1/16] naive_65pct    (1/6)  ex   84/100  KL=0.0093  mean=0.0131  0.07ex/s  eta=3m46s  [eta=37h25m59s total]
  [narrativeqa              1/16] naive_65pct    (1/6)  ex   85/100  KL=0.0094  mean=0.0131  0.07ex/s  eta=3m31s  [eta=37h16m24s total]
  [narrativeqa              1/16] naive_65pct    (1/6)  ex   86/100  KL=0.0030  mean=0.0130  0.07ex/s  eta=3m17s  [eta=37h18m22s total]
  [narrativeqa              1/16] naive_65pct    (1/6)  ex   87/100  KL=0.0065  mean=0.0129  0.07ex/s  eta=3m03s  [eta=37h19m41s total]
  [narrativeqa              1/16] naive_65pct    (1/6)  ex   88/100  KL=0.0162  mean=0.0129  0.07ex/s  eta=2m49s  [eta=37h20m56s total]
  [narrativeqa              1/16] naive_65pct    (1/6)  ex   89/100  KL=0.0125  mean=0.0129  0.07ex/s  eta=2m35s  [eta=37h22m11s total]
  [narrativeqa              1/16] naive_65pct    (1/6)  ex   90/100  KL=0.0038  mean=0.0128  0.07ex/s  eta=2m21s  [eta=37h23m23s total]
  [narrativeqa              1/16] naive_65pct    (1/6)  ex   91/100  KL=0.0070  mean=0.0128  0.07ex/s  eta=2m07s  [eta=37h24m58s total]
  [narrativeqa              1/16] naive_65pct    (1/6)  ex   92/100  KL=0.0006  mean=0.0126  0.07ex/s  eta=1m53s  [eta=37h26m12s total]
  [narrativeqa              1/16] naive_65pct    (1/6)  ex   93/100  KL=0.0090  mean=0.0126  0.07ex/s  eta=1m39s  [eta=37h27m14s total]
  [narrativeqa              1/16] naive_65pct    (1/6)  ex   94/100  KL=0.0027  mean=0.0125  0.07ex/s  eta=1m24s  [eta=37h18m38s total]
  [narrativeqa              1/16] naive_65pct    (1/6)  ex   95/100  KL=0.0061  mean=0.0124  0.07ex/s  eta=1m10s  [eta=37h09m52s total]
  [narrativeqa              1/16] naive_65pct    (1/6)  ex   96/100  KL=0.0141  mean=0.0124  0.07ex/s  eta=56s  [eta=36h59m44s total]
  [narrativeqa              1/16] naive_65pct    (1/6)  ex   97/100  KL=0.0410  mean=0.0127  0.07ex/s  eta=42s  [eta=37h02m38s total]
  [narrativeqa              1/16] naive_65pct    (1/6)  ex   98/100  KL=0.0072  mean=0.0127  0.07ex/s  eta=28s  [eta=36h58m47s total]
  [narrativeqa              1/16] naive_65pct    (1/6)  ex   99/100  KL=0.0004  mean=0.0125  0.07ex/s  eta=14s  [eta=37h00m24s total]
  [narrativeqa              1/16] naive_65pct    (1/6)  ex  100/100  KL=0.0048  mean=0.0125  0.07ex/s  eta=0s  [eta=37h02m16s total]
  >>> narrativeqa / naive_65pct:  n=100  mean_KL=0.0125  [23m23s]

  [narrativeqa              1/16] snapkv         (2/6)  ex    1/100  KL=0.0475  mean=0.0475  0.08ex/s  eta=19m45s  [eta=36h58m49s total]
  [narrativeqa              1/16] snapkv         (2/6)  ex    2/100  KL=0.0085  mean=0.0280  0.08ex/s  eta=19m34s  [eta=36h55m26s total]
  [narrativeqa              1/16] snapkv         (2/6)  ex    3/100  KL=0.1215  mean=0.0592  0.08ex/s  eta=19m33s  [eta=36h52m38s total]
  [narrativeqa              1/16] snapkv         (2/6)  ex    4/100  KL=0.0101  mean=0.0469  0.08ex/s  eta=19m30s  [eta=36h50m06s total]
  [narrativeqa              1/16] snapkv         (2/6)  ex    5/100  KL=0.0099  mean=0.0395  0.08ex/s  eta=19m18s  [eta=36h47m13s total]
  [narrativeqa              1/16] snapkv         (2/6)  ex    6/100  KL=0.0234  mean=0.0368  0.08ex/s  eta=19m09s  [eta=36h44m39s total]
  [narrativeqa              1/16] snapkv         (2/6)  ex    7/100  KL=0.0563  mean=0.0396  0.08ex/s  eta=18m58s  [eta=36h42m05s total]
  [narrativeqa              1/16] snapkv         (2/6)  ex    8/100  KL=0.0207  mean=0.0373  0.08ex/s  eta=18m51s  [eta=36h40m02s total]
  [narrativeqa              1/16] snapkv         (2/6)  ex    9/100  KL=0.0259  mean=0.0360  0.08ex/s  eta=18m38s  [eta=36h37m19s total]
  [narrativeqa              1/16] snapkv         (2/6)  ex   10/100  KL=0.0237  mean=0.0348  0.08ex/s  eta=18m27s  [eta=36h35m04s total]
  [narrativeqa              1/16] snapkv         (2/6)  ex   11/100  KL=0.0351  mean=0.0348  0.08ex/s  eta=17m37s  [eta=36h26m00s total]
  [narrativeqa              1/16] snapkv         (2/6)  ex   12/100  KL=0.1126  mean=0.0413  0.08ex/s  eta=17m29s  [eta=36h23m48s total]
  [narrativeqa              1/16] snapkv         (2/6)  ex   13/100  KL=0.0853  mean=0.0447  0.09ex/s  eta=16m44s  [eta=36h13m55s total]
  [narrativeqa              1/16] snapkv         (2/6)  ex   14/100  KL=0.0856  mean=0.0476  0.09ex/s  eta=16m40s  [eta=36h12m20s total]
  [narrativeqa              1/16] snapkv         (2/6)  ex   15/100  KL=0.0258  mean=0.0461  0.09ex/s  eta=16m32s  [eta=36h10m06s total]
  [narrativeqa              1/16] snapkv         (2/6)  ex   16/100  KL=0.0265  mean=0.0449  0.09ex/s  eta=16m24s  [eta=36h08m04s total]
  [narrativeqa              1/16] snapkv         (2/6)  ex   17/100  KL=0.0699  mean=0.0464  0.09ex/s  eta=16m16s  [eta=36h06m02s total]
  [narrativeqa              1/16] snapkv         (2/6)  ex   18/100  KL=0.0351  mean=0.0458  0.09ex/s  eta=15m45s  [eta=35h57m41s total]
  [narrativeqa              1/16] snapkv         (2/6)  ex   19/100  KL=0.0102  mean=0.0439  0.09ex/s  eta=15m38s  [eta=35h55m53s total]
  [narrativeqa              1/16] snapkv         (2/6)  ex   20/100  KL=0.0369  mean=0.0435  0.09ex/s  eta=15m30s  [eta=35h54m08s total]
  [narrativeqa              1/16] snapkv         (2/6)  ex   21/100  KL=0.0319  mean=0.0430  0.09ex/s  eta=15m02s  [eta=35h45m39s total]
  [narrativeqa              1/16] snapkv         (2/6)  ex   22/100  KL=0.0083  mean=0.0414  0.09ex/s  eta=14m55s  [eta=35h44m21s total]
  [narrativeqa              1/16] snapkv         (2/6)  ex   23/100  KL=0.0443  mean=0.0415  0.09ex/s  eta=14m46s  [eta=35h42m33s total]
  [narrativeqa              1/16] snapkv         (2/6)  ex   24/100  KL=0.0409  mean=0.0415  0.09ex/s  eta=14m38s  [eta=35h41m06s total]
  [narrativeqa              1/16] snapkv         (2/6)  ex   25/100  KL=0.0211  mean=0.0407  0.09ex/s  eta=14m29s  [eta=35h39m14s total]
  [narrativeqa              1/16] snapkv         (2/6)  ex   26/100  KL=0.0571  mean=0.0413  0.09ex/s  eta=14m20s  [eta=35h37m37s total]
  [narrativeqa              1/16] snapkv         (2/6)  ex   27/100  KL=0.4731  mean=0.0573  0.09ex/s  eta=14m10s  [eta=35h35m50s total]
  [narrativeqa              1/16] snapkv         (2/6)  ex   28/100  KL=0.0088  mean=0.0556  0.09ex/s  eta=13m59s  [eta=35h33m52s total]
  [narrativeqa              1/16] snapkv         (2/6)  ex   29/100  KL=0.0099  mean=0.0540  0.09ex/s  eta=13m50s  [eta=35h32m30s total]
  [narrativeqa              1/16] snapkv         (2/6)  ex   30/100  KL=0.0065  mean=0.0524  0.09ex/s  eta=13m40s  [eta=35h30m50s total]
  [narrativeqa              1/16] snapkv         (2/6)  ex   31/100  KL=0.0462  mean=0.0522  0.09ex/s  eta=13m29s  [eta=35h29m15s total]
  [narrativeqa              1/16] snapkv         (2/6)  ex   32/100  KL=0.0104  mean=0.0509  0.09ex/s  eta=13m19s  [eta=35h27m48s total]
  [narrativeqa              1/16] snapkv         (2/6)  ex   33/100  KL=0.0122  mean=0.0497  0.08ex/s  eta=13m09s  [eta=35h26m08s total]
  [narrativeqa              1/16] snapkv         (2/6)  ex   34/100  KL=0.0072  mean=0.0485  0.08ex/s  eta=12m58s  [eta=35h24m55s total]
  [narrativeqa              1/16] snapkv         (2/6)  ex   35/100  KL=0.0168  mean=0.0476  0.08ex/s  eta=12m48s  [eta=35h23m18s total]
  [narrativeqa              1/16] snapkv         (2/6)  ex   36/100  KL=0.0246  mean=0.0469  0.08ex/s  eta=12m36s  [eta=35h21m35s total]
  [narrativeqa              1/16] snapkv         (2/6)  ex   37/100  KL=0.0431  mean=0.0468  0.08ex/s  eta=12m25s  [eta=35h20m04s total]
  [narrativeqa              1/16] snapkv         (2/6)  ex   38/100  KL=0.0223  mean=0.0462  0.09ex/s  eta=12m06s  [eta=35h12m37s total]
  [narrativeqa              1/16] snapkv         (2/6)  ex   39/100  KL=0.0210  mean=0.0455  0.09ex/s  eta=11m56s  [eta=35h11m37s total]
  [narrativeqa              1/16] snapkv         (2/6)  ex   40/100  KL=0.0171  mean=0.0448  0.09ex/s  eta=11m45s  [eta=35h10m25s total]
  [narrativeqa              1/16] snapkv         (2/6)  ex   41/100  KL=0.0174  mean=0.0442  0.08ex/s  eta=11m34s  [eta=35h09m07s total]
  [narrativeqa              1/16] snapkv         (2/6)  ex   42/100  KL=0.0309  mean=0.0439  0.08ex/s  eta=11m23s  [eta=35h07m49s total]
  [narrativeqa              1/16] snapkv         (2/6)  ex   43/100  KL=0.0149  mean=0.0432  0.08ex/s  eta=11m12s  [eta=35h06m34s total]
  [narrativeqa              1/16] snapkv         (2/6)  ex   44/100  KL=0.0083  mean=0.0424  0.08ex/s  eta=11m02s  [eta=35h05m40s total]
  [narrativeqa              1/16] snapkv         (2/6)  ex   45/100  KL=0.0045  mean=0.0415  0.08ex/s  eta=10m51s  [eta=35h04m18s total]
  [narrativeqa              1/16] snapkv         (2/6)  ex   46/100  KL=0.0161  mean=0.0410  0.08ex/s  eta=10m39s  [eta=35h03m01s total]
  [narrativeqa              1/16] snapkv         (2/6)  ex   47/100  KL=0.0294  mean=0.0407  0.08ex/s  eta=10m28s  [eta=35h01m46s total]
  [narrativeqa              1/16] snapkv         (2/6)  ex   48/100  KL=0.0171  mean=0.0403  0.08ex/s  eta=10m17s  [eta=35h00m35s total]
  [narrativeqa              1/16] snapkv         (2/6)  ex   49/100  KL=0.0285  mean=0.0400  0.08ex/s  eta=10m06s  [eta=34h59m24s total]
  [narrativeqa              1/16] snapkv         (2/6)  ex   50/100  KL=0.0090  mean=0.0394  0.08ex/s  eta=9m54s  [eta=34h58m15s total]
  [narrativeqa              1/16] snapkv         (2/6)  ex   51/100  KL=0.0103  mean=0.0388  0.08ex/s  eta=9m43s  [eta=34h57m19s total]
  [narrativeqa              1/16] snapkv         (2/6)  ex   52/100  KL=0.0250  mean=0.0386  0.08ex/s  eta=9m31s  [eta=34h55m54s total]
  [narrativeqa              1/16] snapkv         (2/6)  ex   53/100  KL=0.0065  mean=0.0380  0.08ex/s  eta=9m20s  [eta=34h55m05s total]
  [narrativeqa              1/16] snapkv         (2/6)  ex   54/100  KL=0.0194  mean=0.0376  0.08ex/s  eta=9m09s  [eta=34h53m44s total]
  [narrativeqa              1/16] snapkv         (2/6)  ex   55/100  KL=0.0859  mean=0.0385  0.08ex/s  eta=8m57s  [eta=34h52m47s total]
  [narrativeqa              1/16] snapkv         (2/6)  ex   56/100  KL=0.0623  mean=0.0389  0.08ex/s  eta=8m45s  [eta=34h51m32s total]
  [narrativeqa              1/16] snapkv         (2/6)  ex   57/100  KL=0.0090  mean=0.0384  0.08ex/s  eta=8m34s  [eta=34h50m34s total]
  [narrativeqa              1/16] snapkv         (2/6)  ex   58/100  KL=0.0325  mean=0.0383  0.08ex/s  eta=8m22s  [eta=34h49m32s total]
  [narrativeqa              1/16] snapkv         (2/6)  ex   59/100  KL=0.0080  mean=0.0378  0.08ex/s  eta=8m11s  [eta=34h48m32s total]
  [narrativeqa              1/16] snapkv         (2/6)  ex   60/100  KL=0.0243  mean=0.0375  0.08ex/s  eta=7m59s  [eta=34h47m40s total]
  [narrativeqa              1/16] snapkv         (2/6)  ex   61/100  KL=0.1007  mean=0.0386  0.08ex/s  eta=7m47s  [eta=34h46m28s total]
  [narrativeqa              1/16] snapkv         (2/6)  ex   62/100  KL=0.1482  mean=0.0404  0.08ex/s  eta=7m32s  [eta=34h40m20s total]
  [narrativeqa              1/16] snapkv         (2/6)  ex   63/100  KL=0.0332  mean=0.0402  0.08ex/s  eta=7m21s  [eta=34h39m31s total]
  [narrativeqa              1/16] snapkv         (2/6)  ex   64/100  KL=0.0557  mean=0.0405  0.08ex/s  eta=7m09s  [eta=34h38m43s total]
  [narrativeqa              1/16] snapkv         (2/6)  ex   65/100  KL=0.0198  mean=0.0402  0.08ex/s  eta=6m58s  [eta=34h37m51s total]
  [narrativeqa              1/16] snapkv         (2/6)  ex   66/100  KL=0.0375  mean=0.0401  0.08ex/s  eta=6m46s  [eta=34h37m03s total]
  [narrativeqa              1/16] snapkv         (2/6)  ex   67/100  KL=0.0212  mean=0.0398  0.08ex/s  eta=6m32s  [eta=34h30m45s total]
  [narrativeqa              1/16] snapkv         (2/6)  ex   68/100  KL=0.0103  mean=0.0394  0.08ex/s  eta=6m20s  [eta=34h30m09s total]
  [narrativeqa              1/16] snapkv         (2/6)  ex   69/100  KL=0.0124  mean=0.0390  0.08ex/s  eta=6m09s  [eta=34h29m24s total]
  [narrativeqa              1/16] snapkv         (2/6)  ex   70/100  KL=0.0104  mean=0.0386  0.08ex/s  eta=5m57s  [eta=34h28m21s total]
  [narrativeqa              1/16] snapkv         (2/6)  ex   71/100  KL=0.0798  mean=0.0392  0.08ex/s  eta=5m45s  [eta=34h27m34s total]
  [narrativeqa              1/16] snapkv         (2/6)  ex   72/100  KL=0.0390  mean=0.0392  0.08ex/s  eta=5m33s  [eta=34h26m33s total]
  [narrativeqa              1/16] snapkv         (2/6)  ex   73/100  KL=0.0318  mean=0.0391  0.08ex/s  eta=5m22s  [eta=34h25m49s total]
  [narrativeqa              1/16] snapkv         (2/6)  ex   74/100  KL=0.0157  mean=0.0388  0.08ex/s  eta=5m10s  [eta=34h24m56s total]
  [narrativeqa              1/16] snapkv         (2/6)  ex   75/100  KL=0.0263  mean=0.0386  0.08ex/s  eta=4m58s  [eta=34h24m02s total]
  [narrativeqa              1/16] snapkv         (2/6)  ex   76/100  KL=0.0095  mean=0.0382  0.08ex/s  eta=4m46s  [eta=34h23m15s total]
  [narrativeqa              1/16] snapkv         (2/6)  ex   77/100  KL=0.0199  mean=0.0380  0.08ex/s  eta=4m35s  [eta=34h22m33s total]
  [narrativeqa              1/16] snapkv         (2/6)  ex   78/100  KL=0.0686  mean=0.0384  0.08ex/s  eta=4m21s  [eta=34h16m55s total]
  [narrativeqa              1/16] snapkv         (2/6)  ex   79/100  KL=0.1257  mean=0.0395  0.08ex/s  eta=4m09s  [eta=34h16m06s total]
  [narrativeqa              1/16] snapkv         (2/6)  ex   80/100  KL=0.0105  mean=0.0391  0.08ex/s  eta=3m58s  [eta=34h15m29s total]
  [narrativeqa              1/16] snapkv         (2/6)  ex   81/100  KL=0.0249  mean=0.0389  0.08ex/s  eta=3m45s  [eta=34h09m55s total]
  [narrativeqa              1/16] snapkv         (2/6)  ex   82/100  KL=0.0388  mean=0.0389  0.08ex/s  eta=3m33s  [eta=34h09m27s total]
  [narrativeqa              1/16] snapkv         (2/6)  ex   83/100  KL=0.0489  mean=0.0391  0.08ex/s  eta=3m21s  [eta=34h08m43s total]
  [narrativeqa              1/16] snapkv         (2/6)  ex   84/100  KL=0.0589  mean=0.0393  0.08ex/s  eta=3m10s  [eta=34h08m10s total]
  [narrativeqa              1/16] snapkv         (2/6)  ex   85/100  KL=0.0170  mean=0.0390  0.08ex/s  eta=2m57s  [eta=34h03m29s total]
  [narrativeqa              1/16] snapkv         (2/6)  ex   86/100  KL=0.0183  mean=0.0388  0.08ex/s  eta=2m45s  [eta=34h02m58s total]
  [narrativeqa              1/16] snapkv         (2/6)  ex   87/100  KL=0.0166  mean=0.0385  0.08ex/s  eta=2m34s  [eta=34h02m24s total]
  [narrativeqa              1/16] snapkv         (2/6)  ex   88/100  KL=0.0323  mean=0.0385  0.08ex/s  eta=2m22s  [eta=34h01m42s total]
  [narrativeqa              1/16] snapkv         (2/6)  ex   89/100  KL=0.0554  mean=0.0387  0.08ex/s  eta=2m10s  [eta=34h01m01s total]
  [narrativeqa              1/16] snapkv         (2/6)  ex   90/100  KL=0.0210  mean=0.0385  0.08ex/s  eta=1m58s  [eta=34h00m16s total]
  [narrativeqa              1/16] snapkv         (2/6)  ex   91/100  KL=0.0325  mean=0.0384  0.08ex/s  eta=1m46s  [eta=33h59m35s total]
  [narrativeqa              1/16] snapkv         (2/6)  ex   92/100  KL=0.0090  mean=0.0381  0.08ex/s  eta=1m35s  [eta=33h59m06s total]
  [narrativeqa              1/16] snapkv         (2/6)  ex   93/100  KL=0.0162  mean=0.0378  0.08ex/s  eta=1m23s  [eta=33h58m24s total]
  [narrativeqa              1/16] snapkv         (2/6)  ex   94/100  KL=0.0174  mean=0.0376  0.08ex/s  eta=1m11s  [eta=33h57m40s total]
  [narrativeqa              1/16] snapkv         (2/6)  ex   95/100  KL=0.0492  mean=0.0377  0.08ex/s  eta=59s  [eta=33h53m08s total]
  [narrativeqa              1/16] snapkv         (2/6)  ex   96/100  KL=0.0302  mean=0.0377  0.08ex/s  eta=47s  [eta=33h48m16s total]
  [narrativeqa              1/16] snapkv         (2/6)  ex   97/100  KL=0.0180  mean=0.0375  0.08ex/s  eta=35s  [eta=33h48m05s total]
  [narrativeqa              1/16] snapkv         (2/6)  ex   98/100  KL=0.0186  mean=0.0373  0.08ex/s  eta=23s  [eta=33h43m29s total]
  [narrativeqa              1/16] snapkv         (2/6)  ex   99/100  KL=0.0090  mean=0.0370  0.08ex/s  eta=11s  [eta=33h43m16s total]
  [narrativeqa              1/16] snapkv         (2/6)  ex  100/100  KL=0.0298  mean=0.0369  0.08ex/s  eta=0s  [eta=33h42m51s total]
  >>> narrativeqa / snapkv:  n=100  mean_KL=0.0369  [19m38s]

  [narrativeqa              1/16] kq_only        (3/6)  ex    1/100  KL=0.1085  mean=0.1085  0.08ex/s  eta=20m53s  [eta=33h42m26s total]
  [narrativeqa              1/16] kq_only        (3/6)  ex    2/100  KL=0.0140  mean=0.0613  0.08ex/s  eta=20m37s  [eta=33h41m58s total]
  [narrativeqa              1/16] kq_only        (3/6)  ex    3/100  KL=0.0541  mean=0.0589  0.08ex/s  eta=20m20s  [eta=33h41m26s total]
  [narrativeqa              1/16] kq_only        (3/6)  ex    4/100  KL=0.0244  mean=0.0503  0.08ex/s  eta=20m12s  [eta=33h41m07s total]
  [narrativeqa              1/16] kq_only        (3/6)  ex    5/100  KL=0.0420  mean=0.0486  0.08ex/s  eta=19m01s  [eta=33h38m20s total]
  [narrativeqa              1/16] kq_only        (3/6)  ex    6/100  KL=0.0222  mean=0.0442  0.08ex/s  eta=18m56s  [eta=33h37m50s total]
  [narrativeqa              1/16] kq_only        (3/6)  ex    7/100  KL=0.0597  mean=0.0464  0.08ex/s  eta=18m51s  [eta=33h37m23s total]
  [narrativeqa              1/16] kq_only        (3/6)  ex    8/100  KL=0.0537  mean=0.0473  0.08ex/s  eta=18m44s  [eta=33h36m57s total]
  [narrativeqa              1/16] kq_only        (3/6)  ex    9/100  KL=0.0354  mean=0.0460  0.08ex/s  eta=18m36s  [eta=33h36m34s total]
  [narrativeqa              1/16] kq_only        (3/6)  ex   10/100  KL=0.0494  mean=0.0463  0.08ex/s  eta=18m26s  [eta=33h36m06s total]
  [narrativeqa              1/16] kq_only        (3/6)  ex   11/100  KL=0.0931  mean=0.0506  0.08ex/s  eta=17m38s  [eta=33h32m10s total]
  [narrativeqa              1/16] kq_only        (3/6)  ex   12/100  KL=0.1398  mean=0.0580  0.08ex/s  eta=17m31s  [eta=33h31m46s total]
  [narrativeqa              1/16] kq_only        (3/6)  ex   13/100  KL=0.1327  mean=0.0638  0.08ex/s  eta=17m23s  [eta=33h31m20s total]
  [narrativeqa              1/16] kq_only        (3/6)  ex   14/100  KL=0.0767  mean=0.0647  0.08ex/s  eta=17m14s  [eta=33h30m49s total]
  [narrativeqa              1/16] kq_only        (3/6)  ex   15/100  KL=0.0796  mean=0.0657  0.08ex/s  eta=17m06s  [eta=33h30m30s total]
  [narrativeqa              1/16] kq_only        (3/6)  ex   16/100  KL=0.0264  mean=0.0632  0.08ex/s  eta=16m59s  [eta=33h30m22s total]
  [narrativeqa              1/16] kq_only        (3/6)  ex   17/100  KL=0.0539  mean=0.0627  0.08ex/s  eta=16m48s  [eta=33h29m50s total]
  [narrativeqa              1/16] kq_only        (3/6)  ex   18/100  KL=0.0931  mean=0.0644  0.08ex/s  eta=16m17s  [eta=33h26m08s total]
  [narrativeqa              1/16] kq_only        (3/6)  ex   19/100  KL=0.0241  mean=0.0623  0.08ex/s  eta=16m08s  [eta=33h25m50s total]
  [narrativeqa              1/16] kq_only        (3/6)  ex   20/100  KL=0.0418  mean=0.0612  0.08ex/s  eta=15m59s  [eta=33h25m32s total]
  [narrativeqa              1/16] kq_only        (3/6)  ex   21/100  KL=0.0394  mean=0.0602  0.08ex/s  eta=15m31s  [eta=33h21m42s total]
  [narrativeqa              1/16] kq_only        (3/6)  ex   22/100  KL=0.0587  mean=0.0601  0.09ex/s  eta=15m04s  [eta=33h17m43s total]
  [narrativeqa              1/16] kq_only        (3/6)  ex   23/100  KL=0.0600  mean=0.0601  0.09ex/s  eta=14m57s  [eta=33h17m37s total]
  [narrativeqa              1/16] kq_only        (3/6)  ex   24/100  KL=0.0141  mean=0.0582  0.09ex/s  eta=14m49s  [eta=33h17m26s total]
  [narrativeqa              1/16] kq_only        (3/6)  ex   25/100  KL=0.0869  mean=0.0593  0.09ex/s  eta=14m40s  [eta=33h17m12s total]
  [narrativeqa              1/16] kq_only        (3/6)  ex   26/100  KL=0.0497  mean=0.0590  0.08ex/s  eta=14m31s  [eta=33h16m54s total]
  [narrativeqa              1/16] kq_only        (3/6)  ex   27/100  KL=0.0168  mean=0.0574  0.08ex/s  eta=14m22s  [eta=33h16m34s total]
  [narrativeqa              1/16] kq_only        (3/6)  ex   28/100  KL=0.0161  mean=0.0559  0.08ex/s  eta=14m12s  [eta=33h16m15s total]
  [narrativeqa              1/16] kq_only        (3/6)  ex   29/100  KL=0.0138  mean=0.0545  0.08ex/s  eta=14m02s  [eta=33h15m50s total]
  [narrativeqa              1/16] kq_only        (3/6)  ex   30/100  KL=0.0339  mean=0.0538  0.08ex/s  eta=13m51s  [eta=33h15m28s total]
  [narrativeqa              1/16] kq_only        (3/6)  ex   31/100  KL=0.1856  mean=0.0580  0.09ex/s  eta=13m29s  [eta=33h11m21s total]
  [narrativeqa              1/16] kq_only        (3/6)  ex   32/100  KL=0.0161  mean=0.0567  0.09ex/s  eta=13m19s  [eta=33h11m08s total]
  [narrativeqa              1/16] kq_only        (3/6)  ex   33/100  KL=0.0600  mean=0.0568  0.08ex/s  eta=13m09s  [eta=33h10m46s total]
  [narrativeqa              1/16] kq_only        (3/6)  ex   34/100  KL=0.0095  mean=0.0554  0.08ex/s  eta=12m59s  [eta=33h10m28s total]
  [narrativeqa              1/16] kq_only        (3/6)  ex   35/100  KL=0.0792  mean=0.0561  0.09ex/s  eta=12m39s  [eta=33h06m38s total]
  [narrativeqa              1/16] kq_only        (3/6)  ex   36/100  KL=0.0642  mean=0.0563  0.09ex/s  eta=12m21s  [eta=33h03m24s total]
  [narrativeqa              1/16] kq_only        (3/6)  ex   37/100  KL=0.0423  mean=0.0560  0.09ex/s  eta=12m11s  [eta=33h03m20s total]
  [narrativeqa              1/16] kq_only        (3/6)  ex   38/100  KL=0.0410  mean=0.0556  0.09ex/s  eta=12m02s  [eta=33h03m13s total]
  [narrativeqa              1/16] kq_only        (3/6)  ex   39/100  KL=0.0484  mean=0.0554  0.09ex/s  eta=11m52s  [eta=33h03m00s total]
  [narrativeqa              1/16] kq_only        (3/6)  ex   40/100  KL=0.0300  mean=0.0548  0.09ex/s  eta=11m42s  [eta=33h02m50s total]
  [narrativeqa              1/16] kq_only        (3/6)  ex   41/100  KL=0.0249  mean=0.0540  0.09ex/s  eta=11m32s  [eta=33h02m39s total]
  [narrativeqa              1/16] kq_only        (3/6)  ex   42/100  KL=0.0195  mean=0.0532  0.09ex/s  eta=11m21s  [eta=33h02m23s total]
  [narrativeqa              1/16] kq_only        (3/6)  ex   43/100  KL=0.0204  mean=0.0524  0.08ex/s  eta=11m10s  [eta=33h02m05s total]
  [narrativeqa              1/16] kq_only        (3/6)  ex   44/100  KL=0.0114  mean=0.0515  0.08ex/s  eta=11m00s  [eta=33h01m44s total]
  [narrativeqa              1/16] kq_only        (3/6)  ex   45/100  KL=0.0260  mean=0.0509  0.09ex/s  eta=10m44s  [eta=32h58m46s total]
  [narrativeqa              1/16] kq_only        (3/6)  ex   46/100  KL=0.0610  mean=0.0512  0.09ex/s  eta=10m33s  [eta=32h58m36s total]
  [narrativeqa              1/16] kq_only        (3/6)  ex   47/100  KL=0.0301  mean=0.0507  0.09ex/s  eta=10m22s  [eta=32h58m23s total]
  [narrativeqa              1/16] kq_only        (3/6)  ex   48/100  KL=0.0300  mean=0.0503  0.08ex/s  eta=10m12s  [eta=32h58m03s total]
  [narrativeqa              1/16] kq_only        (3/6)  ex   49/100  KL=0.0686  mean=0.0507  0.09ex/s  eta=9m57s  [eta=32h55m23s total]
  [narrativeqa              1/16] kq_only        (3/6)  ex   50/100  KL=0.0303  mean=0.0502  0.09ex/s  eta=9m46s  [eta=32h55m08s total]
  [narrativeqa              1/16] kq_only        (3/6)  ex   51/100  KL=0.0144  mean=0.0495  0.09ex/s  eta=9m35s  [eta=32h54m52s total]
  [narrativeqa              1/16] kq_only        (3/6)  ex   52/100  KL=0.0346  mean=0.0493  0.09ex/s  eta=9m24s  [eta=32h54m33s total]
  [narrativeqa              1/16] kq_only        (3/6)  ex   53/100  KL=0.0339  mean=0.0490  0.08ex/s  eta=9m13s  [eta=32h54m17s total]
  [narrativeqa              1/16] kq_only        (3/6)  ex   54/100  KL=0.1800  mean=0.0514  0.09ex/s  eta=8m57s  [eta=32h50m39s total]
  [narrativeqa              1/16] kq_only        (3/6)  ex   55/100  KL=0.0298  mean=0.0510  0.09ex/s  eta=8m46s  [eta=32h50m35s total]
  [narrativeqa              1/16] kq_only        (3/6)  ex   56/100  KL=0.0336  mean=0.0507  0.09ex/s  eta=8m35s  [eta=32h50m20s total]
  [narrativeqa              1/16] kq_only        (3/6)  ex   57/100  KL=0.0363  mean=0.0504  0.09ex/s  eta=8m24s  [eta=32h50m07s total]
  [narrativeqa              1/16] kq_only        (3/6)  ex   58/100  KL=0.0478  mean=0.0504  0.09ex/s  eta=8m13s  [eta=32h49m50s total]
  [narrativeqa              1/16] kq_only        (3/6)  ex   59/100  KL=0.0225  mean=0.0499  0.08ex/s  eta=8m02s  [eta=32h49m32s total]
  [narrativeqa              1/16] kq_only        (3/6)  ex   60/100  KL=0.0504  mean=0.0499  0.08ex/s  eta=7m51s  [eta=32h49m18s total]
  [narrativeqa              1/16] kq_only        (3/6)  ex   61/100  KL=0.1562  mean=0.0517  0.08ex/s  eta=7m39s  [eta=32h48m58s total]
  [narrativeqa              1/16] kq_only        (3/6)  ex   62/100  KL=0.1879  mean=0.0539  0.09ex/s  eta=7m25s  [eta=32h45m32s total]
  [narrativeqa              1/16] kq_only        (3/6)  ex   63/100  KL=0.0339  mean=0.0536  0.09ex/s  eta=7m11s  [eta=32h42m29s total]
  [narrativeqa              1/16] kq_only        (3/6)  ex   64/100  KL=0.1988  mean=0.0558  0.09ex/s  eta=7m00s  [eta=32h42m18s total]
  [narrativeqa              1/16] kq_only        (3/6)  ex   65/100  KL=0.0244  mean=0.0553  0.09ex/s  eta=6m48s  [eta=32h42m02s total]
  [narrativeqa              1/16] kq_only        (3/6)  ex   66/100  KL=0.0685  mean=0.0555  0.09ex/s  eta=6m37s  [eta=32h41m56s total]
  [narrativeqa              1/16] kq_only        (3/6)  ex   67/100  KL=0.0865  mean=0.0560  0.09ex/s  eta=6m23s  [eta=32h38m19s total]
  [narrativeqa              1/16] kq_only        (3/6)  ex   68/100  KL=0.0308  mean=0.0556  0.09ex/s  eta=6m12s  [eta=32h38m15s total]
  [narrativeqa              1/16] kq_only        (3/6)  ex   69/100  KL=0.1467  mean=0.0569  0.09ex/s  eta=6m01s  [eta=32h38m04s total]
  [narrativeqa              1/16] kq_only        (3/6)  ex   70/100  KL=0.0161  mean=0.0564  0.09ex/s  eta=5m50s  [eta=32h37m47s total]
  [narrativeqa              1/16] kq_only        (3/6)  ex   71/100  KL=0.0408  mean=0.0561  0.09ex/s  eta=5m38s  [eta=32h37m26s total]
  [narrativeqa              1/16] kq_only        (3/6)  ex   72/100  KL=0.0367  mean=0.0559  0.09ex/s  eta=5m27s  [eta=32h37m17s total]
  [narrativeqa              1/16] kq_only        (3/6)  ex   73/100  KL=0.0302  mean=0.0555  0.09ex/s  eta=5m16s  [eta=32h37m13s total]
  [narrativeqa              1/16] kq_only        (3/6)  ex   74/100  KL=0.0173  mean=0.0550  0.09ex/s  eta=5m04s  [eta=32h36m50s total]
  [narrativeqa              1/16] kq_only        (3/6)  ex   75/100  KL=0.0763  mean=0.0553  0.09ex/s  eta=4m51s  [eta=32h33m36s total]
  [narrativeqa              1/16] kq_only        (3/6)  ex   76/100  KL=0.0766  mean=0.0556  0.09ex/s  eta=4m40s  [eta=32h33m26s total]
  [narrativeqa              1/16] kq_only        (3/6)  ex   77/100  KL=0.0183  mean=0.0551  0.09ex/s  eta=4m28s  [eta=32h33m19s total]
  [narrativeqa              1/16] kq_only        (3/6)  ex   78/100  KL=0.0400  mean=0.0549  0.09ex/s  eta=4m17s  [eta=32h33m14s total]
  [narrativeqa              1/16] kq_only        (3/6)  ex   79/100  KL=0.0197  mean=0.0545  0.09ex/s  eta=4m05s  [eta=32h33m00s total]
  [narrativeqa              1/16] kq_only        (3/6)  ex   80/100  KL=0.0151  mean=0.0540  0.09ex/s  eta=3m54s  [eta=32h32m46s total]
  [narrativeqa              1/16] kq_only        (3/6)  ex   81/100  KL=0.0643  mean=0.0541  0.09ex/s  eta=3m42s  [eta=32h32m29s total]
  [narrativeqa              1/16] kq_only        (3/6)  ex   82/100  KL=0.0852  mean=0.0545  0.09ex/s  eta=3m31s  [eta=32h32m10s total]
  [narrativeqa              1/16] kq_only        (3/6)  ex   83/100  KL=0.0075  mean=0.0539  0.09ex/s  eta=3m19s  [eta=32h32m00s total]
  [narrativeqa              1/16] kq_only        (3/6)  ex   84/100  KL=0.1362  mean=0.0549  0.09ex/s  eta=3m08s  [eta=32h31m42s total]
  [narrativeqa              1/16] kq_only        (3/6)  ex   85/100  KL=0.0274  mean=0.0546  0.08ex/s  eta=2m56s  [eta=32h31m26s total]
  [narrativeqa              1/16] kq_only        (3/6)  ex   86/100  KL=0.0233  mean=0.0542  0.08ex/s  eta=2m44s  [eta=32h31m16s total]
  [narrativeqa              1/16] kq_only        (3/6)  ex   87/100  KL=0.0330  mean=0.0539  0.08ex/s  eta=2m33s  [eta=32h30m53s total]
  [narrativeqa              1/16] kq_only        (3/6)  ex   88/100  KL=0.0631  mean=0.0541  0.08ex/s  eta=2m21s  [eta=32h30m43s total]
  [narrativeqa              1/16] kq_only        (3/6)  ex   89/100  KL=0.0962  mean=0.0545  0.08ex/s  eta=2m09s  [eta=32h30m31s total]
  [narrativeqa              1/16] kq_only        (3/6)  ex   90/100  KL=0.0137  mean=0.0541  0.08ex/s  eta=1m58s  [eta=32h30m27s total]
  [narrativeqa              1/16] kq_only        (3/6)  ex   91/100  KL=0.0718  mean=0.0543  0.08ex/s  eta=1m46s  [eta=32h30m14s total]
  [narrativeqa              1/16] kq_only        (3/6)  ex   92/100  KL=0.0045  mean=0.0537  0.08ex/s  eta=1m34s  [eta=32h29m55s total]
  [narrativeqa              1/16] kq_only        (3/6)  ex   93/100  KL=0.0279  mean=0.0534  0.08ex/s  eta=1m22s  [eta=32h29m34s total]
  [narrativeqa              1/16] kq_only        (3/6)  ex   94/100  KL=0.0186  mean=0.0531  0.08ex/s  eta=1m11s  [eta=32h29m18s total]
  [narrativeqa              1/16] kq_only        (3/6)  ex   95/100  KL=0.0289  mean=0.0528  0.08ex/s  eta=59s  [eta=32h28m58s total]
  [narrativeqa              1/16] kq_only        (3/6)  ex   96/100  KL=0.0990  mean=0.0533  0.08ex/s  eta=47s  [eta=32h25m55s total]
  [narrativeqa              1/16] kq_only        (3/6)  ex   97/100  KL=0.3082  mean=0.0559  0.08ex/s  eta=35s  [eta=32h25m57s total]
  [narrativeqa              1/16] kq_only        (3/6)  ex   98/100  KL=0.0440  mean=0.0558  0.09ex/s  eta=23s  [eta=32h23m02s total]
  [narrativeqa              1/16] kq_only        (3/6)  ex   99/100  KL=0.0055  mean=0.0553  0.08ex/s  eta=11s  [eta=32h22m57s total]
  [narrativeqa              1/16] kq_only        (3/6)  ex  100/100  KL=0.0182  mean=0.0549  0.08ex/s  eta=0s  [eta=32h22m42s total]
  >>> narrativeqa / kq_only:  n=100  mean_KL=0.0549  [19m37s]

  [narrativeqa              1/16] kq_pre_d090    (4/6)  ex    1/100  KL=0.0823  mean=0.0823  0.08ex/s  eta=20m21s  [eta=32h22m24s total]
  [narrativeqa              1/16] kq_pre_d090    (4/6)  ex    2/100  KL=0.0371  mean=0.0597  0.08ex/s  eta=20m23s  [eta=32h22m14s total]
  [narrativeqa              1/16] kq_pre_d090    (4/6)  ex    3/100  KL=0.0895  mean=0.0696  0.08ex/s  eta=20m11s  [eta=32h22m00s total]
  [narrativeqa              1/16] kq_pre_d090    (4/6)  ex    4/100  KL=0.0519  mean=0.0652  0.08ex/s  eta=20m06s  [eta=32h21m57s total]
  [narrativeqa              1/16] kq_pre_d090    (4/6)  ex    5/100  KL=0.1857  mean=0.0893  0.08ex/s  eta=19m53s  [eta=32h21m43s total]
  [narrativeqa              1/16] kq_pre_d090    (4/6)  ex    6/100  KL=0.1177  mean=0.0940  0.08ex/s  eta=19m38s  [eta=32h21m27s total]
  [narrativeqa              1/16] kq_pre_d090    (4/6)  ex    7/100  KL=0.0970  mean=0.0944  0.08ex/s  eta=19m26s  [eta=32h21m17s total]
  [narrativeqa              1/16] kq_pre_d090    (4/6)  ex    8/100  KL=0.1792  mean=0.1050  0.08ex/s  eta=19m13s  [eta=32h21m02s total]
  [narrativeqa              1/16] kq_pre_d090    (4/6)  ex    9/100  KL=0.1047  mean=0.1050  0.08ex/s  eta=19m00s  [eta=32h20m50s total]
  [narrativeqa              1/16] kq_pre_d090    (4/6)  ex   10/100  KL=0.0319  mean=0.0977  0.08ex/s  eta=18m49s  [eta=32h20m41s total]
  [narrativeqa              1/16] kq_pre_d090    (4/6)  ex   11/100  KL=0.1149  mean=0.0993  0.08ex/s  eta=18m35s  [eta=32h20m25s total]
  [narrativeqa              1/16] kq_pre_d090    (4/6)  ex   12/100  KL=0.2164  mean=0.1090  0.08ex/s  eta=18m23s  [eta=32h20m14s total]
  [narrativeqa              1/16] kq_pre_d090    (4/6)  ex   13/100  KL=0.0726  mean=0.1062  0.08ex/s  eta=18m12s  [eta=32h20m07s total]
  [narrativeqa              1/16] kq_pre_d090    (4/6)  ex   14/100  KL=0.2978  mean=0.1199  0.08ex/s  eta=17m59s  [eta=32h19m53s total]
  [narrativeqa              1/16] kq_pre_d090    (4/6)  ex   15/100  KL=0.1482  mean=0.1218  0.08ex/s  eta=17m45s  [eta=32h19m37s total]
  [narrativeqa              1/16] kq_pre_d090    (4/6)  ex   16/100  KL=0.2070  mean=0.1271  0.08ex/s  eta=17m35s  [eta=32h19m38s total]
  [narrativeqa              1/16] kq_pre_d090    (4/6)  ex   17/100  KL=0.2234  mean=0.1328  0.08ex/s  eta=17m22s  [eta=32h19m22s total]
  [narrativeqa              1/16] kq_pre_d090    (4/6)  ex   18/100  KL=0.1149  mean=0.1318  0.08ex/s  eta=17m09s  [eta=32h19m11s total]
  [narrativeqa              1/16] kq_pre_d090    (4/6)  ex   19/100  KL=0.1437  mean=0.1324  0.08ex/s  eta=16m57s  [eta=32h18m57s total]
  [narrativeqa              1/16] kq_pre_d090    (4/6)  ex   20/100  KL=0.0392  mean=0.1277  0.08ex/s  eta=16m44s  [eta=32h18m42s total]
  [narrativeqa              1/16] kq_pre_d090    (4/6)  ex   21/100  KL=0.1442  mean=0.1285  0.08ex/s  eta=16m31s  [eta=32h18m32s total]
  [narrativeqa              1/16] kq_pre_d090    (4/6)  ex   22/100  KL=0.0650  mean=0.1256  0.08ex/s  eta=16m19s  [eta=32h18m20s total]
  [narrativeqa              1/16] kq_pre_d090    (4/6)  ex   23/100  KL=0.1624  mean=0.1272  0.08ex/s  eta=16m06s  [eta=32h18m10s total]
  [narrativeqa              1/16] kq_pre_d090    (4/6)  ex   24/100  KL=0.2209  mean=0.1311  0.08ex/s  eta=15m53s  [eta=32h17m51s total]
  [narrativeqa              1/16] kq_pre_d090    (4/6)  ex   25/100  KL=0.1052  mean=0.1301  0.08ex/s  eta=15m41s  [eta=32h17m42s total]
  [narrativeqa              1/16] kq_pre_d090    (4/6)  ex   26/100  KL=0.2296  mean=0.1339  0.08ex/s  eta=15m28s  [eta=32h17m30s total]
  [narrativeqa              1/16] kq_pre_d090    (4/6)  ex   27/100  KL=0.0820  mean=0.1320  0.08ex/s  eta=15m15s  [eta=32h17m13s total]
  [narrativeqa              1/16] kq_pre_d090    (4/6)  ex   28/100  KL=0.2679  mean=0.1369  0.08ex/s  eta=15m03s  [eta=32h17m05s total]
  [narrativeqa              1/16] kq_pre_d090    (4/6)  ex   29/100  KL=0.0993  mean=0.1356  0.08ex/s  eta=14m51s  [eta=32h16m58s total]
  [narrativeqa              1/16] kq_pre_d090    (4/6)  ex   30/100  KL=0.2579  mean=0.1396  0.08ex/s  eta=14m39s  [eta=32h16m50s total]
  [narrativeqa              1/16] kq_pre_d090    (4/6)  ex   31/100  KL=0.1988  mean=0.1416  0.08ex/s  eta=14m26s  [eta=32h16m33s total]
  [narrativeqa              1/16] kq_pre_d090    (4/6)  ex   32/100  KL=3.5155  mean=0.2470  0.08ex/s  eta=14m01s  [eta=32h13m44s total]
  [narrativeqa              1/16] kq_pre_d090    (4/6)  ex   33/100  KL=0.2403  mean=0.2468  0.08ex/s  eta=13m50s  [eta=32h13m43s total]
  [narrativeqa              1/16] kq_pre_d090    (4/6)  ex   34/100  KL=0.2551  mean=0.2470  0.08ex/s  eta=13m38s  [eta=32h13m31s total]
  [narrativeqa              1/16] kq_pre_d090    (4/6)  ex   35/100  KL=0.3087  mean=0.2488  0.08ex/s  eta=13m26s  [eta=32h13m14s total]
  [narrativeqa              1/16] kq_pre_d090    (4/6)  ex   36/100  KL=0.1577  mean=0.2463  0.08ex/s  eta=13m14s  [eta=32h13m07s total]
  [narrativeqa              1/16] kq_pre_d090    (4/6)  ex   37/100  KL=0.3262  mean=0.2484  0.08ex/s  eta=13m02s  [eta=32h13m00s total]
  [narrativeqa              1/16] kq_pre_d090    (4/6)  ex   38/100  KL=0.3173  mean=0.2502  0.08ex/s  eta=12m50s  [eta=32h12m51s total]
  [narrativeqa              1/16] kq_pre_d090    (4/6)  ex   39/100  KL=5.6323  mean=0.3882  0.08ex/s  eta=12m28s  [eta=32h10m01s total]
  [narrativeqa              1/16] kq_pre_d090    (4/6)  ex   40/100  KL=0.1711  mean=0.3828  0.08ex/s  eta=12m17s  [eta=32h09m58s total]
  [narrativeqa              1/16] kq_pre_d090    (4/6)  ex   41/100  KL=0.1423  mean=0.3769  0.08ex/s  eta=12m05s  [eta=32h09m50s total]
  [narrativeqa              1/16] kq_pre_d090    (4/6)  ex   42/100  KL=0.0529  mean=0.3692  0.08ex/s  eta=11m54s  [eta=32h09m44s total]
  [narrativeqa              1/16] kq_pre_d090    (4/6)  ex   43/100  KL=0.0602  mean=0.3620  0.08ex/s  eta=11m41s  [eta=32h09m29s total]
  [narrativeqa              1/16] kq_pre_d090    (4/6)  ex   44/100  KL=0.1524  mean=0.3573  0.08ex/s  eta=11m29s  [eta=32h09m17s total]
  [narrativeqa              1/16] kq_pre_d090    (4/6)  ex   45/100  KL=0.2452  mean=0.3548  0.08ex/s  eta=11m17s  [eta=32h09m01s total]
  [narrativeqa              1/16] kq_pre_d090    (4/6)  ex   46/100  KL=0.2370  mean=0.3522  0.08ex/s  eta=11m05s  [eta=32h08m42s total]
  [narrativeqa              1/16] kq_pre_d090    (4/6)  ex   47/100  KL=0.2000  mean=0.3490  0.08ex/s  eta=10m53s  [eta=32h08m29s total]
  [narrativeqa              1/16] kq_pre_d090    (4/6)  ex   48/100  KL=0.1711  mean=0.3453  0.08ex/s  eta=10m40s  [eta=32h08m12s total]
  [narrativeqa              1/16] kq_pre_d090    (4/6)  ex   49/100  KL=0.2885  mean=0.3441  0.08ex/s  eta=10m28s  [eta=32h08m00s total]
  [narrativeqa              1/16] kq_pre_d090    (4/6)  ex   50/100  KL=0.0901  mean=0.3390  0.08ex/s  eta=10m16s  [eta=32h07m50s total]
  [narrativeqa              1/16] kq_pre_d090    (4/6)  ex   51/100  KL=0.2454  mean=0.3372  0.08ex/s  eta=10m04s  [eta=32h07m39s total]
  [narrativeqa              1/16] kq_pre_d090    (4/6)  ex   52/100  KL=0.3386  mean=0.3372  0.08ex/s  eta=9m52s  [eta=32h07m24s total]
  [narrativeqa              1/16] kq_pre_d090    (4/6)  ex   53/100  KL=0.2579  mean=0.3357  0.08ex/s  eta=9m40s  [eta=32h07m13s total]
  [narrativeqa              1/16] kq_pre_d090    (4/6)  ex   54/100  KL=0.1229  mean=0.3318  0.08ex/s  eta=9m27s  [eta=32h06m59s total]
  [narrativeqa              1/16] kq_pre_d090    (4/6)  ex   55/100  KL=0.1224  mean=0.3280  0.08ex/s  eta=9m15s  [eta=32h06m46s total]
  [narrativeqa              1/16] kq_pre_d090    (4/6)  ex   56/100  KL=0.2569  mean=0.3267  0.08ex/s  eta=9m03s  [eta=32h06m38s total]
  [narrativeqa              1/16] kq_pre_d090    (4/6)  ex   57/100  KL=0.0703  mean=0.3222  0.08ex/s  eta=8m51s  [eta=32h06m21s total]
  [narrativeqa              1/16] kq_pre_d090    (4/6)  ex   58/100  KL=0.2829  mean=0.3215  0.08ex/s  eta=8m38s  [eta=32h06m05s total]
  [narrativeqa              1/16] kq_pre_d090    (4/6)  ex   59/100  KL=0.2879  mean=0.3210  0.08ex/s  eta=8m26s  [eta=32h05m47s total]
  [narrativeqa              1/16] kq_pre_d090    (4/6)  ex   60/100  KL=2.5718  mean=0.3585  0.08ex/s  eta=8m10s  [eta=32h03m12s total]
  [narrativeqa              1/16] kq_pre_d090    (4/6)  ex   61/100  KL=0.1967  mean=0.3558  0.08ex/s  eta=7m58s  [eta=32h03m08s total]
  [narrativeqa              1/16] kq_pre_d090    (4/6)  ex   62/100  KL=0.1912  mean=0.3532  0.08ex/s  eta=7m46s  [eta=32h02m59s total]
  [narrativeqa              1/16] kq_pre_d090    (4/6)  ex   63/100  KL=0.0571  mean=0.3485  0.08ex/s  eta=7m34s  [eta=32h02m50s total]
  [narrativeqa              1/16] kq_pre_d090    (4/6)  ex   64/100  KL=0.1867  mean=0.3460  0.08ex/s  eta=7m22s  [eta=32h02m41s total]
  [narrativeqa              1/16] kq_pre_d090    (4/6)  ex   65/100  KL=0.1820  mean=0.3434  0.08ex/s  eta=7m09s  [eta=32h02m17s total]
  [narrativeqa              1/16] kq_pre_d090    (4/6)  ex   66/100  KL=0.1092  mean=0.3399  0.08ex/s  eta=6m57s  [eta=32h02m08s total]
  [narrativeqa              1/16] kq_pre_d090    (4/6)  ex   67/100  KL=0.4060  mean=0.3409  0.08ex/s  eta=6m45s  [eta=32h01m57s total]
  [narrativeqa              1/16] kq_pre_d090    (4/6)  ex   68/100  KL=0.0392  mean=0.3364  0.08ex/s  eta=6m33s  [eta=32h01m44s total]
  [narrativeqa              1/16] kq_pre_d090    (4/6)  ex   69/100  KL=0.2450  mean=0.3351  0.08ex/s  eta=6m21s  [eta=32h01m36s total]
  [narrativeqa              1/16] kq_pre_d090    (4/6)  ex   70/100  KL=3.5155  mean=0.3805  0.08ex/s  eta=6m06s  [eta=31h59m02s total]
  [narrativeqa              1/16] kq_pre_d090    (4/6)  ex   71/100  KL=0.1926  mean=0.3779  0.08ex/s  eta=5m54s  [eta=31h58m51s total]
  [narrativeqa              1/16] kq_pre_d090    (4/6)  ex   72/100  KL=4.3155  mean=0.4326  0.08ex/s  eta=5m40s  [eta=31h56m23s total]
  [narrativeqa              1/16] kq_pre_d090    (4/6)  ex   73/100  KL=0.2127  mean=0.4296  0.08ex/s  eta=5m28s  [eta=31h56m22s total]
  [narrativeqa              1/16] kq_pre_d090    (4/6)  ex   74/100  KL=0.1279  mean=0.4255  0.08ex/s  eta=5m16s  [eta=31h56m09s total]
  [narrativeqa              1/16] kq_pre_d090    (4/6)  ex   75/100  KL=0.1458  mean=0.4218  0.08ex/s  eta=5m04s  [eta=31h56m00s total]
  [narrativeqa              1/16] kq_pre_d090    (4/6)  ex   76/100  KL=0.1376  mean=0.4180  0.08ex/s  eta=4m52s  [eta=31h55m51s total]
  [narrativeqa              1/16] kq_pre_d090    (4/6)  ex   77/100  KL=0.2186  mean=0.4154  0.08ex/s  eta=4m40s  [eta=31h55m38s total]
  [narrativeqa              1/16] kq_pre_d090    (4/6)  ex   78/100  KL=0.2291  mean=0.4130  0.08ex/s  eta=4m28s  [eta=31h55m25s total]
  [narrativeqa              1/16] kq_pre_d090    (4/6)  ex   79/100  KL=0.2564  mean=0.4111  0.08ex/s  eta=4m16s  [eta=31h55m14s total]
  [narrativeqa              1/16] kq_pre_d090    (4/6)  ex   80/100  KL=0.3505  mean=0.4103  0.08ex/s  eta=4m03s  [eta=31h55m03s total]
  [narrativeqa              1/16] kq_pre_d090    (4/6)  ex   81/100  KL=0.0700  mean=0.4061  0.08ex/s  eta=3m51s  [eta=31h54m48s total]
  [narrativeqa              1/16] kq_pre_d090    (4/6)  ex   82/100  KL=2.6535  mean=0.4335  0.08ex/s  eta=3m38s  [eta=31h52m22s total]
  [narrativeqa              1/16] kq_pre_d090    (4/6)  ex   83/100  KL=3.7434  mean=0.4734  0.08ex/s  eta=3m25s  [eta=31h49m59s total]
  [narrativeqa              1/16] kq_pre_d090    (4/6)  ex   84/100  KL=0.2341  mean=0.4705  0.08ex/s  eta=3m13s  [eta=31h49m58s total]
  [narrativeqa              1/16] kq_pre_d090    (4/6)  ex   85/100  KL=0.1571  mean=0.4669  0.08ex/s  eta=3m01s  [eta=31h49m48s total]
  [narrativeqa              1/16] kq_pre_d090    (4/6)  ex   86/100  KL=0.1551  mean=0.4632  0.08ex/s  eta=2m49s  [eta=31h49m38s total]
  [narrativeqa              1/16] kq_pre_d090    (4/6)  ex   87/100  KL=0.1415  mean=0.4595  0.08ex/s  eta=2m37s  [eta=31h49m30s total]
  [narrativeqa              1/16] kq_pre_d090    (4/6)  ex   88/100  KL=0.0444  mean=0.4548  0.08ex/s  eta=2m25s  [eta=31h49m14s total]
  [narrativeqa              1/16] kq_pre_d090    (4/6)  ex   89/100  KL=0.1902  mean=0.4518  0.08ex/s  eta=2m13s  [eta=31h49m03s total]
  [narrativeqa              1/16] kq_pre_d090    (4/6)  ex   90/100  KL=0.0417  mean=0.4473  0.08ex/s  eta=2m01s  [eta=31h48m53s total]
  [narrativeqa              1/16] kq_pre_d090    (4/6)  ex   91/100  KL=0.2152  mean=0.4447  0.08ex/s  eta=1m49s  [eta=31h48m39s total]
  [narrativeqa              1/16] kq_pre_d090    (4/6)  ex   92/100  KL=0.2564  mean=0.4427  0.08ex/s  eta=1m36s  [eta=31h48m24s total]
  [narrativeqa              1/16] kq_pre_d090    (4/6)  ex   93/100  KL=0.4007  mean=0.4422  0.08ex/s  eta=1m24s  [eta=31h46m08s total]
  [narrativeqa              1/16] kq_pre_d090    (4/6)  ex   94/100  KL=0.0500  mean=0.4381  0.08ex/s  eta=1m12s  [eta=31h46m03s total]
  [narrativeqa              1/16] kq_pre_d090    (4/6)  ex   95/100  KL=0.3838  mean=0.4375  0.08ex/s  eta=1m00s  [eta=31h45m58s total]
  [narrativeqa              1/16] kq_pre_d090    (4/6)  ex   96/100  KL=3.6904  mean=0.4714  0.08ex/s  eta=48s  [eta=31h43m42s total]
  [narrativeqa              1/16] kq_pre_d090    (4/6)  ex   97/100  KL=0.1829  mean=0.4684  0.08ex/s  eta=36s  [eta=31h43m36s total]
  [narrativeqa              1/16] kq_pre_d090    (4/6)  ex   98/100  KL=0.1457  mean=0.4651  0.08ex/s  eta=24s  [eta=31h43m23s total]
  [narrativeqa              1/16] kq_pre_d090    (4/6)  ex   99/100  KL=0.1984  mean=0.4624  0.08ex/s  eta=12s  [eta=31h43m11s total]
  [narrativeqa              1/16] kq_pre_d090    (4/6)  ex  100/100  KL=0.2387  mean=0.4602  0.08ex/s  eta=0s  [eta=31h42m59s total]
  >>> narrativeqa / kq_pre_d090:  n=100  mean_KL=0.4602  [20m04s]

  [narrativeqa              1/16] kq_pre_d095    (5/6)  ex    1/100  KL=0.1248  mean=0.1248  0.08ex/s  eta=20m23s  [eta=31h42m46s total]
  [narrativeqa              1/16] kq_pre_d095    (5/6)  ex    2/100  KL=0.0442  mean=0.0845  0.08ex/s  eta=20m19s  [eta=31h42m36s total]
  [narrativeqa              1/16] kq_pre_d095    (5/6)  ex    3/100  KL=0.1490  mean=0.1060  0.08ex/s  eta=20m03s  [eta=31h42m22s total]
  [narrativeqa              1/16] kq_pre_d095    (5/6)  ex    4/100  KL=0.2837  mean=0.1504  0.08ex/s  eta=19m49s  [eta=31h42m08s total]
  [narrativeqa              1/16] kq_pre_d095    (5/6)  ex    5/100  KL=0.2087  mean=0.1621  0.08ex/s  eta=19m40s  [eta=31h41m59s total]
  [narrativeqa              1/16] kq_pre_d095    (5/6)  ex    6/100  KL=0.1195  mean=0.1550  0.08ex/s  eta=19m28s  [eta=31h41m48s total]
  [narrativeqa              1/16] kq_pre_d095    (5/6)  ex    7/100  KL=0.1655  mean=0.1565  0.08ex/s  eta=19m14s  [eta=31h41m33s total]
  [narrativeqa              1/16] kq_pre_d095    (5/6)  ex    8/100  KL=0.2754  mean=0.1714  0.08ex/s  eta=19m05s  [eta=31h41m28s total]
  [narrativeqa              1/16] kq_pre_d095    (5/6)  ex    9/100  KL=0.0955  mean=0.1629  0.08ex/s  eta=18m52s  [eta=31h41m15s total]
  [narrativeqa              1/16] kq_pre_d095    (5/6)  ex   10/100  KL=0.0281  mean=0.1494  0.08ex/s  eta=18m41s  [eta=31h41m06s total]
  [narrativeqa              1/16] kq_pre_d095    (5/6)  ex   11/100  KL=0.2093  mean=0.1549  0.08ex/s  eta=18m29s  [eta=31h40m56s total]
  [narrativeqa              1/16] kq_pre_d095    (5/6)  ex   12/100  KL=0.2234  mean=0.1606  0.08ex/s  eta=18m18s  [eta=31h40m49s total]
  [narrativeqa              1/16] kq_pre_d095    (5/6)  ex   13/100  KL=0.0643  mean=0.1532  0.08ex/s  eta=18m06s  [eta=31h40m40s total]
  [narrativeqa              1/16] kq_pre_d095    (5/6)  ex   14/100  KL=0.2978  mean=0.1635  0.08ex/s  eta=17m54s  [eta=31h40m31s total]
  [narrativeqa              1/16] kq_pre_d095    (5/6)  ex   15/100  KL=0.1293  mean=0.1612  0.08ex/s  eta=17m41s  [eta=31h40m17s total]
  [narrativeqa              1/16] kq_pre_d095    (5/6)  ex   16/100  KL=0.1993  mean=0.1636  0.08ex/s  eta=17m29s  [eta=31h40m12s total]
  [narrativeqa              1/16] kq_pre_d095    (5/6)  ex   17/100  KL=0.2271  mean=0.1673  0.08ex/s  eta=17m17s  [eta=31h40m01s total]
  [narrativeqa              1/16] kq_pre_d095    (5/6)  ex   18/100  KL=0.2093  mean=0.1697  0.08ex/s  eta=17m06s  [eta=31h39m57s total]
  [narrativeqa              1/16] kq_pre_d095    (5/6)  ex   19/100  KL=0.2706  mean=0.1750  0.08ex/s  eta=16m53s  [eta=31h39m44s total]
  [narrativeqa              1/16] kq_pre_d095    (5/6)  ex   20/100  KL=0.1425  mean=0.1734  0.08ex/s  eta=16m40s  [eta=31h39m35s total]
  [narrativeqa              1/16] kq_pre_d095    (5/6)  ex   21/100  KL=0.2238  mean=0.1758  0.08ex/s  eta=16m28s  [eta=31h39m25s total]
  [narrativeqa              1/16] kq_pre_d095    (5/6)  ex   22/100  KL=0.0609  mean=0.1705  0.08ex/s  eta=16m16s  [eta=31h39m19s total]
  [narrativeqa              1/16] kq_pre_d095    (5/6)  ex   23/100  KL=0.2121  mean=0.1724  0.08ex/s  eta=16m04s  [eta=31h39m10s total]
  [narrativeqa              1/16] kq_pre_d095    (5/6)  ex   24/100  KL=0.0935  mean=0.1691  0.08ex/s  eta=15m53s  [eta=31h39m09s total]
  [narrativeqa              1/16] kq_pre_d095    (5/6)  ex   25/100  KL=0.1021  mean=0.1664  0.08ex/s  eta=15m40s  [eta=31h39m00s total]
  [narrativeqa              1/16] kq_pre_d095    (5/6)  ex   26/100  KL=0.2323  mean=0.1689  0.08ex/s  eta=15m28s  [eta=31h38m53s total]
  [narrativeqa              1/16] kq_pre_d095    (5/6)  ex   27/100  KL=0.0660  mean=0.1651  0.08ex/s  eta=15m16s  [eta=31h38m45s total]
  [narrativeqa              1/16] kq_pre_d095    (5/6)  ex   28/100  KL=0.2437  mean=0.1679  0.08ex/s  eta=15m03s  [eta=31h38m33s total]
  [narrativeqa              1/16] kq_pre_d095    (5/6)  ex   29/100  KL=0.1086  mean=0.1659  0.08ex/s  eta=14m51s  [eta=31h38m26s total]
  [narrativeqa              1/16] kq_pre_d095    (5/6)  ex   30/100  KL=0.2805  mean=0.1697  0.08ex/s  eta=14m38s  [eta=31h38m20s total]
  [narrativeqa              1/16] kq_pre_d095    (5/6)  ex   31/100  KL=0.2043  mean=0.1708  0.08ex/s  eta=14m26s  [eta=31h38m08s total]
  [narrativeqa              1/16] kq_pre_d095    (5/6)  ex   32/100  KL=0.2809  mean=0.1742  0.08ex/s  eta=14m13s  [eta=31h38m01s total]
  [narrativeqa              1/16] kq_pre_d095    (5/6)  ex   33/100  KL=0.2824  mean=0.1775  0.08ex/s  eta=14m01s  [eta=31h37m56s total]
  [narrativeqa              1/16] kq_pre_d095    (5/6)  ex   34/100  KL=0.1042  mean=0.1754  0.08ex/s  eta=13m49s  [eta=31h37m48s total]
  [narrativeqa              1/16] kq_pre_d095    (5/6)  ex   35/100  KL=0.3074  mean=0.1791  0.08ex/s  eta=13m36s  [eta=31h37m42s total]
  [narrativeqa              1/16] kq_pre_d095    (5/6)  ex   36/100  KL=0.3377  mean=0.1835  0.08ex/s  eta=13m24s  [eta=31h37m35s total]
  [narrativeqa              1/16] kq_pre_d095    (5/6)  ex   37/100  KL=0.1419  mean=0.1824  0.08ex/s  eta=13m11s  [eta=31h37m25s total]
  [narrativeqa              1/16] kq_pre_d095    (5/6)  ex   38/100  KL=0.2329  mean=0.1838  0.08ex/s  eta=12m59s  [eta=31h37m15s total]
  [narrativeqa              1/16] kq_pre_d095    (5/6)  ex   39/100  KL=0.2480  mean=0.1854  0.08ex/s  eta=12m46s  [eta=31h37m07s total]
  [narrativeqa              1/16] kq_pre_d095    (5/6)  ex   40/100  KL=0.2093  mean=0.1860  0.08ex/s  eta=12m34s  [eta=31h36m59s total]
  [narrativeqa              1/16] kq_pre_d095    (5/6)  ex   41/100  KL=0.1284  mean=0.1846  0.08ex/s  eta=12m21s  [eta=31h36m49s total]
  [narrativeqa              1/16] kq_pre_d095    (5/6)  ex   42/100  KL=0.0987  mean=0.1825  0.08ex/s  eta=12m09s  [eta=31h36m39s total]
  [narrativeqa              1/16] kq_pre_d095    (5/6)  ex   43/100  KL=0.0457  mean=0.1794  0.08ex/s  eta=11m56s  [eta=31h36m28s total]
  [narrativeqa              1/16] kq_pre_d095    (5/6)  ex   44/100  KL=0.1681  mean=0.1791  0.08ex/s  eta=11m43s  [eta=31h36m17s total]
  [narrativeqa              1/16] kq_pre_d095    (5/6)  ex   45/100  KL=0.2492  mean=0.1807  0.08ex/s  eta=11m31s  [eta=31h36m08s total]
  [narrativeqa              1/16] kq_pre_d095    (5/6)  ex   46/100  KL=0.2307  mean=0.1818  0.08ex/s  eta=11m18s  [eta=31h35m57s total]
  [narrativeqa              1/16] kq_pre_d095    (5/6)  ex   47/100  KL=0.1975  mean=0.1821  0.08ex/s  eta=11m06s  [eta=31h35m50s total]
  [narrativeqa              1/16] kq_pre_d095    (5/6)  ex   48/100  KL=0.2093  mean=0.1827  0.08ex/s  eta=10m53s  [eta=31h35m40s total]
  [narrativeqa              1/16] kq_pre_d095    (5/6)  ex   49/100  KL=0.3653  mean=0.1864  0.08ex/s  eta=10m40s  [eta=31h35m26s total]
  [narrativeqa              1/16] kq_pre_d095    (5/6)  ex   50/100  KL=0.0889  mean=0.1844  0.08ex/s  eta=10m28s  [eta=31h35m21s total]
  [narrativeqa              1/16] kq_pre_d095    (5/6)  ex   51/100  KL=0.2456  mean=0.1856  0.08ex/s  eta=10m15s  [eta=31h35m06s total]
  [narrativeqa              1/16] kq_pre_d095    (5/6)  ex   52/100  KL=0.1117  mean=0.1842  0.08ex/s  eta=10m03s  [eta=31h34m57s total]
  [narrativeqa              1/16] kq_pre_d095    (5/6)  ex   53/100  KL=0.2805  mean=0.1860  0.08ex/s  eta=9m50s  [eta=31h34m47s total]
  [narrativeqa              1/16] kq_pre_d095    (5/6)  ex   54/100  KL=0.1005  mean=0.1844  0.08ex/s  eta=9m38s  [eta=31h34m38s total]
  [narrativeqa              1/16] kq_pre_d095    (5/6)  ex   55/100  KL=0.4281  mean=0.1889  0.08ex/s  eta=9m25s  [eta=31h34m28s total]
  [narrativeqa              1/16] kq_pre_d095    (5/6)  ex   56/100  KL=0.2450  mean=0.1899  0.08ex/s  eta=9m12s  [eta=31h34m17s total]
  [narrativeqa              1/16] kq_pre_d095    (5/6)  ex   57/100  KL=0.0850  mean=0.1880  0.08ex/s  eta=9m00s  [eta=31h34m06s total]
  [narrativeqa              1/16] kq_pre_d095    (5/6)  ex   58/100  KL=0.2657  mean=0.1894  0.08ex/s  eta=8m47s  [eta=31h33m59s total]
  [narrativeqa              1/16] kq_pre_d095    (5/6)  ex   59/100  KL=0.2866  mean=0.1910  0.08ex/s  eta=8m35s  [eta=31h33m48s total]
  [narrativeqa              1/16] kq_pre_d095    (5/6)  ex   60/100  KL=0.1894  mean=0.1910  0.08ex/s  eta=8m22s  [eta=31h33m39s total]
  [narrativeqa              1/16] kq_pre_d095    (5/6)  ex   61/100  KL=0.1940  mean=0.1910  0.08ex/s  eta=8m10s  [eta=31h33m32s total]
  [narrativeqa              1/16] kq_pre_d095    (5/6)  ex   62/100  KL=0.9159  mean=0.2027  0.08ex/s  eta=7m57s  [eta=31h33m22s total]
  [narrativeqa              1/16] kq_pre_d095    (5/6)  ex   63/100  KL=0.0540  mean=0.2004  0.08ex/s  eta=7m44s  [eta=31h33m10s total]
  [narrativeqa              1/16] kq_pre_d095    (5/6)  ex   64/100  KL=0.2439  mean=0.2011  0.08ex/s  eta=7m32s  [eta=31h33m06s total]
  [narrativeqa              1/16] kq_pre_d095    (5/6)  ex   65/100  KL=0.1641  mean=0.2005  0.08ex/s  eta=7m19s  [eta=31h32m57s total]
  [narrativeqa              1/16] kq_pre_d095    (5/6)  ex   66/100  KL=0.1370  mean=0.1995  0.08ex/s  eta=7m07s  [eta=31h32m44s total]
  [narrativeqa              1/16] kq_pre_d095    (5/6)  ex   67/100  KL=0.4093  mean=0.2027  0.08ex/s  eta=6m54s  [eta=31h32m40s total]
  [narrativeqa              1/16] kq_pre_d095    (5/6)  ex   68/100  KL=0.0384  mean=0.2002  0.08ex/s  eta=6m42s  [eta=31h32m31s total]
  [narrativeqa              1/16] kq_pre_d095    (5/6)  ex   69/100  KL=0.0694  mean=0.1983  0.08ex/s  eta=6m29s  [eta=31h32m24s total]
  [narrativeqa              1/16] kq_pre_d095    (5/6)  ex   70/100  KL=0.2809  mean=0.1995  0.08ex/s  eta=6m17s  [eta=31h32m14s total]
  [narrativeqa              1/16] kq_pre_d095    (5/6)  ex   71/100  KL=0.2072  mean=0.1996  0.08ex/s  eta=6m04s  [eta=31h32m05s total]
  [narrativeqa              1/16] kq_pre_d095    (5/6)  ex   72/100  KL=0.6585  mean=0.2060  0.08ex/s  eta=5m52s  [eta=31h31m56s total]
  [narrativeqa              1/16] kq_pre_d095    (5/6)  ex   73/100  KL=0.2132  mean=0.2061  0.08ex/s  eta=5m39s  [eta=31h31m48s total]
  [narrativeqa              1/16] kq_pre_d095    (5/6)  ex   74/100  KL=0.1255  mean=0.2050  0.08ex/s  eta=5m27s  [eta=31h31m40s total]
  [narrativeqa              1/16] kq_pre_d095    (5/6)  ex   75/100  KL=0.1280  mean=0.2040  0.08ex/s  eta=5m14s  [eta=31h31m32s total]
  [narrativeqa              1/16] kq_pre_d095    (5/6)  ex   76/100  KL=0.2371  mean=0.2044  0.08ex/s  eta=5m01s  [eta=31h31m24s total]
  [narrativeqa              1/16] kq_pre_d095    (5/6)  ex   77/100  KL=0.2322  mean=0.2048  0.08ex/s  eta=4m49s  [eta=31h31m17s total]
  [narrativeqa              1/16] kq_pre_d095    (5/6)  ex   78/100  KL=0.1342  mean=0.2039  0.08ex/s  eta=4m36s  [eta=31h31m05s total]
  [narrativeqa              1/16] kq_pre_d095    (5/6)  ex   79/100  KL=0.0547  mean=0.2020  0.08ex/s  eta=4m24s  [eta=31h30m51s total]
  [narrativeqa              1/16] kq_pre_d095    (5/6)  ex   80/100  KL=0.2887  mean=0.2031  0.08ex/s  eta=4m11s  [eta=31h30m42s total]
  [narrativeqa              1/16] kq_pre_d095    (5/6)  ex   81/100  KL=0.1770  mean=0.2028  0.08ex/s  eta=3m57s  [eta=31h28m44s total]
  [narrativeqa              1/16] kq_pre_d095    (5/6)  ex   82/100  KL=0.2296  mean=0.2031  0.08ex/s  eta=3m45s  [eta=31h28m47s total]
  [narrativeqa              1/16] kq_pre_d095    (5/6)  ex   83/100  KL=3.6362  mean=0.2444  0.08ex/s  eta=3m31s  [eta=31h26m50s total]
  [narrativeqa              1/16] kq_pre_d095    (5/6)  ex   84/100  KL=0.2168  mean=0.2441  0.08ex/s  eta=3m19s  [eta=31h26m44s total]
  [narrativeqa              1/16] kq_pre_d095    (5/6)  ex   85/100  KL=0.2105  mean=0.2437  0.08ex/s  eta=3m06s  [eta=31h26m38s total]
  [narrativeqa              1/16] kq_pre_d095    (5/6)  ex   86/100  KL=0.1579  mean=0.2427  0.08ex/s  eta=2m54s  [eta=31h26m29s total]
  [narrativeqa              1/16] kq_pre_d095    (5/6)  ex   87/100  KL=0.1362  mean=0.2415  0.08ex/s  eta=2m42s  [eta=31h26m23s total]
  [narrativeqa              1/16] kq_pre_d095    (5/6)  ex   88/100  KL=0.0890  mean=0.2398  0.08ex/s  eta=2m29s  [eta=31h26m15s total]
  [narrativeqa              1/16] kq_pre_d095    (5/6)  ex   89/100  KL=0.2007  mean=0.2393  0.08ex/s  eta=2m17s  [eta=31h26m10s total]
  [narrativeqa              1/16] kq_pre_d095    (5/6)  ex   90/100  KL=0.0751  mean=0.2375  0.08ex/s  eta=2m04s  [eta=31h25m59s total]
  [narrativeqa              1/16] kq_pre_d095    (5/6)  ex   91/100  KL=0.1905  mean=0.2370  0.08ex/s  eta=1m52s  [eta=31h25m54s total]
  [narrativeqa              1/16] kq_pre_d095    (5/6)  ex   92/100  KL=0.2307  mean=0.2369  0.08ex/s  eta=1m39s  [eta=31h25m51s total]
  [narrativeqa              1/16] kq_pre_d095    (5/6)  ex   93/100  KL=0.1047  mean=0.2355  0.08ex/s  eta=1m27s  [eta=31h25m47s total]
  [narrativeqa              1/16] kq_pre_d095    (5/6)  ex   94/100  KL=0.0974  mean=0.2340  0.08ex/s  eta=1m14s  [eta=31h25m38s total]
  [narrativeqa              1/16] kq_pre_d095    (5/6)  ex   95/100  KL=0.3794  mean=0.2356  0.08ex/s  eta=1m02s  [eta=31h25m30s total]
  [narrativeqa              1/16] kq_pre_d095    (5/6)  ex   96/100  KL=3.5983  mean=0.2706  0.08ex/s  eta=49s  [eta=31h23m40s total]
  [narrativeqa              1/16] kq_pre_d095    (5/6)  ex   97/100  KL=0.1291  mean=0.2691  0.08ex/s  eta=37s  [eta=31h23m38s total]
  [narrativeqa              1/16] kq_pre_d095    (5/6)  ex   98/100  KL=0.1805  mean=0.2682  0.08ex/s  eta=24s  [eta=31h23m28s total]
  [narrativeqa              1/16] kq_pre_d095    (5/6)  ex   99/100  KL=0.2802  mean=0.2683  0.08ex/s  eta=12s  [eta=31h23m23s total]
  [narrativeqa              1/16] kq_pre_d095    (5/6)  ex  100/100  KL=0.2380  mean=0.2680  0.08ex/s  eta=0s  [eta=31h23m16s total]
  >>> narrativeqa / kq_pre_d095:  n=100  mean_KL=0.2680  [20m44s]

  [narrativeqa              1/16] snapkv_d090    (6/6)  ex    1/100  KL=0.5111  mean=0.5111  0.11ex/s  eta=14m48s  [eta=31h22m02s total]
  [narrativeqa              1/16] snapkv_d090    (6/6)  ex    2/100  KL=0.1465  mean=0.3288  0.09ex/s  eta=17m52s  [eta=31h21m58s total]
  [narrativeqa              1/16] snapkv_d090    (6/6)  ex    3/100  KL=0.8537  mean=0.5038  0.10ex/s  eta=15m33s  [eta=31h20m07s total]
  [narrativeqa              1/16] snapkv_d090    (6/6)  ex    4/100  KL=0.1755  mean=0.4217  0.10ex/s  eta=16m47s  [eta=31h20m08s total]
  [narrativeqa              1/16] snapkv_d090    (6/6)  ex    5/100  KL=3.3601  mean=1.0094  0.10ex/s  eta=15m33s  [eta=31h18m21s total]
  [narrativeqa              1/16] snapkv_d090    (6/6)  ex    6/100  KL=1.4159  mean=1.0771  0.11ex/s  eta=14m41s  [eta=31h16m34s total]
  [narrativeqa              1/16] snapkv_d090    (6/6)  ex    7/100  KL=1.2414  mean=1.1006  0.11ex/s  eta=14m06s  [eta=31h14m53s total]
  [narrativeqa              1/16] snapkv_d090    (6/6)  ex    8/100  KL=0.7801  mean=1.0605  0.11ex/s  eta=13m41s  [eta=31h13m18s total]
  [narrativeqa              1/16] snapkv_d090    (6/6)  ex    9/100  KL=0.6354  mean=1.0133  0.11ex/s  eta=13m17s  [eta=31h11m37s total]
  [narrativeqa              1/16] snapkv_d090    (6/6)  ex   10/100  KL=1.5781  mean=1.0698  0.12ex/s  eta=12m53s  [eta=31h09m51s total]
  [narrativeqa              1/16] snapkv_d090    (6/6)  ex   11/100  KL=1.1631  mean=1.0783  0.12ex/s  eta=12m37s  [eta=31h08m15s total]
  [narrativeqa              1/16] snapkv_d090    (6/6)  ex   12/100  KL=0.4336  mean=1.0245  0.11ex/s  eta=13m04s  [eta=31h08m22s total]
  [narrativeqa              1/16] snapkv_d090    (6/6)  ex   13/100  KL=0.8843  mean=1.0138  0.11ex/s  eta=12m44s  [eta=31h06m38s total]
  [narrativeqa              1/16] snapkv_d090    (6/6)  ex   14/100  KL=0.4913  mean=0.9764  0.11ex/s  eta=13m02s  [eta=31h06m40s total]
  [narrativeqa              1/16] snapkv_d090    (6/6)  ex   15/100  KL=0.4953  mean=0.9444  0.11ex/s  eta=12m41s  [eta=31h04m54s total]
  [narrativeqa              1/16] snapkv_d090    (6/6)  ex   16/100  KL=0.9515  mean=0.9448  0.11ex/s  eta=12m25s  [eta=31h03m20s total]
  [narrativeqa              1/16] snapkv_d090    (6/6)  ex   17/100  KL=0.6119  mean=0.9252  0.11ex/s  eta=12m37s  [eta=31h03m21s total]
  [narrativeqa              1/16] snapkv_d090    (6/6)  ex   18/100  KL=1.1631  mean=0.9384  0.11ex/s  eta=12m19s  [eta=31h01m39s total]
  [narrativeqa              1/16] snapkv_d090    (6/6)  ex   19/100  KL=0.9612  mean=0.9396  0.11ex/s  eta=12m03s  [eta=31h00m01s total]
  [narrativeqa              1/16] snapkv_d090    (6/6)  ex   20/100  KL=0.1395  mean=0.8996  0.11ex/s  eta=12m11s  [eta=31h00m04s total]
  [narrativeqa              1/16] snapkv_d090    (6/6)  ex   21/100  KL=0.2317  mean=0.8678  0.11ex/s  eta=12m15s  [eta=30h59m57s total]
  [narrativeqa              1/16] snapkv_d090    (6/6)  ex   22/100  KL=0.1652  mean=0.8359  0.11ex/s  eta=11m58s  [eta=30h58m19s total]
  [narrativeqa              1/16] snapkv_d090    (6/6)  ex   23/100  KL=3.1289  mean=0.9356  0.11ex/s  eta=11m42s  [eta=30h56m36s total]
  [narrativeqa              1/16] snapkv_d090    (6/6)  ex   24/100  KL=0.1499  mean=0.9028  0.11ex/s  eta=11m46s  [eta=30h56m43s total]
  [narrativeqa              1/16] snapkv_d090    (6/6)  ex   25/100  KL=0.6296  mean=0.8919  0.11ex/s  eta=11m31s  [eta=30h55m03s total]
  [narrativeqa              1/16] snapkv_d090    (6/6)  ex   26/100  KL=0.2469  mean=0.8671  0.11ex/s  eta=11m32s  [eta=30h55m03s total]
  [narrativeqa              1/16] snapkv_d090    (6/6)  ex   27/100  KL=0.2372  mean=0.8438  0.11ex/s  eta=11m31s  [eta=30h54m55s total]
  [narrativeqa              1/16] snapkv_d090    (6/6)  ex   28/100  KL=0.2450  mean=0.8224  0.10ex/s  eta=11m31s  [eta=30h54m53s total]
  [narrativeqa              1/16] snapkv_d090    (6/6)  ex   29/100  KL=0.4752  mean=0.8104  0.11ex/s  eta=11m15s  [eta=30h53m12s total]
  [narrativeqa              1/16] snapkv_d090    (6/6)  ex   30/100  KL=0.3608  mean=0.7954  0.10ex/s  eta=11m14s  [eta=30h53m13s total]
  [narrativeqa              1/16] snapkv_d090    (6/6)  ex   31/100  KL=0.6474  mean=0.7907  0.10ex/s  eta=10m59s  [eta=30h51m37s total]
  [narrativeqa              1/16] snapkv_d090    (6/6)  ex   32/100  KL=1.3947  mean=0.8095  0.11ex/s  eta=10m45s  [eta=30h50m00s total]
  [narrativeqa              1/16] snapkv_d090    (6/6)  ex   33/100  KL=0.3776  mean=0.7964  0.10ex/s  eta=10m42s  [eta=30h50m03s total]
  [narrativeqa              1/16] snapkv_d090    (6/6)  ex   34/100  KL=0.3944  mean=0.7846  0.10ex/s  eta=10m39s  [eta=30h50m04s total]
  [narrativeqa              1/16] snapkv_d090    (6/6)  ex   35/100  KL=0.2382  mean=0.7690  0.10ex/s  eta=10m36s  [eta=30h50m03s total]
  [narrativeqa              1/16] snapkv_d090    (6/6)  ex   36/100  KL=2.7527  mean=0.8241  0.10ex/s  eta=10m21s  [eta=30h48m19s total]
  [narrativeqa              1/16] snapkv_d090    (6/6)  ex   37/100  KL=0.7390  mean=0.8218  0.10ex/s  eta=10m07s  [eta=30h46m43s total]
  [narrativeqa              1/16] snapkv_d090    (6/6)  ex   38/100  KL=1.7540  mean=0.8463  0.10ex/s  eta=9m53s  [eta=30h45m07s total]
  [narrativeqa              1/16] snapkv_d090    (6/6)  ex   39/100  KL=0.7340  mean=0.8435  0.11ex/s  eta=9m40s  [eta=30h43m28s total]
  [narrativeqa              1/16] snapkv_d090    (6/6)  ex   40/100  KL=0.4510  mean=0.8337  0.10ex/s  eta=9m36s  [eta=30h43m35s total]
  [narrativeqa              1/16] snapkv_d090    (6/6)  ex   41/100  KL=0.7144  mean=0.8307  0.10ex/s  eta=9m24s  [eta=30h42m07s total]
  [narrativeqa              1/16] snapkv_d090    (6/6)  ex   42/100  KL=0.4282  mean=0.8212  0.10ex/s  eta=9m19s  [eta=30h42m06s total]
  [narrativeqa              1/16] snapkv_d090    (6/6)  ex   43/100  KL=0.2172  mean=0.8071  0.10ex/s  eta=9m13s  [eta=30h42m02s total]
  [narrativeqa              1/16] snapkv_d090    (6/6)  ex   44/100  KL=4.1583  mean=0.8833  0.10ex/s  eta=9m00s  [eta=30h40m21s total]
  [narrativeqa              1/16] snapkv_d090    (6/6)  ex   45/100  KL=3.3934  mean=0.9391  0.10ex/s  eta=8m47s  [eta=30h38m45s total]
  [narrativeqa              1/16] snapkv_d090    (6/6)  ex   46/100  KL=1.0515  mean=0.9415  0.10ex/s  eta=8m35s  [eta=30h37m14s total]
  [narrativeqa              1/16] snapkv_d090    (6/6)  ex   47/100  KL=5.8334  mean=1.0456  0.11ex/s  eta=8m23s  [eta=30h35m37s total]
  [narrativeqa              1/16] snapkv_d090    (6/6)  ex   48/100  KL=0.4510  mean=1.0332  0.10ex/s  eta=8m17s  [eta=30h35m45s total]
  [narrativeqa              1/16] snapkv_d090    (6/6)  ex   49/100  KL=0.8167  mean=1.0288  0.11ex/s  eta=8m05s  [eta=30h34m05s total]
  [narrativeqa              1/16] snapkv_d090    (6/6)  ex   50/100  KL=0.0779  mean=1.0098  0.10ex/s  eta=7m58s  [eta=30h34m00s total]
  [narrativeqa              1/16] snapkv_d090    (6/6)  ex   51/100  KL=0.1950  mean=0.9938  0.10ex/s  eta=7m52s  [eta=30h33m58s total]
  [narrativeqa              1/16] snapkv_d090    (6/6)  ex   52/100  KL=0.2172  mean=0.9788  0.10ex/s  eta=7m45s  [eta=30h33m55s total]
  [narrativeqa              1/16] snapkv_d090    (6/6)  ex   53/100  KL=0.3608  mean=0.9672  0.10ex/s  eta=7m38s  [eta=30h33m50s total]
  [narrativeqa              1/16] snapkv_d090    (6/6)  ex   54/100  KL=0.3705  mean=0.9561  0.10ex/s  eta=7m26s  [eta=30h32m10s total]
  [narrativeqa              1/16] snapkv_d090    (6/6)  ex   55/100  KL=1.4645  mean=0.9654  0.10ex/s  eta=7m14s  [eta=30h30m39s total]
  [narrativeqa              1/16] snapkv_d090    (6/6)  ex   56/100  KL=0.9264  mean=0.9647  0.10ex/s  eta=7m02s  [eta=30h29m07s total]
  [narrativeqa              1/16] snapkv_d090    (6/6)  ex   57/100  KL=0.1346  mean=0.9501  0.10ex/s  eta=6m55s  [eta=30h29m08s total]
  [narrativeqa              1/16] snapkv_d090    (6/6)  ex   58/100  KL=1.5815  mean=0.9610  0.10ex/s  eta=6m44s  [eta=30h27m37s total]
  [narrativeqa              1/16] snapkv_d090    (6/6)  ex   59/100  KL=0.3940  mean=0.9514  0.10ex/s  eta=6m37s  [eta=30h27m38s total]
  [narrativeqa              1/16] snapkv_d090    (6/6)  ex   60/100  KL=0.6779  mean=0.9468  0.10ex/s  eta=6m25s  [eta=30h26m03s total]
  [narrativeqa              1/16] snapkv_d090    (6/6)  ex   61/100  KL=2.7350  mean=0.9762  0.10ex/s  eta=6m14s  [eta=30h24m33s total]
  [narrativeqa              1/16] snapkv_d090    (6/6)  ex   62/100  KL=0.3906  mean=0.9667  0.10ex/s  eta=6m03s  [eta=30h23m03s total]
  [narrativeqa              1/16] snapkv_d090    (6/6)  ex   63/100  KL=0.5425  mean=0.9600  0.10ex/s  eta=5m56s  [eta=30h23m10s total]
  [narrativeqa              1/16] snapkv_d090    (6/6)  ex   64/100  KL=1.6706  mean=0.9711  0.10ex/s  eta=5m44s  [eta=30h21m36s total]
  [narrativeqa              1/16] snapkv_d090    (6/6)  ex   65/100  KL=1.4611  mean=0.9786  0.10ex/s  eta=5m34s  [eta=30h20m09s total]
  [narrativeqa              1/16] snapkv_d090    (6/6)  ex   66/100  KL=1.8337  mean=0.9916  0.11ex/s  eta=5m23s  [eta=30h18m38s total]
  [narrativeqa              1/16] snapkv_d090    (6/6)  ex   67/100  KL=0.2684  mean=0.9808  0.10ex/s  eta=5m15s  [eta=30h18m42s total]
  [narrativeqa              1/16] snapkv_d090    (6/6)  ex   68/100  KL=0.4891  mean=0.9736  0.10ex/s  eta=5m04s  [eta=30h17m11s total]
  [narrativeqa              1/16] snapkv_d090    (6/6)  ex   69/100  KL=0.6258  mean=0.9685  0.11ex/s  eta=4m54s  [eta=30h15m45s total]
  [narrativeqa              1/16] snapkv_d090    (6/6)  ex   70/100  KL=1.3947  mean=0.9746  0.11ex/s  eta=4m44s  [eta=30h14m18s total]
  [narrativeqa              1/16] snapkv_d090    (6/6)  ex   71/100  KL=0.8988  mean=0.9735  0.11ex/s  eta=4m33s  [eta=30h12m50s total]
  [narrativeqa              1/16] snapkv_d090    (6/6)  ex   72/100  KL=0.5728  mean=0.9680  0.11ex/s  eta=4m23s  [eta=30h11m36s total]
  [narrativeqa              1/16] snapkv_d090    (6/6)  ex   73/100  KL=0.1669  mean=0.9570  0.11ex/s  eta=4m15s  [eta=30h11m38s total]
  [narrativeqa              1/16] snapkv_d090    (6/6)  ex   74/100  KL=0.1610  mean=0.9462  0.11ex/s  eta=4m07s  [eta=30h11m39s total]
  [narrativeqa              1/16] snapkv_d090    (6/6)  ex   75/100  KL=0.2897  mean=0.9375  0.10ex/s  eta=3m58s  [eta=30h11m36s total]
  [narrativeqa              1/16] snapkv_d090    (6/6)  ex   76/100  KL=0.7343  mean=0.9348  0.10ex/s  eta=3m48s  [eta=30h10m24s total]
  [narrativeqa              1/16] snapkv_d090    (6/6)  ex   77/100  KL=0.5404  mean=0.9297  0.11ex/s  eta=3m38s  [eta=30h08m55s total]
  [narrativeqa              1/16] snapkv_d090    (6/6)  ex   78/100  KL=0.8159  mean=0.9282  0.11ex/s  eta=3m28s  [eta=30h07m34s total]
  [narrativeqa              1/16] snapkv_d090    (6/6)  ex   79/100  KL=0.4640  mean=0.9223  0.11ex/s  eta=3m19s  [eta=30h06m37s total]
  [narrativeqa              1/16] snapkv_d090    (6/6)  ex   80/100  KL=0.2073  mean=0.9134  0.11ex/s  eta=3m10s  [eta=30h06m40s total]
  [narrativeqa              1/16] snapkv_d090    (6/6)  ex   81/100  KL=0.2274  mean=0.9049  0.11ex/s  eta=3m00s  [eta=30h05m07s total]
  [narrativeqa              1/16] snapkv_d090    (6/6)  ex   82/100  KL=0.3460  mean=0.8981  0.10ex/s  eta=2m51s  [eta=30h05m08s total]
  [narrativeqa              1/16] snapkv_d090    (6/6)  ex   83/100  KL=0.1421  mean=0.8890  0.10ex/s  eta=2m42s  [eta=30h05m08s total]
  [narrativeqa              1/16] snapkv_d090    (6/6)  ex   84/100  KL=0.2114  mean=0.8810  0.10ex/s  eta=2m33s  [eta=30h05m04s total]
  [narrativeqa              1/16] snapkv_d090    (6/6)  ex   85/100  KL=1.2015  mean=0.8847  0.10ex/s  eta=2m23s  [eta=30h03m42s total]
  [narrativeqa              1/16] snapkv_d090    (6/6)  ex   86/100  KL=0.2954  mean=0.8779  0.10ex/s  eta=2m14s  [eta=30h03m41s total]
  [narrativeqa              1/16] snapkv_d090    (6/6)  ex   87/100  KL=3.0489  mean=0.9028  0.10ex/s  eta=2m04s  [eta=30h02m13s total]
  [narrativeqa              1/16] snapkv_d090    (6/6)  ex   88/100  KL=1.6931  mean=0.9118  0.10ex/s  eta=1m54s  [eta=30h00m45s total]
  [narrativeqa              1/16] snapkv_d090    (6/6)  ex   89/100  KL=0.6067  mean=0.9084  0.10ex/s  eta=1m44s  [eta=29h59m20s total]
  [narrativeqa              1/16] snapkv_d090    (6/6)  ex   90/100  KL=0.2645  mean=0.9012  0.10ex/s  eta=1m35s  [eta=29h59m26s total]
  [narrativeqa              1/16] snapkv_d090    (6/6)  ex   91/100  KL=0.5878  mean=0.8978  0.10ex/s  eta=1m25s  [eta=29h58m03s total]
  [narrativeqa              1/16] snapkv_d090    (6/6)  ex   92/100  KL=0.2396  mean=0.8906  0.10ex/s  eta=1m16s  [eta=29h58m06s total]
  [narrativeqa              1/16] snapkv_d090    (6/6)  ex   93/100  KL=0.5781  mean=0.8873  0.10ex/s  eta=1m06s  [eta=29h56m40s total]
  [narrativeqa              1/16] snapkv_d090    (6/6)  ex   94/100  KL=0.2264  mean=0.8802  0.10ex/s  eta=57s  [eta=29h56m40s total]
  [narrativeqa              1/16] snapkv_d090    (6/6)  ex   95/100  KL=0.6510  mean=0.8778  0.10ex/s  eta=47s  [eta=29h55m28s total]
  [narrativeqa              1/16] snapkv_d090    (6/6)  ex   96/100  KL=0.3917  mean=0.8728  0.10ex/s  eta=38s  [eta=29h55m24s total]
  [narrativeqa              1/16] snapkv_d090    (6/6)  ex   97/100  KL=0.8755  mean=0.8728  0.10ex/s  eta=28s  [eta=29h54m11s total]
  [narrativeqa              1/16] snapkv_d090    (6/6)  ex   98/100  KL=0.6376  mean=0.8704  0.10ex/s  eta=19s  [eta=29h52m48s total]
  [narrativeqa              1/16] snapkv_d090    (6/6)  ex   99/100  KL=0.3103  mean=0.8647  0.10ex/s  eta=9s  [eta=29h52m49s total]
  [narrativeqa              1/16] snapkv_d090    (6/6)  ex  100/100  KL=0.4133  mean=0.8602  0.10ex/s  eta=0s  [eta=29h52m48s total]
  >>> narrativeqa / snapkv_d090:  n=100  mean_KL=0.8602  [16m02s]

  [qasper                   2/16] naive_65pct    (1/6)  ex    1/100  KL=0.0645  mean=0.0645  0.09ex/s  eta=18m26s  [eta=29h52m24s total]
  [qasper                   2/16] naive_65pct    (1/6)  ex    2/100  KL=0.0279  mean=0.0462  0.10ex/s  eta=16m56s  [eta=29h51m37s total]
  [qasper                   2/16] naive_65pct    (1/6)  ex    3/100  KL=0.0418  mean=0.0448  0.09ex/s  eta=17m37s  [eta=29h51m25s total]
  [qasper                   2/16] naive_65pct    (1/6)  ex    4/100  KL=0.0267  mean=0.0402  0.10ex/s  eta=16m35s  [eta=29h50m26s total]
  [qasper                   2/16] naive_65pct    (1/6)  ex    5/100  KL=0.0700  mean=0.0462  0.09ex/s  eta=16m58s  [eta=29h50m17s total]
  [qasper                   2/16] naive_65pct    (1/6)  ex    6/100  KL=0.0229  mean=0.0423  0.09ex/s  eta=17m54s  [eta=29h50m50s total]
  [qasper                   2/16] naive_65pct    (1/6)  ex    7/100  KL=0.0275  mean=0.0402  0.08ex/s  eta=18m38s  [eta=29h51m32s total]
  [qasper                   2/16] naive_65pct    (1/6)  ex    8/100  KL=0.0311  mean=0.0391  0.08ex/s  eta=19m31s  [eta=29h52m44s total]
  [qasper                   2/16] naive_65pct    (1/6)  ex    9/100  KL=0.0028  mean=0.0350  0.08ex/s  eta=18m47s  [eta=29h51m59s total]
  [qasper                   2/16] naive_65pct    (1/6)  ex   10/100  KL=0.0048  mean=0.0320  0.08ex/s  eta=18m54s  [eta=29h52m25s total]
  [qasper                   2/16] naive_65pct    (1/6)  ex   11/100  KL=0.0352  mean=0.0323  0.08ex/s  eta=18m40s  [eta=29h52m19s total]
  [qasper                   2/16] naive_65pct    (1/6)  ex   12/100  KL=0.0568  mean=0.0343  0.08ex/s  eta=18m04s  [eta=29h51m31s total]
  [qasper                   2/16] naive_65pct    (1/6)  ex   13/100  KL=0.0508  mean=0.0356  0.08ex/s  eta=17m33s  [eta=29h50m43s total]
  [qasper                   2/16] naive_65pct    (1/6)  ex   14/100  KL=0.0064  mean=0.0335  0.08ex/s  eta=18m01s  [eta=29h52m07s total]
  [qasper                   2/16] naive_65pct    (1/6)  ex   15/100  KL=0.0189  mean=0.0326  0.08ex/s  eta=17m51s  [eta=29h52m13s total]
  [qasper                   2/16] naive_65pct    (1/6)  ex   16/100  KL=0.0279  mean=0.0323  0.08ex/s  eta=18m12s  [eta=29h53m43s total]
  [qasper                   2/16] naive_65pct    (1/6)  ex   17/100  KL=0.0022  mean=0.0305  0.07ex/s  eta=18m30s  [eta=29h55m18s total]
  [qasper                   2/16] naive_65pct    (1/6)  ex   18/100  KL=0.0094  mean=0.0293  0.07ex/s  eta=18m21s  [eta=29h55m41s total]
  [qasper                   2/16] naive_65pct    (1/6)  ex   19/100  KL=0.0625  mean=0.0311  0.07ex/s  eta=18m09s  [eta=29h55m55s total]
  [qasper                   2/16] naive_65pct    (1/6)  ex   20/100  KL=0.0038  mean=0.0297  0.07ex/s  eta=18m10s  [eta=29h56m56s total]
  [qasper                   2/16] naive_65pct    (1/6)  ex   21/100  KL=0.0502  mean=0.0307  0.07ex/s  eta=17m43s  [eta=29h56m14s total]
  [qasper                   2/16] naive_65pct    (1/6)  ex   22/100  KL=0.0427  mean=0.0312  0.07ex/s  eta=17m49s  [eta=29h57m42s total]
  [qasper                   2/16] naive_65pct    (1/6)  ex   23/100  KL=0.0404  mean=0.0316  0.07ex/s  eta=17m36s  [eta=29h58m00s total]
  [qasper                   2/16] naive_65pct    (1/6)  ex   24/100  KL=0.0079  mean=0.0306  0.07ex/s  eta=17m26s  [eta=29h58m30s total]
  [qasper                   2/16] naive_65pct    (1/6)  ex   25/100  KL=0.0383  mean=0.0309  0.07ex/s  eta=17m28s  [eta=29h59m59s total]
  [qasper                   2/16] naive_65pct    (1/6)  ex   26/100  KL=0.0689  mean=0.0324  0.07ex/s  eta=17m13s  [eta=30h00m07s total]
  [qasper                   2/16] naive_65pct    (1/6)  ex   27/100  KL=0.1334  mean=0.0361  0.07ex/s  eta=16m46s  [eta=29h59m12s total]
  [qasper                   2/16] naive_65pct    (1/6)  ex   28/100  KL=0.0065  mean=0.0351  0.07ex/s  eta=16m46s  [eta=30h00m43s total]
  [qasper                   2/16] naive_65pct    (1/6)  ex   29/100  KL=0.2372  mean=0.0421  0.07ex/s  eta=16m18s  [eta=29h59m39s total]
  [qasper                   2/16] naive_65pct    (1/6)  ex   30/100  KL=0.1073  mean=0.0442  0.07ex/s  eta=16m07s  [eta=30h00m06s total]
  [qasper                   2/16] naive_65pct    (1/6)  ex   31/100  KL=0.0194  mean=0.0434  0.07ex/s  eta=15m46s  [eta=29h59m38s total]
  [qasper                   2/16] naive_65pct    (1/6)  ex   32/100  KL=0.0439  mean=0.0434  0.07ex/s  eta=15m30s  [eta=29h59m34s total]
  [qasper                   2/16] naive_65pct    (1/6)  ex   33/100  KL=0.2019  mean=0.0482  0.07ex/s  eta=15m08s  [eta=29h58m47s total]
  [qasper                   2/16] naive_65pct    (1/6)  ex   34/100  KL=0.0403  mean=0.0480  0.07ex/s  eta=15m06s  [eta=30h00m18s total]
  [qasper                   2/16] naive_65pct    (1/6)  ex   35/100  KL=0.0165  mean=0.0471  0.07ex/s  eta=14m51s  [eta=30h00m18s total]
  [qasper                   2/16] naive_65pct    (1/6)  ex   36/100  KL=0.0057  mean=0.0460  0.07ex/s  eta=14m47s  [eta=30h01m51s total]
  [qasper                   2/16] naive_65pct    (1/6)  ex   37/100  KL=0.0444  mean=0.0459  0.07ex/s  eta=14m28s  [eta=30h01m17s total]
  [qasper                   2/16] naive_65pct    (1/6)  ex   38/100  KL=0.0943  mean=0.0472  0.07ex/s  eta=13m59s  [eta=29h59m18s total]
  [qasper                   2/16] naive_65pct    (1/6)  ex   39/100  KL=0.0146  mean=0.0464  0.07ex/s  eta=13m49s  [eta=29h59m59s total]
  [qasper                   2/16] naive_65pct    (1/6)  ex   40/100  KL=0.0016  mean=0.0452  0.07ex/s  eta=13m39s  [eta=30h00m44s total]
  [qasper                   2/16] naive_65pct    (1/6)  ex   41/100  KL=0.0048  mean=0.0443  0.07ex/s  eta=13m34s  [eta=30h02m19s total]
  [qasper                   2/16] naive_65pct    (1/6)  ex   42/100  KL=0.0180  mean=0.0436  0.07ex/s  eta=13m24s  [eta=30h03m08s total]
  [qasper                   2/16] naive_65pct    (1/6)  ex   43/100  KL=0.0209  mean=0.0431  0.07ex/s  eta=13m03s  [eta=30h02m03s total]
  [qasper                   2/16] naive_65pct    (1/6)  ex   44/100  KL=0.0033  mean=0.0422  0.07ex/s  eta=12m46s  [eta=30h01m42s total]
  [qasper                   2/16] naive_65pct    (1/6)  ex   45/100  KL=0.0494  mean=0.0424  0.07ex/s  eta=12m39s  [eta=30h03m06s total]
  [qasper                   2/16] naive_65pct    (1/6)  ex   46/100  KL=0.0534  mean=0.0426  0.07ex/s  eta=12m24s  [eta=30h03m04s total]
  [qasper                   2/16] naive_65pct    (1/6)  ex   47/100  KL=0.1208  mean=0.0443  0.07ex/s  eta=12m03s  [eta=30h01m50s total]
  [qasper                   2/16] naive_65pct    (1/6)  ex   48/100  KL=0.0275  mean=0.0439  0.07ex/s  eta=11m47s  [eta=30h01m34s total]
  [qasper                   2/16] naive_65pct    (1/6)  ex   49/100  KL=0.0538  mean=0.0441  0.07ex/s  eta=11m30s  [eta=30h00m50s total]
  [qasper                   2/16] naive_65pct    (1/6)  ex   50/100  KL=0.0343  mean=0.0439  0.07ex/s  eta=11m18s  [eta=30h01m20s total]
  [qasper                   2/16] naive_65pct    (1/6)  ex   51/100  KL=0.0100  mean=0.0432  0.07ex/s  eta=11m01s  [eta=30h00m42s total]
  [qasper                   2/16] naive_65pct    (1/6)  ex   52/100  KL=0.0991  mean=0.0443  0.07ex/s  eta=10m50s  [eta=30h01m32s total]
  [qasper                   2/16] naive_65pct    (1/6)  ex   53/100  KL=0.0752  mean=0.0449  0.07ex/s  eta=10m29s  [eta=29h59m39s total]
  [qasper                   2/16] naive_65pct    (1/6)  ex   54/100  KL=0.0318  mean=0.0447  0.08ex/s  eta=10m06s  [eta=29h57m17s total]
  [qasper                   2/16] naive_65pct    (1/6)  ex   55/100  KL=0.0111  mean=0.0441  0.08ex/s  eta=9m59s  [eta=29h58m54s total]
  [qasper                   2/16] naive_65pct    (1/6)  ex   56/100  KL=0.0601  mean=0.0443  0.07ex/s  eta=9m46s  [eta=29h59m14s total]
  [qasper                   2/16] naive_65pct    (1/6)  ex   57/100  KL=0.0092  mean=0.0437  0.07ex/s  eta=9m33s  [eta=29h59m19s total]
  [qasper                   2/16] naive_65pct    (1/6)  ex   58/100  KL=0.0754  mean=0.0443  0.07ex/s  eta=9m24s  [eta=30h00m44s total]
  [qasper                   2/16] naive_65pct    (1/6)  ex   59/100  KL=0.0741  mean=0.0448  0.07ex/s  eta=9m14s  [eta=30h02m09s total]
  [qasper                   2/16] naive_65pct    (1/6)  ex   60/100  KL=0.0542  mean=0.0449  0.07ex/s  eta=8m58s  [eta=30h01m17s total]
  [qasper                   2/16] naive_65pct    (1/6)  ex   61/100  KL=0.0693  mean=0.0453  0.07ex/s  eta=8m42s  [eta=30h00m35s total]
  [qasper                   2/16] naive_65pct    (1/6)  ex   62/100  KL=0.0148  mean=0.0448  0.07ex/s  eta=8m28s  [eta=30h00m18s total]
  [qasper                   2/16] naive_65pct    (1/6)  ex   63/100  KL=0.0239  mean=0.0445  0.08ex/s  eta=8m12s  [eta=29h59m30s total]
  [qasper                   2/16] naive_65pct    (1/6)  ex   64/100  KL=0.0236  mean=0.0442  0.08ex/s  eta=7m59s  [eta=29h59m44s total]
  [qasper                   2/16] naive_65pct    (1/6)  ex   65/100  KL=0.0466  mean=0.0442  0.08ex/s  eta=7m44s  [eta=29h59m14s total]
  [qasper                   2/16] naive_65pct    (1/6)  ex   66/100  KL=0.0351  mean=0.0441  0.08ex/s  eta=7m26s  [eta=29h56m58s total]
  [qasper                   2/16] naive_65pct    (1/6)  ex   67/100  KL=0.0864  mean=0.0447  0.08ex/s  eta=7m13s  [eta=29h57m14s total]
  [qasper                   2/16] naive_65pct    (1/6)  ex   68/100  KL=0.0513  mean=0.0448  0.08ex/s  eta=7m03s  [eta=29h58m33s total]
  [qasper                   2/16] naive_65pct    (1/6)  ex   69/100  KL=0.0199  mean=0.0444  0.08ex/s  eta=6m48s  [eta=29h58m02s total]
  [qasper                   2/16] naive_65pct    (1/6)  ex   70/100  KL=0.0788  mean=0.0449  0.08ex/s  eta=6m33s  [eta=29h57m13s total]
  [qasper                   2/16] naive_65pct    (1/6)  ex   71/100  KL=0.0061  mean=0.0444  0.08ex/s  eta=6m21s  [eta=29h57m43s total]
  [qasper                   2/16] naive_65pct    (1/6)  ex   72/100  KL=0.0242  mean=0.0441  0.08ex/s  eta=6m06s  [eta=29h56m35s total]
  [qasper                   2/16] naive_65pct    (1/6)  ex   73/100  KL=0.0247  mean=0.0438  0.08ex/s  eta=5m55s  [eta=29h57m44s total]
  [qasper                   2/16] naive_65pct    (1/6)  ex   74/100  KL=0.1301  mean=0.0450  0.08ex/s  eta=5m44s  [eta=29h59m06s total]
  [qasper                   2/16] naive_65pct    (1/6)  ex   75/100  KL=0.0074  mean=0.0445  0.08ex/s  eta=5m31s  [eta=29h59m47s total]
  [qasper                   2/16] naive_65pct    (1/6)  ex   76/100  KL=0.0104  mean=0.0441  0.08ex/s  eta=5m17s  [eta=29h58m54s total]
  [qasper                   2/16] naive_65pct    (1/6)  ex   77/100  KL=0.0244  mean=0.0438  0.08ex/s  eta=5m03s  [eta=29h58m27s total]
  [qasper                   2/16] naive_65pct    (1/6)  ex   78/100  KL=0.0976  mean=0.0445  0.08ex/s  eta=4m50s  [eta=29h58m46s total]
  [qasper                   2/16] naive_65pct    (1/6)  ex   79/100  KL=0.0521  mean=0.0446  0.08ex/s  eta=4m35s  [eta=29h57m33s total]
  [qasper                   2/16] naive_65pct    (1/6)  ex   80/100  KL=0.0498  mean=0.0447  0.08ex/s  eta=4m20s  [eta=29h55m45s total]
  [qasper                   2/16] naive_65pct    (1/6)  ex   81/100  KL=0.0150  mean=0.0443  0.08ex/s  eta=4m08s  [eta=29h56m31s total]
  [qasper                   2/16] naive_65pct    (1/6)  ex   82/100  KL=0.1428  mean=0.0455  0.08ex/s  eta=3m55s  [eta=29h56m16s total]
  [qasper                   2/16] naive_65pct    (1/6)  ex   83/100  KL=0.0891  mean=0.0460  0.08ex/s  eta=3m41s  [eta=29h55m33s total]
  [qasper                   2/16] naive_65pct    (1/6)  ex   84/100  KL=0.0037  mean=0.0455  0.08ex/s  eta=3m28s  [eta=29h55m13s total]
  [qasper                   2/16] naive_65pct    (1/6)  ex   85/100  KL=0.0234  mean=0.0453  0.08ex/s  eta=3m15s  [eta=29h55m55s total]
  [qasper                   2/16] naive_65pct    (1/6)  ex   86/100  KL=0.0079  mean=0.0448  0.08ex/s  eta=3m02s  [eta=29h56m19s total]
  [qasper                   2/16] naive_65pct    (1/6)  ex   87/100  KL=0.0950  mean=0.0454  0.08ex/s  eta=2m48s  [eta=29h54m30s total]
  [qasper                   2/16] naive_65pct    (1/6)  ex   88/100  KL=0.0363  mean=0.0453  0.08ex/s  eta=2m35s  [eta=29h54m47s total]
  [qasper                   2/16] naive_65pct    (1/6)  ex   89/100  KL=0.0409  mean=0.0452  0.08ex/s  eta=2m23s  [eta=29h56m06s total]
  [qasper                   2/16] naive_65pct    (1/6)  ex   90/100  KL=0.0691  mean=0.0455  0.08ex/s  eta=2m09s  [eta=29h54m52s total]
  [qasper                   2/16] naive_65pct    (1/6)  ex   91/100  KL=0.0028  mean=0.0450  0.08ex/s  eta=1m57s  [eta=29h55m23s total]
  [qasper                   2/16] naive_65pct    (1/6)  ex   92/100  KL=0.1243  mean=0.0459  0.08ex/s  eta=1m44s  [eta=29h56m22s total]
  [qasper                   2/16] naive_65pct    (1/6)  ex   93/100  KL=0.0442  mean=0.0459  0.08ex/s  eta=1m30s  [eta=29h54m10s total]
  [qasper                   2/16] naive_65pct    (1/6)  ex   94/100  KL=0.0893  mean=0.0463  0.08ex/s  eta=1m17s  [eta=29h53m39s total]
  [qasper                   2/16] naive_65pct    (1/6)  ex   95/100  KL=0.0064  mean=0.0459  0.08ex/s  eta=1m04s  [eta=29h53m38s total]
  [qasper                   2/16] naive_65pct    (1/6)  ex   96/100  KL=0.0984  mean=0.0465  0.08ex/s  eta=51s  [eta=29h51m15s total]
  [qasper                   2/16] naive_65pct    (1/6)  ex   97/100  KL=0.0198  mean=0.0462  0.08ex/s  eta=38s  [eta=29h50m05s total]
  [qasper                   2/16] naive_65pct    (1/6)  ex   98/100  KL=0.1277  mean=0.0470  0.08ex/s  eta=25s  [eta=29h50m47s total]
  [qasper                   2/16] naive_65pct    (1/6)  ex   99/100  KL=0.1373  mean=0.0479  0.08ex/s  eta=12s  [eta=29h51m50s total]
  [qasper                   2/16] naive_65pct    (1/6)  ex  100/100  KL=0.0105  mean=0.0476  0.08ex/s  eta=0s  [eta=29h51m04s total]
  >>> qasper / naive_65pct:  n=100  mean_KL=0.0476  [21m21s]

  [qasper                   2/16] snapkv         (2/6)  ex    1/100  KL=0.0308  mean=0.0308  0.10ex/s  eta=17m12s  [eta=29h50m31s total]
  [qasper                   2/16] snapkv         (2/6)  ex    2/100  KL=0.1353  mean=0.0831  0.10ex/s  eta=16m20s  [eta=29h49m47s total]
  [qasper                   2/16] snapkv         (2/6)  ex    3/100  KL=0.0237  mean=0.0633  0.10ex/s  eta=16m50s  [eta=29h49m25s total]
  [qasper                   2/16] snapkv         (2/6)  ex    4/100  KL=0.0738  mean=0.0659  0.10ex/s  eta=16m12s  [eta=29h48m37s total]
  [qasper                   2/16] snapkv         (2/6)  ex    5/100  KL=0.0933  mean=0.0714  0.10ex/s  eta=16m22s  [eta=29h48m14s total]
  [qasper                   2/16] snapkv         (2/6)  ex    6/100  KL=0.0711  mean=0.0713  0.09ex/s  eta=16m58s  [eta=29h48m17s total]
  [qasper                   2/16] snapkv         (2/6)  ex    7/100  KL=0.0927  mean=0.0744  0.09ex/s  eta=17m25s  [eta=29h48m26s total]
  [qasper                   2/16] snapkv         (2/6)  ex    8/100  KL=0.1200  mean=0.0801  0.09ex/s  eta=17m59s  [eta=29h48m53s total]
  [qasper                   2/16] snapkv         (2/6)  ex    9/100  KL=0.0135  mean=0.0727  0.09ex/s  eta=17m27s  [eta=29h48m12s total]
  [qasper                   2/16] snapkv         (2/6)  ex   10/100  KL=0.0622  mean=0.0717  0.09ex/s  eta=17m30s  [eta=29h48m13s total]
  [qasper                   2/16] snapkv         (2/6)  ex   11/100  KL=0.0719  mean=0.0717  0.09ex/s  eta=17m17s  [eta=29h47m54s total]
  [qasper                   2/16] snapkv         (2/6)  ex   12/100  KL=0.0152  mean=0.0670  0.09ex/s  eta=16m51s  [eta=29h47m12s total]
  [qasper                   2/16] snapkv         (2/6)  ex   13/100  KL=0.1084  mean=0.0702  0.09ex/s  eta=16m26s  [eta=29h46m28s total]
  [qasper                   2/16] snapkv         (2/6)  ex   14/100  KL=0.0270  mean=0.0671  0.09ex/s  eta=16m46s  [eta=29h47m11s total]
  [qasper                   2/16] snapkv         (2/6)  ex   15/100  KL=0.0455  mean=0.0656  0.09ex/s  eta=16m38s  [eta=29h47m02s total]
  [qasper                   2/16] snapkv         (2/6)  ex   16/100  KL=0.3397  mean=0.0828  0.08ex/s  eta=16m52s  [eta=29h47m47s total]
  [qasper                   2/16] snapkv         (2/6)  ex   17/100  KL=0.0109  mean=0.0785  0.08ex/s  eta=17m02s  [eta=29h48m29s total]
  [qasper                   2/16] snapkv         (2/6)  ex   18/100  KL=0.0447  mean=0.0767  0.08ex/s  eta=16m54s  [eta=29h48m32s total]
  [qasper                   2/16] snapkv         (2/6)  ex   19/100  KL=0.0868  mean=0.0772  0.08ex/s  eta=16m43s  [eta=29h48m29s total]
  [qasper                   2/16] snapkv         (2/6)  ex   20/100  KL=0.0761  mean=0.0771  0.08ex/s  eta=16m40s  [eta=29h48m48s total]
  [qasper                   2/16] snapkv         (2/6)  ex   21/100  KL=0.1270  mean=0.0795  0.08ex/s  eta=16m19s  [eta=29h48m13s total]
  [qasper                   2/16] snapkv         (2/6)  ex   22/100  KL=0.1306  mean=0.0818  0.08ex/s  eta=16m22s  [eta=29h48m58s total]
  [qasper                   2/16] snapkv         (2/6)  ex   23/100  KL=0.0655  mean=0.0811  0.08ex/s  eta=16m10s  [eta=29h48m56s total]
  [qasper                   2/16] snapkv         (2/6)  ex   24/100  KL=0.1064  mean=0.0822  0.08ex/s  eta=16m01s  [eta=29h49m04s total]
  [qasper                   2/16] snapkv         (2/6)  ex   25/100  KL=0.0422  mean=0.0806  0.08ex/s  eta=16m00s  [eta=29h49m46s total]
  [qasper                   2/16] snapkv         (2/6)  ex   26/100  KL=0.0474  mean=0.0793  0.08ex/s  eta=15m46s  [eta=29h49m37s total]
  [qasper                   2/16] snapkv         (2/6)  ex   27/100  KL=0.0348  mean=0.0777  0.08ex/s  eta=15m24s  [eta=29h48m53s total]
  [qasper                   2/16] snapkv         (2/6)  ex   28/100  KL=0.0102  mean=0.0752  0.08ex/s  eta=15m20s  [eta=29h49m30s total]
  [qasper                   2/16] snapkv         (2/6)  ex   29/100  KL=0.1098  mean=0.0764  0.08ex/s  eta=14m58s  [eta=29h48m36s total]
  [qasper                   2/16] snapkv         (2/6)  ex   30/100  KL=0.0171  mean=0.0745  0.08ex/s  eta=14m46s  [eta=29h48m38s total]
  [qasper                   2/16] snapkv         (2/6)  ex   31/100  KL=0.0292  mean=0.0730  0.08ex/s  eta=14m30s  [eta=29h48m14s total]
  [qasper                   2/16] snapkv         (2/6)  ex   32/100  KL=0.0599  mean=0.0726  0.08ex/s  eta=14m17s  [eta=29h48m03s total]
  [qasper                   2/16] snapkv         (2/6)  ex   33/100  KL=0.0977  mean=0.0733  0.08ex/s  eta=14m07s  [eta=29h48m17s total]
  [qasper                   2/16] snapkv         (2/6)  ex   34/100  KL=0.0836  mean=0.0737  0.08ex/s  eta=14m03s  [eta=29h49m01s total]
  [qasper                   2/16] snapkv         (2/6)  ex   35/100  KL=0.0123  mean=0.0719  0.08ex/s  eta=13m49s  [eta=29h48m48s total]
  [qasper                   2/16] snapkv         (2/6)  ex   36/100  KL=0.0164  mean=0.0704  0.08ex/s  eta=13m43s  [eta=29h49m32s total]
  [qasper                   2/16] snapkv         (2/6)  ex   37/100  KL=0.0063  mean=0.0686  0.08ex/s  eta=13m26s  [eta=29h49m01s total]
  [qasper                   2/16] snapkv         (2/6)  ex   38/100  KL=0.0444  mean=0.0680  0.08ex/s  eta=12m58s  [eta=29h47m06s total]
  [qasper                   2/16] snapkv         (2/6)  ex   39/100  KL=0.0995  mean=0.0688  0.08ex/s  eta=12m48s  [eta=29h47m18s total]
  [qasper                   2/16] snapkv         (2/6)  ex   40/100  KL=0.1400  mean=0.0706  0.08ex/s  eta=12m38s  [eta=29h47m30s total]
  [qasper                   2/16] snapkv         (2/6)  ex   41/100  KL=0.1257  mean=0.0719  0.08ex/s  eta=12m32s  [eta=29h48m18s total]
  [qasper                   2/16] snapkv         (2/6)  ex   42/100  KL=0.0105  mean=0.0705  0.08ex/s  eta=12m21s  [eta=29h48m32s total]
  [qasper                   2/16] snapkv         (2/6)  ex   43/100  KL=0.1021  mean=0.0712  0.08ex/s  eta=12m02s  [eta=29h47m33s total]
  [qasper                   2/16] snapkv         (2/6)  ex   44/100  KL=0.0206  mean=0.0700  0.08ex/s  eta=11m48s  [eta=29h47m11s total]
  [qasper                   2/16] snapkv         (2/6)  ex   45/100  KL=0.0594  mean=0.0698  0.08ex/s  eta=11m39s  [eta=29h47m48s total]
  [qasper                   2/16] snapkv         (2/6)  ex   46/100  KL=0.0397  mean=0.0692  0.08ex/s  eta=11m26s  [eta=29h47m34s total]
  [qasper                   2/16] snapkv         (2/6)  ex   47/100  KL=0.0614  mean=0.0690  0.08ex/s  eta=11m08s  [eta=29h46m31s total]
  [qasper                   2/16] snapkv         (2/6)  ex   48/100  KL=0.0975  mean=0.0696  0.08ex/s  eta=10m53s  [eta=29h46m08s total]
  [qasper                   2/16] snapkv         (2/6)  ex   49/100  KL=0.1322  mean=0.0709  0.08ex/s  eta=10m38s  [eta=29h45m27s total]
  [qasper                   2/16] snapkv         (2/6)  ex   50/100  KL=0.0297  mean=0.0700  0.08ex/s  eta=10m26s  [eta=29h45m24s total]
  [qasper                   2/16] snapkv         (2/6)  ex   51/100  KL=0.0448  mean=0.0695  0.08ex/s  eta=10m11s  [eta=29h44m49s total]
  [qasper                   2/16] snapkv         (2/6)  ex   52/100  KL=0.0201  mean=0.0686  0.08ex/s  eta=10m00s  [eta=29h45m05s total]
  [qasper                   2/16] snapkv         (2/6)  ex   53/100  KL=0.1402  mean=0.0699  0.08ex/s  eta=9m46s  [eta=29h44m35s total]
  [qasper                   2/16] snapkv         (2/6)  ex   54/100  KL=0.0487  mean=0.0695  0.08ex/s  eta=9m29s  [eta=29h43m25s total]
  [qasper                   2/16] snapkv         (2/6)  ex   55/100  KL=0.0692  mean=0.0695  0.08ex/s  eta=9m20s  [eta=29h43m59s total]
  [qasper                   2/16] snapkv         (2/6)  ex   56/100  KL=0.0442  mean=0.0691  0.08ex/s  eta=9m08s  [eta=29h43m58s total]
  [qasper                   2/16] snapkv         (2/6)  ex   57/100  KL=0.0457  mean=0.0687  0.08ex/s  eta=8m55s  [eta=29h43m47s total]
  [qasper                   2/16] snapkv         (2/6)  ex   58/100  KL=0.0846  mean=0.0690  0.08ex/s  eta=8m46s  [eta=29h44m29s total]
  [qasper                   2/16] snapkv         (2/6)  ex   59/100  KL=0.0802  mean=0.0691  0.08ex/s  eta=8m36s  [eta=29h45m06s total]
  [qasper                   2/16] snapkv         (2/6)  ex   60/100  KL=0.0667  mean=0.0691  0.08ex/s  eta=8m21s  [eta=29h44m16s total]
  [qasper                   2/16] snapkv         (2/6)  ex   61/100  KL=0.0913  mean=0.0695  0.08ex/s  eta=8m07s  [eta=29h43m40s total]
  [qasper                   2/16] snapkv         (2/6)  ex   62/100  KL=0.0497  mean=0.0692  0.08ex/s  eta=7m53s  [eta=29h43m18s total]
  [qasper                   2/16] snapkv         (2/6)  ex   63/100  KL=0.1516  mean=0.0705  0.08ex/s  eta=7m36s  [eta=29h41m35s total]
  [qasper                   2/16] snapkv         (2/6)  ex   64/100  KL=0.0308  mean=0.0698  0.08ex/s  eta=7m24s  [eta=29h41m38s total]
  [qasper                   2/16] snapkv         (2/6)  ex   65/100  KL=0.0374  mean=0.0693  0.08ex/s  eta=7m11s  [eta=29h41m16s total]
  [qasper                   2/16] snapkv         (2/6)  ex   66/100  KL=0.0381  mean=0.0689  0.08ex/s  eta=6m57s  [eta=29h40m13s total]
  [qasper                   2/16] snapkv         (2/6)  ex   67/100  KL=0.1161  mean=0.0696  0.08ex/s  eta=6m44s  [eta=29h40m07s total]
  [qasper                   2/16] snapkv         (2/6)  ex   68/100  KL=0.0626  mean=0.0695  0.08ex/s  eta=6m34s  [eta=29h40m41s total]
  [qasper                   2/16] snapkv         (2/6)  ex   69/100  KL=0.0427  mean=0.0691  0.08ex/s  eta=6m21s  [eta=29h40m10s total]
  [qasper                   2/16] snapkv         (2/6)  ex   70/100  KL=0.0279  mean=0.0685  0.08ex/s  eta=6m07s  [eta=29h39m25s total]
  [qasper                   2/16] snapkv         (2/6)  ex   71/100  KL=0.0152  mean=0.0677  0.08ex/s  eta=5m55s  [eta=29h39m30s total]
  [qasper                   2/16] snapkv         (2/6)  ex   72/100  KL=0.0332  mean=0.0673  0.08ex/s  eta=5m41s  [eta=29h38m27s total]
  [qasper                   2/16] snapkv         (2/6)  ex   73/100  KL=0.0488  mean=0.0670  0.08ex/s  eta=5m30s  [eta=29h38m55s total]
  [qasper                   2/16] snapkv         (2/6)  ex   74/100  KL=0.1541  mean=0.0682  0.08ex/s  eta=5m20s  [eta=29h39m33s total]
  [qasper                   2/16] snapkv         (2/6)  ex   75/100  KL=0.1695  mean=0.0695  0.08ex/s  eta=5m08s  [eta=29h39m43s total]
  [qasper                   2/16] snapkv         (2/6)  ex   76/100  KL=0.0791  mean=0.0697  0.08ex/s  eta=4m55s  [eta=29h38m58s total]
  [qasper                   2/16] snapkv         (2/6)  ex   77/100  KL=0.0771  mean=0.0698  0.08ex/s  eta=4m42s  [eta=29h38m30s total]
  [qasper                   2/16] snapkv         (2/6)  ex   78/100  KL=0.0510  mean=0.0695  0.08ex/s  eta=4m30s  [eta=29h38m25s total]
  [qasper                   2/16] snapkv         (2/6)  ex   79/100  KL=0.0492  mean=0.0693  0.08ex/s  eta=4m16s  [eta=29h37m19s total]
  [qasper                   2/16] snapkv         (2/6)  ex   80/100  KL=0.0455  mean=0.0690  0.08ex/s  eta=4m03s  [eta=29h36m48s total]
  [qasper                   2/16] snapkv         (2/6)  ex   81/100  KL=0.0252  mean=0.0684  0.08ex/s  eta=3m52s  [eta=29h36m54s total]
  [qasper                   2/16] snapkv         (2/6)  ex   82/100  KL=0.0561  mean=0.0683  0.08ex/s  eta=3m39s  [eta=29h36m33s total]
  [qasper                   2/16] snapkv         (2/6)  ex   83/100  KL=0.0571  mean=0.0681  0.08ex/s  eta=3m26s  [eta=29h35m56s total]
  [qasper                   2/16] snapkv         (2/6)  ex   84/100  KL=0.0320  mean=0.0677  0.08ex/s  eta=3m14s  [eta=29h35m28s total]
  [qasper                   2/16] snapkv         (2/6)  ex   85/100  KL=0.0670  mean=0.0677  0.08ex/s  eta=3m02s  [eta=29h35m40s total]
  [qasper                   2/16] snapkv         (2/6)  ex   86/100  KL=0.0502  mean=0.0675  0.08ex/s  eta=2m50s  [eta=29h35m39s total]
  [qasper                   2/16] snapkv         (2/6)  ex   87/100  KL=0.0903  mean=0.0678  0.08ex/s  eta=2m37s  [eta=29h34m41s total]
  [qasper                   2/16] snapkv         (2/6)  ex   88/100  KL=0.0249  mean=0.0673  0.08ex/s  eta=2m25s  [eta=29h34m36s total]
  [qasper                   2/16] snapkv         (2/6)  ex   89/100  KL=0.0633  mean=0.0672  0.08ex/s  eta=2m14s  [eta=29h35m09s total]
  [qasper                   2/16] snapkv         (2/6)  ex   90/100  KL=0.1046  mean=0.0676  0.08ex/s  eta=2m01s  [eta=29h34m05s total]
  [qasper                   2/16] snapkv         (2/6)  ex   91/100  KL=0.0478  mean=0.0674  0.08ex/s  eta=1m49s  [eta=29h34m11s total]
  [qasper                   2/16] snapkv         (2/6)  ex   92/100  KL=0.0927  mean=0.0677  0.08ex/s  eta=1m37s  [eta=29h34m27s total]
  [qasper                   2/16] snapkv         (2/6)  ex   93/100  KL=0.0644  mean=0.0677  0.08ex/s  eta=1m24s  [eta=29h32m31s total]
  [qasper                   2/16] snapkv         (2/6)  ex   94/100  KL=0.0985  mean=0.0680  0.08ex/s  eta=1m12s  [eta=29h32m02s total]
  [qasper                   2/16] snapkv         (2/6)  ex   95/100  KL=0.0320  mean=0.0676  0.08ex/s  eta=1m00s  [eta=29h31m45s total]
  [qasper                   2/16] snapkv         (2/6)  ex   96/100  KL=0.1186  mean=0.0681  0.08ex/s  eta=48s  [eta=29h30m38s total]
  [qasper                   2/16] snapkv         (2/6)  ex   97/100  KL=0.1420  mean=0.0689  0.08ex/s  eta=35s  [eta=29h28m55s total]
  [qasper                   2/16] snapkv         (2/6)  ex   98/100  KL=0.1194  mean=0.0694  0.08ex/s  eta=23s  [eta=29h29m10s total]
  [qasper                   2/16] snapkv         (2/6)  ex   99/100  KL=0.1966  mean=0.0707  0.08ex/s  eta=11s  [eta=29h29m32s total]
  [qasper                   2/16] snapkv         (2/6)  ex  100/100  KL=0.0898  mean=0.0709  0.08ex/s  eta=0s  [eta=29h28m52s total]
  >>> qasper / snapkv:  n=100  mean_KL=0.0709  [19m56s]

  [qasper                   2/16] kq_only        (3/6)  ex    1/100  KL=0.1829  mean=0.1829  0.09ex/s  eta=17m31s  [eta=29h28m24s total]
  [qasper                   2/16] kq_only        (3/6)  ex    2/100  KL=0.0817  mean=0.1323  0.10ex/s  eta=16m29s  [eta=29h27m45s total]
  [qasper                   2/16] kq_only        (3/6)  ex    3/100  KL=0.0460  mean=0.1035  0.09ex/s  eta=17m08s  [eta=29h27m28s total]
  [qasper                   2/16] kq_only        (3/6)  ex    4/100  KL=0.1141  mean=0.1062  0.10ex/s  eta=16m23s  [eta=29h26m45s total]
  [qasper                   2/16] kq_only        (3/6)  ex    5/100  KL=0.1193  mean=0.1088  0.10ex/s  eta=16m27s  [eta=29h26m21s total]
  [qasper                   2/16] kq_only        (3/6)  ex    6/100  KL=0.0359  mean=0.0967  0.09ex/s  eta=17m06s  [eta=29h26m25s total]
  [qasper                   2/16] kq_only        (3/6)  ex    7/100  KL=0.0403  mean=0.0886  0.09ex/s  eta=17m37s  [eta=29h26m35s total]
  [qasper                   2/16] kq_only        (3/6)  ex    8/100  KL=0.0541  mean=0.0843  0.08ex/s  eta=18m09s  [eta=29h26m57s total]
  [qasper                   2/16] kq_only        (3/6)  ex    9/100  KL=0.0204  mean=0.0772  0.09ex/s  eta=16m59s  [eta=29h25m40s total]
  [qasper                   2/16] kq_only        (3/6)  ex   10/100  KL=0.0364  mean=0.0731  0.09ex/s  eta=17m07s  [eta=29h25m42s total]
  [qasper                   2/16] kq_only        (3/6)  ex   11/100  KL=0.0236  mean=0.0686  0.09ex/s  eta=16m58s  [eta=29h25m27s total]
  [qasper                   2/16] kq_only        (3/6)  ex   12/100  KL=0.0267  mean=0.0651  0.09ex/s  eta=16m34s  [eta=29h24m49s total]
  [qasper                   2/16] kq_only        (3/6)  ex   13/100  KL=0.0901  mean=0.0670  0.09ex/s  eta=16m12s  [eta=29h24m12s total]
  [qasper                   2/16] kq_only        (3/6)  ex   14/100  KL=0.0623  mean=0.0667  0.09ex/s  eta=16m30s  [eta=29h24m41s total]
  [qasper                   2/16] kq_only        (3/6)  ex   15/100  KL=0.0440  mean=0.0652  0.09ex/s  eta=16m22s  [eta=29h24m30s total]
  [qasper                   2/16] kq_only        (3/6)  ex   16/100  KL=0.1327  mean=0.0694  0.08ex/s  eta=16m37s  [eta=29h25m07s total]
  [qasper                   2/16] kq_only        (3/6)  ex   17/100  KL=0.0099  mean=0.0659  0.08ex/s  eta=16m49s  [eta=29h25m46s total]
  [qasper                   2/16] kq_only        (3/6)  ex   18/100  KL=0.0629  mean=0.0657  0.08ex/s  eta=16m42s  [eta=29h25m46s total]
  [qasper                   2/16] kq_only        (3/6)  ex   19/100  KL=0.0986  mean=0.0675  0.08ex/s  eta=16m32s  [eta=29h25m43s total]
  [qasper                   2/16] kq_only        (3/6)  ex   20/100  KL=0.0714  mean=0.0677  0.08ex/s  eta=16m28s  [eta=29h25m55s total]
  [qasper                   2/16] kq_only        (3/6)  ex   21/100  KL=0.1081  mean=0.0696  0.08ex/s  eta=16m07s  [eta=29h25m22s total]
  [qasper                   2/16] kq_only        (3/6)  ex   22/100  KL=0.0606  mean=0.0692  0.08ex/s  eta=16m10s  [eta=29h25m58s total]
  [qasper                   2/16] kq_only        (3/6)  ex   23/100  KL=0.0688  mean=0.0692  0.08ex/s  eta=16m00s  [eta=29h25m57s total]
  [qasper                   2/16] kq_only        (3/6)  ex   24/100  KL=0.0694  mean=0.0692  0.08ex/s  eta=15m51s  [eta=29h26m01s total]
  [qasper                   2/16] kq_only        (3/6)  ex   25/100  KL=0.0501  mean=0.0684  0.08ex/s  eta=15m51s  [eta=29h26m37s total]
  [qasper                   2/16] kq_only        (3/6)  ex   26/100  KL=0.0468  mean=0.0676  0.08ex/s  eta=15m37s  [eta=29h26m25s total]
  [qasper                   2/16] kq_only        (3/6)  ex   27/100  KL=0.1627  mean=0.0711  0.08ex/s  eta=15m01s  [eta=29h24m49s total]
  [qasper                   2/16] kq_only        (3/6)  ex   28/100  KL=0.1921  mean=0.0754  0.08ex/s  eta=15m01s  [eta=29h25m30s total]
  [qasper                   2/16] kq_only        (3/6)  ex   29/100  KL=0.1353  mean=0.0775  0.08ex/s  eta=14m39s  [eta=29h24m41s total]
  [qasper                   2/16] kq_only        (3/6)  ex   30/100  KL=0.0175  mean=0.0755  0.08ex/s  eta=14m27s  [eta=29h24m38s total]
  [qasper                   2/16] kq_only        (3/6)  ex   31/100  KL=0.0791  mean=0.0756  0.08ex/s  eta=14m12s  [eta=29h24m14s total]
  [qasper                   2/16] kq_only        (3/6)  ex   32/100  KL=0.0453  mean=0.0746  0.08ex/s  eta=13m58s  [eta=29h24m00s total]
  [qasper                   2/16] kq_only        (3/6)  ex   33/100  KL=0.1051  mean=0.0756  0.08ex/s  eta=13m49s  [eta=29h24m08s total]
  [qasper                   2/16] kq_only        (3/6)  ex   34/100  KL=0.0822  mean=0.0758  0.08ex/s  eta=13m46s  [eta=29h24m45s total]
  [qasper                   2/16] kq_only        (3/6)  ex   35/100  KL=0.0127  mean=0.0740  0.08ex/s  eta=13m33s  [eta=29h24m36s total]
  [qasper                   2/16] kq_only        (3/6)  ex   36/100  KL=0.0384  mean=0.0730  0.08ex/s  eta=13m27s  [eta=29h25m09s total]
  [qasper                   2/16] kq_only        (3/6)  ex   37/100  KL=0.0233  mean=0.0716  0.08ex/s  eta=13m11s  [eta=29h24m38s total]
  [qasper                   2/16] kq_only        (3/6)  ex   38/100  KL=0.0281  mean=0.0705  0.08ex/s  eta=12m51s  [eta=29h23m46s total]
  [qasper                   2/16] kq_only        (3/6)  ex   39/100  KL=0.0766  mean=0.0706  0.08ex/s  eta=12m41s  [eta=29h23m52s total]
  [qasper                   2/16] kq_only        (3/6)  ex   40/100  KL=0.0447  mean=0.0700  0.08ex/s  eta=12m30s  [eta=29h23m58s total]
  [qasper                   2/16] kq_only        (3/6)  ex   41/100  KL=0.0857  mean=0.0704  0.08ex/s  eta=12m24s  [eta=29h24m39s total]
  [qasper                   2/16] kq_only        (3/6)  ex   42/100  KL=0.0347  mean=0.0695  0.08ex/s  eta=12m14s  [eta=29h24m49s total]
  [qasper                   2/16] kq_only        (3/6)  ex   43/100  KL=0.0757  mean=0.0697  0.08ex/s  eta=11m55s  [eta=29h23m56s total]
  [qasper                   2/16] kq_only        (3/6)  ex   44/100  KL=0.0239  mean=0.0686  0.08ex/s  eta=11m41s  [eta=29h23m36s total]
  [qasper                   2/16] kq_only        (3/6)  ex   45/100  KL=0.1107  mean=0.0696  0.08ex/s  eta=11m33s  [eta=29h24m08s total]
  [qasper                   2/16] kq_only        (3/6)  ex   46/100  KL=0.0518  mean=0.0692  0.08ex/s  eta=11m20s  [eta=29h23m53s total]
  [qasper                   2/16] kq_only        (3/6)  ex   47/100  KL=0.1157  mean=0.0702  0.08ex/s  eta=11m02s  [eta=29h22m58s total]
  [qasper                   2/16] kq_only        (3/6)  ex   48/100  KL=0.0961  mean=0.0707  0.08ex/s  eta=10m48s  [eta=29h22m34s total]
  [qasper                   2/16] kq_only        (3/6)  ex   49/100  KL=0.0677  mean=0.0706  0.08ex/s  eta=10m33s  [eta=29h22m00s total]
  [qasper                   2/16] kq_only        (3/6)  ex   50/100  KL=0.0399  mean=0.0700  0.08ex/s  eta=10m21s  [eta=29h21m58s total]
  [qasper                   2/16] kq_only        (3/6)  ex   51/100  KL=0.0495  mean=0.0696  0.08ex/s  eta=10m07s  [eta=29h21m29s total]
  [qasper                   2/16] kq_only        (3/6)  ex   52/100  KL=0.0492  mean=0.0692  0.08ex/s  eta=9m56s  [eta=29h21m36s total]
  [qasper                   2/16] kq_only        (3/6)  ex   53/100  KL=0.0804  mean=0.0694  0.08ex/s  eta=9m42s  [eta=29h21m09s total]
  [qasper                   2/16] kq_only        (3/6)  ex   54/100  KL=0.0403  mean=0.0689  0.08ex/s  eta=9m25s  [eta=29h20m05s total]
  [qasper                   2/16] kq_only        (3/6)  ex   55/100  KL=0.1033  mean=0.0695  0.08ex/s  eta=9m16s  [eta=29h20m37s total]
  [qasper                   2/16] kq_only        (3/6)  ex   56/100  KL=0.0373  mean=0.0690  0.08ex/s  eta=9m04s  [eta=29h20m35s total]
  [qasper                   2/16] kq_only        (3/6)  ex   57/100  KL=0.0300  mean=0.0683  0.08ex/s  eta=8m51s  [eta=29h20m22s total]
  [qasper                   2/16] kq_only        (3/6)  ex   58/100  KL=0.1044  mean=0.0689  0.08ex/s  eta=8m42s  [eta=29h20m56s total]
  [qasper                   2/16] kq_only        (3/6)  ex   59/100  KL=0.0899  mean=0.0693  0.08ex/s  eta=8m32s  [eta=29h21m28s total]
  [qasper                   2/16] kq_only        (3/6)  ex   60/100  KL=0.0314  mean=0.0686  0.08ex/s  eta=8m17s  [eta=29h20m45s total]
  [qasper                   2/16] kq_only        (3/6)  ex   61/100  KL=0.0284  mean=0.0680  0.08ex/s  eta=8m04s  [eta=29h20m16s total]
  [qasper                   2/16] kq_only        (3/6)  ex   62/100  KL=0.0520  mean=0.0677  0.08ex/s  eta=7m51s  [eta=29h19m59s total]
  [qasper                   2/16] kq_only        (3/6)  ex   63/100  KL=0.0461  mean=0.0674  0.08ex/s  eta=7m37s  [eta=29h19m22s total]
  [qasper                   2/16] kq_only        (3/6)  ex   64/100  KL=0.0614  mean=0.0673  0.08ex/s  eta=7m24s  [eta=29h19m13s total]
  [qasper                   2/16] kq_only        (3/6)  ex   65/100  KL=0.1267  mean=0.0682  0.08ex/s  eta=7m11s  [eta=29h18m50s total]
  [qasper                   2/16] kq_only        (3/6)  ex   66/100  KL=0.0181  mean=0.0674  0.08ex/s  eta=6m57s  [eta=29h17m53s total]
  [qasper                   2/16] kq_only        (3/6)  ex   67/100  KL=0.1061  mean=0.0680  0.08ex/s  eta=6m44s  [eta=29h17m45s total]
  [qasper                   2/16] kq_only        (3/6)  ex   68/100  KL=0.0766  mean=0.0681  0.08ex/s  eta=6m34s  [eta=29h18m20s total]
  [qasper                   2/16] kq_only        (3/6)  ex   69/100  KL=0.0086  mean=0.0673  0.08ex/s  eta=6m21s  [eta=29h17m51s total]
  [qasper                   2/16] kq_only        (3/6)  ex   70/100  KL=0.1796  mean=0.0689  0.08ex/s  eta=6m05s  [eta=29h16m21s total]
  [qasper                   2/16] kq_only        (3/6)  ex   71/100  KL=0.0155  mean=0.0681  0.08ex/s  eta=5m54s  [eta=29h16m28s total]
  [qasper                   2/16] kq_only        (3/6)  ex   72/100  KL=0.0268  mean=0.0675  0.08ex/s  eta=5m40s  [eta=29h15m32s total]
  [qasper                   2/16] kq_only        (3/6)  ex   73/100  KL=0.0593  mean=0.0674  0.08ex/s  eta=5m29s  [eta=29h15m56s total]
  [qasper                   2/16] kq_only        (3/6)  ex   74/100  KL=0.1947  mean=0.0692  0.08ex/s  eta=5m18s  [eta=29h16m28s total]
  [qasper                   2/16] kq_only        (3/6)  ex   75/100  KL=0.1173  mean=0.0698  0.08ex/s  eta=5m07s  [eta=29h16m35s total]
  [qasper                   2/16] kq_only        (3/6)  ex   76/100  KL=0.0533  mean=0.0696  0.08ex/s  eta=4m53s  [eta=29h15m52s total]
  [qasper                   2/16] kq_only        (3/6)  ex   77/100  KL=0.0347  mean=0.0691  0.08ex/s  eta=4m41s  [eta=29h15m31s total]
  [qasper                   2/16] kq_only        (3/6)  ex   78/100  KL=0.1997  mean=0.0708  0.08ex/s  eta=4m29s  [eta=29h15m27s total]
  [qasper                   2/16] kq_only        (3/6)  ex   79/100  KL=0.0735  mean=0.0708  0.08ex/s  eta=4m15s  [eta=29h14m28s total]
  [qasper                   2/16] kq_only        (3/6)  ex   80/100  KL=0.0269  mean=0.0703  0.08ex/s  eta=4m02s  [eta=29h13m57s total]
  [qasper                   2/16] kq_only        (3/6)  ex   81/100  KL=0.0282  mean=0.0698  0.08ex/s  eta=3m51s  [eta=29h14m06s total]
  [qasper                   2/16] kq_only        (3/6)  ex   82/100  KL=0.0739  mean=0.0698  0.08ex/s  eta=3m38s  [eta=29h13m45s total]
  [qasper                   2/16] kq_only        (3/6)  ex   83/100  KL=0.2886  mean=0.0724  0.08ex/s  eta=3m26s  [eta=29h13m09s total]
  [qasper                   2/16] kq_only        (3/6)  ex   84/100  KL=0.0385  mean=0.0720  0.08ex/s  eta=3m13s  [eta=29h12m49s total]
  [qasper                   2/16] kq_only        (3/6)  ex   85/100  KL=0.0523  mean=0.0718  0.08ex/s  eta=3m02s  [eta=29h12m56s total]
  [qasper                   2/16] kq_only        (3/6)  ex   86/100  KL=0.0325  mean=0.0714  0.08ex/s  eta=2m50s  [eta=29h12m56s total]
  [qasper                   2/16] kq_only        (3/6)  ex   87/100  KL=0.0745  mean=0.0714  0.08ex/s  eta=2m37s  [eta=29h12m04s total]
  [qasper                   2/16] kq_only        (3/6)  ex   88/100  KL=0.0251  mean=0.0709  0.08ex/s  eta=2m25s  [eta=29h11m58s total]
  [qasper                   2/16] kq_only        (3/6)  ex   89/100  KL=0.0705  mean=0.0709  0.08ex/s  eta=2m13s  [eta=29h12m25s total]
  [qasper                   2/16] kq_only        (3/6)  ex   90/100  KL=0.1235  mean=0.0714  0.08ex/s  eta=2m01s  [eta=29h11m27s total]
  [qasper                   2/16] kq_only        (3/6)  ex   91/100  KL=0.0466  mean=0.0712  0.08ex/s  eta=1m49s  [eta=29h11m32s total]
  [qasper                   2/16] kq_only        (3/6)  ex   92/100  KL=0.2250  mean=0.0728  0.08ex/s  eta=1m37s  [eta=29h11m45s total]
  [qasper                   2/16] kq_only        (3/6)  ex   93/100  KL=0.0086  mean=0.0722  0.08ex/s  eta=1m24s  [eta=29h10m52s total]
  [qasper                   2/16] kq_only        (3/6)  ex   94/100  KL=0.0663  mean=0.0721  0.08ex/s  eta=1m12s  [eta=29h10m20s total]
  [qasper                   2/16] kq_only        (3/6)  ex   95/100  KL=0.0256  mean=0.0716  0.08ex/s  eta=1m00s  [eta=29h10m06s total]
  [qasper                   2/16] kq_only        (3/6)  ex   96/100  KL=0.0548  mean=0.0714  0.08ex/s  eta=48s  [eta=29h09m08s total]
  [qasper                   2/16] kq_only        (3/6)  ex   97/100  KL=0.0619  mean=0.0713  0.08ex/s  eta=35s  [eta=29h07m29s total]
  [qasper                   2/16] kq_only        (3/6)  ex   98/100  KL=0.0709  mean=0.0713  0.08ex/s  eta=23s  [eta=29h07m40s total]
  [qasper                   2/16] kq_only        (3/6)  ex   99/100  KL=0.3431  mean=0.0741  0.08ex/s  eta=12s  [eta=29h08m01s total]
  [qasper                   2/16] kq_only        (3/6)  ex  100/100  KL=0.0078  mean=0.0734  0.08ex/s  eta=0s  [eta=29h07m22s total]
  >>> qasper / kq_only:  n=100  mean_KL=0.0734  [19m57s]

  [qasper                   2/16] kq_pre_d090    (4/6)  ex    1/100  KL=0.1155  mean=0.1155  0.09ex/s  eta=17m27s  [eta=29h06m56s total]
  [qasper                   2/16] kq_pre_d090    (4/6)  ex    2/100  KL=0.1752  mean=0.1454  0.10ex/s  eta=16m21s  [eta=29h06m19s total]
  [qasper                   2/16] kq_pre_d090    (4/6)  ex    3/100  KL=2.1835  mean=0.8247  0.12ex/s  eta=13m43s  [eta=29h05m03s total]
  [qasper                   2/16] kq_pre_d090    (4/6)  ex    4/100  KL=0.1392  mean=0.6534  0.12ex/s  eta=13m39s  [eta=29h04m18s total]
  [qasper                   2/16] kq_pre_d090    (4/6)  ex    5/100  KL=3.3027  mean=1.1832  0.13ex/s  eta=12m25s  [eta=29h03m00s total]
  [qasper                   2/16] kq_pre_d090    (4/6)  ex    6/100  KL=0.1076  mean=1.0040  0.11ex/s  eta=13m56s  [eta=29h03m08s total]
  [qasper                   2/16] kq_pre_d090    (4/6)  ex    7/100  KL=0.1036  mean=0.8753  0.10ex/s  eta=14m53s  [eta=29h03m14s total]
  [qasper                   2/16] kq_pre_d090    (4/6)  ex    8/100  KL=0.2761  mean=0.8004  0.10ex/s  eta=15m48s  [eta=29h03m32s total]
  [qasper                   2/16] kq_pre_d090    (4/6)  ex    9/100  KL=0.2152  mean=0.7354  0.10ex/s  eta=15m32s  [eta=29h02m58s total]
  [qasper                   2/16] kq_pre_d090    (4/6)  ex   10/100  KL=0.1567  mean=0.6775  0.09ex/s  eta=15m50s  [eta=29h02m59s total]
  [qasper                   2/16] kq_pre_d090    (4/6)  ex   11/100  KL=0.1525  mean=0.6298  0.09ex/s  eta=15m46s  [eta=29h02m41s total]
  [qasper                   2/16] kq_pre_d090    (4/6)  ex   12/100  KL=0.2814  mean=0.6008  0.09ex/s  eta=15m28s  [eta=29h02m06s total]
  [qasper                   2/16] kq_pre_d090    (4/6)  ex   13/100  KL=0.2741  mean=0.5756  0.10ex/s  eta=15m11s  [eta=29h01m30s total]
  [qasper                   2/16] kq_pre_d090    (4/6)  ex   14/100  KL=2.9124  mean=0.7425  0.09ex/s  eta=15m07s  [eta=29h01m13s total]
  [qasper                   2/16] kq_pre_d090    (4/6)  ex   15/100  KL=0.2872  mean=0.7122  0.09ex/s  eta=15m07s  [eta=29h01m05s total]
  [qasper                   2/16] kq_pre_d090    (4/6)  ex   16/100  KL=0.0699  mean=0.6721  0.09ex/s  eta=15m27s  [eta=29h01m36s total]
  [qasper                   2/16] kq_pre_d090    (4/6)  ex   17/100  KL=0.2631  mean=0.6480  0.09ex/s  eta=15m44s  [eta=29h02m09s total]
  [qasper                   2/16] kq_pre_d090    (4/6)  ex   18/100  KL=0.2899  mean=0.6281  0.09ex/s  eta=15m42s  [eta=29h02m10s total]
  [qasper                   2/16] kq_pre_d090    (4/6)  ex   19/100  KL=0.3451  mean=0.6132  0.09ex/s  eta=15m36s  [eta=29h02m05s total]
  [qasper                   2/16] kq_pre_d090    (4/6)  ex   20/100  KL=0.1409  mean=0.5896  0.09ex/s  eta=15m36s  [eta=29h02m15s total]
  [qasper                   2/16] kq_pre_d090    (4/6)  ex   21/100  KL=0.2887  mean=0.5753  0.09ex/s  eta=15m18s  [eta=29h01m45s total]
  [qasper                   2/16] kq_pre_d090    (4/6)  ex   22/100  KL=0.1664  mean=0.5567  0.08ex/s  eta=15m25s  [eta=29h02m17s total]
  [qasper                   2/16] kq_pre_d090    (4/6)  ex   23/100  KL=0.1789  mean=0.5403  0.08ex/s  eta=15m17s  [eta=29h02m15s total]
  [qasper                   2/16] kq_pre_d090    (4/6)  ex   24/100  KL=0.1327  mean=0.5233  0.08ex/s  eta=15m10s  [eta=29h02m17s total]
  [qasper                   2/16] kq_pre_d090    (4/6)  ex   25/100  KL=1.5515  mean=0.5644  0.08ex/s  eta=14m56s  [eta=29h01m57s total]
  [qasper                   2/16] kq_pre_d090    (4/6)  ex   26/100  KL=0.2034  mean=0.5505  0.08ex/s  eta=14m45s  [eta=29h01m48s total]
  [qasper                   2/16] kq_pre_d090    (4/6)  ex   27/100  KL=0.2060  mean=0.5378  0.08ex/s  eta=14m26s  [eta=29h01m11s total]
  [qasper                   2/16] kq_pre_d090    (4/6)  ex   28/100  KL=0.3438  mean=0.5308  0.08ex/s  eta=14m25s  [eta=29h01m38s total]
  [qasper                   2/16] kq_pre_d090    (4/6)  ex   29/100  KL=0.1847  mean=0.5189  0.08ex/s  eta=14m05s  [eta=29h00m55s total]
  [qasper                   2/16] kq_pre_d090    (4/6)  ex   30/100  KL=0.3630  mean=0.5137  0.08ex/s  eta=13m56s  [eta=29h00m54s total]
  [qasper                   2/16] kq_pre_d090    (4/6)  ex   31/100  KL=0.1086  mean=0.5006  0.08ex/s  eta=13m43s  [eta=29h00m34s total]
  [qasper                   2/16] kq_pre_d090    (4/6)  ex   32/100  KL=2.9905  mean=0.5784  0.09ex/s  eta=13m17s  [eta=28h59m22s total]
  [qasper                   2/16] kq_pre_d090    (4/6)  ex   33/100  KL=0.2877  mean=0.5696  0.08ex/s  eta=13m12s  [eta=28h59m35s total]
  [qasper                   2/16] kq_pre_d090    (4/6)  ex   34/100  KL=0.1275  mean=0.5566  0.08ex/s  eta=13m09s  [eta=29h00m06s total]
  [qasper                   2/16] kq_pre_d090    (4/6)  ex   35/100  KL=2.4114  mean=0.6096  0.08ex/s  eta=12m47s  [eta=28h58m59s total]
  [qasper                   2/16] kq_pre_d090    (4/6)  ex   36/100  KL=0.0613  mean=0.5944  0.08ex/s  eta=12m44s  [eta=28h59m35s total]
  [qasper                   2/16] kq_pre_d090    (4/6)  ex   37/100  KL=0.0601  mean=0.5800  0.08ex/s  eta=12m21s  [eta=28h58m19s total]
  [qasper                   2/16] kq_pre_d090    (4/6)  ex   38/100  KL=0.0710  mean=0.5666  0.09ex/s  eta=12m04s  [eta=28h57m35s total]
  [qasper                   2/16] kq_pre_d090    (4/6)  ex   39/100  KL=4.2223  mean=0.6603  0.09ex/s  eta=11m46s  [eta=28h56m44s total]
  [qasper                   2/16] kq_pre_d090    (4/6)  ex   40/100  KL=0.3072  mean=0.6515  0.09ex/s  eta=11m38s  [eta=28h56m52s total]
  [qasper                   2/16] kq_pre_d090    (4/6)  ex   41/100  KL=0.3518  mean=0.6442  0.08ex/s  eta=11m35s  [eta=28h57m28s total]
  [qasper                   2/16] kq_pre_d090    (4/6)  ex   42/100  KL=3.8933  mean=0.7215  0.09ex/s  eta=11m18s  [eta=28h56m43s total]
  [qasper                   2/16] kq_pre_d090    (4/6)  ex   43/100  KL=0.0527  mean=0.7060  0.09ex/s  eta=11m03s  [eta=28h55m59s total]
  [qasper                   2/16] kq_pre_d090    (4/6)  ex   44/100  KL=0.0469  mean=0.6910  0.09ex/s  eta=10m51s  [eta=28h55m40s total]
  [qasper                   2/16] kq_pre_d090    (4/6)  ex   45/100  KL=0.1708  mean=0.6794  0.09ex/s  eta=10m45s  [eta=28h56m11s total]
  [qasper                   2/16] kq_pre_d090    (4/6)  ex   46/100  KL=4.1733  mean=0.7554  0.09ex/s  eta=10m27s  [eta=28h55m05s total]
  [qasper                   2/16] kq_pre_d090    (4/6)  ex   47/100  KL=0.1405  mean=0.7423  0.09ex/s  eta=10m11s  [eta=28h54m17s total]
  [qasper                   2/16] kq_pre_d090    (4/6)  ex   48/100  KL=0.2225  mean=0.7315  0.09ex/s  eta=10m00s  [eta=28h54m00s total]
  [qasper                   2/16] kq_pre_d090    (4/6)  ex   49/100  KL=0.2554  mean=0.7218  0.09ex/s  eta=9m47s  [eta=28h53m30s total]
  [qasper                   2/16] kq_pre_d090    (4/6)  ex   50/100  KL=0.1455  mean=0.7102  0.09ex/s  eta=9m37s  [eta=28h53m29s total]
  [qasper                   2/16] kq_pre_d090    (4/6)  ex   51/100  KL=0.0825  mean=0.6979  0.09ex/s  eta=9m24s  [eta=28h52m59s total]
  [qasper                   2/16] kq_pre_d090    (4/6)  ex   52/100  KL=0.8228  mean=0.7003  0.09ex/s  eta=9m12s  [eta=28h52m43s total]
  [qasper                   2/16] kq_pre_d090    (4/6)  ex   53/100  KL=0.3001  mean=0.6928  0.09ex/s  eta=9m00s  [eta=28h52m19s total]
  [qasper                   2/16] kq_pre_d090    (4/6)  ex   54/100  KL=0.1169  mean=0.6821  0.09ex/s  eta=8m45s  [eta=28h51m23s total]
  [qasper                   2/16] kq_pre_d090    (4/6)  ex   55/100  KL=0.3165  mean=0.6755  0.09ex/s  eta=8m37s  [eta=28h51m49s total]
  [qasper                   2/16] kq_pre_d090    (4/6)  ex   56/100  KL=0.1045  mean=0.6653  0.09ex/s  eta=8m27s  [eta=28h51m43s total]
  [qasper                   2/16] kq_pre_d090    (4/6)  ex   57/100  KL=0.1809  mean=0.6568  0.09ex/s  eta=8m16s  [eta=28h51m38s total]
  [qasper                   2/16] kq_pre_d090    (4/6)  ex   58/100  KL=4.6150  mean=0.7250  0.09ex/s  eta=8m05s  [eta=28h51m21s total]
  [qasper                   2/16] kq_pre_d090    (4/6)  ex   59/100  KL=0.1228  mean=0.7148  0.09ex/s  eta=7m57s  [eta=28h51m50s total]
  [qasper                   2/16] kq_pre_d090    (4/6)  ex   60/100  KL=0.1283  mean=0.7050  0.09ex/s  eta=7m43s  [eta=28h51m11s total]
  [qasper                   2/16] kq_pre_d090    (4/6)  ex   61/100  KL=4.4009  mean=0.7656  0.09ex/s  eta=7m27s  [eta=28h49m47s total]
  [qasper                   2/16] kq_pre_d090    (4/6)  ex   62/100  KL=3.6118  mean=0.8115  0.09ex/s  eta=7m11s  [eta=28h48m34s total]
  [qasper                   2/16] kq_pre_d090    (4/6)  ex   63/100  KL=0.2141  mean=0.8020  0.09ex/s  eta=6m59s  [eta=28h48m03s total]
  [qasper                   2/16] kq_pre_d090    (4/6)  ex   64/100  KL=0.2165  mean=0.7929  0.09ex/s  eta=6m49s  [eta=28h48m03s total]
  [qasper                   2/16] kq_pre_d090    (4/6)  ex   65/100  KL=0.1693  mean=0.7833  0.09ex/s  eta=6m38s  [eta=28h47m44s total]
  [qasper                   2/16] kq_pre_d090    (4/6)  ex   66/100  KL=0.2876  mean=0.7758  0.09ex/s  eta=6m24s  [eta=28h46m53s total]
  [qasper                   2/16] kq_pre_d090    (4/6)  ex   67/100  KL=0.2400  mean=0.7678  0.09ex/s  eta=6m14s  [eta=28h46m51s total]
  [qasper                   2/16] kq_pre_d090    (4/6)  ex   68/100  KL=0.3163  mean=0.7612  0.09ex/s  eta=6m05s  [eta=28h47m18s total]
  [qasper                   2/16] kq_pre_d090    (4/6)  ex   69/100  KL=0.1967  mean=0.7530  0.09ex/s  eta=5m53s  [eta=28h46m54s total]
  [qasper                   2/16] kq_pre_d090    (4/6)  ex   70/100  KL=0.1848  mean=0.7449  0.09ex/s  eta=5m41s  [eta=28h46m19s total]
  [qasper                   2/16] kq_pre_d090    (4/6)  ex   71/100  KL=0.3151  mean=0.7388  0.09ex/s  eta=5m30s  [eta=28h46m19s total]
  [qasper                   2/16] kq_pre_d090    (4/6)  ex   72/100  KL=0.2360  mean=0.7318  0.09ex/s  eta=5m17s  [eta=28h45m29s total]
  [qasper                   2/16] kq_pre_d090    (4/6)  ex   73/100  KL=0.2172  mean=0.7248  0.09ex/s  eta=5m08s  [eta=28h45m48s total]
  [qasper                   2/16] kq_pre_d090    (4/6)  ex   74/100  KL=0.3450  mean=0.7196  0.09ex/s  eta=4m58s  [eta=28h46m15s total]
  [qasper                   2/16] kq_pre_d090    (4/6)  ex   75/100  KL=0.1747  mean=0.7124  0.09ex/s  eta=4m47s  [eta=28h46m23s total]
  [qasper                   2/16] kq_pre_d090    (4/6)  ex   76/100  KL=0.2541  mean=0.7063  0.09ex/s  eta=4m35s  [eta=28h45m44s total]
  [qasper                   2/16] kq_pre_d090    (4/6)  ex   77/100  KL=0.3676  mean=0.7019  0.09ex/s  eta=4m23s  [eta=28h45m22s total]
  [qasper                   2/16] kq_pre_d090    (4/6)  ex   78/100  KL=0.2633  mean=0.6963  0.09ex/s  eta=4m12s  [eta=28h45m17s total]
  [qasper                   2/16] kq_pre_d090    (4/6)  ex   79/100  KL=0.1799  mean=0.6898  0.09ex/s  eta=4m00s  [eta=28h44m26s total]
  [qasper                   2/16] kq_pre_d090    (4/6)  ex   80/100  KL=0.0984  mean=0.6824  0.09ex/s  eta=3m48s  [eta=28h43m58s total]
  [qasper                   2/16] kq_pre_d090    (4/6)  ex   81/100  KL=0.7492  mean=0.6832  0.09ex/s  eta=3m37s  [eta=28h44m00s total]
  [qasper                   2/16] kq_pre_d090    (4/6)  ex   82/100  KL=0.4344  mean=0.6802  0.09ex/s  eta=3m26s  [eta=28h43m45s total]
  [qasper                   2/16] kq_pre_d090    (4/6)  ex   83/100  KL=0.1634  mean=0.6740  0.09ex/s  eta=3m14s  [eta=28h43m10s total]
  [qasper                   2/16] kq_pre_d090    (4/6)  ex   84/100  KL=0.1677  mean=0.6679  0.09ex/s  eta=3m02s  [eta=28h42m52s total]
  [qasper                   2/16] kq_pre_d090    (4/6)  ex   85/100  KL=0.2807  mean=0.6634  0.09ex/s  eta=2m51s  [eta=28h43m00s total]
  [qasper                   2/16] kq_pre_d090    (4/6)  ex   86/100  KL=0.1452  mean=0.6573  0.09ex/s  eta=2m40s  [eta=28h43m02s total]
  [qasper                   2/16] kq_pre_d090    (4/6)  ex   87/100  KL=0.1569  mean=0.6516  0.09ex/s  eta=2m28s  [eta=28h42m12s total]
  [qasper                   2/16] kq_pre_d090    (4/6)  ex   88/100  KL=0.2185  mean=0.6467  0.09ex/s  eta=2m17s  [eta=28h42m06s total]
  [qasper                   2/16] kq_pre_d090    (4/6)  ex   89/100  KL=0.1982  mean=0.6416  0.09ex/s  eta=2m06s  [eta=28h42m30s total]
  [qasper                   2/16] kq_pre_d090    (4/6)  ex   90/100  KL=0.2827  mean=0.6376  0.09ex/s  eta=1m54s  [eta=28h41m39s total]
  [qasper                   2/16] kq_pre_d090    (4/6)  ex   91/100  KL=0.2031  mean=0.6329  0.09ex/s  eta=1m43s  [eta=28h41m38s total]
  [qasper                   2/16] kq_pre_d090    (4/6)  ex   92/100  KL=0.2346  mean=0.6285  0.09ex/s  eta=1m32s  [eta=28h41m49s total]
  [qasper                   2/16] kq_pre_d090    (4/6)  ex   93/100  KL=6.6316  mean=0.6931  0.09ex/s  eta=1m19s  [eta=28h40m13s total]
  [qasper                   2/16] kq_pre_d090    (4/6)  ex   94/100  KL=0.1942  mean=0.6878  0.09ex/s  eta=1m08s  [eta=28h39m48s total]
  [qasper                   2/16] kq_pre_d090    (4/6)  ex   95/100  KL=0.2625  mean=0.6833  0.09ex/s  eta=57s  [eta=28h39m35s total]
  [qasper                   2/16] kq_pre_d090    (4/6)  ex   96/100  KL=0.1128  mean=0.6774  0.09ex/s  eta=45s  [eta=28h38m43s total]
  [qasper                   2/16] kq_pre_d090    (4/6)  ex   97/100  KL=0.2798  mean=0.6733  0.09ex/s  eta=33s  [eta=28h37m50s total]
  [qasper                   2/16] kq_pre_d090    (4/6)  ex   98/100  KL=0.2004  mean=0.6684  0.09ex/s  eta=22s  [eta=28h37m53s total]
  [qasper                   2/16] kq_pre_d090    (4/6)  ex   99/100  KL=2.7288  mean=0.6893  0.09ex/s  eta=11s  [eta=28h37m26s total]
  [qasper                   2/16] kq_pre_d090    (4/6)  ex  100/100  KL=0.2583  mean=0.6849  0.09ex/s  eta=0s  [eta=28h36m55s total]
  >>> qasper / kq_pre_d090:  n=100  mean_KL=0.6849  [18m52s]

  [qasper                   2/16] kq_pre_d095    (5/6)  ex    1/100  KL=0.1918  mean=0.1918  0.09ex/s  eta=17m31s  [eta=28h36m32s total]
  [qasper                   2/16] kq_pre_d095    (5/6)  ex    2/100  KL=0.1815  mean=0.1866  0.10ex/s  eta=16m18s  [eta=28h35m57s total]
  [qasper                   2/16] kq_pre_d095    (5/6)  ex    3/100  KL=0.2483  mean=0.2072  0.10ex/s  eta=16m45s  [eta=28h35m38s total]
  [qasper                   2/16] kq_pre_d095    (5/6)  ex    4/100  KL=0.1590  mean=0.1951  0.10ex/s  eta=15m52s  [eta=28h34m57s total]
  [qasper                   2/16] kq_pre_d095    (5/6)  ex    5/100  KL=3.4542  mean=0.8469  0.11ex/s  eta=14m10s  [eta=28h33m46s total]
  [qasper                   2/16] kq_pre_d095    (5/6)  ex    6/100  KL=0.1049  mean=0.7233  0.10ex/s  eta=15m14s  [eta=28h33m48s total]
  [qasper                   2/16] kq_pre_d095    (5/6)  ex    7/100  KL=0.0884  mean=0.6326  0.10ex/s  eta=16m03s  [eta=28h33m55s total]
  [qasper                   2/16] kq_pre_d095    (5/6)  ex    8/100  KL=0.0665  mean=0.5618  0.09ex/s  eta=16m47s  [eta=28h34m09s total]
  [qasper                   2/16] kq_pre_d095    (5/6)  ex    9/100  KL=0.1800  mean=0.5194  0.09ex/s  eta=16m27s  [eta=28h33m41s total]
  [qasper                   2/16] kq_pre_d095    (5/6)  ex   10/100  KL=0.1399  mean=0.4814  0.09ex/s  eta=16m34s  [eta=28h33m37s total]
  [qasper                   2/16] kq_pre_d095    (5/6)  ex   11/100  KL=0.1968  mean=0.4556  0.09ex/s  eta=16m27s  [eta=28h33m22s total]
  [qasper                   2/16] kq_pre_d095    (5/6)  ex   12/100  KL=0.4102  mean=0.4518  0.09ex/s  eta=16m02s  [eta=28h32m46s total]
  [qasper                   2/16] kq_pre_d095    (5/6)  ex   13/100  KL=0.2672  mean=0.4376  0.09ex/s  eta=15m44s  [eta=28h32m16s total]
  [qasper                   2/16] kq_pre_d095    (5/6)  ex   14/100  KL=0.2850  mean=0.4267  0.09ex/s  eta=16m04s  [eta=28h32m37s total]
  [qasper                   2/16] kq_pre_d095    (5/6)  ex   15/100  KL=0.2842  mean=0.4172  0.09ex/s  eta=15m57s  [eta=28h32m25s total]
  [qasper                   2/16] kq_pre_d095    (5/6)  ex   16/100  KL=0.1914  mean=0.4031  0.09ex/s  eta=16m12s  [eta=28h32m50s total]
  [qasper                   2/16] kq_pre_d095    (5/6)  ex   17/100  KL=0.2673  mean=0.3951  0.08ex/s  eta=16m26s  [eta=28h33m19s total]
  [qasper                   2/16] kq_pre_d095    (5/6)  ex   18/100  KL=0.2806  mean=0.3887  0.08ex/s  eta=16m19s  [eta=28h33m14s total]
  [qasper                   2/16] kq_pre_d095    (5/6)  ex   19/100  KL=0.2440  mean=0.3811  0.08ex/s  eta=16m08s  [eta=28h33m04s total]
  [qasper                   2/16] kq_pre_d095    (5/6)  ex   20/100  KL=0.1365  mean=0.3689  0.08ex/s  eta=16m08s  [eta=28h33m16s total]
  [qasper                   2/16] kq_pre_d095    (5/6)  ex   21/100  KL=0.2868  mean=0.3650  0.08ex/s  eta=15m47s  [eta=28h32m47s total]
  [qasper                   2/16] kq_pre_d095    (5/6)  ex   22/100  KL=0.1274  mean=0.3542  0.08ex/s  eta=15m51s  [eta=28h33m13s total]
  [qasper                   2/16] kq_pre_d095    (5/6)  ex   23/100  KL=0.2627  mean=0.3502  0.08ex/s  eta=15m42s  [eta=28h33m11s total]
  [qasper                   2/16] kq_pre_d095    (5/6)  ex   24/100  KL=0.1360  mean=0.3413  0.08ex/s  eta=15m33s  [eta=28h33m10s total]
  [qasper                   2/16] kq_pre_d095    (5/6)  ex   25/100  KL=3.7775  mean=0.4787  0.08ex/s  eta=15m18s  [eta=28h32m53s total]
  [qasper                   2/16] kq_pre_d095    (5/6)  ex   26/100  KL=0.2091  mean=0.4684  0.08ex/s  eta=15m07s  [eta=28h32m44s total]
  [qasper                   2/16] kq_pre_d095    (5/6)  ex   27/100  KL=0.1406  mean=0.4562  0.08ex/s  eta=14m47s  [eta=28h32m11s total]
  [qasper                   2/16] kq_pre_d095    (5/6)  ex   28/100  KL=0.3415  mean=0.4521  0.08ex/s  eta=14m44s  [eta=28h32m33s total]
  [qasper                   2/16] kq_pre_d095    (5/6)  ex   29/100  KL=0.1999  mean=0.4434  0.08ex/s  eta=14m22s  [eta=28h31m50s total]
  [qasper                   2/16] kq_pre_d095    (5/6)  ex   30/100  KL=0.5422  mean=0.4467  0.08ex/s  eta=14m08s  [eta=28h31m31s total]
  [qasper                   2/16] kq_pre_d095    (5/6)  ex   31/100  KL=0.1664  mean=0.4377  0.08ex/s  eta=13m53s  [eta=28h31m11s total]
  [qasper                   2/16] kq_pre_d095    (5/6)  ex   32/100  KL=2.9989  mean=0.5177  0.08ex/s  eta=13m26s  [eta=28h30m02s total]
  [qasper                   2/16] kq_pre_d095    (5/6)  ex   33/100  KL=0.2438  mean=0.5094  0.08ex/s  eta=13m21s  [eta=28h30m15s total]
  [qasper                   2/16] kq_pre_d095    (5/6)  ex   34/100  KL=0.1214  mean=0.4980  0.08ex/s  eta=13m18s  [eta=28h30m41s total]
  [qasper                   2/16] kq_pre_d095    (5/6)  ex   35/100  KL=0.1357  mean=0.4876  0.08ex/s  eta=13m06s  [eta=28h30m32s total]
  [qasper                   2/16] kq_pre_d095    (5/6)  ex   36/100  KL=0.0427  mean=0.4753  0.08ex/s  eta=13m02s  [eta=28h30m58s total]
  [qasper                   2/16] kq_pre_d095    (5/6)  ex   37/100  KL=0.0414  mean=0.4636  0.08ex/s  eta=12m47s  [eta=28h30m36s total]
  [qasper                   2/16] kq_pre_d095    (5/6)  ex   38/100  KL=0.0806  mean=0.4535  0.08ex/s  eta=12m28s  [eta=28h29m50s total]
  [qasper                   2/16] kq_pre_d095    (5/6)  ex   39/100  KL=4.2674  mean=0.5513  0.08ex/s  eta=12m09s  [eta=28h29m04s total]
  [qasper                   2/16] kq_pre_d095    (5/6)  ex   40/100  KL=0.2854  mean=0.5446  0.08ex/s  eta=12m00s  [eta=28h29m08s total]
  [qasper                   2/16] kq_pre_d095    (5/6)  ex   41/100  KL=0.3586  mean=0.5401  0.08ex/s  eta=11m56s  [eta=28h29m38s total]
  [qasper                   2/16] kq_pre_d095    (5/6)  ex   42/100  KL=0.2968  mean=0.5343  0.08ex/s  eta=11m46s  [eta=28h29m45s total]
  [qasper                   2/16] kq_pre_d095    (5/6)  ex   43/100  KL=0.1429  mean=0.5252  0.08ex/s  eta=11m29s  [eta=28h29m00s total]
  [qasper                   2/16] kq_pre_d095    (5/6)  ex   44/100  KL=0.0540  mean=0.5145  0.08ex/s  eta=11m15s  [eta=28h28m41s total]
  [qasper                   2/16] kq_pre_d095    (5/6)  ex   45/100  KL=0.1275  mean=0.5059  0.08ex/s  eta=11m08s  [eta=28h29m03s total]
  [qasper                   2/16] kq_pre_d095    (5/6)  ex   46/100  KL=0.2049  mean=0.4993  0.08ex/s  eta=10m56s  [eta=28h28m51s total]
  [qasper                   2/16] kq_pre_d095    (5/6)  ex   47/100  KL=0.1274  mean=0.4914  0.08ex/s  eta=10m39s  [eta=28h28m04s total]
  [qasper                   2/16] kq_pre_d095    (5/6)  ex   48/100  KL=0.1877  mean=0.4851  0.08ex/s  eta=10m26s  [eta=28h27m46s total]
  [qasper                   2/16] kq_pre_d095    (5/6)  ex   49/100  KL=0.2454  mean=0.4802  0.08ex/s  eta=10m11s  [eta=28h27m16s total]
  [qasper                   2/16] kq_pre_d095    (5/6)  ex   50/100  KL=0.1514  mean=0.4736  0.08ex/s  eta=10m00s  [eta=28h27m13s total]
  [qasper                   2/16] kq_pre_d095    (5/6)  ex   51/100  KL=0.0954  mean=0.4662  0.08ex/s  eta=9m47s  [eta=28h26m46s total]
  [qasper                   2/16] kq_pre_d095    (5/6)  ex   52/100  KL=0.4021  mean=0.4650  0.08ex/s  eta=9m37s  [eta=28h26m52s total]
  [qasper                   2/16] kq_pre_d095    (5/6)  ex   53/100  KL=0.3121  mean=0.4621  0.08ex/s  eta=9m23s  [eta=28h26m29s total]
  [qasper                   2/16] kq_pre_d095    (5/6)  ex   54/100  KL=0.1520  mean=0.4564  0.08ex/s  eta=9m07s  [eta=28h25m36s total]
  [qasper                   2/16] kq_pre_d095    (5/6)  ex   55/100  KL=0.3165  mean=0.4538  0.08ex/s  eta=8m59s  [eta=28h25m59s total]
  [qasper                   2/16] kq_pre_d095    (5/6)  ex   56/100  KL=0.0633  mean=0.4468  0.08ex/s  eta=8m47s  [eta=28h25m52s total]
  [qasper                   2/16] kq_pre_d095    (5/6)  ex   57/100  KL=0.1876  mean=0.4423  0.08ex/s  eta=8m35s  [eta=28h25m41s total]
  [qasper                   2/16] kq_pre_d095    (5/6)  ex   58/100  KL=4.9110  mean=0.5193  0.08ex/s  eta=8m23s  [eta=28h25m24s total]
  [qasper                   2/16] kq_pre_d095    (5/6)  ex   59/100  KL=0.0831  mean=0.5119  0.08ex/s  eta=8m14s  [eta=28h25m51s total]
  [qasper                   2/16] kq_pre_d095    (5/6)  ex   60/100  KL=0.1318  mean=0.5056  0.08ex/s  eta=8m00s  [eta=28h25m17s total]
  [qasper                   2/16] kq_pre_d095    (5/6)  ex   61/100  KL=4.2037  mean=0.5662  0.08ex/s  eta=7m43s  [eta=28h23m59s total]
  [qasper                   2/16] kq_pre_d095    (5/6)  ex   62/100  KL=3.5891  mean=0.6150  0.08ex/s  eta=7m27s  [eta=28h22m53s total]
  [qasper                   2/16] kq_pre_d095    (5/6)  ex   63/100  KL=0.3650  mean=0.6110  0.09ex/s  eta=7m14s  [eta=28h22m26s total]
  [qasper                   2/16] kq_pre_d095    (5/6)  ex   64/100  KL=0.1861  mean=0.6044  0.08ex/s  eta=7m03s  [eta=28h22m20s total]
  [qasper                   2/16] kq_pre_d095    (5/6)  ex   65/100  KL=0.1156  mean=0.5969  0.09ex/s  eta=6m51s  [eta=28h22m01s total]
  [qasper                   2/16] kq_pre_d095    (5/6)  ex   66/100  KL=0.3000  mean=0.5924  0.09ex/s  eta=6m37s  [eta=28h21m13s total]
  [qasper                   2/16] kq_pre_d095    (5/6)  ex   67/100  KL=0.2465  mean=0.5872  0.09ex/s  eta=6m26s  [eta=28h21m08s total]
  [qasper                   2/16] kq_pre_d095    (5/6)  ex   68/100  KL=0.3132  mean=0.5832  0.08ex/s  eta=6m16s  [eta=28h21m31s total]
  [qasper                   2/16] kq_pre_d095    (5/6)  ex   69/100  KL=0.0648  mean=0.5757  0.09ex/s  eta=6m04s  [eta=28h21m06s total]
  [qasper                   2/16] kq_pre_d095    (5/6)  ex   70/100  KL=0.1322  mean=0.5693  0.09ex/s  eta=5m51s  [eta=28h20m33s total]
  [qasper                   2/16] kq_pre_d095    (5/6)  ex   71/100  KL=0.3153  mean=0.5657  0.09ex/s  eta=5m40s  [eta=28h20m34s total]
  [qasper                   2/16] kq_pre_d095    (5/6)  ex   72/100  KL=0.1902  mean=0.5605  0.09ex/s  eta=5m27s  [eta=28h19m48s total]
  [qasper                   2/16] kq_pre_d095    (5/6)  ex   73/100  KL=0.2278  mean=0.5560  0.09ex/s  eta=5m17s  [eta=28h20m06s total]
  [qasper                   2/16] kq_pre_d095    (5/6)  ex   74/100  KL=0.1826  mean=0.5509  0.08ex/s  eta=5m07s  [eta=28h20m31s total]
  [qasper                   2/16] kq_pre_d095    (5/6)  ex   75/100  KL=0.1719  mean=0.5459  0.08ex/s  eta=4m56s  [eta=28h20m35s total]
  [qasper                   2/16] kq_pre_d095    (5/6)  ex   76/100  KL=0.2639  mean=0.5422  0.08ex/s  eta=4m43s  [eta=28h20m00s total]
  [qasper                   2/16] kq_pre_d095    (5/6)  ex   77/100  KL=0.4299  mean=0.5407  0.08ex/s  eta=4m31s  [eta=28h19m38s total]
  [qasper                   2/16] kq_pre_d095    (5/6)  ex   78/100  KL=0.2733  mean=0.5373  0.08ex/s  eta=4m19s  [eta=28h19m32s total]
  [qasper                   2/16] kq_pre_d095    (5/6)  ex   79/100  KL=0.1733  mean=0.5327  0.09ex/s  eta=4m06s  [eta=28h18m46s total]
  [qasper                   2/16] kq_pre_d095    (5/6)  ex   80/100  KL=0.1559  mean=0.5280  0.09ex/s  eta=3m54s  [eta=28h18m18s total]
  [qasper                   2/16] kq_pre_d095    (5/6)  ex   81/100  KL=0.0958  mean=0.5226  0.09ex/s  eta=3m43s  [eta=28h18m22s total]
  [qasper                   2/16] kq_pre_d095    (5/6)  ex   82/100  KL=0.4585  mean=0.5218  0.09ex/s  eta=3m31s  [eta=28h18m06s total]
  [qasper                   2/16] kq_pre_d095    (5/6)  ex   83/100  KL=0.1733  mean=0.5176  0.09ex/s  eta=3m19s  [eta=28h17m38s total]
  [qasper                   2/16] kq_pre_d095    (5/6)  ex   84/100  KL=0.1981  mean=0.5138  0.09ex/s  eta=3m07s  [eta=28h17m20s total]
  [qasper                   2/16] kq_pre_d095    (5/6)  ex   85/100  KL=0.1174  mean=0.5092  0.09ex/s  eta=2m56s  [eta=28h17m24s total]
  [qasper                   2/16] kq_pre_d095    (5/6)  ex   86/100  KL=0.1864  mean=0.5054  0.08ex/s  eta=2m44s  [eta=28h17m22s total]
  [qasper                   2/16] kq_pre_d095    (5/6)  ex   87/100  KL=0.3211  mean=0.5033  0.09ex/s  eta=2m32s  [eta=28h16m39s total]
  [qasper                   2/16] kq_pre_d095    (5/6)  ex   88/100  KL=0.2023  mean=0.4999  0.09ex/s  eta=2m20s  [eta=28h16m33s total]
  [qasper                   2/16] kq_pre_d095    (5/6)  ex   89/100  KL=0.1399  mean=0.4958  0.08ex/s  eta=2m09s  [eta=28h16m54s total]
  [qasper                   2/16] kq_pre_d095    (5/6)  ex   90/100  KL=0.2783  mean=0.4934  0.09ex/s  eta=1m57s  [eta=28h16m06s total]
  [qasper                   2/16] kq_pre_d095    (5/6)  ex   91/100  KL=0.1225  mean=0.4893  0.09ex/s  eta=1m45s  [eta=28h16m08s total]
  [qasper                   2/16] kq_pre_d095    (5/6)  ex   92/100  KL=0.2385  mean=0.4866  0.08ex/s  eta=1m34s  [eta=28h16m18s total]
  [qasper                   2/16] kq_pre_d095    (5/6)  ex   93/100  KL=6.7075  mean=0.5535  0.09ex/s  eta=1m21s  [eta=28h14m50s total]
  [qasper                   2/16] kq_pre_d095    (5/6)  ex   94/100  KL=0.1450  mean=0.5492  0.09ex/s  eta=1m10s  [eta=28h14m30s total]
  [qasper                   2/16] kq_pre_d095    (5/6)  ex   95/100  KL=0.3556  mean=0.5471  0.09ex/s  eta=58s  [eta=28h14m20s total]
  [qasper                   2/16] kq_pre_d095    (5/6)  ex   96/100  KL=0.1116  mean=0.5426  0.09ex/s  eta=46s  [eta=28h13m33s total]
  [qasper                   2/16] kq_pre_d095    (5/6)  ex   97/100  KL=0.2773  mean=0.5399  0.09ex/s  eta=34s  [eta=28h12m45s total]
  [qasper                   2/16] kq_pre_d095    (5/6)  ex   98/100  KL=0.1964  mean=0.5363  0.09ex/s  eta=23s  [eta=28h12m49s total]
  [qasper                   2/16] kq_pre_d095    (5/6)  ex   99/100  KL=2.7609  mean=0.5588  0.09ex/s  eta=11s  [eta=28h12m27s total]
  [qasper                   2/16] kq_pre_d095    (5/6)  ex  100/100  KL=0.2060  mean=0.5553  0.09ex/s  eta=0s  [eta=28h11m56s total]
  >>> qasper / kq_pre_d095:  n=100  mean_KL=0.5553  [19m18s]

  [qasper                   2/16] snapkv_d090    (6/6)  ex    1/100  KL=0.5069  mean=0.5069  0.18ex/s  eta=8m55s  [eta=28h10m54s total]
  [qasper                   2/16] snapkv_d090    (6/6)  ex    2/100  KL=0.4246  mean=0.4658  0.14ex/s  eta=11m31s  [eta=28h10m17s total]
  [qasper                   2/16] snapkv_d090    (6/6)  ex    3/100  KL=3.6839  mean=1.5385  0.15ex/s  eta=10m31s  [eta=28h09m15s total]
  [qasper                   2/16] snapkv_d090    (6/6)  ex    4/100  KL=3.0199  mean=1.9089  0.17ex/s  eta=9m13s  [eta=28h07m58s total]
  [qasper                   2/16] snapkv_d090    (6/6)  ex    5/100  KL=0.3235  mean=1.5918  0.14ex/s  eta=11m08s  [eta=28h07m48s total]
  [qasper                   2/16] snapkv_d090    (6/6)  ex    6/100  KL=0.2446  mean=1.3672  0.12ex/s  eta=12m44s  [eta=28h07m49s total]
  [qasper                   2/16] snapkv_d090    (6/6)  ex    7/100  KL=0.2557  mean=1.2085  0.11ex/s  eta=13m57s  [eta=28h07m55s total]
  [qasper                   2/16] snapkv_d090    (6/6)  ex    8/100  KL=0.2104  mean=1.0837  0.10ex/s  eta=14m58s  [eta=28h08m07s total]
  [qasper                   2/16] snapkv_d090    (6/6)  ex    9/100  KL=0.5742  mean=1.0271  0.11ex/s  eta=13m54s  [eta=28h06m57s total]
  [qasper                   2/16] snapkv_d090    (6/6)  ex   10/100  KL=0.4359  mean=0.9680  0.10ex/s  eta=14m27s  [eta=28h07m01s total]
  [qasper                   2/16] snapkv_d090    (6/6)  ex   11/100  KL=0.1833  mean=0.8966  0.10ex/s  eta=14m35s  [eta=28h06m48s total]
  [qasper                   2/16] snapkv_d090    (6/6)  ex   12/100  KL=0.1778  mean=0.8367  0.10ex/s  eta=14m22s  [eta=28h06m17s total]
  [qasper                   2/16] snapkv_d090    (6/6)  ex   13/100  KL=0.3834  mean=0.8019  0.10ex/s  eta=14m10s  [eta=28h05m46s total]
  [qasper                   2/16] snapkv_d090    (6/6)  ex   14/100  KL=0.2714  mean=0.7640  0.10ex/s  eta=14m44s  [eta=28h06m12s total]
  [qasper                   2/16] snapkv_d090    (6/6)  ex   15/100  KL=0.7002  mean=0.7597  0.10ex/s  eta=14m10s  [eta=28h05m16s total]
  [qasper                   2/16] snapkv_d090    (6/6)  ex   16/100  KL=0.2059  mean=0.7251  0.10ex/s  eta=14m38s  [eta=28h05m45s total]
  [qasper                   2/16] snapkv_d090    (6/6)  ex   17/100  KL=0.3873  mean=0.7052  0.09ex/s  eta=14m36s  [eta=28h05m35s total]
  [qasper                   2/16] snapkv_d090    (6/6)  ex   18/100  KL=0.1653  mean=0.6752  0.09ex/s  eta=14m39s  [eta=28h05m36s total]
  [qasper                   2/16] snapkv_d090    (6/6)  ex   19/100  KL=0.2521  mean=0.6530  0.09ex/s  eta=14m38s  [eta=28h05m31s total]
  [qasper                   2/16] snapkv_d090    (6/6)  ex   20/100  KL=0.3331  mean=0.6370  0.09ex/s  eta=14m41s  [eta=28h05m37s total]
  [qasper                   2/16] snapkv_d090    (6/6)  ex   21/100  KL=0.8285  mean=0.6461  0.09ex/s  eta=14m05s  [eta=28h04m29s total]
  [qasper                   2/16] snapkv_d090    (6/6)  ex   22/100  KL=0.6766  mean=0.6475  0.09ex/s  eta=14m04s  [eta=28h04m28s total]
  [qasper                   2/16] snapkv_d090    (6/6)  ex   23/100  KL=0.8265  mean=0.6553  0.09ex/s  eta=13m42s  [eta=28h03m42s total]
  [qasper                   2/16] snapkv_d090    (6/6)  ex   24/100  KL=0.3155  mean=0.6411  0.09ex/s  eta=13m41s  [eta=28h03m45s total]
  [qasper                   2/16] snapkv_d090    (6/6)  ex   25/100  KL=0.3030  mean=0.6276  0.09ex/s  eta=13m48s  [eta=28h04m10s total]
  [qasper                   2/16] snapkv_d090    (6/6)  ex   26/100  KL=0.1955  mean=0.6110  0.09ex/s  eta=13m41s  [eta=28h04m02s total]
  [qasper                   2/16] snapkv_d090    (6/6)  ex   27/100  KL=0.2420  mean=0.5973  0.09ex/s  eta=13m25s  [eta=28h03m30s total]
  [qasper                   2/16] snapkv_d090    (6/6)  ex   28/100  KL=0.5303  mean=0.5949  0.09ex/s  eta=13m15s  [eta=28h03m14s total]
  [qasper                   2/16] snapkv_d090    (6/6)  ex   29/100  KL=0.1728  mean=0.5804  0.09ex/s  eta=12m58s  [eta=28h02m36s total]
  [qasper                   2/16] snapkv_d090    (6/6)  ex   30/100  KL=5.2081  mean=0.7346  0.09ex/s  eta=12m37s  [eta=28h01m46s total]
  [qasper                   2/16] snapkv_d090    (6/6)  ex   31/100  KL=1.9017  mean=0.7723  0.09ex/s  eta=12m15s  [eta=28h00m47s total]
  [qasper                   2/16] snapkv_d090    (6/6)  ex   32/100  KL=0.5486  mean=0.7653  0.09ex/s  eta=12m09s  [eta=28h00m42s total]
  [qasper                   2/16] snapkv_d090    (6/6)  ex   33/100  KL=4.6813  mean=0.8839  0.09ex/s  eta=11m53s  [eta=28h00m04s total]
  [qasper                   2/16] snapkv_d090    (6/6)  ex   34/100  KL=0.2735  mean=0.8660  0.09ex/s  eta=11m55s  [eta=28h00m30s total]
  [qasper                   2/16] snapkv_d090    (6/6)  ex   35/100  KL=0.1662  mean=0.8460  0.09ex/s  eta=11m47s  [eta=28h00m21s total]
  [qasper                   2/16] snapkv_d090    (6/6)  ex   36/100  KL=4.7137  mean=0.9534  0.09ex/s  eta=11m37s  [eta=28h00m06s total]
  [qasper                   2/16] snapkv_d090    (6/6)  ex   37/100  KL=0.1558  mean=0.9319  0.09ex/s  eta=11m26s  [eta=27h59m45s total]
  [qasper                   2/16] snapkv_d090    (6/6)  ex   38/100  KL=0.5742  mean=0.9225  0.09ex/s  eta=11m03s  [eta=27h58m31s total]
  [qasper                   2/16] snapkv_d090    (6/6)  ex   39/100  KL=0.1431  mean=0.9025  0.09ex/s  eta=10m58s  [eta=27h58m36s total]
  [qasper                   2/16] snapkv_d090    (6/6)  ex   40/100  KL=0.5123  mean=0.8927  0.09ex/s  eta=10m52s  [eta=27h58m40s total]
  [qasper                   2/16] snapkv_d090    (6/6)  ex   41/100  KL=0.6093  mean=0.8858  0.09ex/s  eta=10m50s  [eta=27h59m07s total]
  [qasper                   2/16] snapkv_d090    (6/6)  ex   42/100  KL=0.3282  mean=0.8725  0.09ex/s  eta=10m35s  [eta=27h58m28s total]
  [qasper                   2/16] snapkv_d090    (6/6)  ex   43/100  KL=0.4711  mean=0.8632  0.09ex/s  eta=10m14s  [eta=27h57m14s total]
  [qasper                   2/16] snapkv_d090    (6/6)  ex   44/100  KL=0.1401  mean=0.8468  0.09ex/s  eta=10m05s  [eta=27h57m01s total]
  [qasper                   2/16] snapkv_d090    (6/6)  ex   45/100  KL=0.5490  mean=0.8401  0.09ex/s  eta=10m02s  [eta=27h57m28s total]
  [qasper                   2/16] snapkv_d090    (6/6)  ex   46/100  KL=0.3257  mean=0.8290  0.09ex/s  eta=9m52s  [eta=27h57m19s total]
  [qasper                   2/16] snapkv_d090    (6/6)  ex   47/100  KL=0.1050  mean=0.8136  0.09ex/s  eta=9m38s  [eta=27h56m37s total]
  [qasper                   2/16] snapkv_d090    (6/6)  ex   48/100  KL=0.1035  mean=0.7988  0.09ex/s  eta=9m27s  [eta=27h56m19s total]
  [qasper                   2/16] snapkv_d090    (6/6)  ex   49/100  KL=0.3274  mean=0.7891  0.09ex/s  eta=9m15s  [eta=27h55m52s total]
  [qasper                   2/16] snapkv_d090    (6/6)  ex   50/100  KL=5.1121  mean=0.8756  0.09ex/s  eta=9m01s  [eta=27h55m10s total]
  [qasper                   2/16] snapkv_d090    (6/6)  ex   51/100  KL=0.9310  mean=0.8767  0.09ex/s  eta=8m45s  [eta=27h54m08s total]
  [qasper                   2/16] snapkv_d090    (6/6)  ex   52/100  KL=1.3338  mean=0.8855  0.09ex/s  eta=8m33s  [eta=27h53m37s total]
  [qasper                   2/16] snapkv_d090    (6/6)  ex   53/100  KL=0.6523  mean=0.8811  0.09ex/s  eta=8m17s  [eta=27h52m37s total]
  [qasper                   2/16] snapkv_d090    (6/6)  ex   54/100  KL=0.9047  mean=0.8815  0.10ex/s  eta=8m00s  [eta=27h51m18s total]
  [qasper                   2/16] snapkv_d090    (6/6)  ex   55/100  KL=0.3988  mean=0.8727  0.09ex/s  eta=7m55s  [eta=27h51m48s total]
  [qasper                   2/16] snapkv_d090    (6/6)  ex   56/100  KL=0.8296  mean=0.8720  0.09ex/s  eta=7m47s  [eta=27h51m44s total]
  [qasper                   2/16] snapkv_d090    (6/6)  ex   57/100  KL=0.4549  mean=0.8647  0.09ex/s  eta=7m37s  [eta=27h51m35s total]
  [qasper                   2/16] snapkv_d090    (6/6)  ex   58/100  KL=1.0520  mean=0.8679  0.09ex/s  eta=7m27s  [eta=27h51m19s total]
  [qasper                   2/16] snapkv_d090    (6/6)  ex   59/100  KL=0.4619  mean=0.8610  0.09ex/s  eta=7m21s  [eta=27h51m45s total]
  [qasper                   2/16] snapkv_d090    (6/6)  ex   60/100  KL=0.3593  mean=0.8526  0.09ex/s  eta=7m05s  [eta=27h50m34s total]
  [qasper                   2/16] snapkv_d090    (6/6)  ex   61/100  KL=0.3811  mean=0.8449  0.09ex/s  eta=6m55s  [eta=27h50m13s total]
  [qasper                   2/16] snapkv_d090    (6/6)  ex   62/100  KL=4.2627  mean=0.9000  0.09ex/s  eta=6m41s  [eta=27h49m11s total]
  [qasper                   2/16] snapkv_d090    (6/6)  ex   63/100  KL=0.2859  mean=0.8903  0.10ex/s  eta=6m27s  [eta=27h48m11s total]
  [qasper                   2/16] snapkv_d090    (6/6)  ex   64/100  KL=1.6867  mean=0.9027  0.10ex/s  eta=6m15s  [eta=27h47m25s total]
  [qasper                   2/16] snapkv_d090    (6/6)  ex   65/100  KL=0.3323  mean=0.8940  0.10ex/s  eta=6m05s  [eta=27h47m11s total]
  [qasper                   2/16] snapkv_d090    (6/6)  ex   66/100  KL=0.1430  mean=0.8826  0.10ex/s  eta=5m53s  [eta=27h46m31s total]
  [qasper                   2/16] snapkv_d090    (6/6)  ex   67/100  KL=0.3709  mean=0.8749  0.10ex/s  eta=5m44s  [eta=27h46m25s total]
  [qasper                   2/16] snapkv_d090    (6/6)  ex   68/100  KL=1.3580  mean=0.8820  0.10ex/s  eta=5m34s  [eta=27h46m11s total]
  [qasper                   2/16] snapkv_d090    (6/6)  ex   69/100  KL=0.2988  mean=0.8736  0.10ex/s  eta=5m23s  [eta=27h45m49s total]
  [qasper                   2/16] snapkv_d090    (6/6)  ex   70/100  KL=0.3411  mean=0.8660  0.10ex/s  eta=5m12s  [eta=27h45m18s total]
  [qasper                   2/16] snapkv_d090    (6/6)  ex   71/100  KL=0.2034  mean=0.8567  0.10ex/s  eta=5m03s  [eta=27h45m18s total]
  [qasper                   2/16] snapkv_d090    (6/6)  ex   72/100  KL=0.4148  mean=0.8505  0.10ex/s  eta=4m50s  [eta=27h44m07s total]
  [qasper                   2/16] snapkv_d090    (6/6)  ex   73/100  KL=0.2241  mean=0.8419  0.10ex/s  eta=4m42s  [eta=27h44m21s total]
  [qasper                   2/16] snapkv_d090    (6/6)  ex   74/100  KL=0.2432  mean=0.8338  0.09ex/s  eta=4m33s  [eta=27h44m41s total]
  [qasper                   2/16] snapkv_d090    (6/6)  ex   75/100  KL=0.3302  mean=0.8271  0.09ex/s  eta=4m24s  [eta=27h44m45s total]
  [qasper                   2/16] snapkv_d090    (6/6)  ex   76/100  KL=0.9202  mean=0.8284  0.10ex/s  eta=4m11s  [eta=27h43m43s total]
  [qasper                   2/16] snapkv_d090    (6/6)  ex   77/100  KL=0.5747  mean=0.8251  0.10ex/s  eta=3m59s  [eta=27h42m45s total]
  [qasper                   2/16] snapkv_d090    (6/6)  ex   78/100  KL=0.2083  mean=0.8172  0.10ex/s  eta=3m50s  [eta=27h42m43s total]
  [qasper                   2/16] snapkv_d090    (6/6)  ex   79/100  KL=0.3418  mean=0.8111  0.10ex/s  eta=3m39s  [eta=27h42m01s total]
  [qasper                   2/16] snapkv_d090    (6/6)  ex   80/100  KL=0.2958  mean=0.8047  0.10ex/s  eta=3m28s  [eta=27h41m38s total]
  [qasper                   2/16] snapkv_d090    (6/6)  ex   81/100  KL=0.3143  mean=0.7986  0.10ex/s  eta=3m18s  [eta=27h41m40s total]
  [qasper                   2/16] snapkv_d090    (6/6)  ex   82/100  KL=0.1749  mean=0.7910  0.10ex/s  eta=3m08s  [eta=27h41m25s total]
  [qasper                   2/16] snapkv_d090    (6/6)  ex   83/100  KL=0.2400  mean=0.7844  0.10ex/s  eta=2m58s  [eta=27h40m59s total]
  [qasper                   2/16] snapkv_d090    (6/6)  ex   84/100  KL=0.6782  mean=0.7831  0.10ex/s  eta=2m47s  [eta=27h40m40s total]
  [qasper                   2/16] snapkv_d090    (6/6)  ex   85/100  KL=0.7715  mean=0.7830  0.10ex/s  eta=2m36s  [eta=27h40m05s total]
  [qasper                   2/16] snapkv_d090    (6/6)  ex   86/100  KL=0.2359  mean=0.7766  0.10ex/s  eta=2m26s  [eta=27h40m04s total]
  [qasper                   2/16] snapkv_d090    (6/6)  ex   87/100  KL=1.0153  mean=0.7794  0.10ex/s  eta=2m15s  [eta=27h38m50s total]
  [qasper                   2/16] snapkv_d090    (6/6)  ex   88/100  KL=0.1797  mean=0.7726  0.10ex/s  eta=2m05s  [eta=27h38m47s total]
  [qasper                   2/16] snapkv_d090    (6/6)  ex   89/100  KL=4.8028  mean=0.8178  0.10ex/s  eta=1m54s  [eta=27h38m23s total]
  [qasper                   2/16] snapkv_d090    (6/6)  ex   90/100  KL=0.3165  mean=0.8123  0.10ex/s  eta=1m44s  [eta=27h37m40s total]
  [qasper                   2/16] snapkv_d090    (6/6)  ex   91/100  KL=0.3003  mean=0.8066  0.10ex/s  eta=1m33s  [eta=27h37m42s total]
  [qasper                   2/16] snapkv_d090    (6/6)  ex   92/100  KL=0.2186  mean=0.8003  0.10ex/s  eta=1m23s  [eta=27h37m50s total]
  [qasper                   2/16] snapkv_d090    (6/6)  ex   93/100  KL=0.4447  mean=0.7964  0.10ex/s  eta=1m12s  [eta=27h36m34s total]
  [qasper                   2/16] snapkv_d090    (6/6)  ex   94/100  KL=0.8143  mean=0.7966  0.10ex/s  eta=1m02s  [eta=27h35m43s total]
  [qasper                   2/16] snapkv_d090    (6/6)  ex   95/100  KL=0.2210  mean=0.7906  0.10ex/s  eta=51s  [eta=27h35m32s total]
  [qasper                   2/16] snapkv_d090    (6/6)  ex   96/100  KL=0.4810  mean=0.7873  0.10ex/s  eta=41s  [eta=27h34m18s total]
  [qasper                   2/16] snapkv_d090    (6/6)  ex   97/100  KL=0.6590  mean=0.7860  0.10ex/s  eta=30s  [eta=27h33m01s total]
  [qasper                   2/16] snapkv_d090    (6/6)  ex   98/100  KL=0.8885  mean=0.7871  0.10ex/s  eta=20s  [eta=27h32m30s total]
  [qasper                   2/16] snapkv_d090    (6/6)  ex   99/100  KL=0.2635  mean=0.7818  0.10ex/s  eta=10s  [eta=27h32m46s total]
  [qasper                   2/16] snapkv_d090    (6/6)  ex  100/100  KL=0.5865  mean=0.7798  0.10ex/s  eta=0s  [eta=27h31m44s total]
  >>> qasper / snapkv_d090:  n=100  mean_KL=0.7798  [17m00s]

  [multifieldqa_en          3/16] naive_65pct    (1/6)  ex    1/100  KL=0.0675  mean=0.0675  0.26ex/s  eta=6m20s  [eta=27h30m37s total]
  [multifieldqa_en          3/16] naive_65pct    (1/6)  ex    2/100  KL=0.0157  mean=0.0416  0.10ex/s  eta=16m19s  [eta=27h30m56s total]
  [multifieldqa_en          3/16] naive_65pct    (1/6)  ex    3/100  KL=0.0047  mean=0.0293  0.09ex/s  eta=18m11s  [eta=27h30m58s total]
  [multifieldqa_en          3/16] naive_65pct    (1/6)  ex    4/100  KL=0.0440  mean=0.0330  0.08ex/s  eta=20m02s  [eta=27h31m18s total]
  [multifieldqa_en          3/16] naive_65pct    (1/6)  ex    5/100  KL=0.1319  mean=0.0528  0.08ex/s  eta=21m00s  [eta=27h31m37s total]
  [multifieldqa_en          3/16] naive_65pct    (1/6)  ex    6/100  KL=0.0284  mean=0.0487  0.07ex/s  eta=21m31s  [eta=27h31m55s total]
  [multifieldqa_en          3/16] naive_65pct    (1/6)  ex    7/100  KL=0.0009  mean=0.0419  0.07ex/s  eta=21m31s  [eta=27h32m04s total]
  [multifieldqa_en          3/16] naive_65pct    (1/6)  ex    8/100  KL=0.0075  mean=0.0376  0.08ex/s  eta=19m14s  [eta=27h30m52s total]
  [multifieldqa_en          3/16] naive_65pct    (1/6)  ex    9/100  KL=0.0317  mean=0.0369  0.09ex/s  eta=17m09s  [eta=27h29m28s total]
  [multifieldqa_en          3/16] naive_65pct    (1/6)  ex   10/100  KL=0.0018  mean=0.0334  0.08ex/s  eta=17m43s  [eta=27h29m48s total]
  [multifieldqa_en          3/16] naive_65pct    (1/6)  ex   11/100  KL=0.0226  mean=0.0324  0.08ex/s  eta=18m09s  [eta=27h30m09s total]
  [multifieldqa_en          3/16] naive_65pct    (1/6)  ex   12/100  KL=0.0120  mean=0.0307  0.08ex/s  eta=18m26s  [eta=27h30m27s total]
  [multifieldqa_en          3/16] naive_65pct    (1/6)  ex   13/100  KL=0.0013  mean=0.0285  0.08ex/s  eta=18m39s  [eta=27h30m47s total]
  [multifieldqa_en          3/16] naive_65pct    (1/6)  ex   14/100  KL=0.0075  mean=0.0270  0.08ex/s  eta=18m46s  [eta=27h31m05s total]
  [multifieldqa_en          3/16] naive_65pct    (1/6)  ex   15/100  KL=0.0058  mean=0.0256  0.08ex/s  eta=18m51s  [eta=27h31m25s total]
  [multifieldqa_en          3/16] naive_65pct    (1/6)  ex   16/100  KL=0.1822  mean=0.0354  0.08ex/s  eta=17m58s  [eta=27h30m30s total]
  [multifieldqa_en          3/16] naive_65pct    (1/6)  ex   17/100  KL=0.1915  mean=0.0445  0.08ex/s  eta=18m00s  [eta=27h30m47s total]
  [multifieldqa_en          3/16] naive_65pct    (1/6)  ex   18/100  KL=0.0646  mean=0.0457  0.08ex/s  eta=17m56s  [eta=27h30m57s total]
  [multifieldqa_en          3/16] naive_65pct    (1/6)  ex   19/100  KL=0.0331  mean=0.0450  0.08ex/s  eta=17m56s  [eta=27h31m15s total]
  [multifieldqa_en          3/16] naive_65pct    (1/6)  ex   20/100  KL=0.0027  mean=0.0429  0.08ex/s  eta=17m20s  [eta=27h30m34s total]
  [multifieldqa_en          3/16] naive_65pct    (1/6)  ex   21/100  KL=0.0141  mean=0.0415  0.08ex/s  eta=16m29s  [eta=27h29m21s total]
  [multifieldqa_en          3/16] naive_65pct    (1/6)  ex   22/100  KL=0.0200  mean=0.0405  0.08ex/s  eta=16m28s  [eta=27h29m37s total]
  [multifieldqa_en          3/16] naive_65pct    (1/6)  ex   23/100  KL=0.0166  mean=0.0395  0.08ex/s  eta=16m14s  [eta=27h29m29s total]
  [multifieldqa_en          3/16] naive_65pct    (1/6)  ex   24/100  KL=0.0725  mean=0.0409  0.08ex/s  eta=15m54s  [eta=27h29m06s total]
  [multifieldqa_en          3/16] naive_65pct    (1/6)  ex   25/100  KL=0.0810  mean=0.0425  0.08ex/s  eta=15m49s  [eta=27h29m18s total]
  [multifieldqa_en          3/16] naive_65pct    (1/6)  ex   26/100  KL=0.0219  mean=0.0417  0.08ex/s  eta=15m43s  [eta=27h29m28s total]
  [multifieldqa_en          3/16] naive_65pct    (1/6)  ex   27/100  KL=0.0282  mean=0.0412  0.08ex/s  eta=15m33s  [eta=27h29m27s total]
  [multifieldqa_en          3/16] naive_65pct    (1/6)  ex   28/100  KL=0.0761  mean=0.0424  0.08ex/s  eta=15m29s  [eta=27h29m46s total]
  [multifieldqa_en          3/16] naive_65pct    (1/6)  ex   29/100  KL=0.2070  mean=0.0481  0.08ex/s  eta=15m16s  [eta=27h29m43s total]
  [multifieldqa_en          3/16] naive_65pct    (1/6)  ex   30/100  KL=0.0015  mean=0.0465  0.08ex/s  eta=15m12s  [eta=27h30m02s total]
  [multifieldqa_en          3/16] naive_65pct    (1/6)  ex   31/100  KL=0.0066  mean=0.0453  0.08ex/s  eta=14m46s  [eta=27h29m21s total]
  [multifieldqa_en          3/16] naive_65pct    (1/6)  ex   32/100  KL=0.0497  mean=0.0454  0.08ex/s  eta=14m32s  [eta=27h29m12s total]
  [multifieldqa_en          3/16] naive_65pct    (1/6)  ex   33/100  KL=0.6282  mean=0.0631  0.08ex/s  eta=14m21s  [eta=27h29m13s total]
  [multifieldqa_en          3/16] naive_65pct    (1/6)  ex   34/100  KL=0.0021  mean=0.0613  0.08ex/s  eta=14m08s  [eta=27h29m09s total]
  [multifieldqa_en          3/16] naive_65pct    (1/6)  ex   35/100  KL=0.0505  mean=0.0610  0.08ex/s  eta=14m02s  [eta=27h29m26s total]
  [multifieldqa_en          3/16] naive_65pct    (1/6)  ex   36/100  KL=0.3948  mean=0.0702  0.08ex/s  eta=13m52s  [eta=27h29m33s total]
  [multifieldqa_en          3/16] naive_65pct    (1/6)  ex   37/100  KL=0.0100  mean=0.0686  0.08ex/s  eta=13m19s  [eta=27h28m11s total]
  [multifieldqa_en          3/16] naive_65pct    (1/6)  ex   38/100  KL=0.0331  mean=0.0677  0.08ex/s  eta=13m13s  [eta=27h28m31s total]
  [multifieldqa_en          3/16] naive_65pct    (1/6)  ex   39/100  KL=0.0182  mean=0.0664  0.08ex/s  eta=13m01s  [eta=27h28m29s total]
  [multifieldqa_en          3/16] naive_65pct    (1/6)  ex   40/100  KL=0.0459  mean=0.0659  0.08ex/s  eta=12m40s  [eta=27h27m49s total]
  [multifieldqa_en          3/16] naive_65pct    (1/6)  ex   41/100  KL=0.0767  mean=0.0662  0.08ex/s  eta=12m21s  [eta=27h27m14s total]
  [multifieldqa_en          3/16] naive_65pct    (1/6)  ex   42/100  KL=0.0030  mean=0.0646  0.08ex/s  eta=11m54s  [eta=27h25m56s total]
  [multifieldqa_en          3/16] naive_65pct    (1/6)  ex   43/100  KL=0.0230  mean=0.0637  0.08ex/s  eta=11m41s  [eta=27h25m42s total]
  [multifieldqa_en          3/16] naive_65pct    (1/6)  ex   44/100  KL=0.0229  mean=0.0628  0.08ex/s  eta=11m29s  [eta=27h25m40s total]
  [multifieldqa_en          3/16] naive_65pct    (1/6)  ex   45/100  KL=0.0044  mean=0.0615  0.08ex/s  eta=11m22s  [eta=27h25m59s total]
  [multifieldqa_en          3/16] naive_65pct    (1/6)  ex   46/100  KL=0.0527  mean=0.0613  0.08ex/s  eta=11m12s  [eta=27h26m03s total]
  [multifieldqa_en          3/16] naive_65pct    (1/6)  ex   47/100  KL=0.0530  mean=0.0611  0.08ex/s  eta=11m02s  [eta=27h26m10s total]
  [multifieldqa_en          3/16] naive_65pct    (1/6)  ex   48/100  KL=0.2612  mean=0.0653  0.08ex/s  eta=10m53s  [eta=27h26m27s total]
  [multifieldqa_en          3/16] naive_65pct    (1/6)  ex   49/100  KL=0.8704  mean=0.0817  0.08ex/s  eta=10m31s  [eta=27h25m16s total]
  [multifieldqa_en          3/16] naive_65pct    (1/6)  ex   50/100  KL=0.1353  mean=0.0828  0.08ex/s  eta=10m14s  [eta=27h24m37s total]
  [multifieldqa_en          3/16] naive_65pct    (1/6)  ex   51/100  KL=0.0191  mean=0.0815  0.08ex/s  eta=9m53s  [eta=27h23m27s total]
  [multifieldqa_en          3/16] naive_65pct    (1/6)  ex   52/100  KL=0.0249  mean=0.0804  0.08ex/s  eta=9m44s  [eta=27h23m43s total]
  [multifieldqa_en          3/16] naive_65pct    (1/6)  ex   53/100  KL=0.0053  mean=0.0790  0.08ex/s  eta=9m36s  [eta=27h24m01s total]
  [multifieldqa_en          3/16] naive_65pct    (1/6)  ex   54/100  KL=0.1797  mean=0.0809  0.08ex/s  eta=9m18s  [eta=27h23m12s total]
  [multifieldqa_en          3/16] naive_65pct    (1/6)  ex   55/100  KL=0.0309  mean=0.0800  0.08ex/s  eta=9m01s  [eta=27h22m24s total]
  [multifieldqa_en          3/16] naive_65pct    (1/6)  ex   56/100  KL=0.1128  mean=0.0805  0.08ex/s  eta=8m44s  [eta=27h21m26s total]
  [multifieldqa_en          3/16] naive_65pct    (1/6)  ex   57/100  KL=0.0117  mean=0.0793  0.08ex/s  eta=8m27s  [eta=27h20m33s total]
  [multifieldqa_en          3/16] naive_65pct    (1/6)  ex   58/100  KL=0.0022  mean=0.0780  0.09ex/s  eta=8m09s  [eta=27h19m23s total]
  [multifieldqa_en          3/16] naive_65pct    (1/6)  ex   59/100  KL=0.0319  mean=0.0772  0.09ex/s  eta=7m51s  [eta=27h18m10s total]
  [multifieldqa_en          3/16] naive_65pct    (1/6)  ex   60/100  KL=0.0195  mean=0.0763  0.09ex/s  eta=7m40s  [eta=27h17m58s total]
  [multifieldqa_en          3/16] naive_65pct    (1/6)  ex   61/100  KL=0.0169  mean=0.0753  0.09ex/s  eta=7m31s  [eta=27h18m16s total]
  [multifieldqa_en          3/16] naive_65pct    (1/6)  ex   62/100  KL=0.0082  mean=0.0742  0.09ex/s  eta=7m21s  [eta=27h18m15s total]
  [multifieldqa_en          3/16] naive_65pct    (1/6)  ex   63/100  KL=0.0016  mean=0.0731  0.09ex/s  eta=7m04s  [eta=27h17m07s total]
  [multifieldqa_en          3/16] naive_65pct    (1/6)  ex   64/100  KL=0.0136  mean=0.0721  0.09ex/s  eta=6m50s  [eta=27h16m21s total]
  [multifieldqa_en          3/16] naive_65pct    (1/6)  ex   65/100  KL=0.0033  mean=0.0711  0.09ex/s  eta=6m34s  [eta=27h15m11s total]
  [multifieldqa_en          3/16] naive_65pct    (1/6)  ex   66/100  KL=0.0361  mean=0.0705  0.09ex/s  eta=6m25s  [eta=27h15m29s total]
  [multifieldqa_en          3/16] naive_65pct    (1/6)  ex   67/100  KL=0.0097  mean=0.0696  0.09ex/s  eta=6m16s  [eta=27h15m47s total]
  [multifieldqa_en          3/16] naive_65pct    (1/6)  ex   68/100  KL=0.0075  mean=0.0687  0.09ex/s  eta=6m07s  [eta=27h16m03s total]
  [multifieldqa_en          3/16] naive_65pct    (1/6)  ex   69/100  KL=0.0015  mean=0.0677  0.09ex/s  eta=5m54s  [eta=27h15m25s total]
  [multifieldqa_en          3/16] naive_65pct    (1/6)  ex   70/100  KL=0.0067  mean=0.0669  0.09ex/s  eta=5m43s  [eta=27h15m15s total]
  [multifieldqa_en          3/16] naive_65pct    (1/6)  ex   71/100  KL=0.0283  mean=0.0663  0.09ex/s  eta=5m28s  [eta=27h14m15s total]
  [multifieldqa_en          3/16] naive_65pct    (1/6)  ex   72/100  KL=0.0427  mean=0.0660  0.09ex/s  eta=5m14s  [eta=27h13m09s total]
  [multifieldqa_en          3/16] naive_65pct    (1/6)  ex   73/100  KL=0.0153  mean=0.0653  0.09ex/s  eta=5m04s  [eta=27h13m14s total]
  [multifieldqa_en          3/16] naive_65pct    (1/6)  ex   74/100  KL=0.0102  mean=0.0646  0.09ex/s  eta=4m54s  [eta=27h13m31s total]
  [multifieldqa_en          3/16] naive_65pct    (1/6)  ex   75/100  KL=0.0195  mean=0.0640  0.09ex/s  eta=4m45s  [eta=27h13m46s total]
  [multifieldqa_en          3/16] naive_65pct    (1/6)  ex   76/100  KL=0.0224  mean=0.0634  0.09ex/s  eta=4m34s  [eta=27h13m48s total]
  [multifieldqa_en          3/16] naive_65pct    (1/6)  ex   77/100  KL=0.3248  mean=0.0668  0.09ex/s  eta=4m20s  [eta=27h12m41s total]
  [multifieldqa_en          3/16] naive_65pct    (1/6)  ex   78/100  KL=0.0555  mean=0.0667  0.09ex/s  eta=4m10s  [eta=27h12m51s total]
  [multifieldqa_en          3/16] naive_65pct    (1/6)  ex   79/100  KL=0.1323  mean=0.0675  0.09ex/s  eta=3m58s  [eta=27h12m27s total]
  [multifieldqa_en          3/16] naive_65pct    (1/6)  ex   80/100  KL=0.0653  mean=0.0675  0.09ex/s  eta=3m48s  [eta=27h12m43s total]
  [multifieldqa_en          3/16] naive_65pct    (1/6)  ex   81/100  KL=0.0043  mean=0.0667  0.09ex/s  eta=3m38s  [eta=27h13m00s total]
  [multifieldqa_en          3/16] naive_65pct    (1/6)  ex   82/100  KL=0.0783  mean=0.0668  0.09ex/s  eta=3m27s  [eta=27h13m18s total]
  [multifieldqa_en          3/16] naive_65pct    (1/6)  ex   83/100  KL=0.1132  mean=0.0674  0.09ex/s  eta=3m15s  [eta=27h12m38s total]
  [multifieldqa_en          3/16] naive_65pct    (1/6)  ex   84/100  KL=0.0600  mean=0.0673  0.09ex/s  eta=3m02s  [eta=27h11m35s total]
  [multifieldqa_en          3/16] naive_65pct    (1/6)  ex   85/100  KL=0.0233  mean=0.0668  0.09ex/s  eta=2m50s  [eta=27h11m14s total]
  [multifieldqa_en          3/16] naive_65pct    (1/6)  ex   86/100  KL=0.0277  mean=0.0663  0.09ex/s  eta=2m40s  [eta=27h11m29s total]
  [multifieldqa_en          3/16] naive_65pct    (1/6)  ex   87/100  KL=0.0651  mean=0.0663  0.09ex/s  eta=2m27s  [eta=27h10m26s total]
  [multifieldqa_en          3/16] naive_65pct    (1/6)  ex   88/100  KL=0.0361  mean=0.0660  0.09ex/s  eta=2m14s  [eta=27h09m09s total]
  [multifieldqa_en          3/16] naive_65pct    (1/6)  ex   89/100  KL=0.1656  mean=0.0671  0.09ex/s  eta=2m04s  [eta=27h09m18s total]
  [multifieldqa_en          3/16] naive_65pct    (1/6)  ex   90/100  KL=0.1213  mean=0.0677  0.09ex/s  eta=1m53s  [eta=27h09m34s total]
  [multifieldqa_en          3/16] naive_65pct    (1/6)  ex   91/100  KL=0.0010  mean=0.0670  0.09ex/s  eta=1m42s  [eta=27h09m51s total]
  [multifieldqa_en          3/16] naive_65pct    (1/6)  ex   92/100  KL=0.0137  mean=0.0664  0.09ex/s  eta=1m31s  [eta=27h10m08s total]
  [multifieldqa_en          3/16] naive_65pct    (1/6)  ex   93/100  KL=0.0046  mean=0.0657  0.09ex/s  eta=1m20s  [eta=27h10m22s total]
  [multifieldqa_en          3/16] naive_65pct    (1/6)  ex   94/100  KL=0.0315  mean=0.0654  0.09ex/s  eta=1m08s  [eta=27h09m36s total]
  [multifieldqa_en          3/16] naive_65pct    (1/6)  ex   95/100  KL=0.0005  mean=0.0647  0.09ex/s  eta=57s  [eta=27h09m53s total]
  [multifieldqa_en          3/16] naive_65pct    (1/6)  ex   96/100  KL=0.0382  mean=0.0644  0.09ex/s  eta=46s  [eta=27h10m02s total]
  [multifieldqa_en          3/16] naive_65pct    (1/6)  ex   97/100  KL=0.2324  mean=0.0661  0.09ex/s  eta=34s  [eta=27h09m29s total]
  [multifieldqa_en          3/16] naive_65pct    (1/6)  ex   98/100  KL=0.0104  mean=0.0656  0.09ex/s  eta=23s  [eta=27h09m27s total]
  [multifieldqa_en          3/16] naive_65pct    (1/6)  ex   99/100  KL=0.0565  mean=0.0655  0.09ex/s  eta=11s  [eta=27h08m49s total]
  [multifieldqa_en          3/16] naive_65pct    (1/6)  ex  100/100  KL=0.0208  mean=0.0650  0.09ex/s  eta=0s  [eta=27h09m04s total]
  >>> multifieldqa_en / naive_65pct:  n=100  mean_KL=0.0650  [19m11s]

  [multifieldqa_en          3/16] snapkv         (2/6)  ex    1/100  KL=0.1029  mean=0.1029  0.25ex/s  eta=6m30s  [eta=27h08m03s total]
  [multifieldqa_en          3/16] snapkv         (2/6)  ex    2/100  KL=0.0420  mean=0.0724  0.11ex/s  eta=14m33s  [eta=27h08m04s total]
  [multifieldqa_en          3/16] snapkv         (2/6)  ex    3/100  KL=0.0231  mean=0.0560  0.09ex/s  eta=17m21s  [eta=27h08m09s total]
  [multifieldqa_en          3/16] snapkv         (2/6)  ex    4/100  KL=0.0641  mean=0.0580  0.09ex/s  eta=18m36s  [eta=27h08m13s total]
  [multifieldqa_en          3/16] snapkv         (2/6)  ex    5/100  KL=0.1948  mean=0.0854  0.08ex/s  eta=19m19s  [eta=27h08m19s total]
  [multifieldqa_en          3/16] snapkv         (2/6)  ex    6/100  KL=0.1041  mean=0.0885  0.08ex/s  eta=19m36s  [eta=27h08m22s total]
  [multifieldqa_en          3/16] snapkv         (2/6)  ex    7/100  KL=0.0094  mean=0.0772  0.08ex/s  eta=19m47s  [eta=27h08m26s total]
  [multifieldqa_en          3/16] snapkv         (2/6)  ex    8/100  KL=0.0188  mean=0.0699  0.09ex/s  eta=17m45s  [eta=27h07m20s total]
  [multifieldqa_en          3/16] snapkv         (2/6)  ex    9/100  KL=0.0237  mean=0.0648  0.09ex/s  eta=16m22s  [eta=27h06m23s total]
  [multifieldqa_en          3/16] snapkv         (2/6)  ex   10/100  KL=0.0195  mean=0.0602  0.09ex/s  eta=16m42s  [eta=27h06m26s total]
  [multifieldqa_en          3/16] snapkv         (2/6)  ex   11/100  KL=0.0526  mean=0.0595  0.09ex/s  eta=16m57s  [eta=27h06m31s total]
  [multifieldqa_en          3/16] snapkv         (2/6)  ex   12/100  KL=0.0451  mean=0.0583  0.09ex/s  eta=17m08s  [eta=27h06m36s total]
  [multifieldqa_en          3/16] snapkv         (2/6)  ex   13/100  KL=0.0160  mean=0.0551  0.08ex/s  eta=17m14s  [eta=27h06m41s total]
  [multifieldqa_en          3/16] snapkv         (2/6)  ex   14/100  KL=0.0120  mean=0.0520  0.08ex/s  eta=17m18s  [eta=27h06m46s total]
  [multifieldqa_en          3/16] snapkv         (2/6)  ex   15/100  KL=0.1570  mean=0.0590  0.08ex/s  eta=17m20s  [eta=27h06m52s total]
  [multifieldqa_en          3/16] snapkv         (2/6)  ex   16/100  KL=0.0087  mean=0.0559  0.09ex/s  eta=16m20s  [eta=27h05m45s total]
  [multifieldqa_en          3/16] snapkv         (2/6)  ex   17/100  KL=0.2623  mean=0.0680  0.08ex/s  eta=16m22s  [eta=27h05m51s total]
  [multifieldqa_en          3/16] snapkv         (2/6)  ex   18/100  KL=0.1923  mean=0.0749  0.08ex/s  eta=16m17s  [eta=27h05m48s total]
  [multifieldqa_en          3/16] snapkv         (2/6)  ex   19/100  KL=0.0448  mean=0.0733  0.08ex/s  eta=16m14s  [eta=27h05m51s total]
  [multifieldqa_en          3/16] snapkv         (2/6)  ex   20/100  KL=0.1912  mean=0.0792  0.09ex/s  eta=15m31s  [eta=27h04m53s total]
  [multifieldqa_en          3/16] snapkv         (2/6)  ex   21/100  KL=0.0086  mean=0.0759  0.09ex/s  eta=14m47s  [eta=27h03m45s total]
  [multifieldqa_en          3/16] snapkv         (2/6)  ex   22/100  KL=0.1824  mean=0.0807  0.09ex/s  eta=14m50s  [eta=27h03m55s total]
  [multifieldqa_en          3/16] snapkv         (2/6)  ex   23/100  KL=0.0655  mean=0.0800  0.09ex/s  eta=14m37s  [eta=27h03m39s total]
  [multifieldqa_en          3/16] snapkv         (2/6)  ex   24/100  KL=0.1214  mean=0.0818  0.09ex/s  eta=14m21s  [eta=27h03m15s total]
  [multifieldqa_en          3/16] snapkv         (2/6)  ex   25/100  KL=0.1463  mean=0.0843  0.09ex/s  eta=14m17s  [eta=27h03m16s total]
  [multifieldqa_en          3/16] snapkv         (2/6)  ex   26/100  KL=0.0525  mean=0.0831  0.09ex/s  eta=14m10s  [eta=27h03m12s total]
  [multifieldqa_en          3/16] snapkv         (2/6)  ex   27/100  KL=0.0644  mean=0.0824  0.09ex/s  eta=14m01s  [eta=27h03m04s total]
  [multifieldqa_en          3/16] snapkv         (2/6)  ex   28/100  KL=0.1128  mean=0.0835  0.09ex/s  eta=13m57s  [eta=27h03m09s total]
  [multifieldqa_en          3/16] snapkv         (2/6)  ex   29/100  KL=0.2460  mean=0.0891  0.09ex/s  eta=13m46s  [eta=27h02m59s total]
  [multifieldqa_en          3/16] snapkv         (2/6)  ex   30/100  KL=0.0109  mean=0.0865  0.09ex/s  eta=13m41s  [eta=27h03m04s total]
  [multifieldqa_en          3/16] snapkv         (2/6)  ex   31/100  KL=0.1454  mean=0.0884  0.09ex/s  eta=13m20s  [eta=27h02m25s total]
  [multifieldqa_en          3/16] snapkv         (2/6)  ex   32/100  KL=0.1910  mean=0.0916  0.09ex/s  eta=13m11s  [eta=27h02m21s total]
  [multifieldqa_en          3/16] snapkv         (2/6)  ex   33/100  KL=0.8453  mean=0.1145  0.09ex/s  eta=13m02s  [eta=27h02m15s total]
  [multifieldqa_en          3/16] snapkv         (2/6)  ex   34/100  KL=0.0245  mean=0.1118  0.09ex/s  eta=12m50s  [eta=27h02m02s total]
  [multifieldqa_en          3/16] snapkv         (2/6)  ex   35/100  KL=0.0563  mean=0.1102  0.09ex/s  eta=12m43s  [eta=27h02m06s total]
  [multifieldqa_en          3/16] snapkv         (2/6)  ex   36/100  KL=0.2893  mean=0.1152  0.08ex/s  eta=12m34s  [eta=27h02m02s total]
  [multifieldqa_en          3/16] snapkv         (2/6)  ex   37/100  KL=0.0353  mean=0.1130  0.09ex/s  eta=12m08s  [eta=27h01m01s total]
  [multifieldqa_en          3/16] snapkv         (2/6)  ex   38/100  KL=0.0558  mean=0.1115  0.09ex/s  eta=12m01s  [eta=27h01m03s total]
  [multifieldqa_en          3/16] snapkv         (2/6)  ex   39/100  KL=0.0958  mean=0.1111  0.09ex/s  eta=11m49s  [eta=27h00m50s total]
  [multifieldqa_en          3/16] snapkv         (2/6)  ex   40/100  KL=0.0622  mean=0.1099  0.09ex/s  eta=11m32s  [eta=27h00m14s total]
  [multifieldqa_en          3/16] snapkv         (2/6)  ex   41/100  KL=0.0512  mean=0.1085  0.09ex/s  eta=11m16s  [eta=26h59m44s total]
  [multifieldqa_en          3/16] snapkv         (2/6)  ex   42/100  KL=0.0094  mean=0.1061  0.09ex/s  eta=10m52s  [eta=26h58m33s total]
  [multifieldqa_en          3/16] snapkv         (2/6)  ex   43/100  KL=0.0644  mean=0.1051  0.09ex/s  eta=10m42s  [eta=26h58m26s total]
  [multifieldqa_en          3/16] snapkv         (2/6)  ex   44/100  KL=0.0202  mean=0.1032  0.09ex/s  eta=10m35s  [eta=26h58m28s total]
  [multifieldqa_en          3/16] snapkv         (2/6)  ex   45/100  KL=0.1415  mean=0.1041  0.09ex/s  eta=10m27s  [eta=26h58m34s total]
  [multifieldqa_en          3/16] snapkv         (2/6)  ex   46/100  KL=0.0671  mean=0.1033  0.09ex/s  eta=10m19s  [eta=26h58m37s total]
  [multifieldqa_en          3/16] snapkv         (2/6)  ex   47/100  KL=0.1045  mean=0.1033  0.09ex/s  eta=10m09s  [eta=26h58m32s total]
  [multifieldqa_en          3/16] snapkv         (2/6)  ex   48/100  KL=0.2203  mean=0.1057  0.09ex/s  eta=10m00s  [eta=26h58m34s total]
  [multifieldqa_en          3/16] snapkv         (2/6)  ex   49/100  KL=0.0298  mean=0.1042  0.09ex/s  eta=9m43s  [eta=26h57m48s total]
  [multifieldqa_en          3/16] snapkv         (2/6)  ex   50/100  KL=0.1062  mean=0.1042  0.09ex/s  eta=9m25s  [eta=26h56m52s total]
  [multifieldqa_en          3/16] snapkv         (2/6)  ex   51/100  KL=0.0172  mean=0.1025  0.09ex/s  eta=9m06s  [eta=26h55m50s total]
  [multifieldqa_en          3/16] snapkv         (2/6)  ex   52/100  KL=0.7236  mean=0.1145  0.09ex/s  eta=8m58s  [eta=26h55m54s total]
  [multifieldqa_en          3/16] snapkv         (2/6)  ex   53/100  KL=0.0185  mean=0.1126  0.09ex/s  eta=8m50s  [eta=26h56m00s total]
  [multifieldqa_en          3/16] snapkv         (2/6)  ex   54/100  KL=0.0296  mean=0.1111  0.09ex/s  eta=8m37s  [eta=26h55m34s total]
  [multifieldqa_en          3/16] snapkv         (2/6)  ex   55/100  KL=0.0215  mean=0.1095  0.09ex/s  eta=8m21s  [eta=26h54m47s total]
  [multifieldqa_en          3/16] snapkv         (2/6)  ex   56/100  KL=0.0185  mean=0.1079  0.09ex/s  eta=8m03s  [eta=26h53m38s total]
  [multifieldqa_en          3/16] snapkv         (2/6)  ex   57/100  KL=0.1116  mean=0.1079  0.09ex/s  eta=7m50s  [eta=26h53m07s total]
  [multifieldqa_en          3/16] snapkv         (2/6)  ex   58/100  KL=0.0161  mean=0.1063  0.09ex/s  eta=7m34s  [eta=26h52m05s total]
  [multifieldqa_en          3/16] snapkv         (2/6)  ex   59/100  KL=0.0183  mean=0.1048  0.09ex/s  eta=7m18s  [eta=26h51m06s total]
  [multifieldqa_en          3/16] snapkv         (2/6)  ex   60/100  KL=0.0647  mean=0.1042  0.09ex/s  eta=7m07s  [eta=26h50m46s total]
  [multifieldqa_en          3/16] snapkv         (2/6)  ex   61/100  KL=0.1454  mean=0.1048  0.09ex/s  eta=6m59s  [eta=26h50m49s total]
  [multifieldqa_en          3/16] snapkv         (2/6)  ex   62/100  KL=0.0120  mean=0.1034  0.09ex/s  eta=6m50s  [eta=26h50m53s total]
  [multifieldqa_en          3/16] snapkv         (2/6)  ex   63/100  KL=0.0173  mean=0.1020  0.09ex/s  eta=6m35s  [eta=26h49m51s total]
  [multifieldqa_en          3/16] snapkv         (2/6)  ex   64/100  KL=0.0295  mean=0.1009  0.09ex/s  eta=6m23s  [eta=26h49m12s total]
  [multifieldqa_en          3/16] snapkv         (2/6)  ex   65/100  KL=0.0260  mean=0.0997  0.10ex/s  eta=6m08s  [eta=26h48m08s total]
  [multifieldqa_en          3/16] snapkv         (2/6)  ex   66/100  KL=0.0650  mean=0.0992  0.09ex/s  eta=5m59s  [eta=26h48m11s total]
  [multifieldqa_en          3/16] snapkv         (2/6)  ex   67/100  KL=0.0723  mean=0.0988  0.09ex/s  eta=5m49s  [eta=26h48m03s total]
  [multifieldqa_en          3/16] snapkv         (2/6)  ex   68/100  KL=0.0684  mean=0.0983  0.09ex/s  eta=5m41s  [eta=26h48m06s total]
  [multifieldqa_en          3/16] snapkv         (2/6)  ex   69/100  KL=0.0678  mean=0.0979  0.09ex/s  eta=5m29s  [eta=26h47m31s total]
  [multifieldqa_en          3/16] snapkv         (2/6)  ex   70/100  KL=0.0532  mean=0.0972  0.09ex/s  eta=5m18s  [eta=26h47m14s total]
  [multifieldqa_en          3/16] snapkv         (2/6)  ex   71/100  KL=0.0289  mean=0.0963  0.09ex/s  eta=5m05s  [eta=26h46m20s total]
  [multifieldqa_en          3/16] snapkv         (2/6)  ex   72/100  KL=0.0338  mean=0.0954  0.10ex/s  eta=4m52s  [eta=26h45m21s total]
  [multifieldqa_en          3/16] snapkv         (2/6)  ex   73/100  KL=0.0370  mean=0.0946  0.10ex/s  eta=4m42s  [eta=26h45m15s total]
  [multifieldqa_en          3/16] snapkv         (2/6)  ex   74/100  KL=0.0151  mean=0.0935  0.09ex/s  eta=4m33s  [eta=26h45m20s total]
  [multifieldqa_en          3/16] snapkv         (2/6)  ex   75/100  KL=0.0404  mean=0.0928  0.09ex/s  eta=4m24s  [eta=26h45m24s total]
  [multifieldqa_en          3/16] snapkv         (2/6)  ex   76/100  KL=0.0996  mean=0.0929  0.09ex/s  eta=4m14s  [eta=26h45m18s total]
  [multifieldqa_en          3/16] snapkv         (2/6)  ex   77/100  KL=0.0399  mean=0.0922  0.10ex/s  eta=4m01s  [eta=26h44m17s total]
  [multifieldqa_en          3/16] snapkv         (2/6)  ex   78/100  KL=0.2057  mean=0.0937  0.09ex/s  eta=3m51s  [eta=26h44m12s total]
  [multifieldqa_en          3/16] snapkv         (2/6)  ex   79/100  KL=0.1050  mean=0.0938  0.09ex/s  eta=3m41s  [eta=26h43m48s total]
  [multifieldqa_en          3/16] snapkv         (2/6)  ex   80/100  KL=0.1940  mean=0.0951  0.09ex/s  eta=3m31s  [eta=26h43m52s total]
  [multifieldqa_en          3/16] snapkv         (2/6)  ex   81/100  KL=0.0358  mean=0.0944  0.09ex/s  eta=3m21s  [eta=26h43m56s total]
  [multifieldqa_en          3/16] snapkv         (2/6)  ex   82/100  KL=0.1767  mean=0.0954  0.09ex/s  eta=3m12s  [eta=26h44m01s total]
  [multifieldqa_en          3/16] snapkv         (2/6)  ex   83/100  KL=0.0866  mean=0.0953  0.09ex/s  eta=3m01s  [eta=26h43m36s total]
  [multifieldqa_en          3/16] snapkv         (2/6)  ex   84/100  KL=0.0078  mean=0.0942  0.09ex/s  eta=2m49s  [eta=26h42m38s total]
  [multifieldqa_en          3/16] snapkv         (2/6)  ex   85/100  KL=0.0367  mean=0.0935  0.09ex/s  eta=2m38s  [eta=26h42m16s total]
  [multifieldqa_en          3/16] snapkv         (2/6)  ex   86/100  KL=0.0815  mean=0.0934  0.09ex/s  eta=2m28s  [eta=26h42m17s total]
  [multifieldqa_en          3/16] snapkv         (2/6)  ex   87/100  KL=0.0245  mean=0.0926  0.09ex/s  eta=2m16s  [eta=26h41m19s total]
  [multifieldqa_en          3/16] snapkv         (2/6)  ex   88/100  KL=0.0352  mean=0.0919  0.10ex/s  eta=2m05s  [eta=26h40m09s total]
  [multifieldqa_en          3/16] snapkv         (2/6)  ex   89/100  KL=0.0840  mean=0.0919  0.10ex/s  eta=1m55s  [eta=26h40m06s total]
  [multifieldqa_en          3/16] snapkv         (2/6)  ex   90/100  KL=0.1345  mean=0.0923  0.10ex/s  eta=1m45s  [eta=26h40m12s total]
  [multifieldqa_en          3/16] snapkv         (2/6)  ex   91/100  KL=0.0143  mean=0.0915  0.09ex/s  eta=1m34s  [eta=26h40m07s total]
  [multifieldqa_en          3/16] snapkv         (2/6)  ex   92/100  KL=0.0354  mean=0.0909  0.09ex/s  eta=1m24s  [eta=26h40m09s total]
  [multifieldqa_en          3/16] snapkv         (2/6)  ex   93/100  KL=0.0270  mean=0.0902  0.09ex/s  eta=1m14s  [eta=26h40m13s total]
  [multifieldqa_en          3/16] snapkv         (2/6)  ex   94/100  KL=0.0329  mean=0.0896  0.09ex/s  eta=1m03s  [eta=26h39m30s total]
  [multifieldqa_en          3/16] snapkv         (2/6)  ex   95/100  KL=0.2175  mean=0.0909  0.09ex/s  eta=53s  [eta=26h39m35s total]
  [multifieldqa_en          3/16] snapkv         (2/6)  ex   96/100  KL=0.0810  mean=0.0908  0.09ex/s  eta=42s  [eta=26h39m32s total]
  [multifieldqa_en          3/16] snapkv         (2/6)  ex   97/100  KL=0.1251  mean=0.0912  0.09ex/s  eta=31s  [eta=26h39m02s total]
  [multifieldqa_en          3/16] snapkv         (2/6)  ex   98/100  KL=0.0694  mean=0.0909  0.09ex/s  eta=21s  [eta=26h39m05s total]
  [multifieldqa_en          3/16] snapkv         (2/6)  ex   99/100  KL=0.0450  mean=0.0905  0.09ex/s  eta=10s  [eta=26h38m14s total]
  [multifieldqa_en          3/16] snapkv         (2/6)  ex  100/100  KL=0.1363  mean=0.0909  0.09ex/s  eta=0s  [eta=26h38m18s total]
  >>> multifieldqa_en / snapkv:  n=100  mean_KL=0.0909  [17m43s]

  [multifieldqa_en          3/16] kq_only        (3/6)  ex    1/100  KL=0.0707  mean=0.0707  0.26ex/s  eta=6m16s  [eta=26h37m20s total]
  [multifieldqa_en          3/16] kq_only        (3/6)  ex    2/100  KL=0.0696  mean=0.0702  0.11ex/s  eta=14m36s  [eta=26h37m23s total]
  [multifieldqa_en          3/16] kq_only        (3/6)  ex    3/100  KL=0.0274  mean=0.0559  0.09ex/s  eta=17m28s  [eta=26h37m27s total]
  [multifieldqa_en          3/16] kq_only        (3/6)  ex    4/100  KL=0.0617  mean=0.0574  0.09ex/s  eta=18m39s  [eta=26h37m31s total]
  [multifieldqa_en          3/16] kq_only        (3/6)  ex    5/100  KL=0.2814  mean=0.1022  0.08ex/s  eta=19m21s  [eta=26h37m35s total]
  [multifieldqa_en          3/16] kq_only        (3/6)  ex    6/100  KL=0.0284  mean=0.0899  0.08ex/s  eta=19m42s  [eta=26h37m39s total]
  [multifieldqa_en          3/16] kq_only        (3/6)  ex    7/100  KL=0.2023  mean=0.1059  0.08ex/s  eta=19m53s  [eta=26h37m43s total]
  [multifieldqa_en          3/16] kq_only        (3/6)  ex    8/100  KL=0.0418  mean=0.0979  0.09ex/s  eta=17m50s  [eta=26h36m42s total]
  [multifieldqa_en          3/16] kq_only        (3/6)  ex    9/100  KL=0.0152  mean=0.0887  0.09ex/s  eta=16m30s  [eta=26h35m51s total]
  [multifieldqa_en          3/16] kq_only        (3/6)  ex   10/100  KL=0.0394  mean=0.0838  0.09ex/s  eta=16m51s  [eta=26h35m55s total]
  [multifieldqa_en          3/16] kq_only        (3/6)  ex   11/100  KL=0.0255  mean=0.0785  0.09ex/s  eta=16m55s  [eta=26h35m51s total]
  [multifieldqa_en          3/16] kq_only        (3/6)  ex   12/100  KL=0.0449  mean=0.0757  0.09ex/s  eta=17m06s  [eta=26h35m56s total]
  [multifieldqa_en          3/16] kq_only        (3/6)  ex   13/100  KL=0.0251  mean=0.0718  0.08ex/s  eta=17m14s  [eta=26h36m01s total]
  [multifieldqa_en          3/16] kq_only        (3/6)  ex   14/100  KL=0.0655  mean=0.0714  0.08ex/s  eta=17m17s  [eta=26h36m04s total]
  [multifieldqa_en          3/16] kq_only        (3/6)  ex   15/100  KL=0.0898  mean=0.0726  0.08ex/s  eta=17m20s  [eta=26h36m10s total]
  [multifieldqa_en          3/16] kq_only        (3/6)  ex   16/100  KL=0.0261  mean=0.0697  0.08ex/s  eta=16m34s  [eta=26h35m24s total]
  [multifieldqa_en          3/16] kq_only        (3/6)  ex   17/100  KL=0.0963  mean=0.0712  0.08ex/s  eta=16m33s  [eta=26h35m26s total]
  [multifieldqa_en          3/16] kq_only        (3/6)  ex   18/100  KL=0.1540  mean=0.0758  0.08ex/s  eta=16m22s  [eta=26h35m17s total]
  [multifieldqa_en          3/16] kq_only        (3/6)  ex   19/100  KL=0.0499  mean=0.0745  0.08ex/s  eta=16m20s  [eta=26h35m21s total]
  [multifieldqa_en          3/16] kq_only        (3/6)  ex   20/100  KL=0.3639  mean=0.0890  0.09ex/s  eta=15m38s  [eta=26h34m29s total]
  [multifieldqa_en          3/16] kq_only        (3/6)  ex   21/100  KL=0.0610  mean=0.0876  0.09ex/s  eta=14m54s  [eta=26h33m28s total]
  [multifieldqa_en          3/16] kq_only        (3/6)  ex   22/100  KL=0.0433  mean=0.0856  0.09ex/s  eta=14m55s  [eta=26h33m34s total]
  [multifieldqa_en          3/16] kq_only        (3/6)  ex   23/100  KL=0.0538  mean=0.0842  0.09ex/s  eta=14m42s  [eta=26h33m19s total]
  [multifieldqa_en          3/16] kq_only        (3/6)  ex   24/100  KL=0.2254  mean=0.0901  0.09ex/s  eta=14m26s  [eta=26h32m57s total]
  [multifieldqa_en          3/16] kq_only        (3/6)  ex   25/100  KL=0.1135  mean=0.0910  0.09ex/s  eta=14m22s  [eta=26h32m57s total]
  [multifieldqa_en          3/16] kq_only        (3/6)  ex   26/100  KL=0.0563  mean=0.0897  0.09ex/s  eta=14m15s  [eta=26h32m55s total]
  [multifieldqa_en          3/16] kq_only        (3/6)  ex   27/100  KL=0.2181  mean=0.0945  0.09ex/s  eta=14m10s  [eta=26h32m57s total]
  [multifieldqa_en          3/16] kq_only        (3/6)  ex   28/100  KL=0.0442  mean=0.0927  0.09ex/s  eta=14m06s  [eta=26h33m00s total]
  [multifieldqa_en          3/16] kq_only        (3/6)  ex   29/100  KL=0.1685  mean=0.0953  0.09ex/s  eta=13m54s  [eta=26h32m49s total]
  [multifieldqa_en          3/16] kq_only        (3/6)  ex   30/100  KL=0.0145  mean=0.0926  0.08ex/s  eta=13m49s  [eta=26h32m53s total]
  [multifieldqa_en          3/16] kq_only        (3/6)  ex   31/100  KL=0.0139  mean=0.0901  0.09ex/s  eta=13m26s  [eta=26h32m16s total]
  [multifieldqa_en          3/16] kq_only        (3/6)  ex   32/100  KL=0.1415  mean=0.0917  0.09ex/s  eta=13m14s  [eta=26h32m01s total]
  [multifieldqa_en          3/16] kq_only        (3/6)  ex   33/100  KL=0.9235  mean=0.1169  0.09ex/s  eta=13m04s  [eta=26h31m55s total]
  [multifieldqa_en          3/16] kq_only        (3/6)  ex   34/100  KL=0.0330  mean=0.1144  0.09ex/s  eta=12m52s  [eta=26h31m41s total]
  [multifieldqa_en          3/16] kq_only        (3/6)  ex   35/100  KL=0.0617  mean=0.1129  0.08ex/s  eta=12m45s  [eta=26h31m45s total]
  [multifieldqa_en          3/16] kq_only        (3/6)  ex   36/100  KL=0.2358  mean=0.1163  0.08ex/s  eta=12m35s  [eta=26h31m41s total]
  [multifieldqa_en          3/16] kq_only        (3/6)  ex   37/100  KL=0.0834  mean=0.1154  0.09ex/s  eta=12m06s  [eta=26h30m32s total]
  [multifieldqa_en          3/16] kq_only        (3/6)  ex   38/100  KL=0.0247  mean=0.1130  0.09ex/s  eta=12m00s  [eta=26h30m37s total]
  [multifieldqa_en          3/16] kq_only        (3/6)  ex   39/100  KL=0.2570  mean=0.1167  0.09ex/s  eta=11m48s  [eta=26h30m26s total]
  [multifieldqa_en          3/16] kq_only        (3/6)  ex   40/100  KL=0.1725  mean=0.1181  0.09ex/s  eta=11m27s  [eta=26h29m37s total]
  [multifieldqa_en          3/16] kq_only        (3/6)  ex   41/100  KL=0.0251  mean=0.1159  0.09ex/s  eta=11m12s  [eta=26h29m08s total]
  [multifieldqa_en          3/16] kq_only        (3/6)  ex   42/100  KL=0.0156  mean=0.1135  0.09ex/s  eta=10m51s  [eta=26h28m17s total]
  [multifieldqa_en          3/16] kq_only        (3/6)  ex   43/100  KL=0.0579  mean=0.1122  0.09ex/s  eta=10m41s  [eta=26h28m10s total]
  [multifieldqa_en          3/16] kq_only        (3/6)  ex   44/100  KL=0.0761  mean=0.1114  0.09ex/s  eta=10m34s  [eta=26h28m14s total]
  [multifieldqa_en          3/16] kq_only        (3/6)  ex   45/100  KL=0.1357  mean=0.1119  0.09ex/s  eta=10m27s  [eta=26h28m17s total]
  [multifieldqa_en          3/16] kq_only        (3/6)  ex   46/100  KL=0.1059  mean=0.1118  0.09ex/s  eta=10m17s  [eta=26h28m11s total]
  [multifieldqa_en          3/16] kq_only        (3/6)  ex   47/100  KL=0.1190  mean=0.1119  0.09ex/s  eta=10m05s  [eta=26h27m57s total]
  [multifieldqa_en          3/16] kq_only        (3/6)  ex   48/100  KL=0.2465  mean=0.1147  0.09ex/s  eta=9m57s  [eta=26h28m00s total]
  [multifieldqa_en          3/16] kq_only        (3/6)  ex   49/100  KL=0.0923  mean=0.1143  0.09ex/s  eta=9m37s  [eta=26h27m05s total]
  [multifieldqa_en          3/16] kq_only        (3/6)  ex   50/100  KL=0.0958  mean=0.1139  0.09ex/s  eta=9m19s  [eta=26h26m14s total]
  [multifieldqa_en          3/16] kq_only        (3/6)  ex   51/100  KL=0.0766  mean=0.1132  0.09ex/s  eta=9m03s  [eta=26h25m31s total]
  [multifieldqa_en          3/16] kq_only        (3/6)  ex   52/100  KL=0.1150  mean=0.1132  0.09ex/s  eta=8m55s  [eta=26h25m35s total]
  [multifieldqa_en          3/16] kq_only        (3/6)  ex   53/100  KL=0.6035  mean=0.1224  0.09ex/s  eta=8m47s  [eta=26h25m37s total]
  [multifieldqa_en          3/16] kq_only        (3/6)  ex   54/100  KL=0.0481  mean=0.1211  0.09ex/s  eta=8m34s  [eta=26h25m11s total]
  [multifieldqa_en          3/16] kq_only        (3/6)  ex   55/100  KL=0.1092  mean=0.1209  0.09ex/s  eta=8m16s  [eta=26h24m13s total]
  [multifieldqa_en          3/16] kq_only        (3/6)  ex   56/100  KL=0.0706  mean=0.1200  0.09ex/s  eta=8m01s  [eta=26h23m25s total]
  [multifieldqa_en          3/16] kq_only        (3/6)  ex   57/100  KL=0.1026  mean=0.1197  0.09ex/s  eta=7m48s  [eta=26h22m57s total]
  [multifieldqa_en          3/16] kq_only        (3/6)  ex   58/100  KL=0.0586  mean=0.1186  0.09ex/s  eta=7m32s  [eta=26h22m00s total]
  [multifieldqa_en          3/16] kq_only        (3/6)  ex   59/100  KL=0.1785  mean=0.1196  0.09ex/s  eta=7m16s  [eta=26h21m04s total]
  [multifieldqa_en          3/16] kq_only        (3/6)  ex   60/100  KL=0.1035  mean=0.1193  0.09ex/s  eta=7m05s  [eta=26h20m44s total]
  [multifieldqa_en          3/16] kq_only        (3/6)  ex   61/100  KL=0.0486  mean=0.1182  0.09ex/s  eta=6m57s  [eta=26h20m47s total]
  [multifieldqa_en          3/16] kq_only        (3/6)  ex   62/100  KL=0.0353  mean=0.1169  0.09ex/s  eta=6m48s  [eta=26h20m50s total]
  [multifieldqa_en          3/16] kq_only        (3/6)  ex   63/100  KL=0.0676  mean=0.1161  0.09ex/s  eta=6m33s  [eta=26h19m50s total]
  [multifieldqa_en          3/16] kq_only        (3/6)  ex   64/100  KL=0.0690  mean=0.1153  0.09ex/s  eta=6m20s  [eta=26h19m10s total]
  [multifieldqa_en          3/16] kq_only        (3/6)  ex   65/100  KL=0.0336  mean=0.1141  0.10ex/s  eta=6m05s  [eta=26h18m09s total]
  [multifieldqa_en          3/16] kq_only        (3/6)  ex   66/100  KL=0.1132  mean=0.1141  0.10ex/s  eta=5m57s  [eta=26h18m15s total]
  [multifieldqa_en          3/16] kq_only        (3/6)  ex   67/100  KL=0.0632  mean=0.1133  0.09ex/s  eta=5m48s  [eta=26h18m19s total]
  [multifieldqa_en          3/16] kq_only        (3/6)  ex   68/100  KL=0.0256  mean=0.1120  0.09ex/s  eta=5m40s  [eta=26h18m21s total]
  [multifieldqa_en          3/16] kq_only        (3/6)  ex   69/100  KL=0.1805  mean=0.1130  0.09ex/s  eta=5m28s  [eta=26h17m50s total]
  [multifieldqa_en          3/16] kq_only        (3/6)  ex   70/100  KL=0.0745  mean=0.1125  0.09ex/s  eta=5m17s  [eta=26h17m35s total]
  [multifieldqa_en          3/16] kq_only        (3/6)  ex   71/100  KL=0.0306  mean=0.1113  0.10ex/s  eta=5m04s  [eta=26h16m44s total]
  [multifieldqa_en          3/16] kq_only        (3/6)  ex   72/100  KL=0.1036  mean=0.1112  0.10ex/s  eta=4m51s  [eta=26h15m49s total]
  [multifieldqa_en          3/16] kq_only        (3/6)  ex   73/100  KL=0.0517  mean=0.1104  0.10ex/s  eta=4m42s  [eta=26h15m49s total]
  [multifieldqa_en          3/16] kq_only        (3/6)  ex   74/100  KL=0.0267  mean=0.1093  0.10ex/s  eta=4m33s  [eta=26h15m52s total]
  [multifieldqa_en          3/16] kq_only        (3/6)  ex   75/100  KL=0.0277  mean=0.1082  0.09ex/s  eta=4m24s  [eta=26h15m54s total]
  [multifieldqa_en          3/16] kq_only        (3/6)  ex   76/100  KL=0.0307  mean=0.1071  0.09ex/s  eta=4m14s  [eta=26h15m57s total]
  [multifieldqa_en          3/16] kq_only        (3/6)  ex   77/100  KL=0.0926  mean=0.1070  0.10ex/s  eta=4m01s  [eta=26h15m01s total]
  [multifieldqa_en          3/16] kq_only        (3/6)  ex   78/100  KL=0.1295  mean=0.1072  0.09ex/s  eta=3m52s  [eta=26h14m57s total]
  [multifieldqa_en          3/16] kq_only        (3/6)  ex   79/100  KL=0.4592  mean=0.1117  0.09ex/s  eta=3m41s  [eta=26h14m34s total]
  [multifieldqa_en          3/16] kq_only        (3/6)  ex   80/100  KL=0.1680  mean=0.1124  0.09ex/s  eta=3m31s  [eta=26h14m38s total]
  [multifieldqa_en          3/16] kq_only        (3/6)  ex   81/100  KL=0.0593  mean=0.1117  0.09ex/s  eta=3m22s  [eta=26h14m40s total]
  [multifieldqa_en          3/16] kq_only        (3/6)  ex   82/100  KL=0.1628  mean=0.1124  0.09ex/s  eta=3m12s  [eta=26h14m46s total]
  [multifieldqa_en          3/16] kq_only        (3/6)  ex   83/100  KL=0.2844  mean=0.1144  0.09ex/s  eta=3m01s  [eta=26h14m21s total]
  [multifieldqa_en          3/16] kq_only        (3/6)  ex   84/100  KL=0.0481  mean=0.1137  0.09ex/s  eta=2m49s  [eta=26h13m27s total]
  [multifieldqa_en          3/16] kq_only        (3/6)  ex   85/100  KL=0.3785  mean=0.1168  0.09ex/s  eta=2m38s  [eta=26h13m04s total]
  [multifieldqa_en          3/16] kq_only        (3/6)  ex   86/100  KL=0.1341  mean=0.1170  0.09ex/s  eta=2m28s  [eta=26h13m07s total]
  [multifieldqa_en          3/16] kq_only        (3/6)  ex   87/100  KL=0.0908  mean=0.1167  0.09ex/s  eta=2m17s  [eta=26h12m14s total]
  [multifieldqa_en          3/16] kq_only        (3/6)  ex   88/100  KL=0.0441  mean=0.1158  0.10ex/s  eta=2m05s  [eta=26h11m25s total]
  [multifieldqa_en          3/16] kq_only        (3/6)  ex   89/100  KL=0.0770  mean=0.1154  0.10ex/s  eta=1m55s  [eta=26h11m19s total]
  [multifieldqa_en          3/16] kq_only        (3/6)  ex   90/100  KL=0.0935  mean=0.1152  0.09ex/s  eta=1m45s  [eta=26h11m22s total]
  [multifieldqa_en          3/16] kq_only        (3/6)  ex   91/100  KL=0.0376  mean=0.1143  0.09ex/s  eta=1m35s  [eta=26h11m14s total]
  [multifieldqa_en          3/16] kq_only        (3/6)  ex   92/100  KL=0.0309  mean=0.1134  0.09ex/s  eta=1m24s  [eta=26h11m16s total]
  [multifieldqa_en          3/16] kq_only        (3/6)  ex   93/100  KL=0.0351  mean=0.1126  0.09ex/s  eta=1m14s  [eta=26h11m19s total]
  [multifieldqa_en          3/16] kq_only        (3/6)  ex   94/100  KL=0.1648  mean=0.1131  0.09ex/s  eta=1m03s  [eta=26h10m38s total]
  [multifieldqa_en          3/16] kq_only        (3/6)  ex   95/100  KL=0.1090  mean=0.1131  0.09ex/s  eta=53s  [eta=26h10m39s total]
  [multifieldqa_en          3/16] kq_only        (3/6)  ex   96/100  KL=0.1100  mean=0.1130  0.09ex/s  eta=42s  [eta=26h10m36s total]
  [multifieldqa_en          3/16] kq_only        (3/6)  ex   97/100  KL=0.0337  mean=0.1122  0.09ex/s  eta=31s  [eta=26h10m07s total]
  [multifieldqa_en          3/16] kq_only        (3/6)  ex   98/100  KL=0.0992  mean=0.1121  0.09ex/s  eta=21s  [eta=26h10m07s total]
  [multifieldqa_en          3/16] kq_only        (3/6)  ex   99/100  KL=0.0334  mean=0.1113  0.09ex/s  eta=10s  [eta=26h09m19s total]
  [multifieldqa_en          3/16] kq_only        (3/6)  ex  100/100  KL=0.4846  mean=0.1150  0.09ex/s  eta=0s  [eta=26h09m22s total]
  >>> multifieldqa_en / kq_only:  n=100  mean_KL=0.1150  [17m44s]

  [multifieldqa_en          3/16] kq_pre_d090    (4/6)  ex    1/100  KL=0.0677  mean=0.0677  0.26ex/s  eta=6m20s  [eta=26h08m28s total]
  [multifieldqa_en          3/16] kq_pre_d090    (4/6)  ex    2/100  KL=0.1341  mean=0.1009  0.11ex/s  eta=14m30s  [eta=26h08m29s total]
  [multifieldqa_en          3/16] kq_pre_d090    (4/6)  ex    3/100  KL=0.0855  mean=0.0958  0.09ex/s  eta=17m17s  [eta=26h08m32s total]
  [multifieldqa_en          3/16] kq_pre_d090    (4/6)  ex    4/100  KL=0.3201  mean=0.1519  0.09ex/s  eta=18m32s  [eta=26h08m35s total]
  [multifieldqa_en          3/16] kq_pre_d090    (4/6)  ex    5/100  KL=2.9649  mean=0.7145  0.09ex/s  eta=18m26s  [eta=26h08m24s total]
  [multifieldqa_en          3/16] kq_pre_d090    (4/6)  ex    6/100  KL=0.3195  mean=0.6486  0.08ex/s  eta=18m56s  [eta=26h08m27s total]
  [multifieldqa_en          3/16] kq_pre_d090    (4/6)  ex    7/100  KL=0.2557  mean=0.5925  0.08ex/s  eta=19m13s  [eta=26h08m30s total]
  [multifieldqa_en          3/16] kq_pre_d090    (4/6)  ex    8/100  KL=0.4205  mean=0.5710  0.09ex/s  eta=17m49s  [eta=26h07m49s total]
  [multifieldqa_en          3/16] kq_pre_d090    (4/6)  ex    9/100  KL=0.1367  mean=0.5228  0.09ex/s  eta=16m23s  [eta=26h06m58s total]
  [multifieldqa_en          3/16] kq_pre_d090    (4/6)  ex   10/100  KL=0.1922  mean=0.4897  0.09ex/s  eta=16m39s  [eta=26h06m58s total]
  [multifieldqa_en          3/16] kq_pre_d090    (4/6)  ex   11/100  KL=0.1876  mean=0.4622  0.09ex/s  eta=16m51s  [eta=26h06m59s total]
  [multifieldqa_en          3/16] kq_pre_d090    (4/6)  ex   12/100  KL=0.7469  mean=0.4860  0.09ex/s  eta=16m58s  [eta=26h06m59s total]
  [multifieldqa_en          3/16] kq_pre_d090    (4/6)  ex   13/100  KL=0.4412  mean=0.4825  0.08ex/s  eta=17m05s  [eta=26h07m02s total]
  [multifieldqa_en          3/16] kq_pre_d090    (4/6)  ex   14/100  KL=0.4346  mean=0.4791  0.08ex/s  eta=17m09s  [eta=26h07m05s total]
  [multifieldqa_en          3/16] kq_pre_d090    (4/6)  ex   15/100  KL=0.4181  mean=0.4750  0.08ex/s  eta=17m08s  [eta=26h07m06s total]
  [multifieldqa_en          3/16] kq_pre_d090    (4/6)  ex   16/100  KL=0.7497  mean=0.4922  0.09ex/s  eta=16m22s  [eta=26h06m22s total]
  [multifieldqa_en          3/16] kq_pre_d090    (4/6)  ex   17/100  KL=0.2445  mean=0.4776  0.08ex/s  eta=16m23s  [eta=26h06m24s total]
  [multifieldqa_en          3/16] kq_pre_d090    (4/6)  ex   18/100  KL=0.1238  mean=0.4580  0.08ex/s  eta=16m21s  [eta=26h06m26s total]
  [multifieldqa_en          3/16] kq_pre_d090    (4/6)  ex   19/100  KL=0.6035  mean=0.4656  0.08ex/s  eta=16m19s  [eta=26h06m28s total]
  [multifieldqa_en          3/16] kq_pre_d090    (4/6)  ex   20/100  KL=0.3109  mean=0.4579  0.08ex/s  eta=15m49s  [eta=26h05m56s total]
  [multifieldqa_en          3/16] kq_pre_d090    (4/6)  ex   21/100  KL=0.7385  mean=0.4712  0.09ex/s  eta=15m11s  [eta=26h05m08s total]
  [multifieldqa_en          3/16] kq_pre_d090    (4/6)  ex   22/100  KL=0.5001  mean=0.4726  0.09ex/s  eta=15m08s  [eta=26h05m09s total]
  [multifieldqa_en          3/16] kq_pre_d090    (4/6)  ex   23/100  KL=0.0932  mean=0.4561  0.09ex/s  eta=14m53s  [eta=26h04m52s total]
  [multifieldqa_en          3/16] kq_pre_d090    (4/6)  ex   24/100  KL=0.4833  mean=0.4572  0.09ex/s  eta=14m36s  [eta=26h04m31s total]
  [multifieldqa_en          3/16] kq_pre_d090    (4/6)  ex   25/100  KL=0.1478  mean=0.4448  0.09ex/s  eta=14m29s  [eta=26h04m27s total]
  [multifieldqa_en          3/16] kq_pre_d090    (4/6)  ex   26/100  KL=0.2582  mean=0.4376  0.09ex/s  eta=14m21s  [eta=26h04m23s total]
  [multifieldqa_en          3/16] kq_pre_d090    (4/6)  ex   27/100  KL=0.4750  mean=0.4390  0.09ex/s  eta=14m16s  [eta=26h04m24s total]
  [multifieldqa_en          3/16] kq_pre_d090    (4/6)  ex   28/100  KL=4.6364  mean=0.5889  0.09ex/s  eta=14m05s  [eta=26h04m14s total]
  [multifieldqa_en          3/16] kq_pre_d090    (4/6)  ex   29/100  KL=0.3820  mean=0.5818  0.09ex/s  eta=13m54s  [eta=26h04m04s total]
  [multifieldqa_en          3/16] kq_pre_d090    (4/6)  ex   30/100  KL=4.6163  mean=0.7163  0.09ex/s  eta=13m43s  [eta=26h03m54s total]
  [multifieldqa_en          3/16] kq_pre_d090    (4/6)  ex   31/100  KL=0.0664  mean=0.6953  0.09ex/s  eta=13m22s  [eta=26h03m21s total]
  [multifieldqa_en          3/16] kq_pre_d090    (4/6)  ex   32/100  KL=0.1398  mean=0.6780  0.09ex/s  eta=13m12s  [eta=26h03m14s total]
  [multifieldqa_en          3/16] kq_pre_d090    (4/6)  ex   33/100  KL=0.6362  mean=0.6767  0.09ex/s  eta=13m05s  [eta=26h03m17s total]
  [multifieldqa_en          3/16] kq_pre_d090    (4/6)  ex   34/100  KL=0.3006  mean=0.6656  0.09ex/s  eta=12m53s  [eta=26h03m03s total]
  [multifieldqa_en          3/16] kq_pre_d090    (4/6)  ex   35/100  KL=0.1737  mean=0.6516  0.08ex/s  eta=12m46s  [eta=26h03m06s total]
  [multifieldqa_en          3/16] kq_pre_d090    (4/6)  ex   36/100  KL=0.4177  mean=0.6451  0.08ex/s  eta=12m37s  [eta=26h03m02s total]
  [multifieldqa_en          3/16] kq_pre_d090    (4/6)  ex   37/100  KL=0.0698  mean=0.6295  0.09ex/s  eta=12m12s  [eta=26h02m12s total]
  [multifieldqa_en          3/16] kq_pre_d090    (4/6)  ex   38/100  KL=0.2584  mean=0.6198  0.09ex/s  eta=12m04s  [eta=26h02m13s total]
  [multifieldqa_en          3/16] kq_pre_d090    (4/6)  ex   39/100  KL=0.5152  mean=0.6171  0.09ex/s  eta=11m53s  [eta=26h02m02s total]
  [multifieldqa_en          3/16] kq_pre_d090    (4/6)  ex   40/100  KL=0.4889  mean=0.6139  0.09ex/s  eta=11m35s  [eta=26h01m29s total]
  [multifieldqa_en          3/16] kq_pre_d090    (4/6)  ex   41/100  KL=0.5097  mean=0.6113  0.09ex/s  eta=11m19s  [eta=26h01m03s total]
  [multifieldqa_en          3/16] kq_pre_d090    (4/6)  ex   42/100  KL=0.1500  mean=0.6004  0.09ex/s  eta=10m58s  [eta=26h00m15s total]
  [multifieldqa_en          3/16] kq_pre_d090    (4/6)  ex   43/100  KL=0.2395  mean=0.5920  0.09ex/s  eta=10m48s  [eta=26h00m07s total]
  [multifieldqa_en          3/16] kq_pre_d090    (4/6)  ex   44/100  KL=0.5447  mean=0.5909  0.09ex/s  eta=10m41s  [eta=26h00m10s total]
  [multifieldqa_en          3/16] kq_pre_d090    (4/6)  ex   45/100  KL=0.4907  mean=0.5887  0.09ex/s  eta=10m33s  [eta=26h00m13s total]
  [multifieldqa_en          3/16] kq_pre_d090    (4/6)  ex   46/100  KL=0.9748  mean=0.5971  0.09ex/s  eta=10m25s  [eta=26h00m16s total]
  [multifieldqa_en          3/16] kq_pre_d090    (4/6)  ex   47/100  KL=0.3317  mean=0.5914  0.09ex/s  eta=10m14s  [eta=26h00m08s total]
  [multifieldqa_en          3/16] kq_pre_d090    (4/6)  ex   48/100  KL=0.5196  mean=0.5899  0.09ex/s  eta=10m05s  [eta=26h00m11s total]
  [multifieldqa_en          3/16] kq_pre_d090    (4/6)  ex   49/100  KL=0.5870  mean=0.5899  0.09ex/s  eta=9m48s  [eta=25h59m32s total]
  [multifieldqa_en          3/16] kq_pre_d090    (4/6)  ex   50/100  KL=0.1037  mean=0.5801  0.09ex/s  eta=9m33s  [eta=25h58m59s total]
  [multifieldqa_en          3/16] kq_pre_d090    (4/6)  ex   51/100  KL=0.7267  mean=0.5830  0.09ex/s  eta=9m16s  [eta=25h58m18s total]
  [multifieldqa_en          3/16] kq_pre_d090    (4/6)  ex   52/100  KL=0.3395  mean=0.5783  0.09ex/s  eta=9m07s  [eta=25h58m19s total]
  [multifieldqa_en          3/16] kq_pre_d090    (4/6)  ex   53/100  KL=0.2480  mean=0.5721  0.09ex/s  eta=8m58s  [eta=25h58m21s total]
  [multifieldqa_en          3/16] kq_pre_d090    (4/6)  ex   54/100  KL=0.3774  mean=0.5685  0.09ex/s  eta=8m45s  [eta=25h57m57s total]
  [multifieldqa_en          3/16] kq_pre_d090    (4/6)  ex   55/100  KL=2.2578  mean=0.5992  0.09ex/s  eta=8m27s  [eta=25h57m01s total]
  [multifieldqa_en          3/16] kq_pre_d090    (4/6)  ex   56/100  KL=0.5281  mean=0.5979  0.09ex/s  eta=8m10s  [eta=25h56m16s total]
  [multifieldqa_en          3/16] kq_pre_d090    (4/6)  ex   57/100  KL=0.7094  mean=0.5999  0.09ex/s  eta=7m58s  [eta=25h55m50s total]
  [multifieldqa_en          3/16] kq_pre_d090    (4/6)  ex   58/100  KL=0.7440  mean=0.6024  0.09ex/s  eta=7m43s  [eta=25h55m11s total]
  [multifieldqa_en          3/16] kq_pre_d090    (4/6)  ex   59/100  KL=0.1274  mean=0.5943  0.09ex/s  eta=7m27s  [eta=25h54m18s total]
  [multifieldqa_en          3/16] kq_pre_d090    (4/6)  ex   60/100  KL=0.4377  mean=0.5917  0.09ex/s  eta=7m15s  [eta=25h53m58s total]
  [multifieldqa_en          3/16] kq_pre_d090    (4/6)  ex   61/100  KL=0.0508  mean=0.5828  0.09ex/s  eta=7m06s  [eta=25h54m00s total]
  [multifieldqa_en          3/16] kq_pre_d090    (4/6)  ex   62/100  KL=2.9304  mean=0.6207  0.09ex/s  eta=6m56s  [eta=25h53m50s total]
  [multifieldqa_en          3/16] kq_pre_d090    (4/6)  ex   63/100  KL=0.2028  mean=0.6141  0.09ex/s  eta=6m42s  [eta=25h53m07s total]
  [multifieldqa_en          3/16] kq_pre_d090    (4/6)  ex   64/100  KL=0.1647  mean=0.6070  0.09ex/s  eta=6m29s  [eta=25h52m30s total]
  [multifieldqa_en          3/16] kq_pre_d090    (4/6)  ex   65/100  KL=0.2418  mean=0.6014  0.09ex/s  eta=6m14s  [eta=25h51m41s total]
  [multifieldqa_en          3/16] kq_pre_d090    (4/6)  ex   66/100  KL=0.8481  mean=0.6052  0.09ex/s  eta=6m05s  [eta=25h51m43s total]
  [multifieldqa_en          3/16] kq_pre_d090    (4/6)  ex   67/100  KL=0.7241  mean=0.6069  0.09ex/s  eta=5m56s  [eta=25h51m46s total]
  [multifieldqa_en          3/16] kq_pre_d090    (4/6)  ex   68/100  KL=0.0576  mean=0.5989  0.09ex/s  eta=5m48s  [eta=25h51m51s total]
  [multifieldqa_en          3/16] kq_pre_d090    (4/6)  ex   69/100  KL=0.3876  mean=0.5958  0.09ex/s  eta=5m35s  [eta=25h51m19s total]
  [multifieldqa_en          3/16] kq_pre_d090    (4/6)  ex   70/100  KL=0.1774  mean=0.5898  0.09ex/s  eta=5m24s  [eta=25h51m05s total]
  [multifieldqa_en          3/16] kq_pre_d090    (4/6)  ex   71/100  KL=0.0591  mean=0.5824  0.09ex/s  eta=5m11s  [eta=25h50m18s total]
  [multifieldqa_en          3/16] kq_pre_d090    (4/6)  ex   72/100  KL=0.0858  mean=0.5755  0.09ex/s  eta=4m58s  [eta=25h49m27s total]
  [multifieldqa_en          3/16] kq_pre_d090    (4/6)  ex   73/100  KL=4.4878  mean=0.6290  0.09ex/s  eta=4m48s  [eta=25h49m17s total]
  [multifieldqa_en          3/16] kq_pre_d090    (4/6)  ex   74/100  KL=0.4175  mean=0.6262  0.09ex/s  eta=4m38s  [eta=25h49m19s total]
  [multifieldqa_en          3/16] kq_pre_d090    (4/6)  ex   75/100  KL=0.4508  mean=0.6238  0.09ex/s  eta=4m29s  [eta=25h49m23s total]
  [multifieldqa_en          3/16] kq_pre_d090    (4/6)  ex   76/100  KL=0.2057  mean=0.6183  0.09ex/s  eta=4m19s  [eta=25h49m16s total]
  [multifieldqa_en          3/16] kq_pre_d090    (4/6)  ex   77/100  KL=0.6091  mean=0.6182  0.09ex/s  eta=4m06s  [eta=25h48m27s total]
  [multifieldqa_en          3/16] kq_pre_d090    (4/6)  ex   78/100  KL=0.6030  mean=0.6180  0.09ex/s  eta=3m56s  [eta=25h48m23s total]
  [multifieldqa_en          3/16] kq_pre_d090    (4/6)  ex   79/100  KL=0.3150  mean=0.6142  0.09ex/s  eta=3m45s  [eta=25h48m01s total]
  [multifieldqa_en          3/16] kq_pre_d090    (4/6)  ex   80/100  KL=0.3775  mean=0.6112  0.09ex/s  eta=3m35s  [eta=25h48m02s total]
  [multifieldqa_en          3/16] kq_pre_d090    (4/6)  ex   81/100  KL=0.5919  mean=0.6110  0.09ex/s  eta=3m25s  [eta=25h48m05s total]
  [multifieldqa_en          3/16] kq_pre_d090    (4/6)  ex   82/100  KL=0.4054  mean=0.6085  0.09ex/s  eta=3m15s  [eta=25h48m10s total]
  [multifieldqa_en          3/16] kq_pre_d090    (4/6)  ex   83/100  KL=0.4382  mean=0.6064  0.09ex/s  eta=3m04s  [eta=25h47m47s total]
  [multifieldqa_en          3/16] kq_pre_d090    (4/6)  ex   84/100  KL=0.0326  mean=0.5996  0.09ex/s  eta=2m52s  [eta=25h46m57s total]
  [multifieldqa_en          3/16] kq_pre_d090    (4/6)  ex   85/100  KL=0.1930  mean=0.5948  0.09ex/s  eta=2m41s  [eta=25h46m36s total]
  [multifieldqa_en          3/16] kq_pre_d090    (4/6)  ex   86/100  KL=3.1751  mean=0.6248  0.09ex/s  eta=2m30s  [eta=25h46m25s total]
  [multifieldqa_en          3/16] kq_pre_d090    (4/6)  ex   87/100  KL=0.1293  mean=0.6191  0.09ex/s  eta=2m18s  [eta=25h45m34s total]
  [multifieldqa_en          3/16] kq_pre_d090    (4/6)  ex   88/100  KL=0.4495  mean=0.6172  0.09ex/s  eta=2m07s  [eta=25h44m49s total]
  [multifieldqa_en          3/16] kq_pre_d090    (4/6)  ex   89/100  KL=0.1344  mean=0.6118  0.09ex/s  eta=1m56s  [eta=25h44m43s total]
  [multifieldqa_en          3/16] kq_pre_d090    (4/6)  ex   90/100  KL=0.3319  mean=0.6087  0.09ex/s  eta=1m46s  [eta=25h44m47s total]
  [multifieldqa_en          3/16] kq_pre_d090    (4/6)  ex   91/100  KL=0.1763  mean=0.6039  0.09ex/s  eta=1m36s  [eta=25h44m48s total]
  [multifieldqa_en          3/16] kq_pre_d090    (4/6)  ex   92/100  KL=0.2185  mean=0.5997  0.09ex/s  eta=1m26s  [eta=25h44m50s total]
  [multifieldqa_en          3/16] kq_pre_d090    (4/6)  ex   93/100  KL=0.6739  mean=0.6005  0.09ex/s  eta=1m15s  [eta=25h44m53s total]
  [multifieldqa_en          3/16] kq_pre_d090    (4/6)  ex   94/100  KL=0.3478  mean=0.5978  0.09ex/s  eta=1m04s  [eta=25h44m15s total]
  [multifieldqa_en          3/16] kq_pre_d090    (4/6)  ex   95/100  KL=0.5125  mean=0.5969  0.09ex/s  eta=53s  [eta=25h44m17s total]
  [multifieldqa_en          3/16] kq_pre_d090    (4/6)  ex   96/100  KL=0.1106  mean=0.5919  0.09ex/s  eta=43s  [eta=25h44m13s total]
  [multifieldqa_en          3/16] kq_pre_d090    (4/6)  ex   97/100  KL=0.2869  mean=0.5887  0.09ex/s  eta=32s  [eta=25h43m46s total]
  [multifieldqa_en          3/16] kq_pre_d090    (4/6)  ex   98/100  KL=0.5382  mean=0.5882  0.09ex/s  eta=21s  [eta=25h43m46s total]
  [multifieldqa_en          3/16] kq_pre_d090    (4/6)  ex   99/100  KL=0.1600  mean=0.5839  0.09ex/s  eta=10s  [eta=25h43m01s total]
  [multifieldqa_en          3/16] kq_pre_d090    (4/6)  ex  100/100  KL=2.8842  mean=0.6069  0.09ex/s  eta=0s  [eta=25h42m51s total]
  >>> multifieldqa_en / kq_pre_d090:  n=100  mean_KL=0.6069  [17m56s]

  [multifieldqa_en          3/16] kq_pre_d095    (5/6)  ex    1/100  KL=0.5623  mean=0.5623  0.26ex/s  eta=6m21s  [eta=25h42m01s total]
  [multifieldqa_en          3/16] kq_pre_d095    (5/6)  ex    2/100  KL=0.1410  mean=0.3517  0.11ex/s  eta=14m47s  [eta=25h42m03s total]
  [multifieldqa_en          3/16] kq_pre_d095    (5/6)  ex    3/100  KL=0.0963  mean=0.2665  0.09ex/s  eta=17m27s  [eta=25h42m04s total]
  [multifieldqa_en          3/16] kq_pre_d095    (5/6)  ex    4/100  KL=0.3256  mean=0.2813  0.09ex/s  eta=18m35s  [eta=25h42m05s total]
  [multifieldqa_en          3/16] kq_pre_d095    (5/6)  ex    5/100  KL=0.3366  mean=0.2924  0.08ex/s  eta=19m15s  [eta=25h42m08s total]
  [multifieldqa_en          3/16] kq_pre_d095    (5/6)  ex    6/100  KL=0.3114  mean=0.2955  0.08ex/s  eta=19m35s  [eta=25h42m09s total]
  [multifieldqa_en          3/16] kq_pre_d095    (5/6)  ex    7/100  KL=0.4494  mean=0.3175  0.08ex/s  eta=19m47s  [eta=25h42m12s total]
  [multifieldqa_en          3/16] kq_pre_d095    (5/6)  ex    8/100  KL=0.3744  mean=0.3246  0.08ex/s  eta=18m16s  [eta=25h41m32s total]
  [multifieldqa_en          3/16] kq_pre_d095    (5/6)  ex    9/100  KL=0.1383  mean=0.3039  0.09ex/s  eta=16m46s  [eta=25h40m44s total]
  [multifieldqa_en          3/16] kq_pre_d095    (5/6)  ex   10/100  KL=0.2075  mean=0.2943  0.09ex/s  eta=17m02s  [eta=25h40m44s total]
  [multifieldqa_en          3/16] kq_pre_d095    (5/6)  ex   11/100  KL=0.1202  mean=0.2785  0.09ex/s  eta=17m04s  [eta=25h40m40s total]
  [multifieldqa_en          3/16] kq_pre_d095    (5/6)  ex   12/100  KL=0.7283  mean=0.3159  0.09ex/s  eta=17m14s  [eta=25h40m43s total]
  [multifieldqa_en          3/16] kq_pre_d095    (5/6)  ex   13/100  KL=0.3303  mean=0.3170  0.08ex/s  eta=17m20s  [eta=25h40m46s total]
  [multifieldqa_en          3/16] kq_pre_d095    (5/6)  ex   14/100  KL=0.5003  mean=0.3301  0.08ex/s  eta=17m23s  [eta=25h40m48s total]
  [multifieldqa_en          3/16] kq_pre_d095    (5/6)  ex   15/100  KL=0.2357  mean=0.3238  0.08ex/s  eta=17m23s  [eta=25h40m50s total]
  [multifieldqa_en          3/16] kq_pre_d095    (5/6)  ex   16/100  KL=0.3284  mean=0.3241  0.08ex/s  eta=16m36s  [eta=25h40m09s total]
  [multifieldqa_en          3/16] kq_pre_d095    (5/6)  ex   17/100  KL=0.2345  mean=0.3189  0.08ex/s  eta=16m37s  [eta=25h40m11s total]
  [multifieldqa_en          3/16] kq_pre_d095    (5/6)  ex   18/100  KL=0.1407  mean=0.3090  0.08ex/s  eta=16m37s  [eta=25h40m15s total]
  [multifieldqa_en          3/16] kq_pre_d095    (5/6)  ex   19/100  KL=0.5971  mean=0.3241  0.08ex/s  eta=16m33s  [eta=25h40m16s total]
  [multifieldqa_en          3/16] kq_pre_d095    (5/6)  ex   20/100  KL=0.3256  mean=0.3242  0.08ex/s  eta=16m03s  [eta=25h39m46s total]
  [multifieldqa_en          3/16] kq_pre_d095    (5/6)  ex   21/100  KL=0.7214  mean=0.3431  0.09ex/s  eta=15m24s  [eta=25h39m02s total]
  [multifieldqa_en          3/16] kq_pre_d095    (5/6)  ex   22/100  KL=0.5291  mean=0.3516  0.08ex/s  eta=15m22s  [eta=25h39m04s total]
  [multifieldqa_en          3/16] kq_pre_d095    (5/6)  ex   23/100  KL=0.0852  mean=0.3400  0.08ex/s  eta=15m07s  [eta=25h38m49s total]
  [multifieldqa_en          3/16] kq_pre_d095    (5/6)  ex   24/100  KL=0.5113  mean=0.3471  0.09ex/s  eta=14m50s  [eta=25h38m30s total]
  [multifieldqa_en          3/16] kq_pre_d095    (5/6)  ex   25/100  KL=0.1652  mean=0.3398  0.09ex/s  eta=14m42s  [eta=25h38m25s total]
  [multifieldqa_en          3/16] kq_pre_d095    (5/6)  ex   26/100  KL=0.3429  mean=0.3400  0.08ex/s  eta=14m34s  [eta=25h38m22s total]
  [multifieldqa_en          3/16] kq_pre_d095    (5/6)  ex   27/100  KL=0.2366  mean=0.3361  0.08ex/s  eta=14m29s  [eta=25h38m24s total]
  [multifieldqa_en          3/16] kq_pre_d095    (5/6)  ex   28/100  KL=4.5705  mean=0.4874  0.08ex/s  eta=14m18s  [eta=25h38m15s total]
  [multifieldqa_en          3/16] kq_pre_d095    (5/6)  ex   29/100  KL=0.3596  mean=0.4830  0.08ex/s  eta=14m07s  [eta=25h38m06s total]
  [multifieldqa_en          3/16] kq_pre_d095    (5/6)  ex   30/100  KL=4.5600  mean=0.6189  0.08ex/s  eta=13m56s  [eta=25h37m59s total]
  [multifieldqa_en          3/16] kq_pre_d095    (5/6)  ex   31/100  KL=0.1743  mean=0.6045  0.08ex/s  eta=13m34s  [eta=25h37m28s total]
  [multifieldqa_en          3/16] kq_pre_d095    (5/6)  ex   32/100  KL=0.1414  mean=0.5900  0.08ex/s  eta=13m27s  [eta=25h37m27s total]
  [multifieldqa_en          3/16] kq_pre_d095    (5/6)  ex   33/100  KL=0.6231  mean=0.5910  0.08ex/s  eta=13m20s  [eta=25h37m29s total]
  [multifieldqa_en          3/16] kq_pre_d095    (5/6)  ex   34/100  KL=0.2598  mean=0.5813  0.08ex/s  eta=13m07s  [eta=25h37m17s total]
  [multifieldqa_en          3/16] kq_pre_d095    (5/6)  ex   35/100  KL=0.3298  mean=0.5741  0.08ex/s  eta=12m59s  [eta=25h37m18s total]
  [multifieldqa_en          3/16] kq_pre_d095    (5/6)  ex   36/100  KL=0.4272  mean=0.5700  0.08ex/s  eta=12m49s  [eta=25h37m14s total]
  [multifieldqa_en          3/16] kq_pre_d095    (5/6)  ex   37/100  KL=0.0656  mean=0.5564  0.08ex/s  eta=12m24s  [eta=25h36m27s total]
  [multifieldqa_en          3/16] kq_pre_d095    (5/6)  ex   38/100  KL=0.2315  mean=0.5479  0.08ex/s  eta=12m16s  [eta=25h36m27s total]
  [multifieldqa_en          3/16] kq_pre_d095    (5/6)  ex   39/100  KL=0.2469  mean=0.5401  0.08ex/s  eta=12m04s  [eta=25h36m17s total]
  [multifieldqa_en          3/16] kq_pre_d095    (5/6)  ex   40/100  KL=0.6464  mean=0.5428  0.08ex/s  eta=11m46s  [eta=25h35m47s total]
  [multifieldqa_en          3/16] kq_pre_d095    (5/6)  ex   41/100  KL=0.3274  mean=0.5375  0.09ex/s  eta=11m29s  [eta=25h35m21s total]
  [multifieldqa_en          3/16] kq_pre_d095    (5/6)  ex   42/100  KL=0.1434  mean=0.5282  0.09ex/s  eta=11m08s  [eta=25h34m36s total]
  [multifieldqa_en          3/16] kq_pre_d095    (5/6)  ex   43/100  KL=0.2235  mean=0.5211  0.09ex/s  eta=10m58s  [eta=25h34m29s total]
  [multifieldqa_en          3/16] kq_pre_d095    (5/6)  ex   44/100  KL=0.7154  mean=0.5255  0.09ex/s  eta=10m50s  [eta=25h34m31s total]
  [multifieldqa_en          3/16] kq_pre_d095    (5/6)  ex   45/100  KL=0.5547  mean=0.5261  0.09ex/s  eta=10m41s  [eta=25h34m32s total]
  [multifieldqa_en          3/16] kq_pre_d095    (5/6)  ex   46/100  KL=0.9379  mean=0.5351  0.09ex/s  eta=10m33s  [eta=25h34m35s total]
  [multifieldqa_en          3/16] kq_pre_d095    (5/6)  ex   47/100  KL=0.2127  mean=0.5282  0.09ex/s  eta=10m23s  [eta=25h34m30s total]
  [multifieldqa_en          3/16] kq_pre_d095    (5/6)  ex   48/100  KL=0.5317  mean=0.5283  0.08ex/s  eta=10m14s  [eta=25h34m31s total]
  [multifieldqa_en          3/16] kq_pre_d095    (5/6)  ex   49/100  KL=0.5031  mean=0.5278  0.09ex/s  eta=9m56s  [eta=25h33m54s total]
  [multifieldqa_en          3/16] kq_pre_d095    (5/6)  ex   50/100  KL=0.3018  mean=0.5233  0.09ex/s  eta=9m40s  [eta=25h33m24s total]
  [multifieldqa_en          3/16] kq_pre_d095    (5/6)  ex   51/100  KL=0.6975  mean=0.5267  0.09ex/s  eta=9m23s  [eta=25h32m44s total]
  [multifieldqa_en          3/16] kq_pre_d095    (5/6)  ex   52/100  KL=0.2548  mean=0.5215  0.09ex/s  eta=9m14s  [eta=25h32m46s total]
  [multifieldqa_en          3/16] kq_pre_d095    (5/6)  ex   53/100  KL=0.2452  mean=0.5162  0.09ex/s  eta=9m05s  [eta=25h32m48s total]
  [multifieldqa_en          3/16] kq_pre_d095    (5/6)  ex   54/100  KL=0.1240  mean=0.5090  0.09ex/s  eta=8m52s  [eta=25h32m26s total]
  [multifieldqa_en          3/16] kq_pre_d095    (5/6)  ex   55/100  KL=2.2614  mean=0.5408  0.09ex/s  eta=8m33s  [eta=25h31m33s total]
  [multifieldqa_en          3/16] kq_pre_d095    (5/6)  ex   56/100  KL=0.5304  mean=0.5407  0.09ex/s  eta=8m17s  [eta=25h30m50s total]
  [multifieldqa_en          3/16] kq_pre_d095    (5/6)  ex   57/100  KL=0.7182  mean=0.5438  0.09ex/s  eta=8m04s  [eta=25h30m25s total]
  [multifieldqa_en          3/16] kq_pre_d095    (5/6)  ex   58/100  KL=0.7386  mean=0.5471  0.09ex/s  eta=7m48s  [eta=25h29m46s total]
  [multifieldqa_en          3/16] kq_pre_d095    (5/6)  ex   59/100  KL=1.0461  mean=0.5556  0.09ex/s  eta=7m32s  [eta=25h28m58s total]
  [multifieldqa_en          3/16] kq_pre_d095    (5/6)  ex   60/100  KL=0.4303  mean=0.5535  0.09ex/s  eta=7m21s  [eta=25h28m40s total]
  [multifieldqa_en          3/16] kq_pre_d095    (5/6)  ex   61/100  KL=0.0457  mean=0.5452  0.09ex/s  eta=7m12s  [eta=25h28m41s total]
  [multifieldqa_en          3/16] kq_pre_d095    (5/6)  ex   62/100  KL=3.0437  mean=0.5855  0.09ex/s  eta=7m01s  [eta=25h28m32s total]
  [multifieldqa_en          3/16] kq_pre_d095    (5/6)  ex   63/100  KL=0.2004  mean=0.5794  0.09ex/s  eta=6m47s  [eta=25h27m52s total]
  [multifieldqa_en          3/16] kq_pre_d095    (5/6)  ex   64/100  KL=0.3652  mean=0.5760  0.09ex/s  eta=6m33s  [eta=25h27m16s total]
  [multifieldqa_en          3/16] kq_pre_d095    (5/6)  ex   65/100  KL=0.1861  mean=0.5700  0.09ex/s  eta=6m19s  [eta=25h26m30s total]
  [multifieldqa_en          3/16] kq_pre_d095    (5/6)  ex   66/100  KL=0.8501  mean=0.5743  0.09ex/s  eta=6m09s  [eta=25h26m30s total]
  [multifieldqa_en          3/16] kq_pre_d095    (5/6)  ex   67/100  KL=0.7373  mean=0.5767  0.09ex/s  eta=6m00s  [eta=25h26m32s total]
  [multifieldqa_en          3/16] kq_pre_d095    (5/6)  ex   68/100  KL=0.0450  mean=0.5689  0.09ex/s  eta=5m51s  [eta=25h26m34s total]
  [multifieldqa_en          3/16] kq_pre_d095    (5/6)  ex   69/100  KL=0.3956  mean=0.5664  0.09ex/s  eta=5m39s  [eta=25h26m04s total]
  [multifieldqa_en          3/16] kq_pre_d095    (5/6)  ex   70/100  KL=0.1387  mean=0.5603  0.09ex/s  eta=5m28s  [eta=25h25m49s total]
  [multifieldqa_en          3/16] kq_pre_d095    (5/6)  ex   71/100  KL=0.0588  mean=0.5532  0.09ex/s  eta=5m14s  [eta=25h25m05s total]
  [multifieldqa_en          3/16] kq_pre_d095    (5/6)  ex   72/100  KL=0.0893  mean=0.5467  0.09ex/s  eta=5m00s  [eta=25h24m16s total]
  [multifieldqa_en          3/16] kq_pre_d095    (5/6)  ex   73/100  KL=4.2058  mean=0.5969  0.09ex/s  eta=4m50s  [eta=25h24m04s total]
  [multifieldqa_en          3/16] kq_pre_d095    (5/6)  ex   74/100  KL=0.4196  mean=0.5945  0.09ex/s  eta=4m40s  [eta=25h24m06s total]
  [multifieldqa_en          3/16] kq_pre_d095    (5/6)  ex   75/100  KL=0.1809  mean=0.5890  0.09ex/s  eta=4m31s  [eta=25h24m07s total]
  [multifieldqa_en          3/16] kq_pre_d095    (5/6)  ex   76/100  KL=0.1999  mean=0.5838  0.09ex/s  eta=4m21s  [eta=25h24m01s total]
  [multifieldqa_en          3/16] kq_pre_d095    (5/6)  ex   77/100  KL=0.2739  mean=0.5798  0.09ex/s  eta=4m08s  [eta=25h23m24s total]
  [multifieldqa_en          3/16] kq_pre_d095    (5/6)  ex   78/100  KL=0.6086  mean=0.5802  0.09ex/s  eta=3m58s  [eta=25h23m17s total]
  [multifieldqa_en          3/16] kq_pre_d095    (5/6)  ex   79/100  KL=0.2423  mean=0.5759  0.09ex/s  eta=3m47s  [eta=25h22m57s total]
  [multifieldqa_en          3/16] kq_pre_d095    (5/6)  ex   80/100  KL=0.3390  mean=0.5729  0.09ex/s  eta=3m37s  [eta=25h22m56s total]
  [multifieldqa_en          3/16] kq_pre_d095    (5/6)  ex   81/100  KL=0.5536  mean=0.5727  0.09ex/s  eta=3m27s  [eta=25h22m56s total]
  [multifieldqa_en          3/16] kq_pre_d095    (5/6)  ex   82/100  KL=0.4631  mean=0.5714  0.09ex/s  eta=3m16s  [eta=25h22m58s total]
  [multifieldqa_en          3/16] kq_pre_d095    (5/6)  ex   83/100  KL=0.4430  mean=0.5698  0.09ex/s  eta=3m05s  [eta=25h22m36s total]
  [multifieldqa_en          3/16] kq_pre_d095    (5/6)  ex   84/100  KL=0.0328  mean=0.5634  0.09ex/s  eta=2m53s  [eta=25h21m48s total]
  [multifieldqa_en          3/16] kq_pre_d095    (5/6)  ex   85/100  KL=0.1528  mean=0.5586  0.09ex/s  eta=2m42s  [eta=25h21m28s total]
  [multifieldqa_en          3/16] kq_pre_d095    (5/6)  ex   86/100  KL=3.2093  mean=0.5894  0.09ex/s  eta=2m31s  [eta=25h21m16s total]
  [multifieldqa_en          3/16] kq_pre_d095    (5/6)  ex   87/100  KL=0.1321  mean=0.5842  0.09ex/s  eta=2m19s  [eta=25h20m29s total]
  [multifieldqa_en          3/16] kq_pre_d095    (5/6)  ex   88/100  KL=0.3838  mean=0.5819  0.09ex/s  eta=2m08s  [eta=25h19m46s total]
  [multifieldqa_en          3/16] kq_pre_d095    (5/6)  ex   89/100  KL=0.1186  mean=0.5767  0.09ex/s  eta=1m57s  [eta=25h19m40s total]
  [multifieldqa_en          3/16] kq_pre_d095    (5/6)  ex   90/100  KL=0.3553  mean=0.5742  0.09ex/s  eta=1m47s  [eta=25h19m41s total]
  [multifieldqa_en          3/16] kq_pre_d095    (5/6)  ex   91/100  KL=0.1422  mean=0.5695  0.09ex/s  eta=1m37s  [eta=25h19m40s total]
  [multifieldqa_en          3/16] kq_pre_d095    (5/6)  ex   92/100  KL=0.4128  mean=0.5678  0.09ex/s  eta=1m26s  [eta=25h19m41s total]
  [multifieldqa_en          3/16] kq_pre_d095    (5/6)  ex   93/100  KL=0.6790  mean=0.5690  0.09ex/s  eta=1m15s  [eta=25h19m42s total]
  [multifieldqa_en          3/16] kq_pre_d095    (5/6)  ex   94/100  KL=0.3625  mean=0.5668  0.09ex/s  eta=1m04s  [eta=25h19m05s total]
  [multifieldqa_en          3/16] kq_pre_d095    (5/6)  ex   95/100  KL=0.4802  mean=0.5659  0.09ex/s  eta=54s  [eta=25h19m05s total]
  [multifieldqa_en          3/16] kq_pre_d095    (5/6)  ex   96/100  KL=0.1486  mean=0.5615  0.09ex/s  eta=43s  [eta=25h19m00s total]
  [multifieldqa_en          3/16] kq_pre_d095    (5/6)  ex   97/100  KL=0.2434  mean=0.5582  0.09ex/s  eta=32s  [eta=25h18m35s total]
  [multifieldqa_en          3/16] kq_pre_d095    (5/6)  ex   98/100  KL=0.5443  mean=0.5581  0.09ex/s  eta=21s  [eta=25h18m34s total]
  [multifieldqa_en          3/16] kq_pre_d095    (5/6)  ex   99/100  KL=0.2572  mean=0.5551  0.09ex/s  eta=10s  [eta=25h17m52s total]
  [multifieldqa_en          3/16] kq_pre_d095    (5/6)  ex  100/100  KL=2.8047  mean=0.5776  0.09ex/s  eta=0s  [eta=25h17m42s total]
  >>> multifieldqa_en / kq_pre_d095:  n=100  mean_KL=0.5776  [18m01s]

  [multifieldqa_en          3/16] snapkv_d090    (6/6)  ex    1/100  KL=0.4558  mean=0.4558  0.63ex/s  eta=2m38s  [eta=25h16m44s total]
  [multifieldqa_en          3/16] snapkv_d090    (6/6)  ex    2/100  KL=0.4911  mean=0.4734  0.13ex/s  eta=12m22s  [eta=25h16m42s total]
  [multifieldqa_en          3/16] snapkv_d090    (6/6)  ex    3/100  KL=1.0689  mean=0.6719  0.11ex/s  eta=14m43s  [eta=25h16m34s total]
  [multifieldqa_en          3/16] snapkv_d090    (6/6)  ex    4/100  KL=0.9309  mean=0.7367  0.10ex/s  eta=15m38s  [eta=25h16m23s total]
  [multifieldqa_en          3/16] snapkv_d090    (6/6)  ex    5/100  KL=0.3961  mean=0.6686  0.09ex/s  eta=16m55s  [eta=25h16m25s total]
  [multifieldqa_en          3/16] snapkv_d090    (6/6)  ex    6/100  KL=0.2626  mean=0.6009  0.09ex/s  eta=17m37s  [eta=25h16m25s total]
  [multifieldqa_en          3/16] snapkv_d090    (6/6)  ex    7/100  KL=0.7346  mean=0.6200  0.09ex/s  eta=17m59s  [eta=25h16m24s total]
  [multifieldqa_en          3/16] snapkv_d090    (6/6)  ex    8/100  KL=0.7246  mean=0.6331  0.09ex/s  eta=16m14s  [eta=25h15m35s total]
  [multifieldqa_en          3/16] snapkv_d090    (6/6)  ex    9/100  KL=0.1943  mean=0.5843  0.10ex/s  eta=15m03s  [eta=25h14m52s total]
  [multifieldqa_en          3/16] snapkv_d090    (6/6)  ex   10/100  KL=0.5469  mean=0.5806  0.10ex/s  eta=15m31s  [eta=25h14m53s total]
  [multifieldqa_en          3/16] snapkv_d090    (6/6)  ex   11/100  KL=1.4244  mean=0.6573  0.10ex/s  eta=15m34s  [eta=25h14m43s total]
  [multifieldqa_en          3/16] snapkv_d090    (6/6)  ex   12/100  KL=1.1207  mean=0.6959  0.09ex/s  eta=15m36s  [eta=25h14m34s total]
  [multifieldqa_en          3/16] snapkv_d090    (6/6)  ex   13/100  KL=0.5172  mean=0.6822  0.09ex/s  eta=15m32s  [eta=25h14m24s total]
  [multifieldqa_en          3/16] snapkv_d090    (6/6)  ex   14/100  KL=0.5298  mean=0.6713  0.09ex/s  eta=15m28s  [eta=25h14m14s total]
  [multifieldqa_en          3/16] snapkv_d090    (6/6)  ex   15/100  KL=1.0688  mean=0.6978  0.09ex/s  eta=15m30s  [eta=25h14m09s total]
  [multifieldqa_en          3/16] snapkv_d090    (6/6)  ex   16/100  KL=1.7301  mean=0.7623  0.10ex/s  eta=14m37s  [eta=25h13m18s total]
  [multifieldqa_en          3/16] snapkv_d090    (6/6)  ex   17/100  KL=0.3951  mean=0.7407  0.09ex/s  eta=14m48s  [eta=25h13m21s total]
  [multifieldqa_en          3/16] snapkv_d090    (6/6)  ex   18/100  KL=2.3945  mean=0.8326  0.09ex/s  eta=14m43s  [eta=25h13m12s total]
  [multifieldqa_en          3/16] snapkv_d090    (6/6)  ex   19/100  KL=0.6350  mean=0.8222  0.09ex/s  eta=14m47s  [eta=25h13m13s total]
  [multifieldqa_en          3/16] snapkv_d090    (6/6)  ex   20/100  KL=0.5291  mean=0.8075  0.09ex/s  eta=14m15s  [eta=25h12m35s total]
  [multifieldqa_en          3/16] snapkv_d090    (6/6)  ex   21/100  KL=0.7334  mean=0.8040  0.10ex/s  eta=13m42s  [eta=25h11m53s total]
  [multifieldqa_en          3/16] snapkv_d090    (6/6)  ex   22/100  KL=1.4040  mean=0.8313  0.09ex/s  eta=13m46s  [eta=25h11m55s total]
  [multifieldqa_en          3/16] snapkv_d090    (6/6)  ex   23/100  KL=0.6181  mean=0.8220  0.09ex/s  eta=13m35s  [eta=25h11m38s total]
  [multifieldqa_en          3/16] snapkv_d090    (6/6)  ex   24/100  KL=0.2661  mean=0.7988  0.09ex/s  eta=13m21s  [eta=25h11m18s total]
  [multifieldqa_en          3/16] snapkv_d090    (6/6)  ex   25/100  KL=2.2460  mean=0.8567  0.09ex/s  eta=13m16s  [eta=25h11m10s total]
  [multifieldqa_en          3/16] snapkv_d090    (6/6)  ex   26/100  KL=0.8791  mean=0.8576  0.09ex/s  eta=13m04s  [eta=25h10m52s total]
  [multifieldqa_en          3/16] snapkv_d090    (6/6)  ex   27/100  KL=2.0934  mean=0.9034  0.09ex/s  eta=12m59s  [eta=25h10m47s total]
  [multifieldqa_en          3/16] snapkv_d090    (6/6)  ex   28/100  KL=1.4106  mean=0.9215  0.09ex/s  eta=12m53s  [eta=25h10m39s total]
  [multifieldqa_en          3/16] snapkv_d090    (6/6)  ex   29/100  KL=0.5216  mean=0.9077  0.09ex/s  eta=12m45s  [eta=25h10m29s total]
  [multifieldqa_en          3/16] snapkv_d090    (6/6)  ex   30/100  KL=1.1184  mean=0.9147  0.09ex/s  eta=12m37s  [eta=25h10m20s total]
  [multifieldqa_en          3/16] snapkv_d090    (6/6)  ex   31/100  KL=0.2140  mean=0.8921  0.09ex/s  eta=12m19s  [eta=25h09m50s total]
  [multifieldqa_en          3/16] snapkv_d090    (6/6)  ex   32/100  KL=0.4908  mean=0.8796  0.09ex/s  eta=12m13s  [eta=25h09m45s total]
  [multifieldqa_en          3/16] snapkv_d090    (6/6)  ex   33/100  KL=2.3908  mean=0.9254  0.09ex/s  eta=12m05s  [eta=25h09m36s total]
  [multifieldqa_en          3/16] snapkv_d090    (6/6)  ex   34/100  KL=4.3025  mean=1.0247  0.09ex/s  eta=11m49s  [eta=25h09m10s total]
  [multifieldqa_en          3/16] snapkv_d090    (6/6)  ex   35/100  KL=0.6480  mean=1.0139  0.09ex/s  eta=11m40s  [eta=25h08m58s total]
  [multifieldqa_en          3/16] snapkv_d090    (6/6)  ex   36/100  KL=0.6776  mean=1.0046  0.09ex/s  eta=11m33s  [eta=25h08m54s total]
  [multifieldqa_en          3/16] snapkv_d090    (6/6)  ex   37/100  KL=0.1580  mean=0.9817  0.09ex/s  eta=11m10s  [eta=25h08m06s total]
  [multifieldqa_en          3/16] snapkv_d090    (6/6)  ex   38/100  KL=0.3634  mean=0.9654  0.09ex/s  eta=11m05s  [eta=25h08m07s total]
  [multifieldqa_en          3/16] snapkv_d090    (6/6)  ex   39/100  KL=0.5356  mean=0.9544  0.09ex/s  eta=10m56s  [eta=25h07m56s total]
  [multifieldqa_en          3/16] snapkv_d090    (6/6)  ex   40/100  KL=0.7506  mean=0.9493  0.09ex/s  eta=10m36s  [eta=25h07m16s total]
  [multifieldqa_en          3/16] snapkv_d090    (6/6)  ex   41/100  KL=0.3201  mean=0.9340  0.09ex/s  eta=10m23s  [eta=25h06m52s total]
  [multifieldqa_en          3/16] snapkv_d090    (6/6)  ex   42/100  KL=0.7091  mean=0.9286  0.10ex/s  eta=10m01s  [eta=25h05m58s total]
  [multifieldqa_en          3/16] snapkv_d090    (6/6)  ex   43/100  KL=0.5577  mean=0.9200  0.10ex/s  eta=9m53s  [eta=25h05m51s total]
  [multifieldqa_en          3/16] snapkv_d090    (6/6)  ex   44/100  KL=0.5325  mean=0.9112  0.10ex/s  eta=9m48s  [eta=25h05m51s total]
  [multifieldqa_en          3/16] snapkv_d090    (6/6)  ex   45/100  KL=0.2047  mean=0.8955  0.09ex/s  eta=9m42s  [eta=25h05m53s total]
  [multifieldqa_en          3/16] snapkv_d090    (6/6)  ex   46/100  KL=0.4346  mean=0.8855  0.09ex/s  eta=9m33s  [eta=25h05m43s total]
  [multifieldqa_en          3/16] snapkv_d090    (6/6)  ex   47/100  KL=0.3808  mean=0.8747  0.09ex/s  eta=9m24s  [eta=25h05m35s total]
  [multifieldqa_en          3/16] snapkv_d090    (6/6)  ex   48/100  KL=0.6873  mean=0.8708  0.09ex/s  eta=9m17s  [eta=25h05m36s total]
  [multifieldqa_en          3/16] snapkv_d090    (6/6)  ex   49/100  KL=1.2785  mean=0.8791  0.09ex/s  eta=8m59s  [eta=25h04m48s total]
  [multifieldqa_en          3/16] snapkv_d090    (6/6)  ex   50/100  KL=0.5340  mean=0.8722  0.10ex/s  eta=8m45s  [eta=25h04m19s total]
  [multifieldqa_en          3/16] snapkv_d090    (6/6)  ex   51/100  KL=0.7572  mean=0.8700  0.10ex/s  eta=8m28s  [eta=25h03m30s total]
  [multifieldqa_en          3/16] snapkv_d090    (6/6)  ex   52/100  KL=1.5583  mean=0.8832  0.10ex/s  eta=8m19s  [eta=25h03m23s total]
  [multifieldqa_en          3/16] snapkv_d090    (6/6)  ex   53/100  KL=2.3655  mean=0.9112  0.10ex/s  eta=8m10s  [eta=25h03m14s total]
  [multifieldqa_en          3/16] snapkv_d090    (6/6)  ex   54/100  KL=2.2802  mean=0.9365  0.10ex/s  eta=7m56s  [eta=25h02m35s total]
  [multifieldqa_en          3/16] snapkv_d090    (6/6)  ex   55/100  KL=0.5899  mean=0.9302  0.10ex/s  eta=7m42s  [eta=25h02m02s total]
  [multifieldqa_en          3/16] snapkv_d090    (6/6)  ex   56/100  KL=0.4948  mean=0.9225  0.10ex/s  eta=7m28s  [eta=25h01m22s total]
  [multifieldqa_en          3/16] snapkv_d090    (6/6)  ex   57/100  KL=1.2958  mean=0.9290  0.10ex/s  eta=7m15s  [eta=25h00m47s total]
  [multifieldqa_en          3/16] snapkv_d090    (6/6)  ex   58/100  KL=0.4822  mean=0.9213  0.10ex/s  eta=7m00s  [eta=24h59m59s total]
  [multifieldqa_en          3/16] snapkv_d090    (6/6)  ex   59/100  KL=0.4781  mean=0.9138  0.10ex/s  eta=6m44s  [eta=24h59m08s total]
  [multifieldqa_en          3/16] snapkv_d090    (6/6)  ex   60/100  KL=0.6367  mean=0.9092  0.10ex/s  eta=6m35s  [eta=24h58m55s total]
  [multifieldqa_en          3/16] snapkv_d090    (6/6)  ex   61/100  KL=0.2643  mean=0.8986  0.10ex/s  eta=6m28s  [eta=24h58m56s total]
  [multifieldqa_en          3/16] snapkv_d090    (6/6)  ex   62/100  KL=0.4256  mean=0.8910  0.10ex/s  eta=6m19s  [eta=24h58m46s total]
  [multifieldqa_en          3/16] snapkv_d090    (6/6)  ex   63/100  KL=0.6793  mean=0.8876  0.10ex/s  eta=6m05s  [eta=24h57m57s total]
  [multifieldqa_en          3/16] snapkv_d090    (6/6)  ex   64/100  KL=0.1351  mean=0.8759  0.10ex/s  eta=5m54s  [eta=24h57m25s total]
  [multifieldqa_en          3/16] snapkv_d090    (6/6)  ex   65/100  KL=0.3968  mean=0.8685  0.10ex/s  eta=5m41s  [eta=24h56m42s total]
  [multifieldqa_en          3/16] snapkv_d090    (6/6)  ex   66/100  KL=0.4636  mean=0.8624  0.10ex/s  eta=5m33s  [eta=24h56m42s total]
  [multifieldqa_en          3/16] snapkv_d090    (6/6)  ex   67/100  KL=1.2916  mean=0.8688  0.10ex/s  eta=5m25s  [eta=24h56m33s total]
  [multifieldqa_en          3/16] snapkv_d090    (6/6)  ex   68/100  KL=0.3309  mean=0.8608  0.10ex/s  eta=5m17s  [eta=24h56m33s total]
  [multifieldqa_en          3/16] snapkv_d090    (6/6)  ex   69/100  KL=0.3858  mean=0.8540  0.10ex/s  eta=5m06s  [eta=24h56m05s total]
  [multifieldqa_en          3/16] snapkv_d090    (6/6)  ex   70/100  KL=0.6631  mean=0.8512  0.10ex/s  eta=4m56s  [eta=24h55m51s total]
  [multifieldqa_en          3/16] snapkv_d090    (6/6)  ex   71/100  KL=0.3357  mean=0.8440  0.10ex/s  eta=4m44s  [eta=24h55m02s total]
  [multifieldqa_en          3/16] snapkv_d090    (6/6)  ex   72/100  KL=0.5325  mean=0.8396  0.10ex/s  eta=4m31s  [eta=24h54m09s total]
  [multifieldqa_en          3/16] snapkv_d090    (6/6)  ex   73/100  KL=0.6580  mean=0.8372  0.10ex/s  eta=4m23s  [eta=24h54m09s total]
  [multifieldqa_en          3/16] snapkv_d090    (6/6)  ex   74/100  KL=0.4790  mean=0.8323  0.10ex/s  eta=4m14s  [eta=24h54m00s total]
  [multifieldqa_en          3/16] snapkv_d090    (6/6)  ex   75/100  KL=0.5536  mean=0.8286  0.10ex/s  eta=4m06s  [eta=24h54m01s total]
  [multifieldqa_en          3/16] snapkv_d090    (6/6)  ex   76/100  KL=0.6428  mean=0.8262  0.10ex/s  eta=3m57s  [eta=24h54m04s total]
  [multifieldqa_en          3/16] snapkv_d090    (6/6)  ex   77/100  KL=2.0206  mean=0.8417  0.10ex/s  eta=3m45s  [eta=24h53m15s total]
  [multifieldqa_en          3/16] snapkv_d090    (6/6)  ex   78/100  KL=2.5418  mean=0.8635  0.10ex/s  eta=3m36s  [eta=24h52m57s total]
  [multifieldqa_en          3/16] snapkv_d090    (6/6)  ex   79/100  KL=2.7897  mean=0.8879  0.10ex/s  eta=3m25s  [eta=24h52m23s total]
  [multifieldqa_en          3/16] snapkv_d090    (6/6)  ex   80/100  KL=1.3034  mean=0.8930  0.10ex/s  eta=3m16s  [eta=24h52m26s total]
  [multifieldqa_en          3/16] snapkv_d090    (6/6)  ex   81/100  KL=0.3043  mean=0.8858  0.10ex/s  eta=3m07s  [eta=24h52m27s total]
  [multifieldqa_en          3/16] snapkv_d090    (6/6)  ex   82/100  KL=0.6703  mean=0.8831  0.10ex/s  eta=2m58s  [eta=24h52m27s total]
  [multifieldqa_en          3/16] snapkv_d090    (6/6)  ex   83/100  KL=2.1465  mean=0.8984  0.10ex/s  eta=2m48s  [eta=24h51m55s total]
  [multifieldqa_en          3/16] snapkv_d090    (6/6)  ex   84/100  KL=0.8408  mean=0.8977  0.10ex/s  eta=2m36s  [eta=24h51m00s total]
  [multifieldqa_en          3/16] snapkv_d090    (6/6)  ex   85/100  KL=0.3140  mean=0.8908  0.10ex/s  eta=2m27s  [eta=24h50m42s total]
  [multifieldqa_en          3/16] snapkv_d090    (6/6)  ex   86/100  KL=0.4327  mean=0.8855  0.10ex/s  eta=2m17s  [eta=24h50m42s total]
  [multifieldqa_en          3/16] snapkv_d090    (6/6)  ex   87/100  KL=0.7264  mean=0.8837  0.10ex/s  eta=2m06s  [eta=24h49m47s total]
  [multifieldqa_en          3/16] snapkv_d090    (6/6)  ex   88/100  KL=1.8657  mean=0.8948  0.10ex/s  eta=1m56s  [eta=24h48m59s total]
  [multifieldqa_en          3/16] snapkv_d090    (6/6)  ex   89/100  KL=0.6340  mean=0.8919  0.10ex/s  eta=1m46s  [eta=24h48m53s total]
  [multifieldqa_en          3/16] snapkv_d090    (6/6)  ex   90/100  KL=5.3608  mean=0.9415  0.10ex/s  eta=1m37s  [eta=24h48m43s total]
  [multifieldqa_en          3/16] snapkv_d090    (6/6)  ex   91/100  KL=0.3521  mean=0.9351  0.10ex/s  eta=1m28s  [eta=24h48m44s total]
  [multifieldqa_en          3/16] snapkv_d090    (6/6)  ex   92/100  KL=2.0835  mean=0.9476  0.10ex/s  eta=1m18s  [eta=24h48m35s total]
  [multifieldqa_en          3/16] snapkv_d090    (6/6)  ex   93/100  KL=0.6623  mean=0.9445  0.10ex/s  eta=1m09s  [eta=24h48m38s total]
  [multifieldqa_en          3/16] snapkv_d090    (6/6)  ex   94/100  KL=0.3632  mean=0.9383  0.10ex/s  eta=58s  [eta=24h48m03s total]
  [multifieldqa_en          3/16] snapkv_d090    (6/6)  ex   95/100  KL=0.3691  mean=0.9323  0.10ex/s  eta=49s  [eta=24h48m02s total]
  [multifieldqa_en          3/16] snapkv_d090    (6/6)  ex   96/100  KL=1.8533  mean=0.9419  0.10ex/s  eta=39s  [eta=24h47m47s total]
  [multifieldqa_en          3/16] snapkv_d090    (6/6)  ex   97/100  KL=0.6585  mean=0.9390  0.10ex/s  eta=29s  [eta=24h47m24s total]
  [multifieldqa_en          3/16] snapkv_d090    (6/6)  ex   98/100  KL=1.0941  mean=0.9406  0.10ex/s  eta=19s  [eta=24h47m16s total]
  [multifieldqa_en          3/16] snapkv_d090    (6/6)  ex   99/100  KL=0.2952  mean=0.9340  0.10ex/s  eta=9s  [eta=24h46m35s total]
  [multifieldqa_en          3/16] snapkv_d090    (6/6)  ex  100/100  KL=0.4897  mean=0.9296  0.10ex/s  eta=0s  [eta=24h46m37s total]
  >>> multifieldqa_en / snapkv_d090:  n=100  mean_KL=0.9296  [16m28s]

  [hotpotqa                 4/16] naive_65pct    (1/6)  ex    1/100  KL=0.0659  mean=0.0659  0.07ex/s  eta=23m49s  [eta=24h46m39s total]
  [hotpotqa                 4/16] naive_65pct    (1/6)  ex    2/100  KL=0.0364  mean=0.0512  0.07ex/s  eta=23m30s  [eta=24h46m40s total]
  [hotpotqa                 4/16] naive_65pct    (1/6)  ex    3/100  KL=0.1845  mean=0.0956  0.07ex/s  eta=23m19s  [eta=24h46m42s total]
  [hotpotqa                 4/16] naive_65pct    (1/6)  ex    4/100  KL=0.0932  mean=0.0950  0.07ex/s  eta=23m06s  [eta=24h46m43s total]
  [hotpotqa                 4/16] naive_65pct    (1/6)  ex    5/100  KL=0.0039  mean=0.0768  0.07ex/s  eta=22m59s  [eta=24h46m47s total]
  [hotpotqa                 4/16] naive_65pct    (1/6)  ex    6/100  KL=0.0157  mean=0.0666  0.07ex/s  eta=22m48s  [eta=24h46m49s total]
  [hotpotqa                 4/16] naive_65pct    (1/6)  ex    7/100  KL=0.3285  mean=0.1040  0.07ex/s  eta=22m32s  [eta=24h46m51s total]
  [hotpotqa                 4/16] naive_65pct    (1/6)  ex    8/100  KL=0.0126  mean=0.0926  0.08ex/s  eta=20m08s  [eta=24h46m04s total]
  [hotpotqa                 4/16] naive_65pct    (1/6)  ex    9/100  KL=0.1050  mean=0.0940  0.08ex/s  eta=20m07s  [eta=24h46m05s total]
  [hotpotqa                 4/16] naive_65pct    (1/6)  ex   10/100  KL=0.0181  mean=0.0864  0.07ex/s  eta=20m02s  [eta=24h46m06s total]
  [hotpotqa                 4/16] naive_65pct    (1/6)  ex   11/100  KL=0.1020  mean=0.0878  0.07ex/s  eta=19m59s  [eta=24h46m08s total]
  [hotpotqa                 4/16] naive_65pct    (1/6)  ex   12/100  KL=0.3434  mean=0.1091  0.07ex/s  eta=19m53s  [eta=24h46m09s total]
  [hotpotqa                 4/16] naive_65pct    (1/6)  ex   13/100  KL=0.1683  mean=0.1136  0.07ex/s  eta=19m47s  [eta=24h46m12s total]
  [hotpotqa                 4/16] naive_65pct    (1/6)  ex   14/100  KL=0.3544  mean=0.1308  0.07ex/s  eta=19m40s  [eta=24h46m14s total]
  [hotpotqa                 4/16] naive_65pct    (1/6)  ex   15/100  KL=0.0030  mean=0.1223  0.07ex/s  eta=19m30s  [eta=24h46m16s total]
  [hotpotqa                 4/16] naive_65pct    (1/6)  ex   16/100  KL=0.0182  mean=0.1158  0.07ex/s  eta=19m20s  [eta=24h46m17s total]
  [hotpotqa                 4/16] naive_65pct    (1/6)  ex   17/100  KL=0.0827  mean=0.1139  0.07ex/s  eta=19m02s  [eta=24h46m13s total]
  [hotpotqa                 4/16] naive_65pct    (1/6)  ex   18/100  KL=0.0058  mean=0.1079  0.07ex/s  eta=18m51s  [eta=24h46m13s total]
  [hotpotqa                 4/16] naive_65pct    (1/6)  ex   19/100  KL=0.4476  mean=0.1257  0.07ex/s  eta=18m41s  [eta=24h46m15s total]
  [hotpotqa                 4/16] naive_65pct    (1/6)  ex   20/100  KL=0.0635  mean=0.1226  0.07ex/s  eta=18m29s  [eta=24h46m17s total]
  [hotpotqa                 4/16] naive_65pct    (1/6)  ex   21/100  KL=0.1844  mean=0.1256  0.07ex/s  eta=18m18s  [eta=24h46m18s total]
  [hotpotqa                 4/16] naive_65pct    (1/6)  ex   22/100  KL=0.2500  mean=0.1312  0.07ex/s  eta=18m06s  [eta=24h46m20s total]
  [hotpotqa                 4/16] naive_65pct    (1/6)  ex   23/100  KL=0.0297  mean=0.1268  0.07ex/s  eta=17m35s  [eta=24h45m57s total]
  [hotpotqa                 4/16] naive_65pct    (1/6)  ex   24/100  KL=0.1107  mean=0.1261  0.07ex/s  eta=17m23s  [eta=24h45m57s total]
  [hotpotqa                 4/16] naive_65pct    (1/6)  ex   25/100  KL=0.0989  mean=0.1251  0.07ex/s  eta=17m11s  [eta=24h45m58s total]
  [hotpotqa                 4/16] naive_65pct    (1/6)  ex   26/100  KL=0.0726  mean=0.1230  0.07ex/s  eta=16m59s  [eta=24h46m00s total]
  [hotpotqa                 4/16] naive_65pct    (1/6)  ex   27/100  KL=0.1774  mean=0.1251  0.07ex/s  eta=16m48s  [eta=24h46m01s total]
  [hotpotqa                 4/16] naive_65pct    (1/6)  ex   28/100  KL=0.0308  mean=0.1217  0.07ex/s  eta=16m36s  [eta=24h46m03s total]
  [hotpotqa                 4/16] naive_65pct    (1/6)  ex   29/100  KL=0.0460  mean=0.1191  0.07ex/s  eta=16m00s  [eta=24h45m24s total]
  [hotpotqa                 4/16] naive_65pct    (1/6)  ex   30/100  KL=0.0279  mean=0.1160  0.07ex/s  eta=15m49s  [eta=24h45m25s total]
  [hotpotqa                 4/16] naive_65pct    (1/6)  ex   31/100  KL=0.0126  mean=0.1127  0.07ex/s  eta=15m38s  [eta=24h45m27s total]
  [hotpotqa                 4/16] naive_65pct    (1/6)  ex   32/100  KL=0.3083  mean=0.1188  0.07ex/s  eta=15m26s  [eta=24h45m28s total]
  [hotpotqa                 4/16] naive_65pct    (1/6)  ex   33/100  KL=0.1601  mean=0.1201  0.07ex/s  eta=15m14s  [eta=24h45m30s total]
  [hotpotqa                 4/16] naive_65pct    (1/6)  ex   34/100  KL=0.1022  mean=0.1195  0.07ex/s  eta=15m03s  [eta=24h45m32s total]
  [hotpotqa                 4/16] naive_65pct    (1/6)  ex   35/100  KL=0.0467  mean=0.1175  0.07ex/s  eta=14m51s  [eta=24h45m34s total]
  [hotpotqa                 4/16] naive_65pct    (1/6)  ex   36/100  KL=0.0237  mean=0.1149  0.07ex/s  eta=14m38s  [eta=24h45m35s total]
  [hotpotqa                 4/16] naive_65pct    (1/6)  ex   37/100  KL=0.0253  mean=0.1124  0.07ex/s  eta=14m26s  [eta=24h45m36s total]
  [hotpotqa                 4/16] naive_65pct    (1/6)  ex   38/100  KL=0.0334  mean=0.1104  0.07ex/s  eta=14m13s  [eta=24h45m38s total]
  [hotpotqa                 4/16] naive_65pct    (1/6)  ex   39/100  KL=0.1143  mean=0.1105  0.07ex/s  eta=14m01s  [eta=24h45m39s total]
  [hotpotqa                 4/16] naive_65pct    (1/6)  ex   40/100  KL=0.0529  mean=0.1090  0.07ex/s  eta=13m48s  [eta=24h45m40s total]
  [hotpotqa                 4/16] naive_65pct    (1/6)  ex   41/100  KL=0.0606  mean=0.1078  0.07ex/s  eta=13m36s  [eta=24h45m42s total]
  [hotpotqa                 4/16] naive_65pct    (1/6)  ex   42/100  KL=0.0584  mean=0.1067  0.07ex/s  eta=13m23s  [eta=24h45m44s total]
  [hotpotqa                 4/16] naive_65pct    (1/6)  ex   43/100  KL=0.2128  mean=0.1091  0.07ex/s  eta=13m10s  [eta=24h45m45s total]
  [hotpotqa                 4/16] naive_65pct    (1/6)  ex   44/100  KL=0.1195  mean=0.1094  0.07ex/s  eta=12m57s  [eta=24h45m46s total]
  [hotpotqa                 4/16] naive_65pct    (1/6)  ex   45/100  KL=0.0426  mean=0.1079  0.07ex/s  eta=12m44s  [eta=24h45m47s total]
  [hotpotqa                 4/16] naive_65pct    (1/6)  ex   46/100  KL=0.0457  mean=0.1065  0.07ex/s  eta=12m30s  [eta=24h45m48s total]
  [hotpotqa                 4/16] naive_65pct    (1/6)  ex   47/100  KL=0.1270  mean=0.1070  0.07ex/s  eta=12m17s  [eta=24h45m47s total]
  [hotpotqa                 4/16] naive_65pct    (1/6)  ex   48/100  KL=0.0381  mean=0.1055  0.07ex/s  eta=12m03s  [eta=24h45m49s total]
  [hotpotqa                 4/16] naive_65pct    (1/6)  ex   49/100  KL=0.2050  mean=0.1076  0.07ex/s  eta=11m50s  [eta=24h45m50s total]
  [hotpotqa                 4/16] naive_65pct    (1/6)  ex   50/100  KL=0.1854  mean=0.1091  0.07ex/s  eta=11m37s  [eta=24h45m50s total]
  [hotpotqa                 4/16] naive_65pct    (1/6)  ex   51/100  KL=0.1480  mean=0.1099  0.07ex/s  eta=11m18s  [eta=24h45m29s total]
  [hotpotqa                 4/16] naive_65pct    (1/6)  ex   52/100  KL=0.0714  mean=0.1091  0.07ex/s  eta=11m05s  [eta=24h45m30s total]
  [hotpotqa                 4/16] naive_65pct    (1/6)  ex   53/100  KL=0.0054  mean=0.1072  0.07ex/s  eta=10m52s  [eta=24h45m32s total]
  [hotpotqa                 4/16] naive_65pct    (1/6)  ex   54/100  KL=0.1157  mean=0.1073  0.07ex/s  eta=10m38s  [eta=24h45m34s total]
  [hotpotqa                 4/16] naive_65pct    (1/6)  ex   55/100  KL=0.0243  mean=0.1058  0.07ex/s  eta=10m25s  [eta=24h45m34s total]
  [hotpotqa                 4/16] naive_65pct    (1/6)  ex   56/100  KL=0.0484  mean=0.1048  0.07ex/s  eta=10m11s  [eta=24h45m34s total]
  [hotpotqa                 4/16] naive_65pct    (1/6)  ex   57/100  KL=0.0573  mean=0.1040  0.07ex/s  eta=9m58s  [eta=24h45m35s total]
  [hotpotqa                 4/16] naive_65pct    (1/6)  ex   58/100  KL=0.0612  mean=0.1032  0.07ex/s  eta=9m44s  [eta=24h45m36s total]
  [hotpotqa                 4/16] naive_65pct    (1/6)  ex   59/100  KL=0.0586  mean=0.1025  0.07ex/s  eta=9m31s  [eta=24h45m36s total]
  [hotpotqa                 4/16] naive_65pct    (1/6)  ex   60/100  KL=0.0010  mean=0.1008  0.07ex/s  eta=9m17s  [eta=24h45m37s total]
  [hotpotqa                 4/16] naive_65pct    (1/6)  ex   61/100  KL=0.0284  mean=0.0996  0.07ex/s  eta=9m04s  [eta=24h45m38s total]
  [hotpotqa                 4/16] naive_65pct    (1/6)  ex   62/100  KL=0.0066  mean=0.0981  0.07ex/s  eta=8m46s  [eta=24h45m12s total]
  [hotpotqa                 4/16] naive_65pct    (1/6)  ex   63/100  KL=0.0047  mean=0.0966  0.07ex/s  eta=8m33s  [eta=24h45m14s total]
  [hotpotqa                 4/16] naive_65pct    (1/6)  ex   64/100  KL=0.1033  mean=0.0967  0.07ex/s  eta=8m19s  [eta=24h45m14s total]
  [hotpotqa                 4/16] naive_65pct    (1/6)  ex   65/100  KL=0.0167  mean=0.0955  0.07ex/s  eta=8m06s  [eta=24h45m15s total]
  [hotpotqa                 4/16] naive_65pct    (1/6)  ex   66/100  KL=0.0510  mean=0.0948  0.07ex/s  eta=7m52s  [eta=24h45m17s total]
  [hotpotqa                 4/16] naive_65pct    (1/6)  ex   67/100  KL=0.0015  mean=0.0934  0.07ex/s  eta=7m39s  [eta=24h45m18s total]
  [hotpotqa                 4/16] naive_65pct    (1/6)  ex   68/100  KL=0.0668  mean=0.0930  0.07ex/s  eta=7m25s  [eta=24h45m18s total]
  [hotpotqa                 4/16] naive_65pct    (1/6)  ex   69/100  KL=0.0952  mean=0.0931  0.07ex/s  eta=7m11s  [eta=24h45m19s total]
  [hotpotqa                 4/16] naive_65pct    (1/6)  ex   70/100  KL=0.0026  mean=0.0918  0.07ex/s  eta=6m58s  [eta=24h45m21s total]
  [hotpotqa                 4/16] naive_65pct    (1/6)  ex   71/100  KL=0.1041  mean=0.0919  0.07ex/s  eta=6m44s  [eta=24h45m21s total]
  [hotpotqa                 4/16] naive_65pct    (1/6)  ex   72/100  KL=0.0224  mean=0.0910  0.07ex/s  eta=6m30s  [eta=24h45m22s total]
  [hotpotqa                 4/16] naive_65pct    (1/6)  ex   73/100  KL=0.0359  mean=0.0902  0.07ex/s  eta=6m16s  [eta=24h45m23s total]
  [hotpotqa                 4/16] naive_65pct    (1/6)  ex   74/100  KL=0.2927  mean=0.0930  0.07ex/s  eta=6m03s  [eta=24h45m23s total]
  [hotpotqa                 4/16] naive_65pct    (1/6)  ex   75/100  KL=0.0721  mean=0.0927  0.07ex/s  eta=5m49s  [eta=24h45m24s total]
  [hotpotqa                 4/16] naive_65pct    (1/6)  ex   76/100  KL=0.0640  mean=0.0923  0.07ex/s  eta=5m34s  [eta=24h45m10s total]
  [hotpotqa                 4/16] naive_65pct    (1/6)  ex   77/100  KL=0.0046  mean=0.0912  0.07ex/s  eta=5m20s  [eta=24h45m11s total]
  [hotpotqa                 4/16] naive_65pct    (1/6)  ex   78/100  KL=0.1400  mean=0.0918  0.07ex/s  eta=5m06s  [eta=24h45m11s total]
  [hotpotqa                 4/16] naive_65pct    (1/6)  ex   79/100  KL=0.1073  mean=0.0920  0.07ex/s  eta=4m51s  [eta=24h44m52s total]
  [hotpotqa                 4/16] naive_65pct    (1/6)  ex   80/100  KL=0.3092  mean=0.0947  0.07ex/s  eta=4m38s  [eta=24h44m53s total]
  [hotpotqa                 4/16] naive_65pct    (1/6)  ex   81/100  KL=0.0196  mean=0.0938  0.07ex/s  eta=4m24s  [eta=24h44m54s total]
  [hotpotqa                 4/16] naive_65pct    (1/6)  ex   82/100  KL=0.0148  mean=0.0928  0.07ex/s  eta=4m10s  [eta=24h44m55s total]
  [hotpotqa                 4/16] naive_65pct    (1/6)  ex   83/100  KL=0.5256  mean=0.0980  0.07ex/s  eta=3m56s  [eta=24h44m55s total]
  [hotpotqa                 4/16] naive_65pct    (1/6)  ex   84/100  KL=0.0368  mean=0.0973  0.07ex/s  eta=3m42s  [eta=24h44m56s total]
  [hotpotqa                 4/16] naive_65pct    (1/6)  ex   85/100  KL=0.0503  mean=0.0967  0.07ex/s  eta=3m29s  [eta=24h44m56s total]
  [hotpotqa                 4/16] naive_65pct    (1/6)  ex   86/100  KL=0.0587  mean=0.0963  0.07ex/s  eta=3m14s  [eta=24h44m44s total]
  [hotpotqa                 4/16] naive_65pct    (1/6)  ex   87/100  KL=0.1029  mean=0.0964  0.07ex/s  eta=3m00s  [eta=24h44m43s total]
  [hotpotqa                 4/16] naive_65pct    (1/6)  ex   88/100  KL=0.0045  mean=0.0953  0.07ex/s  eta=2m46s  [eta=24h44m42s total]
  [hotpotqa                 4/16] naive_65pct    (1/6)  ex   89/100  KL=0.0336  mean=0.0946  0.07ex/s  eta=2m33s  [eta=24h44m43s total]
  [hotpotqa                 4/16] naive_65pct    (1/6)  ex   90/100  KL=0.2528  mean=0.0964  0.07ex/s  eta=2m19s  [eta=24h44m43s total]
  [hotpotqa                 4/16] naive_65pct    (1/6)  ex   91/100  KL=0.0740  mean=0.0962  0.07ex/s  eta=2m05s  [eta=24h44m43s total]
  [hotpotqa                 4/16] naive_65pct    (1/6)  ex   92/100  KL=0.0577  mean=0.0957  0.07ex/s  eta=1m51s  [eta=24h44m44s total]
  [hotpotqa                 4/16] naive_65pct    (1/6)  ex   93/100  KL=0.0237  mean=0.0950  0.07ex/s  eta=1m37s  [eta=24h44m44s total]
  [hotpotqa                 4/16] naive_65pct    (1/6)  ex   94/100  KL=0.0754  mean=0.0948  0.07ex/s  eta=1m23s  [eta=24h44m43s total]
  [hotpotqa                 4/16] naive_65pct    (1/6)  ex   95/100  KL=0.0204  mean=0.0940  0.07ex/s  eta=1m09s  [eta=24h44m44s total]
  [hotpotqa                 4/16] naive_65pct    (1/6)  ex   96/100  KL=0.1290  mean=0.0943  0.07ex/s  eta=55s  [eta=24h44m43s total]
  [hotpotqa                 4/16] naive_65pct    (1/6)  ex   97/100  KL=0.0409  mean=0.0938  0.07ex/s  eta=41s  [eta=24h44m43s total]
  [hotpotqa                 4/16] naive_65pct    (1/6)  ex   98/100  KL=0.2290  mean=0.0952  0.07ex/s  eta=27s  [eta=24h44m43s total]
  [hotpotqa                 4/16] naive_65pct    (1/6)  ex   99/100  KL=0.0818  mean=0.0950  0.07ex/s  eta=13s  [eta=24h44m44s total]
  [hotpotqa                 4/16] naive_65pct    (1/6)  ex  100/100  KL=0.1021  mean=0.0951  0.07ex/s  eta=0s  [eta=24h44m42s total]
  >>> hotpotqa / naive_65pct:  n=100  mean_KL=0.0951  [23m17s]

  [hotpotqa                 4/16] snapkv         (2/6)  ex    1/100  KL=0.0853  mean=0.0853  0.08ex/s  eta=20m34s  [eta=24h44m34s total]
  [hotpotqa                 4/16] snapkv         (2/6)  ex    2/100  KL=0.0306  mean=0.0579  0.08ex/s  eta=20m39s  [eta=24h44m28s total]
  [hotpotqa                 4/16] snapkv         (2/6)  ex    3/100  KL=0.2051  mean=0.1070  0.08ex/s  eta=20m31s  [eta=24h44m21s total]
  [hotpotqa                 4/16] snapkv         (2/6)  ex    4/100  KL=0.0901  mean=0.1028  0.08ex/s  eta=20m19s  [eta=24h44m14s total]
  [hotpotqa                 4/16] snapkv         (2/6)  ex    5/100  KL=0.0133  mean=0.0849  0.08ex/s  eta=20m11s  [eta=24h44m08s total]
  [hotpotqa                 4/16] snapkv         (2/6)  ex    6/100  KL=0.1052  mean=0.0883  0.08ex/s  eta=19m57s  [eta=24h44m01s total]
  [hotpotqa                 4/16] snapkv         (2/6)  ex    7/100  KL=0.3482  mean=0.1254  0.08ex/s  eta=19m46s  [eta=24h43m55s total]
  [hotpotqa                 4/16] snapkv         (2/6)  ex    8/100  KL=0.0222  mean=0.1125  0.09ex/s  eta=17m46s  [eta=24h43m10s total]
  [hotpotqa                 4/16] snapkv         (2/6)  ex    9/100  KL=0.0994  mean=0.1110  0.09ex/s  eta=17m49s  [eta=24h43m05s total]
  [hotpotqa                 4/16] snapkv         (2/6)  ex   10/100  KL=0.0336  mean=0.1033  0.08ex/s  eta=17m46s  [eta=24h42m58s total]
  [hotpotqa                 4/16] snapkv         (2/6)  ex   11/100  KL=0.0810  mean=0.1013  0.08ex/s  eta=17m42s  [eta=24h42m51s total]
  [hotpotqa                 4/16] snapkv         (2/6)  ex   12/100  KL=0.4714  mean=0.1321  0.08ex/s  eta=17m37s  [eta=24h42m45s total]
  [hotpotqa                 4/16] snapkv         (2/6)  ex   13/100  KL=0.1496  mean=0.1335  0.08ex/s  eta=17m31s  [eta=24h42m39s total]
  [hotpotqa                 4/16] snapkv         (2/6)  ex   14/100  KL=0.4217  mean=0.1540  0.08ex/s  eta=17m23s  [eta=24h42m32s total]
  [hotpotqa                 4/16] snapkv         (2/6)  ex   15/100  KL=0.0491  mean=0.1471  0.08ex/s  eta=17m16s  [eta=24h42m26s total]
  [hotpotqa                 4/16] snapkv         (2/6)  ex   16/100  KL=0.0464  mean=0.1408  0.08ex/s  eta=17m08s  [eta=24h42m20s total]
  [hotpotqa                 4/16] snapkv         (2/6)  ex   17/100  KL=0.1346  mean=0.1404  0.08ex/s  eta=16m52s  [eta=24h42m08s total]
  [hotpotqa                 4/16] snapkv         (2/6)  ex   18/100  KL=0.0401  mean=0.1348  0.08ex/s  eta=16m41s  [eta=24h42m00s total]
  [hotpotqa                 4/16] snapkv         (2/6)  ex   19/100  KL=0.5204  mean=0.1551  0.08ex/s  eta=16m31s  [eta=24h41m54s total]
  [hotpotqa                 4/16] snapkv         (2/6)  ex   20/100  KL=0.0775  mean=0.1512  0.08ex/s  eta=16m22s  [eta=24h41m48s total]
  [hotpotqa                 4/16] snapkv         (2/6)  ex   21/100  KL=0.2915  mean=0.1579  0.08ex/s  eta=16m12s  [eta=24h41m41s total]
  [hotpotqa                 4/16] snapkv         (2/6)  ex   22/100  KL=0.2860  mean=0.1637  0.08ex/s  eta=16m01s  [eta=24h41m35s total]
  [hotpotqa                 4/16] snapkv         (2/6)  ex   23/100  KL=0.0959  mean=0.1608  0.08ex/s  eta=15m37s  [eta=24h41m12s total]
  [hotpotqa                 4/16] snapkv         (2/6)  ex   24/100  KL=0.1216  mean=0.1592  0.08ex/s  eta=15m26s  [eta=24h41m04s total]
  [hotpotqa                 4/16] snapkv         (2/6)  ex   25/100  KL=0.1044  mean=0.1570  0.08ex/s  eta=15m16s  [eta=24h40m58s total]
  [hotpotqa                 4/16] snapkv         (2/6)  ex   26/100  KL=0.1450  mean=0.1565  0.08ex/s  eta=15m05s  [eta=24h40m51s total]
  [hotpotqa                 4/16] snapkv         (2/6)  ex   27/100  KL=0.0347  mean=0.1520  0.08ex/s  eta=14m55s  [eta=24h40m44s total]
  [hotpotqa                 4/16] snapkv         (2/6)  ex   28/100  KL=0.0610  mean=0.1487  0.08ex/s  eta=14m44s  [eta=24h40m38s total]
  [hotpotqa                 4/16] snapkv         (2/6)  ex   29/100  KL=0.1554  mean=0.1490  0.08ex/s  eta=14m14s  [eta=24h40m00s total]
  [hotpotqa                 4/16] snapkv         (2/6)  ex   30/100  KL=0.0552  mean=0.1458  0.08ex/s  eta=14m03s  [eta=24h39m53s total]
  [hotpotqa                 4/16] snapkv         (2/6)  ex   31/100  KL=0.0438  mean=0.1426  0.08ex/s  eta=13m53s  [eta=24h39m46s total]
  [hotpotqa                 4/16] snapkv         (2/6)  ex   32/100  KL=0.3811  mean=0.1500  0.08ex/s  eta=13m42s  [eta=24h39m39s total]
  [hotpotqa                 4/16] snapkv         (2/6)  ex   33/100  KL=0.1097  mean=0.1488  0.08ex/s  eta=13m31s  [eta=24h39m32s total]
  [hotpotqa                 4/16] snapkv         (2/6)  ex   34/100  KL=0.1151  mean=0.1478  0.08ex/s  eta=13m21s  [eta=24h39m26s total]
  [hotpotqa                 4/16] snapkv         (2/6)  ex   35/100  KL=0.1069  mean=0.1466  0.08ex/s  eta=13m10s  [eta=24h39m19s total]
  [hotpotqa                 4/16] snapkv         (2/6)  ex   36/100  KL=0.0487  mean=0.1439  0.08ex/s  eta=13m00s  [eta=24h39m14s total]
  [hotpotqa                 4/16] snapkv         (2/6)  ex   37/100  KL=0.0699  mean=0.1419  0.08ex/s  eta=12m48s  [eta=24h39m07s total]
  [hotpotqa                 4/16] snapkv         (2/6)  ex   38/100  KL=0.1238  mean=0.1414  0.08ex/s  eta=12m37s  [eta=24h39m00s total]
  [hotpotqa                 4/16] snapkv         (2/6)  ex   39/100  KL=0.2045  mean=0.1430  0.08ex/s  eta=12m26s  [eta=24h38m53s total]
  [hotpotqa                 4/16] snapkv         (2/6)  ex   40/100  KL=0.0838  mean=0.1416  0.08ex/s  eta=12m14s  [eta=24h38m46s total]
  [hotpotqa                 4/16] snapkv         (2/6)  ex   41/100  KL=0.0652  mean=0.1397  0.08ex/s  eta=12m03s  [eta=24h38m39s total]
  [hotpotqa                 4/16] snapkv         (2/6)  ex   42/100  KL=0.1390  mean=0.1397  0.08ex/s  eta=11m51s  [eta=24h38m32s total]
  [hotpotqa                 4/16] snapkv         (2/6)  ex   43/100  KL=0.2919  mean=0.1432  0.08ex/s  eta=11m39s  [eta=24h38m25s total]
  [hotpotqa                 4/16] snapkv         (2/6)  ex   44/100  KL=0.1146  mean=0.1426  0.08ex/s  eta=11m28s  [eta=24h38m19s total]
  [hotpotqa                 4/16] snapkv         (2/6)  ex   45/100  KL=0.0843  mean=0.1413  0.08ex/s  eta=11m16s  [eta=24h38m12s total]
  [hotpotqa                 4/16] snapkv         (2/6)  ex   46/100  KL=0.0543  mean=0.1394  0.08ex/s  eta=11m05s  [eta=24h38m05s total]
  [hotpotqa                 4/16] snapkv         (2/6)  ex   47/100  KL=0.0844  mean=0.1382  0.08ex/s  eta=10m53s  [eta=24h37m58s total]
  [hotpotqa                 4/16] snapkv         (2/6)  ex   48/100  KL=0.0765  mean=0.1369  0.08ex/s  eta=10m41s  [eta=24h37m52s total]
  [hotpotqa                 4/16] snapkv         (2/6)  ex   49/100  KL=0.2748  mean=0.1397  0.08ex/s  eta=10m29s  [eta=24h37m45s total]
  [hotpotqa                 4/16] snapkv         (2/6)  ex   50/100  KL=0.1210  mean=0.1394  0.08ex/s  eta=10m18s  [eta=24h37m39s total]
  [hotpotqa                 4/16] snapkv         (2/6)  ex   51/100  KL=0.1702  mean=0.1400  0.08ex/s  eta=10m01s  [eta=24h37m15s total]
  [hotpotqa                 4/16] snapkv         (2/6)  ex   52/100  KL=0.0771  mean=0.1388  0.08ex/s  eta=9m50s  [eta=24h37m08s total]
  [hotpotqa                 4/16] snapkv         (2/6)  ex   53/100  KL=0.0328  mean=0.1368  0.08ex/s  eta=9m38s  [eta=24h37m01s total]
  [hotpotqa                 4/16] snapkv         (2/6)  ex   54/100  KL=0.4285  mean=0.1422  0.08ex/s  eta=9m26s  [eta=24h36m54s total]
  [hotpotqa                 4/16] snapkv         (2/6)  ex   55/100  KL=0.0813  mean=0.1411  0.08ex/s  eta=9m14s  [eta=24h36m47s total]
  [hotpotqa                 4/16] snapkv         (2/6)  ex   56/100  KL=0.0642  mean=0.1397  0.08ex/s  eta=9m02s  [eta=24h36m40s total]
  [hotpotqa                 4/16] snapkv         (2/6)  ex   57/100  KL=0.1106  mean=0.1392  0.08ex/s  eta=8m50s  [eta=24h36m32s total]
  [hotpotqa                 4/16] snapkv         (2/6)  ex   58/100  KL=0.0790  mean=0.1381  0.08ex/s  eta=8m38s  [eta=24h36m26s total]
  [hotpotqa                 4/16] snapkv         (2/6)  ex   59/100  KL=0.1012  mean=0.1375  0.08ex/s  eta=8m26s  [eta=24h36m19s total]
  [hotpotqa                 4/16] snapkv         (2/6)  ex   60/100  KL=0.0058  mean=0.1353  0.08ex/s  eta=8m14s  [eta=24h36m12s total]
  [hotpotqa                 4/16] snapkv         (2/6)  ex   61/100  KL=0.0538  mean=0.1340  0.08ex/s  eta=8m02s  [eta=24h36m05s total]
  [hotpotqa                 4/16] snapkv         (2/6)  ex   62/100  KL=0.1013  mean=0.1335  0.08ex/s  eta=7m47s  [eta=24h35m42s total]
  [hotpotqa                 4/16] snapkv         (2/6)  ex   63/100  KL=0.0281  mean=0.1318  0.08ex/s  eta=7m35s  [eta=24h35m35s total]
  [hotpotqa                 4/16] snapkv         (2/6)  ex   64/100  KL=0.1058  mean=0.1314  0.08ex/s  eta=7m23s  [eta=24h35m27s total]
  [hotpotqa                 4/16] snapkv         (2/6)  ex   65/100  KL=0.0220  mean=0.1297  0.08ex/s  eta=7m11s  [eta=24h35m20s total]
  [hotpotqa                 4/16] snapkv         (2/6)  ex   66/100  KL=0.0792  mean=0.1289  0.08ex/s  eta=6m59s  [eta=24h35m14s total]
  [hotpotqa                 4/16] snapkv         (2/6)  ex   67/100  KL=0.0194  mean=0.1273  0.08ex/s  eta=6m47s  [eta=24h35m07s total]
  [hotpotqa                 4/16] snapkv         (2/6)  ex   68/100  KL=0.0795  mean=0.1266  0.08ex/s  eta=6m35s  [eta=24h35m00s total]
  [hotpotqa                 4/16] snapkv         (2/6)  ex   69/100  KL=0.1047  mean=0.1263  0.08ex/s  eta=6m22s  [eta=24h34m53s total]
  [hotpotqa                 4/16] snapkv         (2/6)  ex   70/100  KL=0.0119  mean=0.1246  0.08ex/s  eta=6m10s  [eta=24h34m46s total]
  [hotpotqa                 4/16] snapkv         (2/6)  ex   71/100  KL=0.1093  mean=0.1244  0.08ex/s  eta=5m58s  [eta=24h34m40s total]
  [hotpotqa                 4/16] snapkv         (2/6)  ex   72/100  KL=0.0287  mean=0.1231  0.08ex/s  eta=5m46s  [eta=24h34m33s total]
  [hotpotqa                 4/16] snapkv         (2/6)  ex   73/100  KL=0.0599  mean=0.1222  0.08ex/s  eta=5m34s  [eta=24h34m27s total]
  [hotpotqa                 4/16] snapkv         (2/6)  ex   74/100  KL=0.2963  mean=0.1246  0.08ex/s  eta=5m22s  [eta=24h34m20s total]
  [hotpotqa                 4/16] snapkv         (2/6)  ex   75/100  KL=0.0292  mean=0.1233  0.08ex/s  eta=5m09s  [eta=24h34m13s total]
  [hotpotqa                 4/16] snapkv         (2/6)  ex   76/100  KL=0.1664  mean=0.1239  0.08ex/s  eta=4m56s  [eta=24h33m54s total]
  [hotpotqa                 4/16] snapkv         (2/6)  ex   77/100  KL=0.0184  mean=0.1225  0.08ex/s  eta=4m44s  [eta=24h33m47s total]
  [hotpotqa                 4/16] snapkv         (2/6)  ex   78/100  KL=0.1764  mean=0.1232  0.08ex/s  eta=4m32s  [eta=24h33m41s total]
  [hotpotqa                 4/16] snapkv         (2/6)  ex   79/100  KL=0.1484  mean=0.1235  0.08ex/s  eta=4m18s  [eta=24h33m18s total]
  [hotpotqa                 4/16] snapkv         (2/6)  ex   80/100  KL=0.4845  mean=0.1280  0.08ex/s  eta=4m06s  [eta=24h33m11s total]
  [hotpotqa                 4/16] snapkv         (2/6)  ex   81/100  KL=0.1203  mean=0.1279  0.08ex/s  eta=3m54s  [eta=24h33m05s total]
  [hotpotqa                 4/16] snapkv         (2/6)  ex   82/100  KL=0.0286  mean=0.1267  0.08ex/s  eta=3m42s  [eta=24h32m58s total]
  [hotpotqa                 4/16] snapkv         (2/6)  ex   83/100  KL=0.5460  mean=0.1318  0.08ex/s  eta=3m29s  [eta=24h32m51s total]
  [hotpotqa                 4/16] snapkv         (2/6)  ex   84/100  KL=0.0872  mean=0.1312  0.08ex/s  eta=3m17s  [eta=24h32m43s total]
  [hotpotqa                 4/16] snapkv         (2/6)  ex   85/100  KL=0.0341  mean=0.1301  0.08ex/s  eta=3m05s  [eta=24h32m37s total]
  [hotpotqa                 4/16] snapkv         (2/6)  ex   86/100  KL=0.2132  mean=0.1311  0.08ex/s  eta=2m52s  [eta=24h32m18s total]
  [hotpotqa                 4/16] snapkv         (2/6)  ex   87/100  KL=0.1303  mean=0.1311  0.08ex/s  eta=2m40s  [eta=24h32m11s total]
  [hotpotqa                 4/16] snapkv         (2/6)  ex   88/100  KL=0.0412  mean=0.1300  0.08ex/s  eta=2m28s  [eta=24h32m03s total]
  [hotpotqa                 4/16] snapkv         (2/6)  ex   89/100  KL=0.0415  mean=0.1290  0.08ex/s  eta=2m15s  [eta=24h31m58s total]
  [hotpotqa                 4/16] snapkv         (2/6)  ex   90/100  KL=0.1683  mean=0.1295  0.08ex/s  eta=2m03s  [eta=24h31m50s total]
  [hotpotqa                 4/16] snapkv         (2/6)  ex   91/100  KL=0.0668  mean=0.1288  0.08ex/s  eta=1m51s  [eta=24h31m43s total]
  [hotpotqa                 4/16] snapkv         (2/6)  ex   92/100  KL=0.0506  mean=0.1279  0.08ex/s  eta=1m38s  [eta=24h31m36s total]
  [hotpotqa                 4/16] snapkv         (2/6)  ex   93/100  KL=0.0305  mean=0.1269  0.08ex/s  eta=1m26s  [eta=24h31m29s total]
  [hotpotqa                 4/16] snapkv         (2/6)  ex   94/100  KL=0.0648  mean=0.1262  0.08ex/s  eta=1m14s  [eta=24h31m22s total]
  [hotpotqa                 4/16] snapkv         (2/6)  ex   95/100  KL=0.0654  mean=0.1256  0.08ex/s  eta=1m01s  [eta=24h31m16s total]
  [hotpotqa                 4/16] snapkv         (2/6)  ex   96/100  KL=0.2241  mean=0.1266  0.08ex/s  eta=49s  [eta=24h31m09s total]
  [hotpotqa                 4/16] snapkv         (2/6)  ex   97/100  KL=0.0698  mean=0.1260  0.08ex/s  eta=37s  [eta=24h31m02s total]
  [hotpotqa                 4/16] snapkv         (2/6)  ex   98/100  KL=0.1437  mean=0.1262  0.08ex/s  eta=24s  [eta=24h30m55s total]
  [hotpotqa                 4/16] snapkv         (2/6)  ex   99/100  KL=0.1063  mean=0.1260  0.08ex/s  eta=12s  [eta=24h30m47s total]
  [hotpotqa                 4/16] snapkv         (2/6)  ex  100/100  KL=0.1940  mean=0.1267  0.08ex/s  eta=0s  [eta=24h30m41s total]
  >>> hotpotqa / snapkv:  n=100  mean_KL=0.1267  [20m40s]

  [hotpotqa                 4/16] kq_only        (3/6)  ex    1/100  KL=0.0716  mean=0.0716  0.08ex/s  eta=21m10s  [eta=24h30m34s total]
  [hotpotqa                 4/16] kq_only        (3/6)  ex    2/100  KL=0.0713  mean=0.0715  0.08ex/s  eta=21m14s  [eta=24h30m28s total]
  [hotpotqa                 4/16] kq_only        (3/6)  ex    3/100  KL=0.4086  mean=0.1838  0.08ex/s  eta=20m56s  [eta=24h30m22s total]
  [hotpotqa                 4/16] kq_only        (3/6)  ex    4/100  KL=0.1309  mean=0.1706  0.08ex/s  eta=20m41s  [eta=24h30m15s total]
  [hotpotqa                 4/16] kq_only        (3/6)  ex    5/100  KL=0.0242  mean=0.1413  0.08ex/s  eta=20m32s  [eta=24h30m09s total]
  [hotpotqa                 4/16] kq_only        (3/6)  ex    6/100  KL=0.1028  mean=0.1349  0.08ex/s  eta=20m20s  [eta=24h30m03s total]
  [hotpotqa                 4/16] kq_only        (3/6)  ex    7/100  KL=0.3673  mean=0.1681  0.08ex/s  eta=20m06s  [eta=24h29m56s total]
  [hotpotqa                 4/16] kq_only        (3/6)  ex    8/100  KL=0.0544  mean=0.1539  0.08ex/s  eta=18m09s  [eta=24h29m15s total]
  [hotpotqa                 4/16] kq_only        (3/6)  ex    9/100  KL=0.1260  mean=0.1508  0.08ex/s  eta=18m04s  [eta=24h29m07s total]
  [hotpotqa                 4/16] kq_only        (3/6)  ex   10/100  KL=0.0677  mean=0.1425  0.08ex/s  eta=18m00s  [eta=24h29m00s total]
  [hotpotqa                 4/16] kq_only        (3/6)  ex   11/100  KL=0.0933  mean=0.1380  0.08ex/s  eta=17m56s  [eta=24h28m53s total]
  [hotpotqa                 4/16] kq_only        (3/6)  ex   12/100  KL=0.4286  mean=0.1622  0.08ex/s  eta=17m50s  [eta=24h28m47s total]
  [hotpotqa                 4/16] kq_only        (3/6)  ex   13/100  KL=0.2441  mean=0.1685  0.08ex/s  eta=17m43s  [eta=24h28m40s total]
  [hotpotqa                 4/16] kq_only        (3/6)  ex   14/100  KL=0.3504  mean=0.1815  0.08ex/s  eta=17m33s  [eta=24h28m32s total]
  [hotpotqa                 4/16] kq_only        (3/6)  ex   15/100  KL=0.0430  mean=0.1723  0.08ex/s  eta=17m26s  [eta=24h28m26s total]
  [hotpotqa                 4/16] kq_only        (3/6)  ex   16/100  KL=0.0975  mean=0.1676  0.08ex/s  eta=17m17s  [eta=24h28m20s total]
  [hotpotqa                 4/16] kq_only        (3/6)  ex   17/100  KL=0.1216  mean=0.1649  0.08ex/s  eta=17m01s  [eta=24h28m08s total]
  [hotpotqa                 4/16] kq_only        (3/6)  ex   18/100  KL=0.0372  mean=0.1578  0.08ex/s  eta=16m50s  [eta=24h28m00s total]
  [hotpotqa                 4/16] kq_only        (3/6)  ex   19/100  KL=0.4186  mean=0.1715  0.08ex/s  eta=16m40s  [eta=24h27m54s total]
  [hotpotqa                 4/16] kq_only        (3/6)  ex   20/100  KL=0.0703  mean=0.1665  0.08ex/s  eta=16m29s  [eta=24h27m46s total]
  [hotpotqa                 4/16] kq_only        (3/6)  ex   21/100  KL=0.2922  mean=0.1725  0.08ex/s  eta=16m19s  [eta=24h27m40s total]
  [hotpotqa                 4/16] kq_only        (3/6)  ex   22/100  KL=0.2648  mean=0.1767  0.08ex/s  eta=16m08s  [eta=24h27m32s total]
  [hotpotqa                 4/16] kq_only        (3/6)  ex   23/100  KL=0.0973  mean=0.1732  0.08ex/s  eta=15m42s  [eta=24h27m09s total]
  [hotpotqa                 4/16] kq_only        (3/6)  ex   24/100  KL=0.1508  mean=0.1723  0.08ex/s  eta=15m32s  [eta=24h27m02s total]
  [hotpotqa                 4/16] kq_only        (3/6)  ex   25/100  KL=0.1096  mean=0.1698  0.08ex/s  eta=15m22s  [eta=24h26m55s total]
  [hotpotqa                 4/16] kq_only        (3/6)  ex   26/100  KL=0.2407  mean=0.1725  0.08ex/s  eta=15m12s  [eta=24h26m49s total]
  [hotpotqa                 4/16] kq_only        (3/6)  ex   27/100  KL=0.1268  mean=0.1708  0.08ex/s  eta=15m01s  [eta=24h26m42s total]
  [hotpotqa                 4/16] kq_only        (3/6)  ex   28/100  KL=0.2365  mean=0.1732  0.08ex/s  eta=14m51s  [eta=24h26m36s total]
  [hotpotqa                 4/16] kq_only        (3/6)  ex   29/100  KL=0.3274  mean=0.1785  0.08ex/s  eta=14m20s  [eta=24h26m00s total]
  [hotpotqa                 4/16] kq_only        (3/6)  ex   30/100  KL=0.2737  mean=0.1816  0.08ex/s  eta=14m09s  [eta=24h25m51s total]
  [hotpotqa                 4/16] kq_only        (3/6)  ex   31/100  KL=0.0376  mean=0.1770  0.08ex/s  eta=13m58s  [eta=24h25m44s total]
  [hotpotqa                 4/16] kq_only        (3/6)  ex   32/100  KL=0.3699  mean=0.1830  0.08ex/s  eta=13m48s  [eta=24h25m37s total]
  [hotpotqa                 4/16] kq_only        (3/6)  ex   33/100  KL=0.0984  mean=0.1805  0.08ex/s  eta=13m37s  [eta=24h25m31s total]
  [hotpotqa                 4/16] kq_only        (3/6)  ex   34/100  KL=0.1185  mean=0.1786  0.08ex/s  eta=13m26s  [eta=24h25m24s total]
  [hotpotqa                 4/16] kq_only        (3/6)  ex   35/100  KL=0.1076  mean=0.1766  0.08ex/s  eta=13m15s  [eta=24h25m17s total]
  [hotpotqa                 4/16] kq_only        (3/6)  ex   36/100  KL=0.0645  mean=0.1735  0.08ex/s  eta=13m04s  [eta=24h25m11s total]
  [hotpotqa                 4/16] kq_only        (3/6)  ex   37/100  KL=0.0380  mean=0.1698  0.08ex/s  eta=12m53s  [eta=24h25m04s total]
  [hotpotqa                 4/16] kq_only        (3/6)  ex   38/100  KL=0.2057  mean=0.1708  0.08ex/s  eta=12m42s  [eta=24h24m57s total]
  [hotpotqa                 4/16] kq_only        (3/6)  ex   39/100  KL=0.5839  mean=0.1814  0.08ex/s  eta=12m31s  [eta=24h24m50s total]
  [hotpotqa                 4/16] kq_only        (3/6)  ex   40/100  KL=0.0627  mean=0.1784  0.08ex/s  eta=12m19s  [eta=24h24m43s total]
  [hotpotqa                 4/16] kq_only        (3/6)  ex   41/100  KL=0.1027  mean=0.1766  0.08ex/s  eta=12m08s  [eta=24h24m36s total]
  [hotpotqa                 4/16] kq_only        (3/6)  ex   42/100  KL=0.0737  mean=0.1741  0.08ex/s  eta=11m56s  [eta=24h24m30s total]
  [hotpotqa                 4/16] kq_only        (3/6)  ex   43/100  KL=0.3274  mean=0.1777  0.08ex/s  eta=11m45s  [eta=24h24m23s total]
  [hotpotqa                 4/16] kq_only        (3/6)  ex   44/100  KL=0.1150  mean=0.1762  0.08ex/s  eta=11m33s  [eta=24h24m16s total]
  [hotpotqa                 4/16] kq_only        (3/6)  ex   45/100  KL=0.1282  mean=0.1752  0.08ex/s  eta=11m21s  [eta=24h24m09s total]
  [hotpotqa                 4/16] kq_only        (3/6)  ex   46/100  KL=0.0506  mean=0.1725  0.08ex/s  eta=11m09s  [eta=24h24m02s total]
  [hotpotqa                 4/16] kq_only        (3/6)  ex   47/100  KL=0.1651  mean=0.1723  0.08ex/s  eta=10m58s  [eta=24h23m55s total]
  [hotpotqa                 4/16] kq_only        (3/6)  ex   48/100  KL=0.0759  mean=0.1703  0.08ex/s  eta=10m46s  [eta=24h23m48s total]
  [hotpotqa                 4/16] kq_only        (3/6)  ex   49/100  KL=0.3487  mean=0.1739  0.08ex/s  eta=10m34s  [eta=24h23m41s total]
  [hotpotqa                 4/16] kq_only        (3/6)  ex   50/100  KL=0.1636  mean=0.1737  0.08ex/s  eta=10m22s  [eta=24h23m34s total]
  [hotpotqa                 4/16] kq_only        (3/6)  ex   51/100  KL=0.2479  mean=0.1752  0.08ex/s  eta=10m05s  [eta=24h23m11s total]
  [hotpotqa                 4/16] kq_only        (3/6)  ex   52/100  KL=0.0846  mean=0.1735  0.08ex/s  eta=9m54s  [eta=24h23m04s total]
  [hotpotqa                 4/16] kq_only        (3/6)  ex   53/100  KL=0.0297  mean=0.1707  0.08ex/s  eta=9m42s  [eta=24h22m58s total]
  [hotpotqa                 4/16] kq_only        (3/6)  ex   54/100  KL=0.1993  mean=0.1713  0.08ex/s  eta=9m30s  [eta=24h22m51s total]
  [hotpotqa                 4/16] kq_only        (3/6)  ex   55/100  KL=0.2032  mean=0.1719  0.08ex/s  eta=9m18s  [eta=24h22m45s total]
  [hotpotqa                 4/16] kq_only        (3/6)  ex   56/100  KL=0.2643  mean=0.1735  0.08ex/s  eta=9m06s  [eta=24h22m38s total]
  [hotpotqa                 4/16] kq_only        (3/6)  ex   57/100  KL=0.1036  mean=0.1723  0.08ex/s  eta=8m54s  [eta=24h22m31s total]
  [hotpotqa                 4/16] kq_only        (3/6)  ex   58/100  KL=0.0858  mean=0.1708  0.08ex/s  eta=8m42s  [eta=24h22m24s total]
  [hotpotqa                 4/16] kq_only        (3/6)  ex   59/100  KL=0.0662  mean=0.1690  0.08ex/s  eta=8m30s  [eta=24h22m17s total]
  [hotpotqa                 4/16] kq_only        (3/6)  ex   60/100  KL=0.0287  mean=0.1667  0.08ex/s  eta=8m18s  [eta=24h22m11s total]
  [hotpotqa                 4/16] kq_only        (3/6)  ex   61/100  KL=0.0449  mean=0.1647  0.08ex/s  eta=8m06s  [eta=24h22m04s total]
  [hotpotqa                 4/16] kq_only        (3/6)  ex   62/100  KL=0.0426  mean=0.1627  0.08ex/s  eta=7m51s  [eta=24h21m41s total]
  [hotpotqa                 4/16] kq_only        (3/6)  ex   63/100  KL=0.0821  mean=0.1614  0.08ex/s  eta=7m39s  [eta=24h21m33s total]
  [hotpotqa                 4/16] kq_only        (3/6)  ex   64/100  KL=0.1396  mean=0.1611  0.08ex/s  eta=7m26s  [eta=24h21m26s total]
  [hotpotqa                 4/16] kq_only        (3/6)  ex   65/100  KL=0.0508  mean=0.1594  0.08ex/s  eta=7m14s  [eta=24h21m19s total]
  [hotpotqa                 4/16] kq_only        (3/6)  ex   66/100  KL=0.1216  mean=0.1588  0.08ex/s  eta=7m02s  [eta=24h21m12s total]
  [hotpotqa                 4/16] kq_only        (3/6)  ex   67/100  KL=0.0268  mean=0.1568  0.08ex/s  eta=6m50s  [eta=24h21m05s total]
  [hotpotqa                 4/16] kq_only        (3/6)  ex   68/100  KL=0.0850  mean=0.1558  0.08ex/s  eta=6m38s  [eta=24h20m58s total]
  [hotpotqa                 4/16] kq_only        (3/6)  ex   69/100  KL=0.0649  mean=0.1545  0.08ex/s  eta=6m26s  [eta=24h20m51s total]
  [hotpotqa                 4/16] kq_only        (3/6)  ex   70/100  KL=0.0183  mean=0.1525  0.08ex/s  eta=6m13s  [eta=24h20m45s total]
  [hotpotqa                 4/16] kq_only        (3/6)  ex   71/100  KL=0.0997  mean=0.1518  0.08ex/s  eta=6m01s  [eta=24h20m38s total]
  [hotpotqa                 4/16] kq_only        (3/6)  ex   72/100  KL=0.0436  mean=0.1503  0.08ex/s  eta=5m49s  [eta=24h20m30s total]
  [hotpotqa                 4/16] kq_only        (3/6)  ex   73/100  KL=0.1421  mean=0.1502  0.08ex/s  eta=5m36s  [eta=24h20m24s total]
  [hotpotqa                 4/16] kq_only        (3/6)  ex   74/100  KL=0.3120  mean=0.1524  0.08ex/s  eta=5m24s  [eta=24h20m16s total]
  [hotpotqa                 4/16] kq_only        (3/6)  ex   75/100  KL=0.1015  mean=0.1517  0.08ex/s  eta=5m12s  [eta=24h20m10s total]
  [hotpotqa                 4/16] kq_only        (3/6)  ex   76/100  KL=0.0989  mean=0.1510  0.08ex/s  eta=4m58s  [eta=24h19m51s total]
  [hotpotqa                 4/16] kq_only        (3/6)  ex   77/100  KL=0.0321  mean=0.1494  0.08ex/s  eta=4m46s  [eta=24h19m46s total]
  [hotpotqa                 4/16] kq_only        (3/6)  ex   78/100  KL=0.2096  mean=0.1502  0.08ex/s  eta=4m34s  [eta=24h19m39s total]
  [hotpotqa                 4/16] kq_only        (3/6)  ex   79/100  KL=0.2337  mean=0.1513  0.08ex/s  eta=4m20s  [eta=24h19m18s total]
  [hotpotqa                 4/16] kq_only        (3/6)  ex   80/100  KL=0.3630  mean=0.1539  0.08ex/s  eta=4m08s  [eta=24h19m10s total]
  [hotpotqa                 4/16] kq_only        (3/6)  ex   81/100  KL=0.0828  mean=0.1530  0.08ex/s  eta=3m56s  [eta=24h19m05s total]
  [hotpotqa                 4/16] kq_only        (3/6)  ex   82/100  KL=0.0358  mean=0.1516  0.08ex/s  eta=3m44s  [eta=24h18m58s total]
  [hotpotqa                 4/16] kq_only        (3/6)  ex   83/100  KL=0.5577  mean=0.1565  0.08ex/s  eta=3m31s  [eta=24h18m50s total]
  [hotpotqa                 4/16] kq_only        (3/6)  ex   84/100  KL=0.0987  mean=0.1558  0.08ex/s  eta=3m19s  [eta=24h18m44s total]
  [hotpotqa                 4/16] kq_only        (3/6)  ex   85/100  KL=0.0549  mean=0.1546  0.08ex/s  eta=3m07s  [eta=24h18m38s total]
  [hotpotqa                 4/16] kq_only        (3/6)  ex   86/100  KL=0.3690  mean=0.1571  0.08ex/s  eta=2m54s  [eta=24h18m19s total]
  [hotpotqa                 4/16] kq_only        (3/6)  ex   87/100  KL=0.1308  mean=0.1568  0.08ex/s  eta=2m41s  [eta=24h18m13s total]
  [hotpotqa                 4/16] kq_only        (3/6)  ex   88/100  KL=0.0300  mean=0.1554  0.08ex/s  eta=2m29s  [eta=24h18m05s total]
  [hotpotqa                 4/16] kq_only        (3/6)  ex   89/100  KL=0.0540  mean=0.1542  0.08ex/s  eta=2m17s  [eta=24h17m58s total]
  [hotpotqa                 4/16] kq_only        (3/6)  ex   90/100  KL=0.1705  mean=0.1544  0.08ex/s  eta=2m04s  [eta=24h17m52s total]
  [hotpotqa                 4/16] kq_only        (3/6)  ex   91/100  KL=0.0789  mean=0.1536  0.08ex/s  eta=1m52s  [eta=24h17m44s total]
  [hotpotqa                 4/16] kq_only        (3/6)  ex   92/100  KL=0.0646  mean=0.1526  0.08ex/s  eta=1m39s  [eta=24h17m37s total]
  [hotpotqa                 4/16] kq_only        (3/6)  ex   93/100  KL=0.0563  mean=0.1516  0.08ex/s  eta=1m27s  [eta=24h17m30s total]
  [hotpotqa                 4/16] kq_only        (3/6)  ex   94/100  KL=0.1163  mean=0.1512  0.08ex/s  eta=1m14s  [eta=24h17m23s total]
  [hotpotqa                 4/16] kq_only        (3/6)  ex   95/100  KL=0.0432  mean=0.1501  0.08ex/s  eta=1m02s  [eta=24h17m16s total]
  [hotpotqa                 4/16] kq_only        (3/6)  ex   96/100  KL=0.1451  mean=0.1500  0.08ex/s  eta=49s  [eta=24h17m09s total]
  [hotpotqa                 4/16] kq_only        (3/6)  ex   97/100  KL=0.0901  mean=0.1494  0.08ex/s  eta=37s  [eta=24h17m02s total]
  [hotpotqa                 4/16] kq_only        (3/6)  ex   98/100  KL=0.1944  mean=0.1499  0.08ex/s  eta=24s  [eta=24h16m54s total]
  [hotpotqa                 4/16] kq_only        (3/6)  ex   99/100  KL=0.1931  mean=0.1503  0.08ex/s  eta=12s  [eta=24h16m47s total]
  [hotpotqa                 4/16] kq_only        (3/6)  ex  100/100  KL=0.2125  mean=0.1509  0.08ex/s  eta=0s  [eta=24h16m41s total]
  >>> hotpotqa / kq_only:  n=100  mean_KL=0.1509  [20m50s]

  [hotpotqa                 4/16] kq_pre_d090    (4/6)  ex    1/100  KL=0.0990  mean=0.0990  0.08ex/s  eta=21m04s  [eta=24h16m33s total]
  [hotpotqa                 4/16] kq_pre_d090    (4/6)  ex    2/100  KL=0.0832  mean=0.0911  0.08ex/s  eta=20m56s  [eta=24h16m26s total]
  [hotpotqa                 4/16] kq_pre_d090    (4/6)  ex    3/100  KL=1.3616  mean=0.5146  0.08ex/s  eta=20m41s  [eta=24h16m18s total]
  [hotpotqa                 4/16] kq_pre_d090    (4/6)  ex    4/100  KL=1.1582  mean=0.6755  0.08ex/s  eta=20m30s  [eta=24h16m11s total]
  [hotpotqa                 4/16] kq_pre_d090    (4/6)  ex    5/100  KL=1.0006  mean=0.7405  0.08ex/s  eta=20m19s  [eta=24h16m04s total]
  [hotpotqa                 4/16] kq_pre_d090    (4/6)  ex    6/100  KL=1.3057  mean=0.8347  0.08ex/s  eta=20m03s  [eta=24h15m55s total]
  [hotpotqa                 4/16] kq_pre_d090    (4/6)  ex    7/100  KL=1.1115  mean=0.8743  0.08ex/s  eta=19m51s  [eta=24h15m48s total]
  [hotpotqa                 4/16] kq_pre_d090    (4/6)  ex    8/100  KL=0.3059  mean=0.8032  0.09ex/s  eta=17m50s  [eta=24h15m07s total]
  [hotpotqa                 4/16] kq_pre_d090    (4/6)  ex    9/100  KL=0.2871  mean=0.7459  0.08ex/s  eta=17m52s  [eta=24h15m00s total]
  [hotpotqa                 4/16] kq_pre_d090    (4/6)  ex   10/100  KL=0.7932  mean=0.7506  0.08ex/s  eta=17m50s  [eta=24h14m53s total]
  [hotpotqa                 4/16] kq_pre_d090    (4/6)  ex   11/100  KL=1.0909  mean=0.7815  0.08ex/s  eta=17m48s  [eta=24h14m46s total]
  [hotpotqa                 4/16] kq_pre_d090    (4/6)  ex   12/100  KL=1.7455  mean=0.8619  0.08ex/s  eta=17m40s  [eta=24h14m38s total]
  [hotpotqa                 4/16] kq_pre_d090    (4/6)  ex   13/100  KL=0.7094  mean=0.8501  0.08ex/s  eta=17m34s  [eta=24h14m30s total]
  [hotpotqa                 4/16] kq_pre_d090    (4/6)  ex   14/100  KL=0.3384  mean=0.8136  0.08ex/s  eta=17m26s  [eta=24h14m23s total]
  [hotpotqa                 4/16] kq_pre_d090    (4/6)  ex   15/100  KL=0.4679  mean=0.7905  0.08ex/s  eta=17m17s  [eta=24h14m15s total]
  [hotpotqa                 4/16] kq_pre_d090    (4/6)  ex   16/100  KL=0.4077  mean=0.7666  0.08ex/s  eta=17m10s  [eta=24h14m09s total]
  [hotpotqa                 4/16] kq_pre_d090    (4/6)  ex   17/100  KL=1.0835  mean=0.7853  0.08ex/s  eta=16m52s  [eta=24h13m55s total]
  [hotpotqa                 4/16] kq_pre_d090    (4/6)  ex   18/100  KL=2.6398  mean=0.8883  0.08ex/s  eta=16m40s  [eta=24h13m46s total]
  [hotpotqa                 4/16] kq_pre_d090    (4/6)  ex   19/100  KL=1.2653  mean=0.9081  0.08ex/s  eta=16m30s  [eta=24h13m38s total]
  [hotpotqa                 4/16] kq_pre_d090    (4/6)  ex   20/100  KL=0.8239  mean=0.9039  0.08ex/s  eta=16m20s  [eta=24h13m31s total]
  [hotpotqa                 4/16] kq_pre_d090    (4/6)  ex   21/100  KL=0.9586  mean=0.9065  0.08ex/s  eta=16m10s  [eta=24h13m23s total]
  [hotpotqa                 4/16] kq_pre_d090    (4/6)  ex   22/100  KL=1.1433  mean=0.9173  0.08ex/s  eta=16m00s  [eta=24h13m15s total]
  [hotpotqa                 4/16] kq_pre_d090    (4/6)  ex   23/100  KL=1.1533  mean=0.9276  0.08ex/s  eta=15m34s  [eta=24h12m52s total]
  [hotpotqa                 4/16] kq_pre_d090    (4/6)  ex   24/100  KL=6.1646  mean=1.1458  0.08ex/s  eta=15m22s  [eta=24h12m42s total]
  [hotpotqa                 4/16] kq_pre_d090    (4/6)  ex   25/100  KL=1.2732  mean=1.1509  0.08ex/s  eta=15m12s  [eta=24h12m34s total]
  [hotpotqa                 4/16] kq_pre_d090    (4/6)  ex   26/100  KL=4.5375  mean=1.2811  0.08ex/s  eta=14m59s  [eta=24h12m24s total]
  [hotpotqa                 4/16] kq_pre_d090    (4/6)  ex   27/100  KL=0.3194  mean=1.2455  0.08ex/s  eta=14m48s  [eta=24h12m16s total]
  [hotpotqa                 4/16] kq_pre_d090    (4/6)  ex   28/100  KL=0.2289  mean=1.2092  0.08ex/s  eta=14m37s  [eta=24h12m07s total]
  [hotpotqa                 4/16] kq_pre_d090    (4/6)  ex   29/100  KL=2.5138  mean=1.2542  0.08ex/s  eta=14m08s  [eta=24h11m32s total]
  [hotpotqa                 4/16] kq_pre_d090    (4/6)  ex   30/100  KL=2.0612  mean=1.2811  0.08ex/s  eta=13m58s  [eta=24h11m25s total]
  [hotpotqa                 4/16] kq_pre_d090    (4/6)  ex   31/100  KL=1.1001  mean=1.2752  0.08ex/s  eta=13m48s  [eta=24h11m18s total]
  [hotpotqa                 4/16] kq_pre_d090    (4/6)  ex   32/100  KL=1.2881  mean=1.2756  0.08ex/s  eta=13m38s  [eta=24h11m11s total]
  [hotpotqa                 4/16] kq_pre_d090    (4/6)  ex   33/100  KL=0.9162  mean=1.2647  0.08ex/s  eta=13m27s  [eta=24h11m02s total]
  [hotpotqa                 4/16] kq_pre_d090    (4/6)  ex   34/100  KL=0.2433  mean=1.2347  0.08ex/s  eta=13m17s  [eta=24h10m55s total]
  [hotpotqa                 4/16] kq_pre_d090    (4/6)  ex   35/100  KL=0.2105  mean=1.2054  0.08ex/s  eta=13m06s  [eta=24h10m48s total]
  [hotpotqa                 4/16] kq_pre_d090    (4/6)  ex   36/100  KL=4.7202  mean=1.3031  0.08ex/s  eta=12m54s  [eta=24h10m38s total]
  [hotpotqa                 4/16] kq_pre_d090    (4/6)  ex   37/100  KL=0.4887  mean=1.2811  0.08ex/s  eta=12m43s  [eta=24h10m30s total]
  [hotpotqa                 4/16] kq_pre_d090    (4/6)  ex   38/100  KL=0.7576  mean=1.2673  0.08ex/s  eta=12m32s  [eta=24h10m23s total]
  [hotpotqa                 4/16] kq_pre_d090    (4/6)  ex   39/100  KL=0.8002  mean=1.2553  0.08ex/s  eta=12m21s  [eta=24h10m15s total]
  [hotpotqa                 4/16] kq_pre_d090    (4/6)  ex   40/100  KL=0.1374  mean=1.2274  0.08ex/s  eta=12m11s  [eta=24h10m08s total]
  [hotpotqa                 4/16] kq_pre_d090    (4/6)  ex   41/100  KL=1.7760  mean=1.2407  0.08ex/s  eta=11m59s  [eta=24h10m01s total]
  [hotpotqa                 4/16] kq_pre_d090    (4/6)  ex   42/100  KL=1.3959  mean=1.2444  0.08ex/s  eta=11m48s  [eta=24h09m54s total]
  [hotpotqa                 4/16] kq_pre_d090    (4/6)  ex   43/100  KL=1.0293  mean=1.2394  0.08ex/s  eta=11m37s  [eta=24h09m46s total]
  [hotpotqa                 4/16] kq_pre_d090    (4/6)  ex   44/100  KL=1.6134  mean=1.2479  0.08ex/s  eta=11m25s  [eta=24h09m39s total]
  [hotpotqa                 4/16] kq_pre_d090    (4/6)  ex   45/100  KL=1.0070  mean=1.2426  0.08ex/s  eta=11m14s  [eta=24h09m31s total]
  [hotpotqa                 4/16] kq_pre_d090    (4/6)  ex   46/100  KL=1.6503  mean=1.2514  0.08ex/s  eta=11m02s  [eta=24h09m23s total]
  [hotpotqa                 4/16] kq_pre_d090    (4/6)  ex   47/100  KL=1.5212  mean=1.2572  0.08ex/s  eta=10m50s  [eta=24h09m15s total]
  [hotpotqa                 4/16] kq_pre_d090    (4/6)  ex   48/100  KL=0.6974  mean=1.2455  0.08ex/s  eta=10m39s  [eta=24h09m08s total]
  [hotpotqa                 4/16] kq_pre_d090    (4/6)  ex   49/100  KL=0.7385  mean=1.2352  0.08ex/s  eta=10m27s  [eta=24h09m00s total]
  [hotpotqa                 4/16] kq_pre_d090    (4/6)  ex   50/100  KL=0.3867  mean=1.2182  0.08ex/s  eta=10m15s  [eta=24h08m53s total]
  [hotpotqa                 4/16] kq_pre_d090    (4/6)  ex   51/100  KL=1.5178  mean=1.2241  0.08ex/s  eta=9m59s  [eta=24h08m30s total]
  [hotpotqa                 4/16] kq_pre_d090    (4/6)  ex   52/100  KL=0.8943  mean=1.2177  0.08ex/s  eta=9m48s  [eta=24h08m22s total]
  [hotpotqa                 4/16] kq_pre_d090    (4/6)  ex   53/100  KL=0.7191  mean=1.2083  0.08ex/s  eta=9m36s  [eta=24h08m14s total]
  [hotpotqa                 4/16] kq_pre_d090    (4/6)  ex   54/100  KL=1.5136  mean=1.2140  0.08ex/s  eta=9m24s  [eta=24h08m06s total]
  [hotpotqa                 4/16] kq_pre_d090    (4/6)  ex   55/100  KL=7.3274  mean=1.3251  0.08ex/s  eta=9m12s  [eta=24h07m56s total]
  [hotpotqa                 4/16] kq_pre_d090    (4/6)  ex   56/100  KL=1.2312  mean=1.3235  0.08ex/s  eta=9m00s  [eta=24h07m49s total]
  [hotpotqa                 4/16] kq_pre_d090    (4/6)  ex   57/100  KL=1.2961  mean=1.3230  0.08ex/s  eta=8m48s  [eta=24h07m40s total]
  [hotpotqa                 4/16] kq_pre_d090    (4/6)  ex   58/100  KL=0.7585  mean=1.3132  0.08ex/s  eta=8m36s  [eta=24h07m33s total]
  [hotpotqa                 4/16] kq_pre_d090    (4/6)  ex   59/100  KL=0.9839  mean=1.3077  0.08ex/s  eta=8m24s  [eta=24h07m26s total]
  [hotpotqa                 4/16] kq_pre_d090    (4/6)  ex   60/100  KL=2.1752  mean=1.3221  0.08ex/s  eta=8m12s  [eta=24h07m16s total]
  [hotpotqa                 4/16] kq_pre_d090    (4/6)  ex   61/100  KL=0.5152  mean=1.3089  0.08ex/s  eta=8m00s  [eta=24h07m08s total]
  [hotpotqa                 4/16] kq_pre_d090    (4/6)  ex   62/100  KL=1.1961  mean=1.3071  0.08ex/s  eta=7m45s  [eta=24h06m45s total]
  [hotpotqa                 4/16] kq_pre_d090    (4/6)  ex   63/100  KL=0.1711  mean=1.2890  0.08ex/s  eta=7m33s  [eta=24h06m37s total]
  [hotpotqa                 4/16] kq_pre_d090    (4/6)  ex   64/100  KL=0.1287  mean=1.2709  0.08ex/s  eta=7m21s  [eta=24h06m30s total]
  [hotpotqa                 4/16] kq_pre_d090    (4/6)  ex   65/100  KL=5.6273  mean=1.3379  0.08ex/s  eta=7m09s  [eta=24h06m19s total]
  [hotpotqa                 4/16] kq_pre_d090    (4/6)  ex   66/100  KL=0.3658  mean=1.3232  0.08ex/s  eta=6m57s  [eta=24h06m12s total]
  [hotpotqa                 4/16] kq_pre_d090    (4/6)  ex   67/100  KL=5.2022  mean=1.3811  0.08ex/s  eta=6m44s  [eta=24h06m01s total]
  [hotpotqa                 4/16] kq_pre_d090    (4/6)  ex   68/100  KL=0.2852  mean=1.3650  0.08ex/s  eta=6m32s  [eta=24h05m54s total]
  [hotpotqa                 4/16] kq_pre_d090    (4/6)  ex   69/100  KL=0.8875  mean=1.3581  0.08ex/s  eta=6m20s  [eta=24h05m47s total]
  [hotpotqa                 4/16] kq_pre_d090    (4/6)  ex   70/100  KL=0.9706  mean=1.3525  0.08ex/s  eta=6m08s  [eta=24h05m40s total]
  [hotpotqa                 4/16] kq_pre_d090    (4/6)  ex   71/100  KL=0.8115  mean=1.3449  0.08ex/s  eta=5m56s  [eta=24h05m31s total]
  [hotpotqa                 4/16] kq_pre_d090    (4/6)  ex   72/100  KL=1.4358  mean=1.3462  0.08ex/s  eta=5m44s  [eta=24h05m25s total]
  [hotpotqa                 4/16] kq_pre_d090    (4/6)  ex   73/100  KL=0.2068  mean=1.3306  0.08ex/s  eta=5m32s  [eta=24h05m18s total]
  [hotpotqa                 4/16] kq_pre_d090    (4/6)  ex   74/100  KL=1.1486  mean=1.3281  0.08ex/s  eta=5m20s  [eta=24h05m10s total]
  [hotpotqa                 4/16] kq_pre_d090    (4/6)  ex   75/100  KL=0.4248  mean=1.3161  0.08ex/s  eta=5m08s  [eta=24h05m02s total]
  [hotpotqa                 4/16] kq_pre_d090    (4/6)  ex   76/100  KL=0.3378  mean=1.3032  0.08ex/s  eta=4m55s  [eta=24h04m44s total]
  [hotpotqa                 4/16] kq_pre_d090    (4/6)  ex   77/100  KL=1.5757  mean=1.3067  0.08ex/s  eta=4m43s  [eta=24h04m37s total]
  [hotpotqa                 4/16] kq_pre_d090    (4/6)  ex   78/100  KL=0.9285  mean=1.3019  0.08ex/s  eta=4m30s  [eta=24h04m28s total]
  [hotpotqa                 4/16] kq_pre_d090    (4/6)  ex   79/100  KL=0.4104  mean=1.2906  0.08ex/s  eta=4m17s  [eta=24h04m08s total]
  [hotpotqa                 4/16] kq_pre_d090    (4/6)  ex   80/100  KL=0.1469  mean=1.2763  0.08ex/s  eta=4m05s  [eta=24h04m01s total]
  [hotpotqa                 4/16] kq_pre_d090    (4/6)  ex   81/100  KL=0.4017  mean=1.2655  0.08ex/s  eta=3m53s  [eta=24h03m53s total]
  [hotpotqa                 4/16] kq_pre_d090    (4/6)  ex   82/100  KL=1.0969  mean=1.2634  0.08ex/s  eta=3m41s  [eta=24h03m45s total]
  [hotpotqa                 4/16] kq_pre_d090    (4/6)  ex   83/100  KL=1.9790  mean=1.2721  0.08ex/s  eta=3m29s  [eta=24h03m38s total]
  [hotpotqa                 4/16] kq_pre_d090    (4/6)  ex   84/100  KL=0.9849  mean=1.2686  0.08ex/s  eta=3m17s  [eta=24h03m31s total]
  [hotpotqa                 4/16] kq_pre_d090    (4/6)  ex   85/100  KL=0.8015  mean=1.2632  0.08ex/s  eta=3m04s  [eta=24h03m23s total]
  [hotpotqa                 4/16] kq_pre_d090    (4/6)  ex   86/100  KL=4.2017  mean=1.2973  0.08ex/s  eta=2m51s  [eta=24h03m02s total]
  [hotpotqa                 4/16] kq_pre_d090    (4/6)  ex   87/100  KL=0.9435  mean=1.2933  0.08ex/s  eta=2m39s  [eta=24h02m54s total]
  [hotpotqa                 4/16] kq_pre_d090    (4/6)  ex   88/100  KL=0.3153  mean=1.2821  0.08ex/s  eta=2m27s  [eta=24h02m46s total]
  [hotpotqa                 4/16] kq_pre_d090    (4/6)  ex   89/100  KL=1.0362  mean=1.2794  0.08ex/s  eta=2m15s  [eta=24h02m39s total]
  [hotpotqa                 4/16] kq_pre_d090    (4/6)  ex   90/100  KL=0.5111  mean=1.2708  0.08ex/s  eta=2m03s  [eta=24h02m31s total]
  [hotpotqa                 4/16] kq_pre_d090    (4/6)  ex   91/100  KL=0.9544  mean=1.2674  0.08ex/s  eta=1m50s  [eta=24h02m25s total]
  [hotpotqa                 4/16] kq_pre_d090    (4/6)  ex   92/100  KL=0.7616  mean=1.2619  0.08ex/s  eta=1m38s  [eta=24h02m17s total]
  [hotpotqa                 4/16] kq_pre_d090    (4/6)  ex   93/100  KL=0.0983  mean=1.2494  0.08ex/s  eta=1m26s  [eta=24h02m09s total]
  [hotpotqa                 4/16] kq_pre_d090    (4/6)  ex   94/100  KL=1.2364  mean=1.2492  0.08ex/s  eta=1m14s  [eta=24h02m01s total]
  [hotpotqa                 4/16] kq_pre_d090    (4/6)  ex   95/100  KL=0.9882  mean=1.2465  0.08ex/s  eta=1m01s  [eta=24h01m54s total]
  [hotpotqa                 4/16] kq_pre_d090    (4/6)  ex   96/100  KL=2.0314  mean=1.2546  0.08ex/s  eta=49s  [eta=24h01m44s total]
  [hotpotqa                 4/16] kq_pre_d090    (4/6)  ex   97/100  KL=0.5865  mean=1.2478  0.08ex/s  eta=37s  [eta=24h01m36s total]
  [hotpotqa                 4/16] kq_pre_d090    (4/6)  ex   98/100  KL=0.3051  mean=1.2381  0.08ex/s  eta=24s  [eta=24h01m28s total]
  [hotpotqa                 4/16] kq_pre_d090    (4/6)  ex   99/100  KL=1.8489  mean=1.2443  0.08ex/s  eta=12s  [eta=24h01m20s total]
  [hotpotqa                 4/16] kq_pre_d090    (4/6)  ex  100/100  KL=7.2365  mean=1.3042  0.08ex/s  eta=0s  [eta=24h01m10s total]
  >>> hotpotqa / kq_pre_d090:  n=100  mean_KL=1.3042  [20m35s]

  [hotpotqa                 4/16] kq_pre_d095    (5/6)  ex    1/100  KL=0.0993  mean=0.0993  0.08ex/s  eta=21m02s  [eta=24h01m02s total]
  [hotpotqa                 4/16] kq_pre_d095    (5/6)  ex    2/100  KL=0.1194  mean=0.1093  0.08ex/s  eta=20m55s  [eta=24h00m54s total]
  [hotpotqa                 4/16] kq_pre_d095    (5/6)  ex    3/100  KL=1.2303  mean=0.4830  0.08ex/s  eta=20m48s  [eta=24h00m47s total]
  [hotpotqa                 4/16] kq_pre_d095    (5/6)  ex    4/100  KL=1.1511  mean=0.6500  0.08ex/s  eta=20m33s  [eta=24h00m39s total]
  [hotpotqa                 4/16] kq_pre_d095    (5/6)  ex    5/100  KL=0.9940  mean=0.7188  0.08ex/s  eta=20m23s  [eta=24h00m31s total]
  [hotpotqa                 4/16] kq_pre_d095    (5/6)  ex    6/100  KL=1.3089  mean=0.8172  0.08ex/s  eta=20m08s  [eta=24h00m23s total]
  [hotpotqa                 4/16] kq_pre_d095    (5/6)  ex    7/100  KL=1.3986  mean=0.9002  0.08ex/s  eta=19m58s  [eta=24h00m16s total]
  [hotpotqa                 4/16] kq_pre_d095    (5/6)  ex    8/100  KL=1.1016  mean=0.9254  0.09ex/s  eta=17m57s  [eta=23h59m37s total]
  [hotpotqa                 4/16] kq_pre_d095    (5/6)  ex    9/100  KL=0.2882  mean=0.8546  0.08ex/s  eta=17m57s  [eta=23h59m30s total]
  [hotpotqa                 4/16] kq_pre_d095    (5/6)  ex   10/100  KL=0.8150  mean=0.8506  0.08ex/s  eta=17m56s  [eta=23h59m22s total]
  [hotpotqa                 4/16] kq_pre_d095    (5/6)  ex   11/100  KL=1.0807  mean=0.8715  0.08ex/s  eta=17m52s  [eta=23h59m15s total]
  [hotpotqa                 4/16] kq_pre_d095    (5/6)  ex   12/100  KL=1.7647  mean=0.9460  0.08ex/s  eta=17m46s  [eta=23h59m07s total]
  [hotpotqa                 4/16] kq_pre_d095    (5/6)  ex   13/100  KL=0.5980  mean=0.9192  0.08ex/s  eta=17m39s  [eta=23h58m59s total]
  [hotpotqa                 4/16] kq_pre_d095    (5/6)  ex   14/100  KL=0.2399  mean=0.8707  0.08ex/s  eta=17m30s  [eta=23h58m51s total]
  [hotpotqa                 4/16] kq_pre_d095    (5/6)  ex   15/100  KL=0.4882  mean=0.8452  0.08ex/s  eta=17m21s  [eta=23h58m43s total]
  [hotpotqa                 4/16] kq_pre_d095    (5/6)  ex   16/100  KL=0.6103  mean=0.8305  0.08ex/s  eta=17m13s  [eta=23h58m36s total]
  [hotpotqa                 4/16] kq_pre_d095    (5/6)  ex   17/100  KL=1.0843  mean=0.8454  0.08ex/s  eta=16m56s  [eta=23h58m23s total]
  [hotpotqa                 4/16] kq_pre_d095    (5/6)  ex   18/100  KL=3.4647  mean=0.9909  0.08ex/s  eta=16m45s  [eta=23h58m14s total]
  [hotpotqa                 4/16] kq_pre_d095    (5/6)  ex   19/100  KL=1.3307  mean=1.0088  0.08ex/s  eta=16m36s  [eta=23h58m07s total]
  [hotpotqa                 4/16] kq_pre_d095    (5/6)  ex   20/100  KL=0.8185  mean=0.9993  0.08ex/s  eta=16m25s  [eta=23h57m58s total]
  [hotpotqa                 4/16] kq_pre_d095    (5/6)  ex   21/100  KL=0.9611  mean=0.9975  0.08ex/s  eta=16m15s  [eta=23h57m51s total]
  [hotpotqa                 4/16] kq_pre_d095    (5/6)  ex   22/100  KL=1.0678  mean=1.0007  0.08ex/s  eta=16m04s  [eta=23h57m43s total]
  [hotpotqa                 4/16] kq_pre_d095    (5/6)  ex   23/100  KL=1.1641  mean=1.0078  0.08ex/s  eta=15m38s  [eta=23h57m20s total]
  [hotpotqa                 4/16] kq_pre_d095    (5/6)  ex   24/100  KL=6.2002  mean=1.2241  0.08ex/s  eta=15m26s  [eta=23h57m10s total]
  [hotpotqa                 4/16] kq_pre_d095    (5/6)  ex   25/100  KL=1.2714  mean=1.2260  0.08ex/s  eta=15m16s  [eta=23h57m02s total]
  [hotpotqa                 4/16] kq_pre_d095    (5/6)  ex   26/100  KL=4.5354  mean=1.3533  0.08ex/s  eta=15m04s  [eta=23h56m52s total]
  [hotpotqa                 4/16] kq_pre_d095    (5/6)  ex   27/100  KL=0.3286  mean=1.3154  0.08ex/s  eta=14m54s  [eta=23h56m45s total]
  [hotpotqa                 4/16] kq_pre_d095    (5/6)  ex   28/100  KL=0.3520  mean=1.2810  0.08ex/s  eta=14m44s  [eta=23h56m38s total]
  [hotpotqa                 4/16] kq_pre_d095    (5/6)  ex   29/100  KL=2.2786  mean=1.3154  0.08ex/s  eta=14m13s  [eta=23h56m03s total]
  [hotpotqa                 4/16] kq_pre_d095    (5/6)  ex   30/100  KL=2.0395  mean=1.3395  0.08ex/s  eta=14m03s  [eta=23h55m56s total]
  [hotpotqa                 4/16] kq_pre_d095    (5/6)  ex   31/100  KL=1.0907  mean=1.3315  0.08ex/s  eta=13m53s  [eta=23h55m48s total]
  [hotpotqa                 4/16] kq_pre_d095    (5/6)  ex   32/100  KL=1.3182  mean=1.3311  0.08ex/s  eta=13m42s  [eta=23h55m40s total]
  [hotpotqa                 4/16] kq_pre_d095    (5/6)  ex   33/100  KL=0.7853  mean=1.3145  0.08ex/s  eta=13m32s  [eta=23h55m32s total]
  [hotpotqa                 4/16] kq_pre_d095    (5/6)  ex   34/100  KL=0.2480  mean=1.2832  0.08ex/s  eta=13m21s  [eta=23h55m24s total]
  [hotpotqa                 4/16] kq_pre_d095    (5/6)  ex   35/100  KL=0.2571  mean=1.2538  0.08ex/s  eta=13m10s  [eta=23h55m16s total]
  [hotpotqa                 4/16] kq_pre_d095    (5/6)  ex   36/100  KL=4.7886  mean=1.3520  0.08ex/s  eta=12m58s  [eta=23h55m06s total]
  [hotpotqa                 4/16] kq_pre_d095    (5/6)  ex   37/100  KL=0.3626  mean=1.3253  0.08ex/s  eta=12m47s  [eta=23h54m57s total]
  [hotpotqa                 4/16] kq_pre_d095    (5/6)  ex   38/100  KL=0.8091  mean=1.3117  0.08ex/s  eta=12m36s  [eta=23h54m50s total]
  [hotpotqa                 4/16] kq_pre_d095    (5/6)  ex   39/100  KL=0.7994  mean=1.2986  0.08ex/s  eta=12m25s  [eta=23h54m43s total]
  [hotpotqa                 4/16] kq_pre_d095    (5/6)  ex   40/100  KL=0.1511  mean=1.2699  0.08ex/s  eta=12m14s  [eta=23h54m36s total]
  [hotpotqa                 4/16] kq_pre_d095    (5/6)  ex   41/100  KL=1.9140  mean=1.2856  0.08ex/s  eta=12m03s  [eta=23h54m28s total]
  [hotpotqa                 4/16] kq_pre_d095    (5/6)  ex   42/100  KL=1.3861  mean=1.2880  0.08ex/s  eta=11m51s  [eta=23h54m20s total]
  [hotpotqa                 4/16] kq_pre_d095    (5/6)  ex   43/100  KL=1.0086  mean=1.2815  0.08ex/s  eta=11m40s  [eta=23h54m13s total]
  [hotpotqa                 4/16] kq_pre_d095    (5/6)  ex   44/100  KL=1.5914  mean=1.2885  0.08ex/s  eta=11m28s  [eta=23h54m04s total]
  [hotpotqa                 4/16] kq_pre_d095    (5/6)  ex   45/100  KL=1.3344  mean=1.2895  0.08ex/s  eta=11m17s  [eta=23h53m57s total]
  [hotpotqa                 4/16] kq_pre_d095    (5/6)  ex   46/100  KL=0.7753  mean=1.2784  0.08ex/s  eta=11m05s  [eta=23h53m49s total]
  [hotpotqa                 4/16] kq_pre_d095    (5/6)  ex   47/100  KL=1.5358  mean=1.2838  0.08ex/s  eta=10m54s  [eta=23h53m42s total]
  [hotpotqa                 4/16] kq_pre_d095    (5/6)  ex   48/100  KL=0.6926  mean=1.2715  0.08ex/s  eta=10m42s  [eta=23h53m35s total]
  [hotpotqa                 4/16] kq_pre_d095    (5/6)  ex   49/100  KL=0.7320  mean=1.2605  0.08ex/s  eta=10m30s  [eta=23h53m26s total]
  [hotpotqa                 4/16] kq_pre_d095    (5/6)  ex   50/100  KL=0.4003  mean=1.2433  0.08ex/s  eta=10m18s  [eta=23h53m17s total]
  [hotpotqa                 4/16] kq_pre_d095    (5/6)  ex   51/100  KL=1.5040  mean=1.2484  0.08ex/s  eta=10m02s  [eta=23h52m55s total]
  [hotpotqa                 4/16] kq_pre_d095    (5/6)  ex   52/100  KL=0.6673  mean=1.2372  0.08ex/s  eta=9m50s  [eta=23h52m48s total]
  [hotpotqa                 4/16] kq_pre_d095    (5/6)  ex   53/100  KL=0.4838  mean=1.2230  0.08ex/s  eta=9m39s  [eta=23h52m41s total]
  [hotpotqa                 4/16] kq_pre_d095    (5/6)  ex   54/100  KL=1.5140  mean=1.2284  0.08ex/s  eta=9m27s  [eta=23h52m33s total]
  [hotpotqa                 4/16] kq_pre_d095    (5/6)  ex   55/100  KL=1.9914  mean=1.2423  0.08ex/s  eta=9m14s  [eta=23h52m23s total]
  [hotpotqa                 4/16] kq_pre_d095    (5/6)  ex   56/100  KL=1.2158  mean=1.2418  0.08ex/s  eta=9m03s  [eta=23h52m15s total]
  [hotpotqa                 4/16] kq_pre_d095    (5/6)  ex   57/100  KL=1.2941  mean=1.2427  0.08ex/s  eta=8m51s  [eta=23h52m07s total]
  [hotpotqa                 4/16] kq_pre_d095    (5/6)  ex   58/100  KL=0.7319  mean=1.2339  0.08ex/s  eta=8m39s  [eta=23h52m00s total]
  [hotpotqa                 4/16] kq_pre_d095    (5/6)  ex   59/100  KL=0.9972  mean=1.2299  0.08ex/s  eta=8m27s  [eta=23h51m52s total]
  [hotpotqa                 4/16] kq_pre_d095    (5/6)  ex   60/100  KL=3.9415  mean=1.2751  0.08ex/s  eta=8m14s  [eta=23h51m42s total]
  [hotpotqa                 4/16] kq_pre_d095    (5/6)  ex   61/100  KL=0.1408  mean=1.2565  0.08ex/s  eta=8m02s  [eta=23h51m34s total]
  [hotpotqa                 4/16] kq_pre_d095    (5/6)  ex   62/100  KL=0.7943  mean=1.2491  0.08ex/s  eta=7m48s  [eta=23h51m13s total]
  [hotpotqa                 4/16] kq_pre_d095    (5/6)  ex   63/100  KL=0.3965  mean=1.2355  0.08ex/s  eta=7m35s  [eta=23h51m04s total]
  [hotpotqa                 4/16] kq_pre_d095    (5/6)  ex   64/100  KL=0.2090  mean=1.2195  0.08ex/s  eta=7m24s  [eta=23h50m57s total]
  [hotpotqa                 4/16] kq_pre_d095    (5/6)  ex   65/100  KL=5.1455  mean=1.2799  0.08ex/s  eta=7m11s  [eta=23h50m48s total]
  [hotpotqa                 4/16] kq_pre_d095    (5/6)  ex   66/100  KL=0.4103  mean=1.2667  0.08ex/s  eta=6m59s  [eta=23h50m41s total]
  [hotpotqa                 4/16] kq_pre_d095    (5/6)  ex   67/100  KL=5.3593  mean=1.3278  0.08ex/s  eta=6m47s  [eta=23h50m30s total]
  [hotpotqa                 4/16] kq_pre_d095    (5/6)  ex   68/100  KL=0.3607  mean=1.3136  0.08ex/s  eta=6m35s  [eta=23h50m23s total]
  [hotpotqa                 4/16] kq_pre_d095    (5/6)  ex   69/100  KL=0.7675  mean=1.3057  0.08ex/s  eta=6m23s  [eta=23h50m16s total]
  [hotpotqa                 4/16] kq_pre_d095    (5/6)  ex   70/100  KL=0.8727  mean=1.2995  0.08ex/s  eta=6m11s  [eta=23h50m09s total]
  [hotpotqa                 4/16] kq_pre_d095    (5/6)  ex   71/100  KL=0.7817  mean=1.2922  0.08ex/s  eta=5m59s  [eta=23h50m00s total]
  [hotpotqa                 4/16] kq_pre_d095    (5/6)  ex   72/100  KL=1.4283  mean=1.2941  0.08ex/s  eta=5m46s  [eta=23h49m53s total]
  [hotpotqa                 4/16] kq_pre_d095    (5/6)  ex   73/100  KL=0.1922  mean=1.2790  0.08ex/s  eta=5m34s  [eta=23h49m45s total]
  [hotpotqa                 4/16] kq_pre_d095    (5/6)  ex   74/100  KL=1.2662  mean=1.2788  0.08ex/s  eta=5m22s  [eta=23h49m37s total]
  [hotpotqa                 4/16] kq_pre_d095    (5/6)  ex   75/100  KL=0.4173  mean=1.2673  0.08ex/s  eta=5m10s  [eta=23h49m29s total]
  [hotpotqa                 4/16] kq_pre_d095    (5/6)  ex   76/100  KL=1.6529  mean=1.2724  0.08ex/s  eta=4m57s  [eta=23h49m12s total]
  [hotpotqa                 4/16] kq_pre_d095    (5/6)  ex   77/100  KL=1.5936  mean=1.2766  0.08ex/s  eta=4m44s  [eta=23h49m03s total]
  [hotpotqa                 4/16] kq_pre_d095    (5/6)  ex   78/100  KL=0.7732  mean=1.2701  0.08ex/s  eta=4m32s  [eta=23h48m56s total]
  [hotpotqa                 4/16] kq_pre_d095    (5/6)  ex   79/100  KL=0.3155  mean=1.2580  0.08ex/s  eta=4m19s  [eta=23h48m36s total]
  [hotpotqa                 4/16] kq_pre_d095    (5/6)  ex   80/100  KL=0.1251  mean=1.2439  0.08ex/s  eta=4m07s  [eta=23h48m28s total]
  [hotpotqa                 4/16] kq_pre_d095    (5/6)  ex   81/100  KL=0.3603  mean=1.2330  0.08ex/s  eta=3m54s  [eta=23h48m20s total]
  [hotpotqa                 4/16] kq_pre_d095    (5/6)  ex   82/100  KL=0.5596  mean=1.2247  0.08ex/s  eta=3m42s  [eta=23h48m12s total]
  [hotpotqa                 4/16] kq_pre_d095    (5/6)  ex   83/100  KL=2.0001  mean=1.2341  0.08ex/s  eta=3m30s  [eta=23h48m04s total]
  [hotpotqa                 4/16] kq_pre_d095    (5/6)  ex   84/100  KL=0.8924  mean=1.2300  0.08ex/s  eta=3m18s  [eta=23h47m57s total]
  [hotpotqa                 4/16] kq_pre_d095    (5/6)  ex   85/100  KL=0.7999  mean=1.2250  0.08ex/s  eta=3m05s  [eta=23h47m49s total]
  [hotpotqa                 4/16] kq_pre_d095    (5/6)  ex   86/100  KL=4.2797  mean=1.2605  0.08ex/s  eta=2m52s  [eta=23h47m27s total]
  [hotpotqa                 4/16] kq_pre_d095    (5/6)  ex   87/100  KL=0.9392  mean=1.2568  0.08ex/s  eta=2m40s  [eta=23h47m20s total]
  [hotpotqa                 4/16] kq_pre_d095    (5/6)  ex   88/100  KL=0.4024  mean=1.2471  0.08ex/s  eta=2m28s  [eta=23h47m12s total]
  [hotpotqa                 4/16] kq_pre_d095    (5/6)  ex   89/100  KL=1.0725  mean=1.2451  0.08ex/s  eta=2m16s  [eta=23h47m03s total]
  [hotpotqa                 4/16] kq_pre_d095    (5/6)  ex   90/100  KL=0.3829  mean=1.2355  0.08ex/s  eta=2m03s  [eta=23h46m56s total]
  [hotpotqa                 4/16] kq_pre_d095    (5/6)  ex   91/100  KL=0.9227  mean=1.2321  0.08ex/s  eta=1m51s  [eta=23h46m48s total]
  [hotpotqa                 4/16] kq_pre_d095    (5/6)  ex   92/100  KL=0.7407  mean=1.2268  0.08ex/s  eta=1m39s  [eta=23h46m39s total]
  [hotpotqa                 4/16] kq_pre_d095    (5/6)  ex   93/100  KL=0.0853  mean=1.2145  0.08ex/s  eta=1m26s  [eta=23h46m32s total]
  [hotpotqa                 4/16] kq_pre_d095    (5/6)  ex   94/100  KL=1.2455  mean=1.2148  0.08ex/s  eta=1m14s  [eta=23h46m24s total]
  [hotpotqa                 4/16] kq_pre_d095    (5/6)  ex   95/100  KL=0.9293  mean=1.2118  0.08ex/s  eta=1m02s  [eta=23h46m16s total]
  [hotpotqa                 4/16] kq_pre_d095    (5/6)  ex   96/100  KL=0.6685  mean=1.2061  0.08ex/s  eta=49s  [eta=23h46m08s total]
  [hotpotqa                 4/16] kq_pre_d095    (5/6)  ex   97/100  KL=0.6817  mean=1.2007  0.08ex/s  eta=37s  [eta=23h46m00s total]
  [hotpotqa                 4/16] kq_pre_d095    (5/6)  ex   98/100  KL=0.5213  mean=1.1938  0.08ex/s  eta=24s  [eta=23h45m52s total]
  [hotpotqa                 4/16] kq_pre_d095    (5/6)  ex   99/100  KL=1.8620  mean=1.2006  0.08ex/s  eta=12s  [eta=23h45m44s total]
  [hotpotqa                 4/16] kq_pre_d095    (5/6)  ex  100/100  KL=6.9854  mean=1.2584  0.08ex/s  eta=0s  [eta=23h45m34s total]
  >>> hotpotqa / kq_pre_d095:  n=100  mean_KL=1.2584  [20m41s]

  [hotpotqa                 4/16] snapkv_d090    (6/6)  ex    1/100  KL=1.4860  mean=1.4860  0.08ex/s  eta=21m32s  [eta=23h45m26s total]
  [hotpotqa                 4/16] snapkv_d090    (6/6)  ex    2/100  KL=1.1993  mean=1.3426  0.08ex/s  eta=20m36s  [eta=23h45m16s total]
  [hotpotqa                 4/16] snapkv_d090    (6/6)  ex    3/100  KL=3.6668  mean=2.1174  0.08ex/s  eta=20m03s  [eta=23h45m05s total]
  [hotpotqa                 4/16] snapkv_d090    (6/6)  ex    4/100  KL=1.0428  mean=1.8487  0.08ex/s  eta=20m03s  [eta=23h44m57s total]
  [hotpotqa                 4/16] snapkv_d090    (6/6)  ex    5/100  KL=0.7791  mean=1.6348  0.08ex/s  eta=19m54s  [eta=23h44m49s total]
  [hotpotqa                 4/16] snapkv_d090    (6/6)  ex    6/100  KL=0.6246  mean=1.4664  0.08ex/s  eta=19m47s  [eta=23h44m41s total]
  [hotpotqa                 4/16] snapkv_d090    (6/6)  ex    7/100  KL=2.0068  mean=1.5436  0.08ex/s  eta=19m37s  [eta=23h44m33s total]
  [hotpotqa                 4/16] snapkv_d090    (6/6)  ex    8/100  KL=0.2218  mean=1.3784  0.09ex/s  eta=17m39s  [eta=23h43m55s total]
  [hotpotqa                 4/16] snapkv_d090    (6/6)  ex    9/100  KL=4.7686  mean=1.7551  0.09ex/s  eta=17m33s  [eta=23h43m44s total]
  [hotpotqa                 4/16] snapkv_d090    (6/6)  ex   10/100  KL=0.4727  mean=1.6268  0.09ex/s  eta=17m32s  [eta=23h43m36s total]
  [hotpotqa                 4/16] snapkv_d090    (6/6)  ex   11/100  KL=3.6631  mean=1.8120  0.09ex/s  eta=17m26s  [eta=23h43m26s total]
  [hotpotqa                 4/16] snapkv_d090    (6/6)  ex   12/100  KL=1.0915  mean=1.7519  0.08ex/s  eta=17m24s  [eta=23h43m19s total]
  [hotpotqa                 4/16] snapkv_d090    (6/6)  ex   13/100  KL=2.7685  mean=1.8301  0.08ex/s  eta=17m12s  [eta=23h43m08s total]
  [hotpotqa                 4/16] snapkv_d090    (6/6)  ex   14/100  KL=1.0313  mean=1.7731  0.08ex/s  eta=17m06s  [eta=23h42m59s total]
  [hotpotqa                 4/16] snapkv_d090    (6/6)  ex   15/100  KL=0.7357  mean=1.7039  0.08ex/s  eta=17m00s  [eta=23h42m51s total]
  [hotpotqa                 4/16] snapkv_d090    (6/6)  ex   16/100  KL=0.4652  mean=1.6265  0.08ex/s  eta=16m50s  [eta=23h42m42s total]
  [hotpotqa                 4/16] snapkv_d090    (6/6)  ex   17/100  KL=1.1005  mean=1.5955  0.08ex/s  eta=16m26s  [eta=23h42m23s total]
  [hotpotqa                 4/16] snapkv_d090    (6/6)  ex   18/100  KL=0.7041  mean=1.5460  0.08ex/s  eta=16m17s  [eta=23h42m15s total]
  [hotpotqa                 4/16] snapkv_d090    (6/6)  ex   19/100  KL=1.9663  mean=1.5681  0.08ex/s  eta=16m10s  [eta=23h42m07s total]
  [hotpotqa                 4/16] snapkv_d090    (6/6)  ex   20/100  KL=0.6970  mean=1.5246  0.08ex/s  eta=16m02s  [eta=23h41m59s total]
  [hotpotqa                 4/16] snapkv_d090    (6/6)  ex   21/100  KL=0.8923  mean=1.4945  0.08ex/s  eta=15m52s  [eta=23h41m50s total]
  [hotpotqa                 4/16] snapkv_d090    (6/6)  ex   22/100  KL=1.1448  mean=1.4786  0.08ex/s  eta=15m42s  [eta=23h41m41s total]
  [hotpotqa                 4/16] snapkv_d090    (6/6)  ex   23/100  KL=1.0177  mean=1.4585  0.08ex/s  eta=15m17s  [eta=23h41m19s total]
  [hotpotqa                 4/16] snapkv_d090    (6/6)  ex   24/100  KL=0.5303  mean=1.4199  0.08ex/s  eta=15m09s  [eta=23h41m11s total]
  [hotpotqa                 4/16] snapkv_d090    (6/6)  ex   25/100  KL=1.0761  mean=1.4061  0.08ex/s  eta=14m59s  [eta=23h41m02s total]
  [hotpotqa                 4/16] snapkv_d090    (6/6)  ex   26/100  KL=0.8521  mean=1.3848  0.08ex/s  eta=14m50s  [eta=23h40m55s total]
  [hotpotqa                 4/16] snapkv_d090    (6/6)  ex   27/100  KL=1.2802  mean=1.3809  0.08ex/s  eta=14m40s  [eta=23h40m46s total]
  [hotpotqa                 4/16] snapkv_d090    (6/6)  ex   28/100  KL=0.7612  mean=1.3588  0.08ex/s  eta=14m27s  [eta=23h40m35s total]
  [hotpotqa                 4/16] snapkv_d090    (6/6)  ex   29/100  KL=0.5026  mean=1.3293  0.08ex/s  eta=13m56s  [eta=23h39m59s total]
  [hotpotqa                 4/16] snapkv_d090    (6/6)  ex   30/100  KL=0.5852  mean=1.3045  0.08ex/s  eta=13m47s  [eta=23h39m52s total]
  [hotpotqa                 4/16] snapkv_d090    (6/6)  ex   31/100  KL=0.5895  mean=1.2814  0.08ex/s  eta=13m37s  [eta=23h39m43s total]
  [hotpotqa                 4/16] snapkv_d090    (6/6)  ex   32/100  KL=0.6676  mean=1.2622  0.08ex/s  eta=13m27s  [eta=23h39m35s total]
  [hotpotqa                 4/16] snapkv_d090    (6/6)  ex   33/100  KL=2.4280  mean=1.2976  0.08ex/s  eta=13m17s  [eta=23h39m27s total]
  [hotpotqa                 4/16] snapkv_d090    (6/6)  ex   34/100  KL=0.5501  mean=1.2756  0.08ex/s  eta=13m07s  [eta=23h39m18s total]
  [hotpotqa                 4/16] snapkv_d090    (6/6)  ex   35/100  KL=1.3698  mean=1.2783  0.08ex/s  eta=12m56s  [eta=23h39m08s total]
  [hotpotqa                 4/16] snapkv_d090    (6/6)  ex   36/100  KL=0.7366  mean=1.2632  0.08ex/s  eta=12m45s  [eta=23h39m00s total]
  [hotpotqa                 4/16] snapkv_d090    (6/6)  ex   37/100  KL=0.5113  mean=1.2429  0.08ex/s  eta=12m35s  [eta=23h38m52s total]
  [hotpotqa                 4/16] snapkv_d090    (6/6)  ex   38/100  KL=1.4780  mean=1.2491  0.08ex/s  eta=12m24s  [eta=23h38m43s total]
  [hotpotqa                 4/16] snapkv_d090    (6/6)  ex   39/100  KL=1.4871  mean=1.2552  0.08ex/s  eta=12m14s  [eta=23h38m35s total]
  [hotpotqa                 4/16] snapkv_d090    (6/6)  ex   40/100  KL=0.6415  mean=1.2398  0.08ex/s  eta=12m02s  [eta=23h38m26s total]
  [hotpotqa                 4/16] snapkv_d090    (6/6)  ex   41/100  KL=0.4912  mean=1.2216  0.08ex/s  eta=11m52s  [eta=23h38m18s total]
  [hotpotqa                 4/16] snapkv_d090    (6/6)  ex   42/100  KL=0.6052  mean=1.2069  0.08ex/s  eta=11m40s  [eta=23h38m09s total]
  [hotpotqa                 4/16] snapkv_d090    (6/6)  ex   43/100  KL=1.6182  mean=1.2165  0.08ex/s  eta=11m29s  [eta=23h38m00s total]
  [hotpotqa                 4/16] snapkv_d090    (6/6)  ex   44/100  KL=0.5042  mean=1.2003  0.08ex/s  eta=11m17s  [eta=23h37m51s total]
  [hotpotqa                 4/16] snapkv_d090    (6/6)  ex   45/100  KL=1.2608  mean=1.2016  0.08ex/s  eta=11m06s  [eta=23h37m42s total]
  [hotpotqa                 4/16] snapkv_d090    (6/6)  ex   46/100  KL=0.4995  mean=1.1864  0.08ex/s  eta=10m54s  [eta=23h37m33s total]
  [hotpotqa                 4/16] snapkv_d090    (6/6)  ex   47/100  KL=1.2197  mean=1.1871  0.08ex/s  eta=10m43s  [eta=23h37m25s total]
  [hotpotqa                 4/16] snapkv_d090    (6/6)  ex   48/100  KL=3.1006  mean=1.2269  0.08ex/s  eta=10m32s  [eta=23h37m16s total]
  [hotpotqa                 4/16] snapkv_d090    (6/6)  ex   49/100  KL=1.6134  mean=1.2348  0.08ex/s  eta=10m19s  [eta=23h37m05s total]
  [hotpotqa                 4/16] snapkv_d090    (6/6)  ex   50/100  KL=0.7625  mean=1.2254  0.08ex/s  eta=10m07s  [eta=23h36m55s total]
  [hotpotqa                 4/16] snapkv_d090    (6/6)  ex   51/100  KL=1.3093  mean=1.2270  0.08ex/s  eta=9m50s  [eta=23h36m28s total]
  [hotpotqa                 4/16] snapkv_d090    (6/6)  ex   52/100  KL=0.6065  mean=1.2151  0.08ex/s  eta=9m38s  [eta=23h36m18s total]
  [hotpotqa                 4/16] snapkv_d090    (6/6)  ex   53/100  KL=1.3707  mean=1.2180  0.08ex/s  eta=9m26s  [eta=23h36m08s total]
  [hotpotqa                 4/16] snapkv_d090    (6/6)  ex   54/100  KL=1.0352  mean=1.2146  0.08ex/s  eta=9m14s  [eta=23h35m58s total]
  [hotpotqa                 4/16] snapkv_d090    (6/6)  ex   55/100  KL=7.3246  mean=1.3257  0.08ex/s  eta=9m02s  [eta=23h35m47s total]
  [hotpotqa                 4/16] snapkv_d090    (6/6)  ex   56/100  KL=2.7631  mean=1.3514  0.08ex/s  eta=8m50s  [eta=23h35m35s total]
  [hotpotqa                 4/16] snapkv_d090    (6/6)  ex   57/100  KL=0.4280  mean=1.3352  0.08ex/s  eta=8m38s  [eta=23h35m24s total]
  [hotpotqa                 4/16] snapkv_d090    (6/6)  ex   58/100  KL=0.7895  mean=1.3258  0.08ex/s  eta=8m26s  [eta=23h35m14s total]
  [hotpotqa                 4/16] snapkv_d090    (6/6)  ex   59/100  KL=0.7186  mean=1.3155  0.08ex/s  eta=8m14s  [eta=23h35m05s total]
  [hotpotqa                 4/16] snapkv_d090    (6/6)  ex   60/100  KL=0.4962  mean=1.3018  0.08ex/s  eta=8m02s  [eta=23h34m54s total]
  [hotpotqa                 4/16] snapkv_d090    (6/6)  ex   61/100  KL=1.1883  mean=1.3000  0.08ex/s  eta=7m50s  [eta=23h34m44s total]
  [hotpotqa                 4/16] snapkv_d090    (6/6)  ex   62/100  KL=0.5505  mean=1.2879  0.08ex/s  eta=7m36s  [eta=23h34m22s total]
  [hotpotqa                 4/16] snapkv_d090    (6/6)  ex   63/100  KL=0.3562  mean=1.2731  0.08ex/s  eta=7m24s  [eta=23h34m11s total]
  [hotpotqa                 4/16] snapkv_d090    (6/6)  ex   64/100  KL=1.6684  mean=1.2793  0.08ex/s  eta=7m11s  [eta=23h33m58s total]
  [hotpotqa                 4/16] snapkv_d090    (6/6)  ex   65/100  KL=0.5713  mean=1.2684  0.08ex/s  eta=6m59s  [eta=23h33m47s total]
  [hotpotqa                 4/16] snapkv_d090    (6/6)  ex   66/100  KL=1.4153  mean=1.2706  0.08ex/s  eta=6m47s  [eta=23h33m36s total]
  [hotpotqa                 4/16] snapkv_d090    (6/6)  ex   67/100  KL=0.7680  mean=1.2631  0.08ex/s  eta=6m35s  [eta=23h33m26s total]
  [hotpotqa                 4/16] snapkv_d090    (6/6)  ex   68/100  KL=0.7702  mean=1.2559  0.08ex/s  eta=6m24s  [eta=23h33m16s total]
  [hotpotqa                 4/16] snapkv_d090    (6/6)  ex   69/100  KL=1.3417  mean=1.2571  0.08ex/s  eta=6m11s  [eta=23h33m04s total]
  [hotpotqa                 4/16] snapkv_d090    (6/6)  ex   70/100  KL=5.5954  mean=1.3191  0.08ex/s  eta=5m59s  [eta=23h32m52s total]
  [hotpotqa                 4/16] snapkv_d090    (6/6)  ex   71/100  KL=1.4880  mean=1.3215  0.08ex/s  eta=5m47s  [eta=23h32m42s total]
  [hotpotqa                 4/16] snapkv_d090    (6/6)  ex   72/100  KL=1.0372  mean=1.3175  0.08ex/s  eta=5m36s  [eta=23h32m32s total]
  [hotpotqa                 4/16] snapkv_d090    (6/6)  ex   73/100  KL=0.7457  mean=1.3097  0.08ex/s  eta=5m24s  [eta=23h32m23s total]
  [hotpotqa                 4/16] snapkv_d090    (6/6)  ex   74/100  KL=0.5068  mean=1.2988  0.08ex/s  eta=5m12s  [eta=23h32m13s total]
  [hotpotqa                 4/16] snapkv_d090    (6/6)  ex   75/100  KL=1.3774  mean=1.2999  0.08ex/s  eta=5m00s  [eta=23h32m03s total]
  [hotpotqa                 4/16] snapkv_d090    (6/6)  ex   76/100  KL=1.1107  mean=1.2974  0.08ex/s  eta=4m47s  [eta=23h31m43s total]
  [hotpotqa                 4/16] snapkv_d090    (6/6)  ex   77/100  KL=0.6935  mean=1.2896  0.08ex/s  eta=4m35s  [eta=23h31m32s total]
  [hotpotqa                 4/16] snapkv_d090    (6/6)  ex   78/100  KL=0.8843  mean=1.2844  0.08ex/s  eta=4m23s  [eta=23h31m22s total]
  [hotpotqa                 4/16] snapkv_d090    (6/6)  ex   79/100  KL=1.5995  mean=1.2883  0.08ex/s  eta=4m10s  [eta=23h30m56s total]
  [hotpotqa                 4/16] snapkv_d090    (6/6)  ex   80/100  KL=0.7670  mean=1.2818  0.08ex/s  eta=3m58s  [eta=23h30m45s total]
  [hotpotqa                 4/16] snapkv_d090    (6/6)  ex   81/100  KL=1.3202  mean=1.2823  0.08ex/s  eta=3m46s  [eta=23h30m35s total]
  [hotpotqa                 4/16] snapkv_d090    (6/6)  ex   82/100  KL=1.9468  mean=1.2904  0.08ex/s  eta=3m34s  [eta=23h30m25s total]
  [hotpotqa                 4/16] snapkv_d090    (6/6)  ex   83/100  KL=1.3462  mean=1.2911  0.08ex/s  eta=3m22s  [eta=23h30m15s total]
  [hotpotqa                 4/16] snapkv_d090    (6/6)  ex   84/100  KL=1.0530  mean=1.2882  0.08ex/s  eta=3m10s  [eta=23h30m05s total]
  [hotpotqa                 4/16] snapkv_d090    (6/6)  ex   85/100  KL=1.9413  mean=1.2959  0.08ex/s  eta=2m58s  [eta=23h29m53s total]
  [hotpotqa                 4/16] snapkv_d090    (6/6)  ex   86/100  KL=0.7567  mean=1.2897  0.08ex/s  eta=2m46s  [eta=23h29m34s total]
  [hotpotqa                 4/16] snapkv_d090    (6/6)  ex   87/100  KL=1.6127  mean=1.2934  0.08ex/s  eta=2m34s  [eta=23h29m22s total]
  [hotpotqa                 4/16] snapkv_d090    (6/6)  ex   88/100  KL=0.4090  mean=1.2833  0.08ex/s  eta=2m22s  [eta=23h29m11s total]
  [hotpotqa                 4/16] snapkv_d090    (6/6)  ex   89/100  KL=2.3212  mean=1.2950  0.08ex/s  eta=2m10s  [eta=23h29m00s total]
  [hotpotqa                 4/16] snapkv_d090    (6/6)  ex   90/100  KL=0.3778  mean=1.2848  0.08ex/s  eta=1m59s  [eta=23h28m49s total]
  [hotpotqa                 4/16] snapkv_d090    (6/6)  ex   91/100  KL=0.6443  mean=1.2778  0.08ex/s  eta=1m47s  [eta=23h28m39s total]
  [hotpotqa                 4/16] snapkv_d090    (6/6)  ex   92/100  KL=0.6822  mean=1.2713  0.08ex/s  eta=1m35s  [eta=23h28m27s total]
  [hotpotqa                 4/16] snapkv_d090    (6/6)  ex   93/100  KL=1.8691  mean=1.2777  0.08ex/s  eta=1m23s  [eta=23h28m17s total]
  [hotpotqa                 4/16] snapkv_d090    (6/6)  ex   94/100  KL=0.9656  mean=1.2744  0.08ex/s  eta=1m11s  [eta=23h28m07s total]
  [hotpotqa                 4/16] snapkv_d090    (6/6)  ex   95/100  KL=0.6163  mean=1.2675  0.08ex/s  eta=59s  [eta=23h27m57s total]
  [hotpotqa                 4/16] snapkv_d090    (6/6)  ex   96/100  KL=2.3916  mean=1.2792  0.08ex/s  eta=47s  [eta=23h27m44s total]
  [hotpotqa                 4/16] snapkv_d090    (6/6)  ex   97/100  KL=0.8464  mean=1.2747  0.08ex/s  eta=35s  [eta=23h27m34s total]
  [hotpotqa                 4/16] snapkv_d090    (6/6)  ex   98/100  KL=0.3620  mean=1.2654  0.08ex/s  eta=23s  [eta=23h27m25s total]
  [hotpotqa                 4/16] snapkv_d090    (6/6)  ex   99/100  KL=0.6686  mean=1.2594  0.08ex/s  eta=11s  [eta=23h27m15s total]
  [hotpotqa                 4/16] snapkv_d090    (6/6)  ex  100/100  KL=0.9100  mean=1.2559  0.08ex/s  eta=0s  [eta=23h27m05s total]
  >>> hotpotqa / snapkv_d090:  n=100  mean_KL=1.2559  [19m52s]

  [2wikimqa                 5/16] naive_65pct    (1/6)  ex    1/100  KL=0.2711  mean=0.2711  0.07ex/s  eta=23m58s  [eta=23h27m01s total]
  [2wikimqa                 5/16] naive_65pct    (1/6)  ex    2/100  KL=0.1059  mean=0.1885  0.07ex/s  eta=23m01s  [eta=23h26m56s total]
  [2wikimqa                 5/16] naive_65pct    (1/6)  ex    3/100  KL=0.1327  mean=0.1699  0.07ex/s  eta=21m49s  [eta=23h26m45s total]
  [2wikimqa                 5/16] naive_65pct    (1/6)  ex    4/100  KL=0.0059  mean=0.1289  0.07ex/s  eta=21m52s  [eta=23h26m41s total]
  [2wikimqa                 5/16] naive_65pct    (1/6)  ex    5/100  KL=0.0654  mean=0.1162  0.07ex/s  eta=21m49s  [eta=23h26m37s total]
  [2wikimqa                 5/16] naive_65pct    (1/6)  ex    6/100  KL=0.2554  mean=0.1394  0.07ex/s  eta=21m40s  [eta=23h26m32s total]
  [2wikimqa                 5/16] naive_65pct    (1/6)  ex    7/100  KL=0.1717  mean=0.1440  0.07ex/s  eta=21m26s  [eta=23h26m27s total]
  [2wikimqa                 5/16] naive_65pct    (1/6)  ex    8/100  KL=0.1024  mean=0.1388  0.07ex/s  eta=21m13s  [eta=23h26m22s total]
  [2wikimqa                 5/16] naive_65pct    (1/6)  ex    9/100  KL=0.0192  mean=0.1255  0.07ex/s  eta=20m31s  [eta=23h26m08s total]
  [2wikimqa                 5/16] naive_65pct    (1/6)  ex   10/100  KL=0.1277  mean=0.1257  0.07ex/s  eta=20m24s  [eta=23h26m04s total]
  [2wikimqa                 5/16] naive_65pct    (1/6)  ex   11/100  KL=0.0079  mean=0.1150  0.07ex/s  eta=20m15s  [eta=23h25m59s total]
  [2wikimqa                 5/16] naive_65pct    (1/6)  ex   12/100  KL=0.1316  mean=0.1164  0.08ex/s  eta=19m22s  [eta=23h25m37s total]
  [2wikimqa                 5/16] naive_65pct    (1/6)  ex   13/100  KL=0.0321  mean=0.1099  0.08ex/s  eta=18m06s  [eta=23h25m02s total]
  [2wikimqa                 5/16] naive_65pct    (1/6)  ex   14/100  KL=0.0567  mean=0.1061  0.08ex/s  eta=17m32s  [eta=23h24m42s total]
  [2wikimqa                 5/16] naive_65pct    (1/6)  ex   15/100  KL=0.0534  mean=0.1026  0.08ex/s  eta=17m22s  [eta=23h24m33s total]
  [2wikimqa                 5/16] naive_65pct    (1/6)  ex   16/100  KL=0.0928  mean=0.1020  0.08ex/s  eta=17m19s  [eta=23h24m28s total]
  [2wikimqa                 5/16] naive_65pct    (1/6)  ex   17/100  KL=0.0057  mean=0.0963  0.08ex/s  eta=16m20s  [eta=23h23m50s total]
  [2wikimqa                 5/16] naive_65pct    (1/6)  ex   18/100  KL=0.0386  mean=0.0931  0.08ex/s  eta=16m20s  [eta=23h23m46s total]
  [2wikimqa                 5/16] naive_65pct    (1/6)  ex   19/100  KL=0.0386  mean=0.0903  0.09ex/s  eta=15m26s  [eta=23h23m06s total]
  [2wikimqa                 5/16] naive_65pct    (1/6)  ex   20/100  KL=0.1509  mean=0.0933  0.09ex/s  eta=15m05s  [eta=23h22m46s total]
  [2wikimqa                 5/16] naive_65pct    (1/6)  ex   21/100  KL=0.1334  mean=0.0952  0.09ex/s  eta=14m35s  [eta=23h22m18s total]
  [2wikimqa                 5/16] naive_65pct    (1/6)  ex   22/100  KL=0.1083  mean=0.0958  0.09ex/s  eta=14m34s  [eta=23h22m13s total]
  [2wikimqa                 5/16] naive_65pct    (1/6)  ex   23/100  KL=0.1032  mean=0.0961  0.09ex/s  eta=14m32s  [eta=23h22m08s total]
  [2wikimqa                 5/16] naive_65pct    (1/6)  ex   24/100  KL=0.0878  mean=0.0958  0.09ex/s  eta=14m29s  [eta=23h22m03s total]
  [2wikimqa                 5/16] naive_65pct    (1/6)  ex   25/100  KL=0.0363  mean=0.0934  0.09ex/s  eta=14m25s  [eta=23h21m58s total]
  [2wikimqa                 5/16] naive_65pct    (1/6)  ex   26/100  KL=0.0107  mean=0.0902  0.09ex/s  eta=13m48s  [eta=23h21m19s total]
  [2wikimqa                 5/16] naive_65pct    (1/6)  ex   27/100  KL=0.0059  mean=0.0871  0.09ex/s  eta=13m25s  [eta=23h20m53s total]
  [2wikimqa                 5/16] naive_65pct    (1/6)  ex   28/100  KL=0.1050  mean=0.0877  0.09ex/s  eta=13m14s  [eta=23h20m39s total]
  [2wikimqa                 5/16] naive_65pct    (1/6)  ex   29/100  KL=0.2956  mean=0.0949  0.09ex/s  eta=13m08s  [eta=23h20m31s total]
  [2wikimqa                 5/16] naive_65pct    (1/6)  ex   30/100  KL=0.6943  mean=0.1149  0.09ex/s  eta=13m04s  [eta=23h20m28s total]
  [2wikimqa                 5/16] naive_65pct    (1/6)  ex   31/100  KL=0.1069  mean=0.1146  0.09ex/s  eta=12m59s  [eta=23h20m22s total]
  [2wikimqa                 5/16] naive_65pct    (1/6)  ex   32/100  KL=0.1845  mean=0.1168  0.09ex/s  eta=12m53s  [eta=23h20m16s total]
  [2wikimqa                 5/16] naive_65pct    (1/6)  ex   33/100  KL=0.0130  mean=0.1137  0.09ex/s  eta=12m46s  [eta=23h20m10s total]
  [2wikimqa                 5/16] naive_65pct    (1/6)  ex   34/100  KL=0.0178  mean=0.1108  0.09ex/s  eta=12m28s  [eta=23h19m47s total]
  [2wikimqa                 5/16] naive_65pct    (1/6)  ex   35/100  KL=0.2522  mean=0.1149  0.09ex/s  eta=12m17s  [eta=23h19m36s total]
  [2wikimqa                 5/16] naive_65pct    (1/6)  ex   36/100  KL=0.0922  mean=0.1142  0.09ex/s  eta=11m58s  [eta=23h19m10s total]
  [2wikimqa                 5/16] naive_65pct    (1/6)  ex   37/100  KL=0.0984  mean=0.1138  0.09ex/s  eta=11m51s  [eta=23h19m03s total]
  [2wikimqa                 5/16] naive_65pct    (1/6)  ex   38/100  KL=0.1905  mean=0.1158  0.09ex/s  eta=11m32s  [eta=23h18m37s total]
  [2wikimqa                 5/16] naive_65pct    (1/6)  ex   39/100  KL=0.3094  mean=0.1208  0.09ex/s  eta=11m25s  [eta=23h18m32s total]
  [2wikimqa                 5/16] naive_65pct    (1/6)  ex   40/100  KL=0.1248  mean=0.1209  0.09ex/s  eta=11m18s  [eta=23h18m26s total]
  [2wikimqa                 5/16] naive_65pct    (1/6)  ex   41/100  KL=0.1634  mean=0.1219  0.09ex/s  eta=11m10s  [eta=23h18m21s total]
  [2wikimqa                 5/16] naive_65pct    (1/6)  ex   42/100  KL=0.0436  mean=0.1201  0.09ex/s  eta=10m51s  [eta=23h17m51s total]
  [2wikimqa                 5/16] naive_65pct    (1/6)  ex   43/100  KL=0.1838  mean=0.1216  0.09ex/s  eta=10m43s  [eta=23h17m45s total]
  [2wikimqa                 5/16] naive_65pct    (1/6)  ex   44/100  KL=0.0460  mean=0.1198  0.09ex/s  eta=10m35s  [eta=23h17m40s total]
  [2wikimqa                 5/16] naive_65pct    (1/6)  ex   45/100  KL=0.2312  mean=0.1223  0.09ex/s  eta=10m23s  [eta=23h17m26s total]
  [2wikimqa                 5/16] naive_65pct    (1/6)  ex   46/100  KL=0.0159  mean=0.1200  0.09ex/s  eta=10m15s  [eta=23h17m21s total]
  [2wikimqa                 5/16] naive_65pct    (1/6)  ex   47/100  KL=0.1389  mean=0.1204  0.09ex/s  eta=10m04s  [eta=23h17m08s total]
  [2wikimqa                 5/16] naive_65pct    (1/6)  ex   48/100  KL=0.1123  mean=0.1202  0.09ex/s  eta=9m51s  [eta=23h16m52s total]
  [2wikimqa                 5/16] naive_65pct    (1/6)  ex   49/100  KL=0.0825  mean=0.1195  0.09ex/s  eta=9m30s  [eta=23h16m14s total]
  [2wikimqa                 5/16] naive_65pct    (1/6)  ex   50/100  KL=0.1127  mean=0.1193  0.09ex/s  eta=9m16s  [eta=23h15m52s total]
  [2wikimqa                 5/16] naive_65pct    (1/6)  ex   51/100  KL=0.1738  mean=0.1204  0.09ex/s  eta=9m07s  [eta=23h15m46s total]
  [2wikimqa                 5/16] naive_65pct    (1/6)  ex   52/100  KL=0.0500  mean=0.1190  0.09ex/s  eta=8m59s  [eta=23h15m40s total]
  [2wikimqa                 5/16] naive_65pct    (1/6)  ex   53/100  KL=0.0917  mean=0.1185  0.09ex/s  eta=8m46s  [eta=23h15m21s total]
  [2wikimqa                 5/16] naive_65pct    (1/6)  ex   54/100  KL=0.1650  mean=0.1194  0.09ex/s  eta=8m33s  [eta=23h15m04s total]
  [2wikimqa                 5/16] naive_65pct    (1/6)  ex   55/100  KL=0.0611  mean=0.1183  0.09ex/s  eta=8m21s  [eta=23h14m47s total]
  [2wikimqa                 5/16] naive_65pct    (1/6)  ex   56/100  KL=0.0887  mean=0.1178  0.09ex/s  eta=8m06s  [eta=23h14m21s total]
  [2wikimqa                 5/16] naive_65pct    (1/6)  ex   57/100  KL=0.2126  mean=0.1195  0.09ex/s  eta=7m56s  [eta=23h14m10s total]
  [2wikimqa                 5/16] naive_65pct    (1/6)  ex   58/100  KL=0.0292  mean=0.1179  0.09ex/s  eta=7m47s  [eta=23h14m03s total]
  [2wikimqa                 5/16] naive_65pct    (1/6)  ex   59/100  KL=0.3074  mean=0.1211  0.09ex/s  eta=7m31s  [eta=23h13m31s total]
  [2wikimqa                 5/16] naive_65pct    (1/6)  ex   60/100  KL=0.0064  mean=0.1192  0.09ex/s  eta=7m17s  [eta=23h13m04s total]
  [2wikimqa                 5/16] naive_65pct    (1/6)  ex   61/100  KL=0.0336  mean=0.1178  0.09ex/s  eta=7m08s  [eta=23h12m59s total]
  [2wikimqa                 5/16] naive_65pct    (1/6)  ex   62/100  KL=0.0979  mean=0.1175  0.09ex/s  eta=6m54s  [eta=23h12m29s total]
  [2wikimqa                 5/16] naive_65pct    (1/6)  ex   63/100  KL=0.0243  mean=0.1160  0.09ex/s  eta=6m38s  [eta=23h11m53s total]
  [2wikimqa                 5/16] naive_65pct    (1/6)  ex   64/100  KL=0.0630  mean=0.1152  0.09ex/s  eta=6m29s  [eta=23h11m49s total]
  [2wikimqa                 5/16] naive_65pct    (1/6)  ex   65/100  KL=0.0092  mean=0.1135  0.09ex/s  eta=6m15s  [eta=23h11m12s total]
  [2wikimqa                 5/16] naive_65pct    (1/6)  ex   66/100  KL=0.0362  mean=0.1124  0.09ex/s  eta=6m05s  [eta=23h11m06s total]
  [2wikimqa                 5/16] naive_65pct    (1/6)  ex   67/100  KL=0.0403  mean=0.1113  0.09ex/s  eta=5m53s  [eta=23h10m42s total]
  [2wikimqa                 5/16] naive_65pct    (1/6)  ex   68/100  KL=0.1115  mean=0.1113  0.09ex/s  eta=5m41s  [eta=23h10m20s total]
  [2wikimqa                 5/16] naive_65pct    (1/6)  ex   69/100  KL=0.2471  mean=0.1133  0.09ex/s  eta=5m31s  [eta=23h10m07s total]
  [2wikimqa                 5/16] naive_65pct    (1/6)  ex   70/100  KL=0.2433  mean=0.1151  0.09ex/s  eta=5m19s  [eta=23h09m45s total]
  [2wikimqa                 5/16] naive_65pct    (1/6)  ex   71/100  KL=0.0185  mean=0.1138  0.09ex/s  eta=5m09s  [eta=23h09m34s total]
  [2wikimqa                 5/16] naive_65pct    (1/6)  ex   72/100  KL=0.0954  mean=0.1135  0.09ex/s  eta=4m59s  [eta=23h09m29s total]
  [2wikimqa                 5/16] naive_65pct    (1/6)  ex   73/100  KL=0.1368  mean=0.1138  0.09ex/s  eta=4m50s  [eta=23h09m22s total]
  [2wikimqa                 5/16] naive_65pct    (1/6)  ex   74/100  KL=0.0063  mean=0.1124  0.09ex/s  eta=4m36s  [eta=23h08m42s total]
  [2wikimqa                 5/16] naive_65pct    (1/6)  ex   75/100  KL=0.0642  mean=0.1117  0.09ex/s  eta=4m25s  [eta=23h08m25s total]
  [2wikimqa                 5/16] naive_65pct    (1/6)  ex   76/100  KL=0.0726  mean=0.1112  0.09ex/s  eta=4m13s  [eta=23h07m59s total]
  [2wikimqa                 5/16] naive_65pct    (1/6)  ex   77/100  KL=0.1007  mean=0.1111  0.09ex/s  eta=4m03s  [eta=23h07m53s total]
  [2wikimqa                 5/16] naive_65pct    (1/6)  ex   78/100  KL=0.1124  mean=0.1111  0.09ex/s  eta=3m53s  [eta=23h07m38s total]
  [2wikimqa                 5/16] naive_65pct    (1/6)  ex   79/100  KL=0.0045  mean=0.1097  0.09ex/s  eta=3m43s  [eta=23h07m29s total]
  [2wikimqa                 5/16] naive_65pct    (1/6)  ex   80/100  KL=0.0212  mean=0.1086  0.09ex/s  eta=3m32s  [eta=23h07m10s total]
  [2wikimqa                 5/16] naive_65pct    (1/6)  ex   81/100  KL=0.0786  mean=0.1083  0.09ex/s  eta=3m21s  [eta=23h06m52s total]
  [2wikimqa                 5/16] naive_65pct    (1/6)  ex   82/100  KL=0.1065  mean=0.1082  0.09ex/s  eta=3m11s  [eta=23h06m44s total]
  [2wikimqa                 5/16] naive_65pct    (1/6)  ex   83/100  KL=0.0374  mean=0.1074  0.09ex/s  eta=3m00s  [eta=23h06m35s total]
  [2wikimqa                 5/16] naive_65pct    (1/6)  ex   84/100  KL=0.2175  mean=0.1087  0.09ex/s  eta=2m50s  [eta=23h06m29s total]
  [2wikimqa                 5/16] naive_65pct    (1/6)  ex   85/100  KL=0.1582  mean=0.1093  0.09ex/s  eta=2m39s  [eta=23h06m06s total]
  [2wikimqa                 5/16] naive_65pct    (1/6)  ex   86/100  KL=0.0049  mean=0.1081  0.09ex/s  eta=2m29s  [eta=23h06m00s total]
  [2wikimqa                 5/16] naive_65pct    (1/6)  ex   87/100  KL=0.0637  mean=0.1076  0.09ex/s  eta=2m19s  [eta=23h05m56s total]
  [2wikimqa                 5/16] naive_65pct    (1/6)  ex   88/100  KL=0.4899  mean=0.1119  0.09ex/s  eta=2m09s  [eta=23h05m50s total]
  [2wikimqa                 5/16] naive_65pct    (1/6)  ex   89/100  KL=0.0818  mean=0.1116  0.09ex/s  eta=1m58s  [eta=23h05m46s total]
  [2wikimqa                 5/16] naive_65pct    (1/6)  ex   90/100  KL=0.0037  mean=0.1104  0.09ex/s  eta=1m47s  [eta=23h05m16s total]
  [2wikimqa                 5/16] naive_65pct    (1/6)  ex   91/100  KL=0.1187  mean=0.1105  0.09ex/s  eta=1m36s  [eta=23h05m10s total]
  [2wikimqa                 5/16] naive_65pct    (1/6)  ex   92/100  KL=0.1018  mean=0.1104  0.09ex/s  eta=1m26s  [eta=23h05m04s total]
  [2wikimqa                 5/16] naive_65pct    (1/6)  ex   93/100  KL=0.2605  mean=0.1120  0.09ex/s  eta=1m15s  [eta=23h04m58s total]
  [2wikimqa                 5/16] naive_65pct    (1/6)  ex   94/100  KL=0.1015  mean=0.1119  0.09ex/s  eta=1m05s  [eta=23h04m52s total]
  [2wikimqa                 5/16] naive_65pct    (1/6)  ex   95/100  KL=0.0531  mean=0.1113  0.09ex/s  eta=54s  [eta=23h04m37s total]
  [2wikimqa                 5/16] naive_65pct    (1/6)  ex   96/100  KL=0.0524  mean=0.1106  0.09ex/s  eta=43s  [eta=23h04m31s total]
  [2wikimqa                 5/16] naive_65pct    (1/6)  ex   97/100  KL=0.0087  mean=0.1096  0.09ex/s  eta=32s  [eta=23h04m25s total]
  [2wikimqa                 5/16] naive_65pct    (1/6)  ex   98/100  KL=0.0637  mean=0.1091  0.09ex/s  eta=21s  [eta=23h03m51s total]
  [2wikimqa                 5/16] naive_65pct    (1/6)  ex   99/100  KL=0.0492  mean=0.1085  0.09ex/s  eta=10s  [eta=23h03m46s total]
  [2wikimqa                 5/16] naive_65pct    (1/6)  ex  100/100  KL=0.0592  mean=0.1080  0.09ex/s  eta=0s  [eta=23h03m24s total]
  >>> 2wikimqa / naive_65pct:  n=100  mean_KL=0.1080  [18m05s]

  [2wikimqa                 5/16] snapkv         (2/6)  ex    1/100  KL=0.2546  mean=0.2546  0.08ex/s  eta=20m44s  [eta=23h03m15s total]
  [2wikimqa                 5/16] snapkv         (2/6)  ex    2/100  KL=0.1874  mean=0.2210  0.08ex/s  eta=19m43s  [eta=23h03m03s total]
  [2wikimqa                 5/16] snapkv         (2/6)  ex    3/100  KL=0.1873  mean=0.2098  0.09ex/s  eta=18m49s  [eta=23h02m49s total]
  [2wikimqa                 5/16] snapkv         (2/6)  ex    4/100  KL=0.0841  mean=0.1784  0.09ex/s  eta=18m42s  [eta=23h02m38s total]
  [2wikimqa                 5/16] snapkv         (2/6)  ex    5/100  KL=0.0912  mean=0.1609  0.08ex/s  eta=18m39s  [eta=23h02m27s total]
  [2wikimqa                 5/16] snapkv         (2/6)  ex    6/100  KL=0.2548  mean=0.1766  0.08ex/s  eta=18m30s  [eta=23h02m16s total]
  [2wikimqa                 5/16] snapkv         (2/6)  ex    7/100  KL=0.2117  mean=0.1816  0.08ex/s  eta=18m23s  [eta=23h02m06s total]
  [2wikimqa                 5/16] snapkv         (2/6)  ex    8/100  KL=0.1036  mean=0.1718  0.08ex/s  eta=18m09s  [eta=23h01m54s total]
  [2wikimqa                 5/16] snapkv         (2/6)  ex    9/100  KL=0.0794  mean=0.1616  0.09ex/s  eta=17m31s  [eta=23h01m36s total]
  [2wikimqa                 5/16] snapkv         (2/6)  ex   10/100  KL=0.3116  mean=0.1766  0.09ex/s  eta=17m23s  [eta=23h01m25s total]
  [2wikimqa                 5/16] snapkv         (2/6)  ex   11/100  KL=0.0220  mean=0.1625  0.09ex/s  eta=17m15s  [eta=23h01m14s total]
  [2wikimqa                 5/16] snapkv         (2/6)  ex   12/100  KL=0.1605  mean=0.1623  0.09ex/s  eta=16m42s  [eta=23h00m54s total]
  [2wikimqa                 5/16] snapkv         (2/6)  ex   13/100  KL=0.0665  mean=0.1550  0.09ex/s  eta=15m38s  [eta=23h00m19s total]
  [2wikimqa                 5/16] snapkv         (2/6)  ex   14/100  KL=0.3188  mean=0.1667  0.09ex/s  eta=15m11s  [eta=22h59m58s total]
  [2wikimqa                 5/16] snapkv         (2/6)  ex   15/100  KL=0.0809  mean=0.1610  0.09ex/s  eta=15m02s  [eta=22h59m43s total]
  [2wikimqa                 5/16] snapkv         (2/6)  ex   16/100  KL=0.1278  mean=0.1589  0.09ex/s  eta=14m58s  [eta=22h59m33s total]
  [2wikimqa                 5/16] snapkv         (2/6)  ex   17/100  KL=0.0166  mean=0.1505  0.10ex/s  eta=14m15s  [eta=22h58m59s total]
  [2wikimqa                 5/16] snapkv         (2/6)  ex   18/100  KL=0.0349  mean=0.1441  0.10ex/s  eta=14m10s  [eta=22h58m47s total]
  [2wikimqa                 5/16] snapkv         (2/6)  ex   19/100  KL=0.0243  mean=0.1378  0.10ex/s  eta=13m19s  [eta=22h58m05s total]
  [2wikimqa                 5/16] snapkv         (2/6)  ex   20/100  KL=0.2337  mean=0.1426  0.10ex/s  eta=13m02s  [eta=22h57m43s total]
  [2wikimqa                 5/16] snapkv         (2/6)  ex   21/100  KL=0.0520  mean=0.1383  0.10ex/s  eta=12m39s  [eta=22h57m16s total]
  [2wikimqa                 5/16] snapkv         (2/6)  ex   22/100  KL=0.1436  mean=0.1385  0.10ex/s  eta=12m37s  [eta=22h57m05s total]
  [2wikimqa                 5/16] snapkv         (2/6)  ex   23/100  KL=0.0603  mean=0.1351  0.10ex/s  eta=12m35s  [eta=22h56m54s total]
  [2wikimqa                 5/16] snapkv         (2/6)  ex   24/100  KL=0.1024  mean=0.1337  0.10ex/s  eta=12m32s  [eta=22h56m43s total]
  [2wikimqa                 5/16] snapkv         (2/6)  ex   25/100  KL=0.0351  mean=0.1298  0.10ex/s  eta=12m28s  [eta=22h56m32s total]
  [2wikimqa                 5/16] snapkv         (2/6)  ex   26/100  KL=0.0793  mean=0.1279  0.10ex/s  eta=11m56s  [eta=22h55m55s total]
  [2wikimqa                 5/16] snapkv         (2/6)  ex   27/100  KL=0.0534  mean=0.1251  0.10ex/s  eta=11m41s  [eta=22h55m31s total]
  [2wikimqa                 5/16] snapkv         (2/6)  ex   28/100  KL=0.1438  mean=0.1258  0.10ex/s  eta=11m31s  [eta=22h55m13s total]
  [2wikimqa                 5/16] snapkv         (2/6)  ex   29/100  KL=0.3495  mean=0.1335  0.10ex/s  eta=11m25s  [eta=22h55m00s total]
  [2wikimqa                 5/16] snapkv         (2/6)  ex   30/100  KL=0.5252  mean=0.1465  0.10ex/s  eta=11m21s  [eta=22h54m50s total]
  [2wikimqa                 5/16] snapkv         (2/6)  ex   31/100  KL=0.0694  mean=0.1441  0.10ex/s  eta=11m16s  [eta=22h54m38s total]
  [2wikimqa                 5/16] snapkv         (2/6)  ex   32/100  KL=0.1568  mean=0.1445  0.10ex/s  eta=11m10s  [eta=22h54m27s total]
  [2wikimqa                 5/16] snapkv         (2/6)  ex   33/100  KL=0.0920  mean=0.1429  0.10ex/s  eta=11m04s  [eta=22h54m16s total]
  [2wikimqa                 5/16] snapkv         (2/6)  ex   34/100  KL=0.1531  mean=0.1432  0.10ex/s  eta=10m49s  [eta=22h53m52s total]
  [2wikimqa                 5/16] snapkv         (2/6)  ex   35/100  KL=0.2099  mean=0.1451  0.10ex/s  eta=10m40s  [eta=22h53m36s total]
  [2wikimqa                 5/16] snapkv         (2/6)  ex   36/100  KL=0.1430  mean=0.1450  0.10ex/s  eta=10m24s  [eta=22h53m10s total]
  [2wikimqa                 5/16] snapkv         (2/6)  ex   37/100  KL=0.1238  mean=0.1444  0.10ex/s  eta=10m17s  [eta=22h52m58s total]
  [2wikimqa                 5/16] snapkv         (2/6)  ex   38/100  KL=0.0689  mean=0.1425  0.10ex/s  eta=10m02s  [eta=22h52m32s total]
  [2wikimqa                 5/16] snapkv         (2/6)  ex   39/100  KL=0.2948  mean=0.1464  0.10ex/s  eta=9m56s  [eta=22h52m21s total]
  [2wikimqa                 5/16] snapkv         (2/6)  ex   40/100  KL=0.1912  mean=0.1475  0.10ex/s  eta=9m49s  [eta=22h52m10s total]
  [2wikimqa                 5/16] snapkv         (2/6)  ex   41/100  KL=0.1694  mean=0.1480  0.10ex/s  eta=9m42s  [eta=22h51m58s total]
  [2wikimqa                 5/16] snapkv         (2/6)  ex   42/100  KL=0.0111  mean=0.1448  0.10ex/s  eta=9m27s  [eta=22h51m30s total]
  [2wikimqa                 5/16] snapkv         (2/6)  ex   43/100  KL=0.2140  mean=0.1464  0.10ex/s  eta=9m20s  [eta=22h51m19s total]
  [2wikimqa                 5/16] snapkv         (2/6)  ex   44/100  KL=0.0151  mean=0.1434  0.10ex/s  eta=9m13s  [eta=22h51m09s total]
  [2wikimqa                 5/16] snapkv         (2/6)  ex   45/100  KL=0.1246  mean=0.1430  0.10ex/s  eta=9m02s  [eta=22h50m50s total]
  [2wikimqa                 5/16] snapkv         (2/6)  ex   46/100  KL=0.0340  mean=0.1406  0.10ex/s  eta=8m54s  [eta=22h50m39s total]
  [2wikimqa                 5/16] snapkv         (2/6)  ex   47/100  KL=0.3695  mean=0.1455  0.10ex/s  eta=8m44s  [eta=22h50m22s total]
  [2wikimqa                 5/16] snapkv         (2/6)  ex   48/100  KL=0.1228  mean=0.1450  0.10ex/s  eta=8m34s  [eta=22h50m04s total]
  [2wikimqa                 5/16] snapkv         (2/6)  ex   49/100  KL=0.0368  mean=0.1428  0.10ex/s  eta=8m16s  [eta=22h49m27s total]
  [2wikimqa                 5/16] snapkv         (2/6)  ex   50/100  KL=0.0652  mean=0.1412  0.10ex/s  eta=8m05s  [eta=22h49m05s total]
  [2wikimqa                 5/16] snapkv         (2/6)  ex   51/100  KL=0.2305  mean=0.1430  0.10ex/s  eta=7m57s  [eta=22h48m54s total]
  [2wikimqa                 5/16] snapkv         (2/6)  ex   52/100  KL=0.1130  mean=0.1424  0.10ex/s  eta=7m49s  [eta=22h48m43s total]
  [2wikimqa                 5/16] snapkv         (2/6)  ex   53/100  KL=0.0686  mean=0.1410  0.10ex/s  eta=7m38s  [eta=22h48m22s total]
  [2wikimqa                 5/16] snapkv         (2/6)  ex   54/100  KL=0.2044  mean=0.1422  0.10ex/s  eta=7m28s  [eta=22h48m03s total]
  [2wikimqa                 5/16] snapkv         (2/6)  ex   55/100  KL=0.0527  mean=0.1406  0.10ex/s  eta=7m17s  [eta=22h47m44s total]
  [2wikimqa                 5/16] snapkv         (2/6)  ex   56/100  KL=0.0749  mean=0.1394  0.10ex/s  eta=7m05s  [eta=22h47m19s total]
  [2wikimqa                 5/16] snapkv         (2/6)  ex   57/100  KL=0.1764  mean=0.1400  0.10ex/s  eta=6m56s  [eta=22h47m03s total]
  [2wikimqa                 5/16] snapkv         (2/6)  ex   58/100  KL=0.0430  mean=0.1384  0.10ex/s  eta=6m48s  [eta=22h46m52s total]
  [2wikimqa                 5/16] snapkv         (2/6)  ex   59/100  KL=0.0610  mean=0.1371  0.10ex/s  eta=6m35s  [eta=22h46m23s total]
  [2wikimqa                 5/16] snapkv         (2/6)  ex   60/100  KL=0.0533  mean=0.1357  0.10ex/s  eta=6m23s  [eta=22h45m58s total]
  [2wikimqa                 5/16] snapkv         (2/6)  ex   61/100  KL=0.0425  mean=0.1341  0.10ex/s  eta=6m15s  [eta=22h45m47s total]
  [2wikimqa                 5/16] snapkv         (2/6)  ex   62/100  KL=0.0338  mean=0.1325  0.10ex/s  eta=6m03s  [eta=22h45m18s total]
  [2wikimqa                 5/16] snapkv         (2/6)  ex   63/100  KL=0.0139  mean=0.1306  0.11ex/s  eta=5m50s  [eta=22h44m45s total]
  [2wikimqa                 5/16] snapkv         (2/6)  ex   64/100  KL=0.1153  mean=0.1304  0.11ex/s  eta=5m42s  [eta=22h44m35s total]
  [2wikimqa                 5/16] snapkv         (2/6)  ex   65/100  KL=0.0371  mean=0.1290  0.11ex/s  eta=5m29s  [eta=22h44m01s total]
  [2wikimqa                 5/16] snapkv         (2/6)  ex   66/100  KL=0.0468  mean=0.1277  0.11ex/s  eta=5m21s  [eta=22h43m49s total]
  [2wikimqa                 5/16] snapkv         (2/6)  ex   67/100  KL=0.1089  mean=0.1274  0.11ex/s  eta=5m10s  [eta=22h43m25s total]
  [2wikimqa                 5/16] snapkv         (2/6)  ex   68/100  KL=0.1505  mean=0.1278  0.11ex/s  eta=5m00s  [eta=22h43m01s total]
  [2wikimqa                 5/16] snapkv         (2/6)  ex   69/100  KL=0.2325  mean=0.1293  0.11ex/s  eta=4m51s  [eta=22h42m44s total]
  [2wikimqa                 5/16] snapkv         (2/6)  ex   70/100  KL=0.3182  mean=0.1320  0.11ex/s  eta=4m41s  [eta=22h42m22s total]
  [2wikimqa                 5/16] snapkv         (2/6)  ex   71/100  KL=0.0950  mean=0.1315  0.11ex/s  eta=4m32s  [eta=22h42m06s total]
  [2wikimqa                 5/16] snapkv         (2/6)  ex   72/100  KL=0.0900  mean=0.1309  0.11ex/s  eta=4m23s  [eta=22h41m56s total]
  [2wikimqa                 5/16] snapkv         (2/6)  ex   73/100  KL=0.3182  mean=0.1335  0.11ex/s  eta=4m15s  [eta=22h41m44s total]
  [2wikimqa                 5/16] snapkv         (2/6)  ex   74/100  KL=0.0607  mean=0.1325  0.11ex/s  eta=4m02s  [eta=22h41m03s total]
  [2wikimqa                 5/16] snapkv         (2/6)  ex   75/100  KL=0.0894  mean=0.1319  0.11ex/s  eta=3m53s  [eta=22h40m44s total]
  [2wikimqa                 5/16] snapkv         (2/6)  ex   76/100  KL=0.0632  mean=0.1310  0.11ex/s  eta=3m43s  [eta=22h40m19s total]
  [2wikimqa                 5/16] snapkv         (2/6)  ex   77/100  KL=0.1214  mean=0.1309  0.11ex/s  eta=3m34s  [eta=22h40m08s total]
  [2wikimqa                 5/16] snapkv         (2/6)  ex   78/100  KL=0.1669  mean=0.1313  0.11ex/s  eta=3m25s  [eta=22h39m51s total]
  [2wikimqa                 5/16] snapkv         (2/6)  ex   79/100  KL=0.0203  mean=0.1299  0.11ex/s  eta=3m16s  [eta=22h39m41s total]
  [2wikimqa                 5/16] snapkv         (2/6)  ex   80/100  KL=0.1691  mean=0.1304  0.11ex/s  eta=3m07s  [eta=22h39m21s total]
  [2wikimqa                 5/16] snapkv         (2/6)  ex   81/100  KL=0.2655  mean=0.1321  0.11ex/s  eta=2m57s  [eta=22h39m01s total]
  [2wikimqa                 5/16] snapkv         (2/6)  ex   82/100  KL=0.1225  mean=0.1320  0.11ex/s  eta=2m48s  [eta=22h38m47s total]
  [2wikimqa                 5/16] snapkv         (2/6)  ex   83/100  KL=0.0631  mean=0.1311  0.11ex/s  eta=2m39s  [eta=22h38m34s total]
  [2wikimqa                 5/16] snapkv         (2/6)  ex   84/100  KL=0.1833  mean=0.1318  0.11ex/s  eta=2m30s  [eta=22h38m22s total]
  [2wikimqa                 5/16] snapkv         (2/6)  ex   85/100  KL=0.0900  mean=0.1313  0.11ex/s  eta=2m20s  [eta=22h38m02s total]
  [2wikimqa                 5/16] snapkv         (2/6)  ex   86/100  KL=0.0265  mean=0.1300  0.11ex/s  eta=2m12s  [eta=22h37m52s total]
  [2wikimqa                 5/16] snapkv         (2/6)  ex   87/100  KL=0.0747  mean=0.1294  0.11ex/s  eta=2m03s  [eta=22h37m42s total]
  [2wikimqa                 5/16] snapkv         (2/6)  ex   88/100  KL=0.1637  mean=0.1298  0.11ex/s  eta=1m53s  [eta=22h37m31s total]
  [2wikimqa                 5/16] snapkv         (2/6)  ex   89/100  KL=0.2777  mean=0.1315  0.11ex/s  eta=1m44s  [eta=22h37m21s total]
  [2wikimqa                 5/16] snapkv         (2/6)  ex   90/100  KL=0.0136  mean=0.1302  0.11ex/s  eta=1m34s  [eta=22h36m54s total]
  [2wikimqa                 5/16] snapkv         (2/6)  ex   91/100  KL=0.1059  mean=0.1299  0.11ex/s  eta=1m25s  [eta=22h36m44s total]
  [2wikimqa                 5/16] snapkv         (2/6)  ex   92/100  KL=0.1379  mean=0.1300  0.10ex/s  eta=1m16s  [eta=22h36m34s total]
  [2wikimqa                 5/16] snapkv         (2/6)  ex   93/100  KL=0.2325  mean=0.1311  0.10ex/s  eta=1m06s  [eta=22h36m24s total]
  [2wikimqa                 5/16] snapkv         (2/6)  ex   94/100  KL=0.2179  mean=0.1320  0.10ex/s  eta=57s  [eta=22h36m14s total]
  [2wikimqa                 5/16] snapkv         (2/6)  ex   95/100  KL=0.0775  mean=0.1314  0.10ex/s  eta=47s  [eta=22h35m56s total]
  [2wikimqa                 5/16] snapkv         (2/6)  ex   96/100  KL=0.0628  mean=0.1307  0.10ex/s  eta=38s  [eta=22h35m46s total]
  [2wikimqa                 5/16] snapkv         (2/6)  ex   97/100  KL=0.0580  mean=0.1300  0.10ex/s  eta=28s  [eta=22h35m36s total]
  [2wikimqa                 5/16] snapkv         (2/6)  ex   98/100  KL=0.0570  mean=0.1292  0.10ex/s  eta=19s  [eta=22h35m04s total]
  [2wikimqa                 5/16] snapkv         (2/6)  ex   99/100  KL=0.0455  mean=0.1284  0.10ex/s  eta=9s  [eta=22h34m54s total]
  [2wikimqa                 5/16] snapkv         (2/6)  ex  100/100  KL=0.2485  mean=0.1296  0.10ex/s  eta=0s  [eta=22h34m32s total]
  >>> 2wikimqa / snapkv:  n=100  mean_KL=0.1296  [15m59s]

  [2wikimqa                 5/16] kq_only        (3/6)  ex    1/100  KL=0.4891  mean=0.4891  0.08ex/s  eta=20m36s  [eta=22h34m23s total]
  [2wikimqa                 5/16] kq_only        (3/6)  ex    2/100  KL=0.1283  mean=0.3087  0.08ex/s  eta=19m54s  [eta=22h34m12s total]
  [2wikimqa                 5/16] kq_only        (3/6)  ex    3/100  KL=0.2146  mean=0.2773  0.09ex/s  eta=18m40s  [eta=22h33m57s total]
  [2wikimqa                 5/16] kq_only        (3/6)  ex    4/100  KL=0.1482  mean=0.2450  0.09ex/s  eta=18m43s  [eta=22h33m47s total]
  [2wikimqa                 5/16] kq_only        (3/6)  ex    5/100  KL=0.1301  mean=0.2221  0.08ex/s  eta=18m46s  [eta=22h33m38s total]
  [2wikimqa                 5/16] kq_only        (3/6)  ex    6/100  KL=0.2639  mean=0.2290  0.08ex/s  eta=18m36s  [eta=22h33m27s total]
  [2wikimqa                 5/16] kq_only        (3/6)  ex    7/100  KL=0.4194  mean=0.2562  0.08ex/s  eta=18m28s  [eta=22h33m17s total]
  [2wikimqa                 5/16] kq_only        (3/6)  ex    8/100  KL=0.2158  mean=0.2512  0.08ex/s  eta=18m16s  [eta=22h33m06s total]
  [2wikimqa                 5/16] kq_only        (3/6)  ex    9/100  KL=0.0882  mean=0.2331  0.09ex/s  eta=17m39s  [eta=22h32m48s total]
  [2wikimqa                 5/16] kq_only        (3/6)  ex   10/100  KL=0.5416  mean=0.2639  0.09ex/s  eta=17m31s  [eta=22h32m38s total]
  [2wikimqa                 5/16] kq_only        (3/6)  ex   11/100  KL=0.0276  mean=0.2424  0.09ex/s  eta=17m24s  [eta=22h32m28s total]
  [2wikimqa                 5/16] kq_only        (3/6)  ex   12/100  KL=0.1157  mean=0.2319  0.09ex/s  eta=16m51s  [eta=22h32m09s total]
  [2wikimqa                 5/16] kq_only        (3/6)  ex   13/100  KL=0.0503  mean=0.2179  0.09ex/s  eta=15m46s  [eta=22h31m36s total]
  [2wikimqa                 5/16] kq_only        (3/6)  ex   14/100  KL=0.1035  mean=0.2097  0.09ex/s  eta=15m19s  [eta=22h31m15s total]
  [2wikimqa                 5/16] kq_only        (3/6)  ex   15/100  KL=0.0890  mean=0.2017  0.09ex/s  eta=15m11s  [eta=22h31m03s total]
  [2wikimqa                 5/16] kq_only        (3/6)  ex   16/100  KL=0.1146  mean=0.1962  0.09ex/s  eta=15m08s  [eta=22h30m52s total]
  [2wikimqa                 5/16] kq_only        (3/6)  ex   17/100  KL=0.0086  mean=0.1852  0.10ex/s  eta=14m19s  [eta=22h30m18s total]
  [2wikimqa                 5/16] kq_only        (3/6)  ex   18/100  KL=0.0851  mean=0.1796  0.10ex/s  eta=14m18s  [eta=22h30m08s total]
  [2wikimqa                 5/16] kq_only        (3/6)  ex   19/100  KL=0.0496  mean=0.1728  0.10ex/s  eta=13m31s  [eta=22h29m31s total]
  [2wikimqa                 5/16] kq_only        (3/6)  ex   20/100  KL=0.1751  mean=0.1729  0.10ex/s  eta=13m14s  [eta=22h29m11s total]
  [2wikimqa                 5/16] kq_only        (3/6)  ex   21/100  KL=0.0788  mean=0.1684  0.10ex/s  eta=12m50s  [eta=22h28m45s total]
  [2wikimqa                 5/16] kq_only        (3/6)  ex   22/100  KL=0.1310  mean=0.1667  0.10ex/s  eta=12m50s  [eta=22h28m35s total]
  [2wikimqa                 5/16] kq_only        (3/6)  ex   23/100  KL=0.0563  mean=0.1619  0.10ex/s  eta=12m47s  [eta=22h28m25s total]
  [2wikimqa                 5/16] kq_only        (3/6)  ex   24/100  KL=0.1193  mean=0.1602  0.10ex/s  eta=12m45s  [eta=22h28m15s total]
  [2wikimqa                 5/16] kq_only        (3/6)  ex   25/100  KL=0.0419  mean=0.1554  0.10ex/s  eta=12m41s  [eta=22h28m05s total]
  [2wikimqa                 5/16] kq_only        (3/6)  ex   26/100  KL=0.0323  mean=0.1507  0.10ex/s  eta=12m08s  [eta=22h27m28s total]
  [2wikimqa                 5/16] kq_only        (3/6)  ex   27/100  KL=0.0518  mean=0.1470  0.10ex/s  eta=11m52s  [eta=22h27m06s total]
  [2wikimqa                 5/16] kq_only        (3/6)  ex   28/100  KL=0.1588  mean=0.1475  0.10ex/s  eta=11m42s  [eta=22h26m49s total]
  [2wikimqa                 5/16] kq_only        (3/6)  ex   29/100  KL=0.3657  mean=0.1550  0.10ex/s  eta=11m36s  [eta=22h26m37s total]
  [2wikimqa                 5/16] kq_only        (3/6)  ex   30/100  KL=1.4394  mean=0.1978  0.10ex/s  eta=11m32s  [eta=22h26m28s total]
  [2wikimqa                 5/16] kq_only        (3/6)  ex   31/100  KL=0.1346  mean=0.1958  0.10ex/s  eta=11m27s  [eta=22h26m17s total]
  [2wikimqa                 5/16] kq_only        (3/6)  ex   32/100  KL=0.1694  mean=0.1949  0.10ex/s  eta=11m22s  [eta=22h26m07s total]
  [2wikimqa                 5/16] kq_only        (3/6)  ex   33/100  KL=0.0744  mean=0.1913  0.10ex/s  eta=11m16s  [eta=22h25m57s total]
  [2wikimqa                 5/16] kq_only        (3/6)  ex   34/100  KL=0.1683  mean=0.1906  0.10ex/s  eta=10m59s  [eta=22h25m32s total]
  [2wikimqa                 5/16] kq_only        (3/6)  ex   35/100  KL=0.1824  mean=0.1904  0.10ex/s  eta=10m50s  [eta=22h25m18s total]
  [2wikimqa                 5/16] kq_only        (3/6)  ex   36/100  KL=0.0948  mean=0.1877  0.10ex/s  eta=10m35s  [eta=22h24m55s total]
  [2wikimqa                 5/16] kq_only        (3/6)  ex   37/100  KL=0.1044  mean=0.1855  0.10ex/s  eta=10m28s  [eta=22h24m43s total]
  [2wikimqa                 5/16] kq_only        (3/6)  ex   38/100  KL=0.0690  mean=0.1824  0.10ex/s  eta=10m12s  [eta=22h24m18s total]
  [2wikimqa                 5/16] kq_only        (3/6)  ex   39/100  KL=0.1913  mean=0.1826  0.10ex/s  eta=10m06s  [eta=22h24m08s total]
  [2wikimqa                 5/16] kq_only        (3/6)  ex   40/100  KL=0.1603  mean=0.1821  0.10ex/s  eta=9m59s  [eta=22h23m58s total]
  [2wikimqa                 5/16] kq_only        (3/6)  ex   41/100  KL=0.1873  mean=0.1822  0.10ex/s  eta=9m53s  [eta=22h23m48s total]
  [2wikimqa                 5/16] kq_only        (3/6)  ex   42/100  KL=0.0138  mean=0.1782  0.10ex/s  eta=9m35s  [eta=22h23m18s total]
  [2wikimqa                 5/16] kq_only        (3/6)  ex   43/100  KL=0.2061  mean=0.1788  0.10ex/s  eta=9m28s  [eta=22h23m08s total]
  [2wikimqa                 5/16] kq_only        (3/6)  ex   44/100  KL=0.0238  mean=0.1753  0.10ex/s  eta=9m21s  [eta=22h22m58s total]
  [2wikimqa                 5/16] kq_only        (3/6)  ex   45/100  KL=0.1755  mean=0.1753  0.10ex/s  eta=9m10s  [eta=22h22m41s total]
  [2wikimqa                 5/16] kq_only        (3/6)  ex   46/100  KL=0.1654  mean=0.1751  0.10ex/s  eta=9m03s  [eta=22h22m31s total]
  [2wikimqa                 5/16] kq_only        (3/6)  ex   47/100  KL=0.1779  mean=0.1752  0.10ex/s  eta=8m52s  [eta=22h22m15s total]
  [2wikimqa                 5/16] kq_only        (3/6)  ex   48/100  KL=0.1071  mean=0.1737  0.10ex/s  eta=8m42s  [eta=22h21m57s total]
  [2wikimqa                 5/16] kq_only        (3/6)  ex   49/100  KL=0.0696  mean=0.1716  0.10ex/s  eta=8m24s  [eta=22h21m23s total]
  [2wikimqa                 5/16] kq_only        (3/6)  ex   50/100  KL=0.0594  mean=0.1694  0.10ex/s  eta=8m12s  [eta=22h21m01s total]
  [2wikimqa                 5/16] kq_only        (3/6)  ex   51/100  KL=0.2063  mean=0.1701  0.10ex/s  eta=8m04s  [eta=22h20m50s total]
  [2wikimqa                 5/16] kq_only        (3/6)  ex   52/100  KL=0.1046  mean=0.1688  0.10ex/s  eta=7m56s  [eta=22h20m40s total]
  [2wikimqa                 5/16] kq_only        (3/6)  ex   53/100  KL=0.1452  mean=0.1684  0.10ex/s  eta=7m45s  [eta=22h20m20s total]
  [2wikimqa                 5/16] kq_only        (3/6)  ex   54/100  KL=0.2156  mean=0.1693  0.10ex/s  eta=7m34s  [eta=22h20m01s total]
  [2wikimqa                 5/16] kq_only        (3/6)  ex   55/100  KL=0.1571  mean=0.1690  0.10ex/s  eta=7m23s  [eta=22h19m42s total]
  [2wikimqa                 5/16] kq_only        (3/6)  ex   56/100  KL=0.0935  mean=0.1677  0.10ex/s  eta=7m11s  [eta=22h19m18s total]
  [2wikimqa                 5/16] kq_only        (3/6)  ex   57/100  KL=0.1506  mean=0.1674  0.10ex/s  eta=7m02s  [eta=22h19m03s total]
  [2wikimqa                 5/16] kq_only        (3/6)  ex   58/100  KL=0.0354  mean=0.1651  0.10ex/s  eta=6m53s  [eta=22h18m52s total]
  [2wikimqa                 5/16] kq_only        (3/6)  ex   59/100  KL=0.0368  mean=0.1629  0.10ex/s  eta=6m40s  [eta=22h18m23s total]
  [2wikimqa                 5/16] kq_only        (3/6)  ex   60/100  KL=0.0934  mean=0.1618  0.10ex/s  eta=6m28s  [eta=22h17m59s total]
  [2wikimqa                 5/16] kq_only        (3/6)  ex   61/100  KL=0.0571  mean=0.1601  0.10ex/s  eta=6m20s  [eta=22h17m49s total]
  [2wikimqa                 5/16] kq_only        (3/6)  ex   62/100  KL=0.0126  mean=0.1577  0.10ex/s  eta=6m07s  [eta=22h17m20s total]
  [2wikimqa                 5/16] kq_only        (3/6)  ex   63/100  KL=0.0280  mean=0.1556  0.10ex/s  eta=5m54s  [eta=22h16m48s total]
  [2wikimqa                 5/16] kq_only        (3/6)  ex   64/100  KL=0.0670  mean=0.1542  0.10ex/s  eta=5m46s  [eta=22h16m38s total]
  [2wikimqa                 5/16] kq_only        (3/6)  ex   65/100  KL=0.0255  mean=0.1523  0.11ex/s  eta=5m33s  [eta=22h16m04s total]
  [2wikimqa                 5/16] kq_only        (3/6)  ex   66/100  KL=0.0536  mean=0.1508  0.10ex/s  eta=5m24s  [eta=22h15m53s total]
  [2wikimqa                 5/16] kq_only        (3/6)  ex   67/100  KL=0.0877  mean=0.1498  0.11ex/s  eta=5m14s  [eta=22h15m30s total]
  [2wikimqa                 5/16] kq_only        (3/6)  ex   68/100  KL=0.2020  mean=0.1506  0.11ex/s  eta=5m03s  [eta=22h15m08s total]
  [2wikimqa                 5/16] kq_only        (3/6)  ex   69/100  KL=0.1974  mean=0.1513  0.11ex/s  eta=4m54s  [eta=22h14m52s total]
  [2wikimqa                 5/16] kq_only        (3/6)  ex   70/100  KL=0.0803  mean=0.1503  0.11ex/s  eta=4m44s  [eta=22h14m30s total]
  [2wikimqa                 5/16] kq_only        (3/6)  ex   71/100  KL=0.2153  mean=0.1512  0.11ex/s  eta=4m34s  [eta=22h14m16s total]
  [2wikimqa                 5/16] kq_only        (3/6)  ex   72/100  KL=0.0868  mean=0.1503  0.11ex/s  eta=4m26s  [eta=22h14m05s total]
  [2wikimqa                 5/16] kq_only        (3/6)  ex   73/100  KL=0.1613  mean=0.1504  0.10ex/s  eta=4m17s  [eta=22h13m53s total]
  [2wikimqa                 5/16] kq_only        (3/6)  ex   74/100  KL=0.0654  mean=0.1493  0.11ex/s  eta=4m04s  [eta=22h13m14s total]
  [2wikimqa                 5/16] kq_only        (3/6)  ex   75/100  KL=0.0760  mean=0.1483  0.11ex/s  eta=3m55s  [eta=22h12m56s total]
  [2wikimqa                 5/16] kq_only        (3/6)  ex   76/100  KL=0.1411  mean=0.1482  0.11ex/s  eta=3m45s  [eta=22h12m32s total]
  [2wikimqa                 5/16] kq_only        (3/6)  ex   77/100  KL=0.1553  mean=0.1483  0.11ex/s  eta=3m36s  [eta=22h12m21s total]
  [2wikimqa                 5/16] kq_only        (3/6)  ex   78/100  KL=0.1654  mean=0.1485  0.11ex/s  eta=3m27s  [eta=22h12m04s total]
  [2wikimqa                 5/16] kq_only        (3/6)  ex   79/100  KL=0.0241  mean=0.1469  0.11ex/s  eta=3m18s  [eta=22h11m54s total]
  [2wikimqa                 5/16] kq_only        (3/6)  ex   80/100  KL=0.3363  mean=0.1493  0.11ex/s  eta=3m08s  [eta=22h11m35s total]
  [2wikimqa                 5/16] kq_only        (3/6)  ex   81/100  KL=0.1762  mean=0.1496  0.11ex/s  eta=2m59s  [eta=22h11m16s total]
  [2wikimqa                 5/16] kq_only        (3/6)  ex   82/100  KL=0.1055  mean=0.1491  0.11ex/s  eta=2m50s  [eta=22h11m03s total]
  [2wikimqa                 5/16] kq_only        (3/6)  ex   83/100  KL=0.0665  mean=0.1481  0.11ex/s  eta=2m40s  [eta=22h10m50s total]
  [2wikimqa                 5/16] kq_only        (3/6)  ex   84/100  KL=0.1820  mean=0.1485  0.11ex/s  eta=2m32s  [eta=22h10m40s total]
  [2wikimqa                 5/16] kq_only        (3/6)  ex   85/100  KL=0.1107  mean=0.1481  0.11ex/s  eta=2m22s  [eta=22h10m20s total]
  [2wikimqa                 5/16] kq_only        (3/6)  ex   86/100  KL=0.0549  mean=0.1470  0.11ex/s  eta=2m13s  [eta=22h10m09s total]
  [2wikimqa                 5/16] kq_only        (3/6)  ex   87/100  KL=0.0787  mean=0.1462  0.10ex/s  eta=2m04s  [eta=22h09m59s total]
  [2wikimqa                 5/16] kq_only        (3/6)  ex   88/100  KL=0.4184  mean=0.1493  0.10ex/s  eta=1m54s  [eta=22h09m50s total]
  [2wikimqa                 5/16] kq_only        (3/6)  ex   89/100  KL=0.1293  mean=0.1491  0.10ex/s  eta=1m45s  [eta=22h09m41s total]
  [2wikimqa                 5/16] kq_only        (3/6)  ex   90/100  KL=0.0139  mean=0.1476  0.10ex/s  eta=1m35s  [eta=22h09m13s total]
  [2wikimqa                 5/16] kq_only        (3/6)  ex   91/100  KL=0.1363  mean=0.1474  0.10ex/s  eta=1m26s  [eta=22h09m04s total]
  [2wikimqa                 5/16] kq_only        (3/6)  ex   92/100  KL=0.1446  mean=0.1474  0.10ex/s  eta=1m16s  [eta=22h08m54s total]
  [2wikimqa                 5/16] kq_only        (3/6)  ex   93/100  KL=0.2720  mean=0.1488  0.10ex/s  eta=1m07s  [eta=22h08m44s total]
  [2wikimqa                 5/16] kq_only        (3/6)  ex   94/100  KL=0.2522  mean=0.1499  0.10ex/s  eta=58s  [eta=22h08m34s total]
  [2wikimqa                 5/16] kq_only        (3/6)  ex   95/100  KL=0.1865  mean=0.1502  0.10ex/s  eta=48s  [eta=22h08m16s total]
  [2wikimqa                 5/16] kq_only        (3/6)  ex   96/100  KL=0.0614  mean=0.1493  0.10ex/s  eta=38s  [eta=22h08m06s total]
  [2wikimqa                 5/16] kq_only        (3/6)  ex   97/100  KL=0.0602  mean=0.1484  0.10ex/s  eta=29s  [eta=22h07m57s total]
  [2wikimqa                 5/16] kq_only        (3/6)  ex   98/100  KL=0.0702  mean=0.1476  0.10ex/s  eta=19s  [eta=22h07m28s total]
  [2wikimqa                 5/16] kq_only        (3/6)  ex   99/100  KL=0.0498  mean=0.1466  0.10ex/s  eta=9s  [eta=22h07m17s total]
  [2wikimqa                 5/16] kq_only        (3/6)  ex  100/100  KL=0.3099  mean=0.1482  0.10ex/s  eta=0s  [eta=22h06m56s total]
  >>> 2wikimqa / kq_only:  n=100  mean_KL=0.1482  [16m07s]

  [2wikimqa                 5/16] kq_pre_d090    (4/6)  ex    1/100  KL=0.4771  mean=0.4771  0.08ex/s  eta=21m08s  [eta=22h06m48s total]
  [2wikimqa                 5/16] kq_pre_d090    (4/6)  ex    2/100  KL=2.9353  mean=1.7062  0.08ex/s  eta=19m39s  [eta=22h06m35s total]
  [2wikimqa                 5/16] kq_pre_d090    (4/6)  ex    3/100  KL=1.0320  mean=1.4815  0.09ex/s  eta=18m34s  [eta=22h06m21s total]
  [2wikimqa                 5/16] kq_pre_d090    (4/6)  ex    4/100  KL=1.1691  mean=1.4034  0.09ex/s  eta=18m39s  [eta=22h06m11s total]
  [2wikimqa                 5/16] kq_pre_d090    (4/6)  ex    5/100  KL=0.2683  mean=1.1764  0.08ex/s  eta=18m38s  [eta=22h06m01s total]
  [2wikimqa                 5/16] kq_pre_d090    (4/6)  ex    6/100  KL=0.2838  mean=1.0276  0.08ex/s  eta=18m33s  [eta=22h05m51s total]
  [2wikimqa                 5/16] kq_pre_d090    (4/6)  ex    7/100  KL=0.3148  mean=0.9258  0.08ex/s  eta=18m25s  [eta=22h05m41s total]
  [2wikimqa                 5/16] kq_pre_d090    (4/6)  ex    8/100  KL=0.5215  mean=0.8752  0.08ex/s  eta=18m17s  [eta=22h05m31s total]
  [2wikimqa                 5/16] kq_pre_d090    (4/6)  ex    9/100  KL=0.7090  mean=0.8568  0.09ex/s  eta=17m40s  [eta=22h05m15s total]
  [2wikimqa                 5/16] kq_pre_d090    (4/6)  ex   10/100  KL=1.0642  mean=0.8775  0.09ex/s  eta=17m32s  [eta=22h05m04s total]
  [2wikimqa                 5/16] kq_pre_d090    (4/6)  ex   11/100  KL=0.6952  mean=0.8609  0.09ex/s  eta=17m25s  [eta=22h04m55s total]
  [2wikimqa                 5/16] kq_pre_d090    (4/6)  ex   12/100  KL=0.7764  mean=0.8539  0.09ex/s  eta=16m52s  [eta=22h04m36s total]
  [2wikimqa                 5/16] kq_pre_d090    (4/6)  ex   13/100  KL=0.4090  mean=0.8197  0.09ex/s  eta=15m49s  [eta=22h04m05s total]
  [2wikimqa                 5/16] kq_pre_d090    (4/6)  ex   14/100  KL=0.7991  mean=0.8182  0.09ex/s  eta=15m19s  [eta=22h03m44s total]
  [2wikimqa                 5/16] kq_pre_d090    (4/6)  ex   15/100  KL=0.5764  mean=0.8021  0.09ex/s  eta=15m09s  [eta=22h03m31s total]
  [2wikimqa                 5/16] kq_pre_d090    (4/6)  ex   16/100  KL=1.1133  mean=0.8215  0.09ex/s  eta=15m05s  [eta=22h03m21s total]
  [2wikimqa                 5/16] kq_pre_d090    (4/6)  ex   17/100  KL=0.2252  mean=0.7865  0.10ex/s  eta=14m22s  [eta=22h02m50s total]
  [2wikimqa                 5/16] kq_pre_d090    (4/6)  ex   18/100  KL=0.3221  mean=0.7607  0.10ex/s  eta=14m18s  [eta=22h02m40s total]
  [2wikimqa                 5/16] kq_pre_d090    (4/6)  ex   19/100  KL=0.3971  mean=0.7415  0.10ex/s  eta=13m32s  [eta=22h02m04s total]
  [2wikimqa                 5/16] kq_pre_d090    (4/6)  ex   20/100  KL=0.4675  mean=0.7278  0.10ex/s  eta=13m14s  [eta=22h01m44s total]
  [2wikimqa                 5/16] kq_pre_d090    (4/6)  ex   21/100  KL=0.3575  mean=0.7102  0.10ex/s  eta=12m50s  [eta=22h01m19s total]
  [2wikimqa                 5/16] kq_pre_d090    (4/6)  ex   22/100  KL=0.7555  mean=0.7122  0.10ex/s  eta=12m49s  [eta=22h01m09s total]
  [2wikimqa                 5/16] kq_pre_d090    (4/6)  ex   23/100  KL=0.3677  mean=0.6973  0.10ex/s  eta=12m48s  [eta=22h01m00s total]
  [2wikimqa                 5/16] kq_pre_d090    (4/6)  ex   24/100  KL=3.6923  mean=0.8221  0.10ex/s  eta=12m42s  [eta=22h00m48s total]
  [2wikimqa                 5/16] kq_pre_d090    (4/6)  ex   25/100  KL=0.2975  mean=0.8011  0.10ex/s  eta=12m39s  [eta=22h00m38s total]
  [2wikimqa                 5/16] kq_pre_d090    (4/6)  ex   26/100  KL=0.8259  mean=0.8020  0.10ex/s  eta=12m07s  [eta=22h00m04s total]
  [2wikimqa                 5/16] kq_pre_d090    (4/6)  ex   27/100  KL=0.5078  mean=0.7911  0.10ex/s  eta=11m50s  [eta=21h59m42s total]
  [2wikimqa                 5/16] kq_pre_d090    (4/6)  ex   28/100  KL=0.2811  mean=0.7729  0.10ex/s  eta=11m41s  [eta=21h59m26s total]
  [2wikimqa                 5/16] kq_pre_d090    (4/6)  ex   29/100  KL=0.5161  mean=0.7641  0.10ex/s  eta=11m35s  [eta=21h59m14s total]
  [2wikimqa                 5/16] kq_pre_d090    (4/6)  ex   30/100  KL=1.4905  mean=0.7883  0.10ex/s  eta=11m31s  [eta=21h59m04s total]
  [2wikimqa                 5/16] kq_pre_d090    (4/6)  ex   31/100  KL=0.2836  mean=0.7720  0.10ex/s  eta=11m26s  [eta=21h58m55s total]
  [2wikimqa                 5/16] kq_pre_d090    (4/6)  ex   32/100  KL=1.1536  mean=0.7839  0.10ex/s  eta=11m21s  [eta=21h58m44s total]
  [2wikimqa                 5/16] kq_pre_d090    (4/6)  ex   33/100  KL=0.2373  mean=0.7674  0.10ex/s  eta=11m15s  [eta=21h58m34s total]
  [2wikimqa                 5/16] kq_pre_d090    (4/6)  ex   34/100  KL=1.0260  mean=0.7750  0.10ex/s  eta=11m00s  [eta=21h58m12s total]
  [2wikimqa                 5/16] kq_pre_d090    (4/6)  ex   35/100  KL=7.1590  mean=0.9574  0.10ex/s  eta=10m47s  [eta=21h57m53s total]
  [2wikimqa                 5/16] kq_pre_d090    (4/6)  ex   36/100  KL=0.2409  mean=0.9375  0.10ex/s  eta=10m31s  [eta=21h57m30s total]
  [2wikimqa                 5/16] kq_pre_d090    (4/6)  ex   37/100  KL=0.6725  mean=0.9303  0.10ex/s  eta=10m25s  [eta=21h57m20s total]
  [2wikimqa                 5/16] kq_pre_d090    (4/6)  ex   38/100  KL=1.0260  mean=0.9328  0.10ex/s  eta=10m10s  [eta=21h56m57s total]
  [2wikimqa                 5/16] kq_pre_d090    (4/6)  ex   39/100  KL=5.7213  mean=1.0556  0.10ex/s  eta=10m03s  [eta=21h56m44s total]
  [2wikimqa                 5/16] kq_pre_d090    (4/6)  ex   40/100  KL=0.9500  mean=1.0530  0.10ex/s  eta=9m56s  [eta=21h56m35s total]
  [2wikimqa                 5/16] kq_pre_d090    (4/6)  ex   41/100  KL=1.0846  mean=1.0537  0.10ex/s  eta=9m50s  [eta=21h56m26s total]
  [2wikimqa                 5/16] kq_pre_d090    (4/6)  ex   42/100  KL=4.0736  mean=1.1256  0.10ex/s  eta=9m32s  [eta=21h55m55s total]
  [2wikimqa                 5/16] kq_pre_d090    (4/6)  ex   43/100  KL=5.9842  mean=1.2386  0.10ex/s  eta=9m24s  [eta=21h55m44s total]
  [2wikimqa                 5/16] kq_pre_d090    (4/6)  ex   44/100  KL=0.9654  mean=1.2324  0.10ex/s  eta=9m17s  [eta=21h55m35s total]
  [2wikimqa                 5/16] kq_pre_d090    (4/6)  ex   45/100  KL=0.6912  mean=1.2204  0.10ex/s  eta=9m07s  [eta=21h55m18s total]
  [2wikimqa                 5/16] kq_pre_d090    (4/6)  ex   46/100  KL=0.6231  mean=1.2074  0.10ex/s  eta=8m59s  [eta=21h55m08s total]
  [2wikimqa                 5/16] kq_pre_d090    (4/6)  ex   47/100  KL=0.6277  mean=1.1951  0.10ex/s  eta=8m49s  [eta=21h54m53s total]
  [2wikimqa                 5/16] kq_pre_d090    (4/6)  ex   48/100  KL=1.0462  mean=1.1920  0.10ex/s  eta=8m39s  [eta=21h54m36s total]
  [2wikimqa                 5/16] kq_pre_d090    (4/6)  ex   49/100  KL=0.9542  mean=1.1871  0.10ex/s  eta=8m22s  [eta=21h54m04s total]
  [2wikimqa                 5/16] kq_pre_d090    (4/6)  ex   50/100  KL=0.2644  mean=1.1687  0.10ex/s  eta=8m10s  [eta=21h53m42s total]
  [2wikimqa                 5/16] kq_pre_d090    (4/6)  ex   51/100  KL=0.6121  mean=1.1577  0.10ex/s  eta=8m02s  [eta=21h53m33s total]
  [2wikimqa                 5/16] kq_pre_d090    (4/6)  ex   52/100  KL=0.4290  mean=1.1437  0.10ex/s  eta=7m54s  [eta=21h53m23s total]
  [2wikimqa                 5/16] kq_pre_d090    (4/6)  ex   53/100  KL=0.4257  mean=1.1302  0.10ex/s  eta=7m43s  [eta=21h53m04s total]
  [2wikimqa                 5/16] kq_pre_d090    (4/6)  ex   54/100  KL=0.3188  mean=1.1152  0.10ex/s  eta=7m32s  [eta=21h52m45s total]
  [2wikimqa                 5/16] kq_pre_d090    (4/6)  ex   55/100  KL=0.1208  mean=1.0971  0.10ex/s  eta=7m22s  [eta=21h52m28s total]
  [2wikimqa                 5/16] kq_pre_d090    (4/6)  ex   56/100  KL=0.8133  mean=1.0920  0.10ex/s  eta=7m10s  [eta=21h52m05s total]
  [2wikimqa                 5/16] kq_pre_d090    (4/6)  ex   57/100  KL=0.7977  mean=1.0869  0.10ex/s  eta=7m00s  [eta=21h51m51s total]
  [2wikimqa                 5/16] kq_pre_d090    (4/6)  ex   58/100  KL=0.0836  mean=1.0696  0.10ex/s  eta=6m52s  [eta=21h51m40s total]
  [2wikimqa                 5/16] kq_pre_d090    (4/6)  ex   59/100  KL=0.2518  mean=1.0557  0.10ex/s  eta=6m39s  [eta=21h51m12s total]
  [2wikimqa                 5/16] kq_pre_d090    (4/6)  ex   60/100  KL=1.2865  mean=1.0595  0.10ex/s  eta=6m27s  [eta=21h50m49s total]
  [2wikimqa                 5/16] kq_pre_d090    (4/6)  ex   61/100  KL=1.3654  mean=1.0646  0.10ex/s  eta=6m19s  [eta=21h50m41s total]
  [2wikimqa                 5/16] kq_pre_d090    (4/6)  ex   62/100  KL=0.8689  mean=1.0614  0.10ex/s  eta=6m07s  [eta=21h50m14s total]
  [2wikimqa                 5/16] kq_pre_d090    (4/6)  ex   63/100  KL=1.4418  mean=1.0674  0.10ex/s  eta=5m55s  [eta=21h49m46s total]
  [2wikimqa                 5/16] kq_pre_d090    (4/6)  ex   64/100  KL=8.2565  mean=1.1798  0.10ex/s  eta=5m46s  [eta=21h49m35s total]
  [2wikimqa                 5/16] kq_pre_d090    (4/6)  ex   65/100  KL=0.1160  mean=1.1634  0.10ex/s  eta=5m33s  [eta=21h49m04s total]
  [2wikimqa                 5/16] kq_pre_d090    (4/6)  ex   66/100  KL=0.1607  mean=1.1482  0.10ex/s  eta=5m25s  [eta=21h48m53s total]
  [2wikimqa                 5/16] kq_pre_d090    (4/6)  ex   67/100  KL=0.0771  mean=1.1322  0.10ex/s  eta=5m14s  [eta=21h48m31s total]
  [2wikimqa                 5/16] kq_pre_d090    (4/6)  ex   68/100  KL=0.3931  mean=1.1214  0.11ex/s  eta=5m04s  [eta=21h48m10s total]
  [2wikimqa                 5/16] kq_pre_d090    (4/6)  ex   69/100  KL=1.2305  mean=1.1229  0.11ex/s  eta=4m54s  [eta=21h47m54s total]
  [2wikimqa                 5/16] kq_pre_d090    (4/6)  ex   70/100  KL=10.3066  mean=1.2541  0.11ex/s  eta=4m43s  [eta=21h47m29s total]
  [2wikimqa                 5/16] kq_pre_d090    (4/6)  ex   71/100  KL=0.5550  mean=1.2443  0.11ex/s  eta=4m34s  [eta=21h47m16s total]
  [2wikimqa                 5/16] kq_pre_d090    (4/6)  ex   72/100  KL=0.3509  mean=1.2319  0.11ex/s  eta=4m26s  [eta=21h47m06s total]
  [2wikimqa                 5/16] kq_pre_d090    (4/6)  ex   73/100  KL=0.4367  mean=1.2210  0.10ex/s  eta=4m17s  [eta=21h46m56s total]
  [2wikimqa                 5/16] kq_pre_d090    (4/6)  ex   74/100  KL=0.4324  mean=1.2103  0.11ex/s  eta=4m05s  [eta=21h46m19s total]
  [2wikimqa                 5/16] kq_pre_d090    (4/6)  ex   75/100  KL=1.4239  mean=1.2132  0.11ex/s  eta=3m55s  [eta=21h46m01s total]
  [2wikimqa                 5/16] kq_pre_d090    (4/6)  ex   76/100  KL=0.6567  mean=1.2059  0.11ex/s  eta=3m45s  [eta=21h45m38s total]
  [2wikimqa                 5/16] kq_pre_d090    (4/6)  ex   77/100  KL=1.1970  mean=1.2057  0.11ex/s  eta=3m36s  [eta=21h45m28s total]
  [2wikimqa                 5/16] kq_pre_d090    (4/6)  ex   78/100  KL=1.0773  mean=1.2041  0.11ex/s  eta=3m27s  [eta=21h45m12s total]
  [2wikimqa                 5/16] kq_pre_d090    (4/6)  ex   79/100  KL=1.5595  mean=1.2086  0.11ex/s  eta=3m18s  [eta=21h45m01s total]
  [2wikimqa                 5/16] kq_pre_d090    (4/6)  ex   80/100  KL=0.6199  mean=1.2012  0.11ex/s  eta=3m09s  [eta=21h44m43s total]
  [2wikimqa                 5/16] kq_pre_d090    (4/6)  ex   81/100  KL=0.2012  mean=1.1889  0.11ex/s  eta=2m59s  [eta=21h44m25s total]
  [2wikimqa                 5/16] kq_pre_d090    (4/6)  ex   82/100  KL=0.8451  mean=1.1847  0.11ex/s  eta=2m50s  [eta=21h44m12s total]
  [2wikimqa                 5/16] kq_pre_d090    (4/6)  ex   83/100  KL=0.2402  mean=1.1733  0.11ex/s  eta=2m41s  [eta=21h44m00s total]
  [2wikimqa                 5/16] kq_pre_d090    (4/6)  ex   84/100  KL=0.5463  mean=1.1658  0.11ex/s  eta=2m32s  [eta=21h43m49s total]
  [2wikimqa                 5/16] kq_pre_d090    (4/6)  ex   85/100  KL=0.5273  mean=1.1583  0.11ex/s  eta=2m22s  [eta=21h43m28s total]
  [2wikimqa                 5/16] kq_pre_d090    (4/6)  ex   86/100  KL=3.5413  mean=1.1860  0.11ex/s  eta=2m13s  [eta=21h43m18s total]
  [2wikimqa                 5/16] kq_pre_d090    (4/6)  ex   87/100  KL=0.3142  mean=1.1760  0.10ex/s  eta=2m04s  [eta=21h43m08s total]
  [2wikimqa                 5/16] kq_pre_d090    (4/6)  ex   88/100  KL=1.3281  mean=1.1778  0.10ex/s  eta=1m54s  [eta=21h42m59s total]
  [2wikimqa                 5/16] kq_pre_d090    (4/6)  ex   89/100  KL=0.4531  mean=1.1696  0.10ex/s  eta=1m45s  [eta=21h42m49s total]
  [2wikimqa                 5/16] kq_pre_d090    (4/6)  ex   90/100  KL=3.3051  mean=1.1933  0.10ex/s  eta=1m35s  [eta=21h42m20s total]
  [2wikimqa                 5/16] kq_pre_d090    (4/6)  ex   91/100  KL=0.8749  mean=1.1898  0.10ex/s  eta=1m26s  [eta=21h42m11s total]
  [2wikimqa                 5/16] kq_pre_d090    (4/6)  ex   92/100  KL=1.2316  mean=1.1903  0.10ex/s  eta=1m16s  [eta=21h42m02s total]
  [2wikimqa                 5/16] kq_pre_d090    (4/6)  ex   93/100  KL=0.6049  mean=1.1840  0.10ex/s  eta=1m07s  [eta=21h41m52s total]
  [2wikimqa                 5/16] kq_pre_d090    (4/6)  ex   94/100  KL=0.5399  mean=1.1771  0.10ex/s  eta=58s  [eta=21h41m43s total]
  [2wikimqa                 5/16] kq_pre_d090    (4/6)  ex   95/100  KL=1.0164  mean=1.1755  0.10ex/s  eta=48s  [eta=21h41m26s total]
  [2wikimqa                 5/16] kq_pre_d090    (4/6)  ex   96/100  KL=0.8679  mean=1.1722  0.10ex/s  eta=38s  [eta=21h41m16s total]
  [2wikimqa                 5/16] kq_pre_d090    (4/6)  ex   97/100  KL=0.3574  mean=1.1638  0.10ex/s  eta=29s  [eta=21h41m07s total]
  [2wikimqa                 5/16] kq_pre_d090    (4/6)  ex   98/100  KL=0.6962  mean=1.1591  0.10ex/s  eta=19s  [eta=21h40m38s total]
  [2wikimqa                 5/16] kq_pre_d090    (4/6)  ex   99/100  KL=0.4566  mean=1.1520  0.10ex/s  eta=9s  [eta=21h40m28s total]
  [2wikimqa                 5/16] kq_pre_d090    (4/6)  ex  100/100  KL=1.3881  mean=1.1543  0.10ex/s  eta=0s  [eta=21h40m07s total]
  >>> 2wikimqa / kq_pre_d090:  n=100  mean_KL=1.1543  [16m06s]

  [2wikimqa                 5/16] kq_pre_d095    (5/6)  ex    1/100  KL=0.4828  mean=0.4828  0.08ex/s  eta=20m48s  [eta=21h39m59s total]
  [2wikimqa                 5/16] kq_pre_d095    (5/6)  ex    2/100  KL=1.4460  mean=0.9644  0.08ex/s  eta=20m02s  [eta=21h39m48s total]
  [2wikimqa                 5/16] kq_pre_d095    (5/6)  ex    3/100  KL=1.0231  mean=0.9840  0.09ex/s  eta=18m43s  [eta=21h39m34s total]
  [2wikimqa                 5/16] kq_pre_d095    (5/6)  ex    4/100  KL=1.1896  mean=1.0354  0.09ex/s  eta=18m48s  [eta=21h39m24s total]
  [2wikimqa                 5/16] kq_pre_d095    (5/6)  ex    5/100  KL=0.1973  mean=0.8678  0.08ex/s  eta=18m40s  [eta=21h39m14s total]
  [2wikimqa                 5/16] kq_pre_d095    (5/6)  ex    6/100  KL=0.2971  mean=0.7727  0.08ex/s  eta=18m35s  [eta=21h39m04s total]
  [2wikimqa                 5/16] kq_pre_d095    (5/6)  ex    7/100  KL=0.3176  mean=0.7076  0.08ex/s  eta=18m31s  [eta=21h38m55s total]
  [2wikimqa                 5/16] kq_pre_d095    (5/6)  ex    8/100  KL=0.4061  mean=0.6700  0.08ex/s  eta=18m23s  [eta=21h38m46s total]
  [2wikimqa                 5/16] kq_pre_d095    (5/6)  ex    9/100  KL=0.8418  mean=0.6890  0.09ex/s  eta=17m45s  [eta=21h38m29s total]
  [2wikimqa                 5/16] kq_pre_d095    (5/6)  ex   10/100  KL=1.1415  mean=0.7343  0.08ex/s  eta=17m40s  [eta=21h38m20s total]
  [2wikimqa                 5/16] kq_pre_d095    (5/6)  ex   11/100  KL=0.4505  mean=0.7085  0.08ex/s  eta=17m32s  [eta=21h38m10s total]
  [2wikimqa                 5/16] kq_pre_d095    (5/6)  ex   12/100  KL=0.8562  mean=0.7208  0.09ex/s  eta=16m58s  [eta=21h37m53s total]
  [2wikimqa                 5/16] kq_pre_d095    (5/6)  ex   13/100  KL=0.4660  mean=0.7012  0.09ex/s  eta=15m52s  [eta=21h37m22s total]
  [2wikimqa                 5/16] kq_pre_d095    (5/6)  ex   14/100  KL=0.7882  mean=0.7074  0.09ex/s  eta=15m25s  [eta=21h37m03s total]
  [2wikimqa                 5/16] kq_pre_d095    (5/6)  ex   15/100  KL=0.6103  mean=0.7009  0.09ex/s  eta=15m16s  [eta=21h36m50s total]
  [2wikimqa                 5/16] kq_pre_d095    (5/6)  ex   16/100  KL=1.2658  mean=0.7362  0.09ex/s  eta=15m13s  [eta=21h36m41s total]
  [2wikimqa                 5/16] kq_pre_d095    (5/6)  ex   17/100  KL=0.2648  mean=0.7085  0.10ex/s  eta=14m29s  [eta=21h36m12s total]
  [2wikimqa                 5/16] kq_pre_d095    (5/6)  ex   18/100  KL=0.2668  mean=0.6840  0.09ex/s  eta=14m27s  [eta=21h36m02s total]
  [2wikimqa                 5/16] kq_pre_d095    (5/6)  ex   19/100  KL=0.3999  mean=0.6690  0.10ex/s  eta=13m40s  [eta=21h35m28s total]
  [2wikimqa                 5/16] kq_pre_d095    (5/6)  ex   20/100  KL=0.3424  mean=0.6527  0.10ex/s  eta=13m21s  [eta=21h35m08s total]
  [2wikimqa                 5/16] kq_pre_d095    (5/6)  ex   21/100  KL=0.3207  mean=0.6369  0.10ex/s  eta=12m57s  [eta=21h34m44s total]
  [2wikimqa                 5/16] kq_pre_d095    (5/6)  ex   22/100  KL=0.9330  mean=0.6503  0.10ex/s  eta=12m55s  [eta=21h34m34s total]
  [2wikimqa                 5/16] kq_pre_d095    (5/6)  ex   23/100  KL=0.2987  mean=0.6351  0.10ex/s  eta=12m52s  [eta=21h34m24s total]
  [2wikimqa                 5/16] kq_pre_d095    (5/6)  ex   24/100  KL=3.7304  mean=0.7640  0.10ex/s  eta=12m48s  [eta=21h34m13s total]
  [2wikimqa                 5/16] kq_pre_d095    (5/6)  ex   25/100  KL=0.2532  mean=0.7436  0.10ex/s  eta=12m45s  [eta=21h34m04s total]
  [2wikimqa                 5/16] kq_pre_d095    (5/6)  ex   26/100  KL=0.8870  mean=0.7491  0.10ex/s  eta=12m12s  [eta=21h33m31s total]
  [2wikimqa                 5/16] kq_pre_d095    (5/6)  ex   27/100  KL=0.5280  mean=0.7409  0.10ex/s  eta=11m56s  [eta=21h33m10s total]
  [2wikimqa                 5/16] kq_pre_d095    (5/6)  ex   28/100  KL=0.3625  mean=0.7274  0.10ex/s  eta=11m45s  [eta=21h32m54s total]
  [2wikimqa                 5/16] kq_pre_d095    (5/6)  ex   29/100  KL=0.3974  mean=0.7160  0.10ex/s  eta=11m40s  [eta=21h32m43s total]
  [2wikimqa                 5/16] kq_pre_d095    (5/6)  ex   30/100  KL=1.0045  mean=0.7256  0.10ex/s  eta=11m36s  [eta=21h32m33s total]
  [2wikimqa                 5/16] kq_pre_d095    (5/6)  ex   31/100  KL=0.2609  mean=0.7106  0.10ex/s  eta=11m30s  [eta=21h32m23s total]
  [2wikimqa                 5/16] kq_pre_d095    (5/6)  ex   32/100  KL=1.2068  mean=0.7262  0.10ex/s  eta=11m24s  [eta=21h32m13s total]
  [2wikimqa                 5/16] kq_pre_d095    (5/6)  ex   33/100  KL=0.2321  mean=0.7112  0.10ex/s  eta=11m18s  [eta=21h32m03s total]
  [2wikimqa                 5/16] kq_pre_d095    (5/6)  ex   34/100  KL=1.5247  mean=0.7351  0.10ex/s  eta=11m02s  [eta=21h31m41s total]
  [2wikimqa                 5/16] kq_pre_d095    (5/6)  ex   35/100  KL=7.3379  mean=0.9238  0.10ex/s  eta=10m50s  [eta=21h31m24s total]
  [2wikimqa                 5/16] kq_pre_d095    (5/6)  ex   36/100  KL=0.1896  mean=0.9034  0.10ex/s  eta=10m35s  [eta=21h31m02s total]
  [2wikimqa                 5/16] kq_pre_d095    (5/6)  ex   37/100  KL=0.3982  mean=0.8897  0.10ex/s  eta=10m28s  [eta=21h30m51s total]
  [2wikimqa                 5/16] kq_pre_d095    (5/6)  ex   38/100  KL=0.8829  mean=0.8895  0.10ex/s  eta=10m12s  [eta=21h30m28s total]
  [2wikimqa                 5/16] kq_pre_d095    (5/6)  ex   39/100  KL=5.5953  mean=1.0102  0.10ex/s  eta=10m05s  [eta=21h30m16s total]
  [2wikimqa                 5/16] kq_pre_d095    (5/6)  ex   40/100  KL=1.1358  mean=1.0133  0.10ex/s  eta=9m58s  [eta=21h30m06s total]
  [2wikimqa                 5/16] kq_pre_d095    (5/6)  ex   41/100  KL=1.0854  mean=1.0151  0.10ex/s  eta=9m51s  [eta=21h29m56s total]
  [2wikimqa                 5/16] kq_pre_d095    (5/6)  ex   42/100  KL=3.9545  mean=1.0851  0.10ex/s  eta=9m33s  [eta=21h29m27s total]
  [2wikimqa                 5/16] kq_pre_d095    (5/6)  ex   43/100  KL=5.7092  mean=1.1926  0.10ex/s  eta=9m25s  [eta=21h29m16s total]
  [2wikimqa                 5/16] kq_pre_d095    (5/6)  ex   44/100  KL=0.9753  mean=1.1877  0.10ex/s  eta=9m18s  [eta=21h29m06s total]
  [2wikimqa                 5/16] kq_pre_d095    (5/6)  ex   45/100  KL=1.1125  mean=1.1860  0.10ex/s  eta=9m08s  [eta=21h28m50s total]
  [2wikimqa                 5/16] kq_pre_d095    (5/6)  ex   46/100  KL=0.6332  mean=1.1740  0.10ex/s  eta=9m00s  [eta=21h28m40s total]
  [2wikimqa                 5/16] kq_pre_d095    (5/6)  ex   47/100  KL=0.8595  mean=1.1673  0.10ex/s  eta=8m50s  [eta=21h28m24s total]
  [2wikimqa                 5/16] kq_pre_d095    (5/6)  ex   48/100  KL=1.0738  mean=1.1653  0.10ex/s  eta=8m39s  [eta=21h28m08s total]
  [2wikimqa                 5/16] kq_pre_d095    (5/6)  ex   49/100  KL=0.9709  mean=1.1614  0.10ex/s  eta=8m21s  [eta=21h27m36s total]
  [2wikimqa                 5/16] kq_pre_d095    (5/6)  ex   50/100  KL=0.5520  mean=1.1492  0.10ex/s  eta=8m09s  [eta=21h27m15s total]
  [2wikimqa                 5/16] kq_pre_d095    (5/6)  ex   51/100  KL=0.5828  mean=1.1381  0.10ex/s  eta=8m02s  [eta=21h27m05s total]
  [2wikimqa                 5/16] kq_pre_d095    (5/6)  ex   52/100  KL=0.3924  mean=1.1237  0.10ex/s  eta=7m54s  [eta=21h26m56s total]
  [2wikimqa                 5/16] kq_pre_d095    (5/6)  ex   53/100  KL=0.3772  mean=1.1097  0.10ex/s  eta=7m43s  [eta=21h26m38s total]
  [2wikimqa                 5/16] kq_pre_d095    (5/6)  ex   54/100  KL=0.2228  mean=1.0932  0.10ex/s  eta=7m32s  [eta=21h26m20s total]
  [2wikimqa                 5/16] kq_pre_d095    (5/6)  ex   55/100  KL=0.1280  mean=1.0757  0.10ex/s  eta=7m22s  [eta=21h26m03s total]
  [2wikimqa                 5/16] kq_pre_d095    (5/6)  ex   56/100  KL=0.8844  mean=1.0723  0.10ex/s  eta=7m10s  [eta=21h25m40s total]
  [2wikimqa                 5/16] kq_pre_d095    (5/6)  ex   57/100  KL=0.7868  mean=1.0673  0.10ex/s  eta=7m00s  [eta=21h25m26s total]
  [2wikimqa                 5/16] kq_pre_d095    (5/6)  ex   58/100  KL=0.1489  mean=1.0514  0.10ex/s  eta=6m52s  [eta=21h25m16s total]
  [2wikimqa                 5/16] kq_pre_d095    (5/6)  ex   59/100  KL=0.2420  mean=1.0377  0.10ex/s  eta=6m39s  [eta=21h24m49s total]
  [2wikimqa                 5/16] kq_pre_d095    (5/6)  ex   60/100  KL=1.2795  mean=1.0417  0.10ex/s  eta=6m27s  [eta=21h24m27s total]
  [2wikimqa                 5/16] kq_pre_d095    (5/6)  ex   61/100  KL=1.3603  mean=1.0470  0.10ex/s  eta=6m19s  [eta=21h24m17s total]
  [2wikimqa                 5/16] kq_pre_d095    (5/6)  ex   62/100  KL=0.7993  mean=1.0430  0.10ex/s  eta=6m07s  [eta=21h23m52s total]
  [2wikimqa                 5/16] kq_pre_d095    (5/6)  ex   63/100  KL=2.2550  mean=1.0622  0.10ex/s  eta=5m54s  [eta=21h23m22s total]
  [2wikimqa                 5/16] kq_pre_d095    (5/6)  ex   64/100  KL=1.0782  mean=1.0625  0.10ex/s  eta=5m46s  [eta=21h23m13s total]
  [2wikimqa                 5/16] kq_pre_d095    (5/6)  ex   65/100  KL=0.4529  mean=1.0531  0.11ex/s  eta=5m33s  [eta=21h22m43s total]
  [2wikimqa                 5/16] kq_pre_d095    (5/6)  ex   66/100  KL=0.3269  mean=1.0421  0.10ex/s  eta=5m24s  [eta=21h22m33s total]
  [2wikimqa                 5/16] kq_pre_d095    (5/6)  ex   67/100  KL=0.1503  mean=1.0288  0.11ex/s  eta=5m13s  [eta=21h22m11s total]
  [2wikimqa                 5/16] kq_pre_d095    (5/6)  ex   68/100  KL=0.7738  mean=1.0250  0.11ex/s  eta=5m03s  [eta=21h21m51s total]
  [2wikimqa                 5/16] kq_pre_d095    (5/6)  ex   69/100  KL=1.2360  mean=1.0281  0.11ex/s  eta=4m54s  [eta=21h21m36s total]
  [2wikimqa                 5/16] kq_pre_d095    (5/6)  ex   70/100  KL=10.2082  mean=1.1592  0.11ex/s  eta=4m43s  [eta=21h21m13s total]
  [2wikimqa                 5/16] kq_pre_d095    (5/6)  ex   71/100  KL=0.9118  mean=1.1557  0.11ex/s  eta=4m34s  [eta=21h20m59s total]
  [2wikimqa                 5/16] kq_pre_d095    (5/6)  ex   72/100  KL=0.2659  mean=1.1434  0.11ex/s  eta=4m26s  [eta=21h20m50s total]
  [2wikimqa                 5/16] kq_pre_d095    (5/6)  ex   73/100  KL=0.4028  mean=1.1332  0.10ex/s  eta=4m17s  [eta=21h20m39s total]
  [2wikimqa                 5/16] kq_pre_d095    (5/6)  ex   74/100  KL=0.4282  mean=1.1237  0.11ex/s  eta=4m05s  [eta=21h20m06s total]
  [2wikimqa                 5/16] kq_pre_d095    (5/6)  ex   75/100  KL=1.3976  mean=1.1273  0.11ex/s  eta=3m55s  [eta=21h19m48s total]
  [2wikimqa                 5/16] kq_pre_d095    (5/6)  ex   76/100  KL=0.4601  mean=1.1186  0.11ex/s  eta=3m45s  [eta=21h19m26s total]
  [2wikimqa                 5/16] kq_pre_d095    (5/6)  ex   77/100  KL=1.2247  mean=1.1199  0.11ex/s  eta=3m36s  [eta=21h19m16s total]
  [2wikimqa                 5/16] kq_pre_d095    (5/6)  ex   78/100  KL=1.1188  mean=1.1199  0.11ex/s  eta=3m27s  [eta=21h19m00s total]
  [2wikimqa                 5/16] kq_pre_d095    (5/6)  ex   79/100  KL=1.3198  mean=1.1225  0.11ex/s  eta=3m18s  [eta=21h18m48s total]
  [2wikimqa                 5/16] kq_pre_d095    (5/6)  ex   80/100  KL=0.5877  mean=1.1158  0.11ex/s  eta=3m08s  [eta=21h18m31s total]
  [2wikimqa                 5/16] kq_pre_d095    (5/6)  ex   81/100  KL=0.2007  mean=1.1045  0.11ex/s  eta=2m59s  [eta=21h18m12s total]
  [2wikimqa                 5/16] kq_pre_d095    (5/6)  ex   82/100  KL=0.8155  mean=1.1010  0.11ex/s  eta=2m49s  [eta=21h17m59s total]
  [2wikimqa                 5/16] kq_pre_d095    (5/6)  ex   83/100  KL=0.4056  mean=1.0926  0.11ex/s  eta=2m40s  [eta=21h17m47s total]
  [2wikimqa                 5/16] kq_pre_d095    (5/6)  ex   84/100  KL=0.6594  mean=1.0874  0.11ex/s  eta=2m31s  [eta=21h17m36s total]
  [2wikimqa                 5/16] kq_pre_d095    (5/6)  ex   85/100  KL=0.5211  mean=1.0808  0.11ex/s  eta=2m22s  [eta=21h17m17s total]
  [2wikimqa                 5/16] kq_pre_d095    (5/6)  ex   86/100  KL=3.6251  mean=1.1103  0.11ex/s  eta=2m12s  [eta=21h17m06s total]
  [2wikimqa                 5/16] kq_pre_d095    (5/6)  ex   87/100  KL=0.4526  mean=1.1028  0.10ex/s  eta=2m03s  [eta=21h16m57s total]
  [2wikimqa                 5/16] kq_pre_d095    (5/6)  ex   88/100  KL=1.3271  mean=1.1053  0.10ex/s  eta=1m54s  [eta=21h16m47s total]
  [2wikimqa                 5/16] kq_pre_d095    (5/6)  ex   89/100  KL=1.4177  mean=1.1088  0.10ex/s  eta=1m45s  [eta=21h16m37s total]
  [2wikimqa                 5/16] kq_pre_d095    (5/6)  ex   90/100  KL=3.4323  mean=1.1347  0.10ex/s  eta=1m35s  [eta=21h16m09s total]
  [2wikimqa                 5/16] kq_pre_d095    (5/6)  ex   91/100  KL=0.8789  mean=1.1318  0.10ex/s  eta=1m26s  [eta=21h15m59s total]
  [2wikimqa                 5/16] kq_pre_d095    (5/6)  ex   92/100  KL=1.2411  mean=1.1330  0.10ex/s  eta=1m16s  [eta=21h15m50s total]
  [2wikimqa                 5/16] kq_pre_d095    (5/6)  ex   93/100  KL=0.3553  mean=1.1247  0.10ex/s  eta=1m07s  [eta=21h15m40s total]
  [2wikimqa                 5/16] kq_pre_d095    (5/6)  ex   94/100  KL=0.5402  mean=1.1185  0.10ex/s  eta=57s  [eta=21h15m30s total]
  [2wikimqa                 5/16] kq_pre_d095    (5/6)  ex   95/100  KL=1.0202  mean=1.1174  0.10ex/s  eta=48s  [eta=21h15m13s total]
  [2wikimqa                 5/16] kq_pre_d095    (5/6)  ex   96/100  KL=0.8758  mean=1.1149  0.10ex/s  eta=38s  [eta=21h15m04s total]
  [2wikimqa                 5/16] kq_pre_d095    (5/6)  ex   97/100  KL=0.3207  mean=1.1067  0.10ex/s  eta=29s  [eta=21h14m54s total]
  [2wikimqa                 5/16] kq_pre_d095    (5/6)  ex   98/100  KL=0.6678  mean=1.1022  0.10ex/s  eta=19s  [eta=21h14m26s total]
  [2wikimqa                 5/16] kq_pre_d095    (5/6)  ex   99/100  KL=0.4316  mean=1.0955  0.10ex/s  eta=9s  [eta=21h14m16s total]
  [2wikimqa                 5/16] kq_pre_d095    (5/6)  ex  100/100  KL=1.3750  mean=1.0983  0.10ex/s  eta=0s  [eta=21h13m56s total]
  >>> 2wikimqa / kq_pre_d095:  n=100  mean_KL=1.0983  [16m03s]

  [2wikimqa                 5/16] snapkv_d090    (6/6)  ex    1/100  KL=1.3342  mean=1.3342  0.09ex/s  eta=19m20s  [eta=21h13m45s total]
  [2wikimqa                 5/16] snapkv_d090    (6/6)  ex    2/100  KL=7.6861  mean=4.5101  0.09ex/s  eta=18m15s  [eta=21h13m32s total]
  [2wikimqa                 5/16] snapkv_d090    (6/6)  ex    3/100  KL=0.6729  mean=3.2311  0.09ex/s  eta=17m36s  [eta=21h13m18s total]
  [2wikimqa                 5/16] snapkv_d090    (6/6)  ex    4/100  KL=1.6199  mean=2.8283  0.09ex/s  eta=17m53s  [eta=21h13m08s total]
  [2wikimqa                 5/16] snapkv_d090    (6/6)  ex    5/100  KL=2.2464  mean=2.7119  0.09ex/s  eta=17m56s  [eta=21h12m58s total]
  [2wikimqa                 5/16] snapkv_d090    (6/6)  ex    6/100  KL=0.9853  mean=2.4241  0.09ex/s  eta=17m53s  [eta=21h12m48s total]
  [2wikimqa                 5/16] snapkv_d090    (6/6)  ex    7/100  KL=0.5920  mean=2.1624  0.09ex/s  eta=17m50s  [eta=21h12m38s total]
  [2wikimqa                 5/16] snapkv_d090    (6/6)  ex    8/100  KL=1.1233  mean=2.0325  0.09ex/s  eta=17m38s  [eta=21h12m26s total]
  [2wikimqa                 5/16] snapkv_d090    (6/6)  ex    9/100  KL=6.1483  mean=2.4898  0.09ex/s  eta=16m48s  [eta=21h12m06s total]
  [2wikimqa                 5/16] snapkv_d090    (6/6)  ex   10/100  KL=0.7512  mean=2.3160  0.09ex/s  eta=16m46s  [eta=21h11m57s total]
  [2wikimqa                 5/16] snapkv_d090    (6/6)  ex   11/100  KL=0.5950  mean=2.1595  0.09ex/s  eta=16m32s  [eta=21h11m44s total]
  [2wikimqa                 5/16] snapkv_d090    (6/6)  ex   12/100  KL=1.0221  mean=2.0647  0.09ex/s  eta=16m04s  [eta=21h11m27s total]
  [2wikimqa                 5/16] snapkv_d090    (6/6)  ex   13/100  KL=0.5234  mean=1.9462  0.10ex/s  eta=14m59s  [eta=21h10m56s total]
  [2wikimqa                 5/16] snapkv_d090    (6/6)  ex   14/100  KL=2.6714  mean=1.9980  0.10ex/s  eta=14m35s  [eta=21h10m37s total]
  [2wikimqa                 5/16] snapkv_d090    (6/6)  ex   15/100  KL=1.2429  mean=1.9476  0.10ex/s  eta=14m30s  [eta=21h10m24s total]
  [2wikimqa                 5/16] snapkv_d090    (6/6)  ex   16/100  KL=1.0436  mean=1.8911  0.10ex/s  eta=14m28s  [eta=21h10m14s total]
  [2wikimqa                 5/16] snapkv_d090    (6/6)  ex   17/100  KL=0.6642  mean=1.8189  0.10ex/s  eta=13m40s  [eta=21h09m43s total]
  [2wikimqa                 5/16] snapkv_d090    (6/6)  ex   18/100  KL=1.4431  mean=1.7981  0.10ex/s  eta=13m39s  [eta=21h09m32s total]
  [2wikimqa                 5/16] snapkv_d090    (6/6)  ex   19/100  KL=1.1679  mean=1.7649  0.11ex/s  eta=12m50s  [eta=21h08m57s total]
  [2wikimqa                 5/16] snapkv_d090    (6/6)  ex   20/100  KL=1.0112  mean=1.7272  0.11ex/s  eta=12m35s  [eta=21h08m38s total]
  [2wikimqa                 5/16] snapkv_d090    (6/6)  ex   21/100  KL=1.4326  mean=1.7132  0.11ex/s  eta=12m09s  [eta=21h08m12s total]
  [2wikimqa                 5/16] snapkv_d090    (6/6)  ex   22/100  KL=1.2086  mean=1.6903  0.11ex/s  eta=12m10s  [eta=21h08m02s total]
  [2wikimqa                 5/16] snapkv_d090    (6/6)  ex   23/100  KL=0.7207  mean=1.6481  0.11ex/s  eta=12m10s  [eta=21h07m52s total]
  [2wikimqa                 5/16] snapkv_d090    (6/6)  ex   24/100  KL=0.4926  mean=1.6000  0.10ex/s  eta=12m08s  [eta=21h07m42s total]
  [2wikimqa                 5/16] snapkv_d090    (6/6)  ex   25/100  KL=1.0549  mean=1.5782  0.10ex/s  eta=12m06s  [eta=21h07m32s total]
  [2wikimqa                 5/16] snapkv_d090    (6/6)  ex   26/100  KL=0.3365  mean=1.5304  0.11ex/s  eta=11m37s  [eta=21h07m01s total]
  [2wikimqa                 5/16] snapkv_d090    (6/6)  ex   27/100  KL=0.4944  mean=1.4920  0.11ex/s  eta=11m21s  [eta=21h06m40s total]
  [2wikimqa                 5/16] snapkv_d090    (6/6)  ex   28/100  KL=1.4458  mean=1.4904  0.11ex/s  eta=11m08s  [eta=21h06m21s total]
  [2wikimqa                 5/16] snapkv_d090    (6/6)  ex   29/100  KL=7.4972  mean=1.6975  0.11ex/s  eta=10m58s  [eta=21h06m04s total]
  [2wikimqa                 5/16] snapkv_d090    (6/6)  ex   30/100  KL=0.6070  mean=1.6612  0.11ex/s  eta=10m57s  [eta=21h05m56s total]
  [2wikimqa                 5/16] snapkv_d090    (6/6)  ex   31/100  KL=1.7871  mean=1.6652  0.11ex/s  eta=10m52s  [eta=21h05m44s total]
  [2wikimqa                 5/16] snapkv_d090    (6/6)  ex   32/100  KL=7.1072  mean=1.8353  0.11ex/s  eta=10m46s  [eta=21h05m33s total]
  [2wikimqa                 5/16] snapkv_d090    (6/6)  ex   33/100  KL=1.3833  mean=1.8216  0.10ex/s  eta=10m41s  [eta=21h05m22s total]
  [2wikimqa                 5/16] snapkv_d090    (6/6)  ex   34/100  KL=0.6779  mean=1.7879  0.11ex/s  eta=10m26s  [eta=21h05m00s total]
  [2wikimqa                 5/16] snapkv_d090    (6/6)  ex   35/100  KL=0.7601  mean=1.7586  0.11ex/s  eta=10m18s  [eta=21h04m47s total]
  [2wikimqa                 5/16] snapkv_d090    (6/6)  ex   36/100  KL=0.5475  mean=1.7249  0.11ex/s  eta=10m04s  [eta=21h04m25s total]
  [2wikimqa                 5/16] snapkv_d090    (6/6)  ex   37/100  KL=1.4668  mean=1.7180  0.11ex/s  eta=9m56s  [eta=21h04m11s total]
  [2wikimqa                 5/16] snapkv_d090    (6/6)  ex   38/100  KL=0.8701  mean=1.6957  0.11ex/s  eta=9m42s  [eta=21h03m49s total]
  [2wikimqa                 5/16] snapkv_d090    (6/6)  ex   39/100  KL=0.9083  mean=1.6755  0.11ex/s  eta=9m37s  [eta=21h03m39s total]
  [2wikimqa                 5/16] snapkv_d090    (6/6)  ex   40/100  KL=0.6020  mean=1.6486  0.10ex/s  eta=9m31s  [eta=21h03m29s total]
  [2wikimqa                 5/16] snapkv_d090    (6/6)  ex   41/100  KL=1.7317  mean=1.6507  0.10ex/s  eta=9m24s  [eta=21h03m17s total]
  [2wikimqa                 5/16] snapkv_d090    (6/6)  ex   42/100  KL=1.5477  mean=1.6482  0.11ex/s  eta=9m07s  [eta=21h02m49s total]
  [2wikimqa                 5/16] snapkv_d090    (6/6)  ex   43/100  KL=0.9121  mean=1.6311  0.11ex/s  eta=9m01s  [eta=21h02m39s total]
  [2wikimqa                 5/16] snapkv_d090    (6/6)  ex   44/100  KL=0.3484  mean=1.6019  0.10ex/s  eta=8m55s  [eta=21h02m30s total]
  [2wikimqa                 5/16] snapkv_d090    (6/6)  ex   45/100  KL=0.9137  mean=1.5866  0.10ex/s  eta=8m45s  [eta=21h02m14s total]
  [2wikimqa                 5/16] snapkv_d090    (6/6)  ex   46/100  KL=1.2365  mean=1.5790  0.10ex/s  eta=8m38s  [eta=21h02m03s total]
  [2wikimqa                 5/16] snapkv_d090    (6/6)  ex   47/100  KL=0.5798  mean=1.5578  0.10ex/s  eta=8m28s  [eta=21h01m48s total]
  [2wikimqa                 5/16] snapkv_d090    (6/6)  ex   48/100  KL=1.0344  mean=1.5469  0.10ex/s  eta=8m18s  [eta=21h01m31s total]
  [2wikimqa                 5/16] snapkv_d090    (6/6)  ex   49/100  KL=0.5663  mean=1.5268  0.11ex/s  eta=8m00s  [eta=21h00m58s total]
  [2wikimqa                 5/16] snapkv_d090    (6/6)  ex   50/100  KL=0.9183  mean=1.5147  0.11ex/s  eta=7m48s  [eta=21h00m37s total]
  [2wikimqa                 5/16] snapkv_d090    (6/6)  ex   51/100  KL=0.6598  mean=1.4979  0.11ex/s  eta=7m42s  [eta=21h00m27s total]
  [2wikimqa                 5/16] snapkv_d090    (6/6)  ex   52/100  KL=1.1936  mean=1.4921  0.11ex/s  eta=7m34s  [eta=21h00m16s total]
  [2wikimqa                 5/16] snapkv_d090    (6/6)  ex   53/100  KL=0.9970  mean=1.4827  0.11ex/s  eta=7m23s  [eta=20h59m56s total]
  [2wikimqa                 5/16] snapkv_d090    (6/6)  ex   54/100  KL=0.6373  mean=1.4671  0.11ex/s  eta=7m12s  [eta=20h59m37s total]
  [2wikimqa                 5/16] snapkv_d090    (6/6)  ex   55/100  KL=1.1691  mean=1.4616  0.11ex/s  eta=7m03s  [eta=20h59m20s total]
  [2wikimqa                 5/16] snapkv_d090    (6/6)  ex   56/100  KL=0.7854  mean=1.4496  0.11ex/s  eta=6m51s  [eta=20h58m58s total]
  [2wikimqa                 5/16] snapkv_d090    (6/6)  ex   57/100  KL=1.5552  mean=1.4514  0.11ex/s  eta=6m42s  [eta=20h58m44s total]
  [2wikimqa                 5/16] snapkv_d090    (6/6)  ex   58/100  KL=0.8625  mean=1.4413  0.11ex/s  eta=6m35s  [eta=20h58m34s total]
  [2wikimqa                 5/16] snapkv_d090    (6/6)  ex   59/100  KL=0.3990  mean=1.4236  0.11ex/s  eta=6m22s  [eta=20h58m08s total]
  [2wikimqa                 5/16] snapkv_d090    (6/6)  ex   60/100  KL=0.8783  mean=1.4145  0.11ex/s  eta=6m10s  [eta=20h57m44s total]
  [2wikimqa                 5/16] snapkv_d090    (6/6)  ex   61/100  KL=1.1381  mean=1.4100  0.11ex/s  eta=6m03s  [eta=20h57m33s total]
  [2wikimqa                 5/16] snapkv_d090    (6/6)  ex   62/100  KL=0.2655  mean=1.3915  0.11ex/s  eta=5m50s  [eta=20h57m06s total]
  [2wikimqa                 5/16] snapkv_d090    (6/6)  ex   63/100  KL=0.8730  mean=1.3833  0.11ex/s  eta=5m38s  [eta=20h56m36s total]
  [2wikimqa                 5/16] snapkv_d090    (6/6)  ex   64/100  KL=0.5587  mean=1.3704  0.11ex/s  eta=5m30s  [eta=20h56m28s total]
  [2wikimqa                 5/16] snapkv_d090    (6/6)  ex   65/100  KL=0.2540  mean=1.3532  0.11ex/s  eta=5m18s  [eta=20h55m57s total]
  [2wikimqa                 5/16] snapkv_d090    (6/6)  ex   66/100  KL=0.3850  mean=1.3386  0.11ex/s  eta=5m10s  [eta=20h55m46s total]
  [2wikimqa                 5/16] snapkv_d090    (6/6)  ex   67/100  KL=1.3254  mean=1.3384  0.11ex/s  eta=5m00s  [eta=20h55m24s total]
  [2wikimqa                 5/16] snapkv_d090    (6/6)  ex   68/100  KL=0.9124  mean=1.3321  0.11ex/s  eta=4m50s  [eta=20h55m04s total]
  [2wikimqa                 5/16] snapkv_d090    (6/6)  ex   69/100  KL=1.4636  mean=1.3340  0.11ex/s  eta=4m41s  [eta=20h54m49s total]
  [2wikimqa                 5/16] snapkv_d090    (6/6)  ex   70/100  KL=0.6636  mean=1.3244  0.11ex/s  eta=4m31s  [eta=20h54m29s total]
  [2wikimqa                 5/16] snapkv_d090    (6/6)  ex   71/100  KL=0.6588  mean=1.3151  0.11ex/s  eta=4m23s  [eta=20h54m16s total]
  [2wikimqa                 5/16] snapkv_d090    (6/6)  ex   72/100  KL=0.4717  mean=1.3033  0.11ex/s  eta=4m15s  [eta=20h54m06s total]
  [2wikimqa                 5/16] snapkv_d090    (6/6)  ex   73/100  KL=0.7857  mean=1.2963  0.11ex/s  eta=4m06s  [eta=20h53m53s total]
  [2wikimqa                 5/16] snapkv_d090    (6/6)  ex   74/100  KL=0.4983  mean=1.2855  0.11ex/s  eta=3m54s  [eta=20h53m19s total]
  [2wikimqa                 5/16] snapkv_d090    (6/6)  ex   75/100  KL=0.6022  mean=1.2764  0.11ex/s  eta=3m45s  [eta=20h53m01s total]
  [2wikimqa                 5/16] snapkv_d090    (6/6)  ex   76/100  KL=1.4379  mean=1.2785  0.11ex/s  eta=3m35s  [eta=20h52m40s total]
  [2wikimqa                 5/16] snapkv_d090    (6/6)  ex   77/100  KL=0.4193  mean=1.2673  0.11ex/s  eta=3m27s  [eta=20h52m30s total]
  [2wikimqa                 5/16] snapkv_d090    (6/6)  ex   78/100  KL=1.2648  mean=1.2673  0.11ex/s  eta=3m18s  [eta=20h52m13s total]
  [2wikimqa                 5/16] snapkv_d090    (6/6)  ex   79/100  KL=0.3793  mean=1.2561  0.11ex/s  eta=3m10s  [eta=20h52m04s total]
  [2wikimqa                 5/16] snapkv_d090    (6/6)  ex   80/100  KL=6.7306  mean=1.3245  0.11ex/s  eta=3m00s  [eta=20h51m44s total]
  [2wikimqa                 5/16] snapkv_d090    (6/6)  ex   81/100  KL=0.6693  mean=1.3164  0.11ex/s  eta=2m51s  [eta=20h51m26s total]
  [2wikimqa                 5/16] snapkv_d090    (6/6)  ex   82/100  KL=3.0086  mean=1.3370  0.11ex/s  eta=2m42s  [eta=20h51m11s total]
  [2wikimqa                 5/16] snapkv_d090    (6/6)  ex   83/100  KL=0.6875  mean=1.3292  0.11ex/s  eta=2m34s  [eta=20h51m00s total]
  [2wikimqa                 5/16] snapkv_d090    (6/6)  ex   84/100  KL=0.3482  mean=1.3175  0.11ex/s  eta=2m25s  [eta=20h50m50s total]
  [2wikimqa                 5/16] snapkv_d090    (6/6)  ex   85/100  KL=0.7174  mean=1.3105  0.11ex/s  eta=2m16s  [eta=20h50m31s total]
  [2wikimqa                 5/16] snapkv_d090    (6/6)  ex   86/100  KL=1.7164  mean=1.3152  0.11ex/s  eta=2m07s  [eta=20h50m20s total]
  [2wikimqa                 5/16] snapkv_d090    (6/6)  ex   87/100  KL=0.6465  mean=1.3075  0.11ex/s  eta=1m59s  [eta=20h50m10s total]
  [2wikimqa                 5/16] snapkv_d090    (6/6)  ex   88/100  KL=0.6655  mean=1.3002  0.11ex/s  eta=1m50s  [eta=20h50m01s total]
  [2wikimqa                 5/16] snapkv_d090    (6/6)  ex   89/100  KL=0.5227  mean=1.2915  0.11ex/s  eta=1m41s  [eta=20h49m52s total]
  [2wikimqa                 5/16] snapkv_d090    (6/6)  ex   90/100  KL=0.9476  mean=1.2877  0.11ex/s  eta=1m31s  [eta=20h49m26s total]
  [2wikimqa                 5/16] snapkv_d090    (6/6)  ex   91/100  KL=0.8867  mean=1.2832  0.11ex/s  eta=1m22s  [eta=20h49m16s total]
  [2wikimqa                 5/16] snapkv_d090    (6/6)  ex   92/100  KL=0.9421  mean=1.2795  0.11ex/s  eta=1m13s  [eta=20h49m07s total]
  [2wikimqa                 5/16] snapkv_d090    (6/6)  ex   93/100  KL=1.9163  mean=1.2864  0.11ex/s  eta=1m04s  [eta=20h48m58s total]
  [2wikimqa                 5/16] snapkv_d090    (6/6)  ex   94/100  KL=2.0779  mean=1.2948  0.11ex/s  eta=55s  [eta=20h48m48s total]
  [2wikimqa                 5/16] snapkv_d090    (6/6)  ex   95/100  KL=1.0027  mean=1.2917  0.11ex/s  eta=46s  [eta=20h48m32s total]
  [2wikimqa                 5/16] snapkv_d090    (6/6)  ex   96/100  KL=0.9506  mean=1.2882  0.11ex/s  eta=37s  [eta=20h48m23s total]
  [2wikimqa                 5/16] snapkv_d090    (6/6)  ex   97/100  KL=0.5582  mean=1.2807  0.11ex/s  eta=28s  [eta=20h48m13s total]
  [2wikimqa                 5/16] snapkv_d090    (6/6)  ex   98/100  KL=1.2517  mean=1.2804  0.11ex/s  eta=18s  [eta=20h47m45s total]
  [2wikimqa                 5/16] snapkv_d090    (6/6)  ex   99/100  KL=1.3775  mean=1.2813  0.11ex/s  eta=9s  [eta=20h47m35s total]
  [2wikimqa                 5/16] snapkv_d090    (6/6)  ex  100/100  KL=0.9809  mean=1.2783  0.11ex/s  eta=0s  [eta=20h47m16s total]
  >>> 2wikimqa / snapkv_d090:  n=100  mean_KL=1.2783  [15m32s]

  [musique                  6/16] naive_65pct    (1/6)  ex    1/100  KL=0.0478  mean=0.0478  0.07ex/s  eta=22m48s  [eta=20h47m10s total]
  [musique                  6/16] naive_65pct    (1/6)  ex    2/100  KL=0.0166  mean=0.0322  0.07ex/s  eta=22m23s  [eta=20h47m04s total]
  [musique                  6/16] naive_65pct    (1/6)  ex    3/100  KL=0.1487  mean=0.0710  0.07ex/s  eta=22m11s  [eta=20h46m58s total]
  [musique                  6/16] naive_65pct    (1/6)  ex    4/100  KL=0.0414  mean=0.0636  0.07ex/s  eta=21m59s  [eta=20h46m52s total]
  [musique                  6/16] naive_65pct    (1/6)  ex    5/100  KL=0.0029  mean=0.0515  0.07ex/s  eta=21m46s  [eta=20h46m46s total]
  [musique                  6/16] naive_65pct    (1/6)  ex    6/100  KL=0.2592  mean=0.0861  0.07ex/s  eta=21m34s  [eta=20h46m40s total]
  [musique                  6/16] naive_65pct    (1/6)  ex    7/100  KL=0.1343  mean=0.0930  0.07ex/s  eta=21m20s  [eta=20h46m34s total]
  [musique                  6/16] naive_65pct    (1/6)  ex    8/100  KL=0.0873  mean=0.0923  0.07ex/s  eta=21m05s  [eta=20h46m28s total]
  [musique                  6/16] naive_65pct    (1/6)  ex    9/100  KL=0.0270  mean=0.0850  0.07ex/s  eta=20m50s  [eta=20h46m21s total]
  [musique                  6/16] naive_65pct    (1/6)  ex   10/100  KL=0.0245  mean=0.0790  0.07ex/s  eta=20m37s  [eta=20h46m16s total]
  [musique                  6/16] naive_65pct    (1/6)  ex   11/100  KL=0.1619  mean=0.0865  0.07ex/s  eta=20m24s  [eta=20h46m10s total]
  [musique                  6/16] naive_65pct    (1/6)  ex   12/100  KL=0.0888  mean=0.0867  0.07ex/s  eta=20m09s  [eta=20h46m03s total]
  [musique                  6/16] naive_65pct    (1/6)  ex   13/100  KL=0.0283  mean=0.0822  0.07ex/s  eta=19m57s  [eta=20h45m58s total]
  [musique                  6/16] naive_65pct    (1/6)  ex   14/100  KL=0.0302  mean=0.0785  0.07ex/s  eta=19m41s  [eta=20h45m51s total]
  [musique                  6/16] naive_65pct    (1/6)  ex   15/100  KL=0.0169  mean=0.0744  0.07ex/s  eta=19m27s  [eta=20h45m45s total]
  [musique                  6/16] naive_65pct    (1/6)  ex   16/100  KL=0.1092  mean=0.0766  0.07ex/s  eta=19m13s  [eta=20h45m38s total]
  [musique                  6/16] naive_65pct    (1/6)  ex   17/100  KL=0.0027  mean=0.0722  0.07ex/s  eta=18m59s  [eta=20h45m32s total]
  [musique                  6/16] naive_65pct    (1/6)  ex   18/100  KL=0.1033  mean=0.0739  0.07ex/s  eta=18m44s  [eta=20h45m25s total]
  [musique                  6/16] naive_65pct    (1/6)  ex   19/100  KL=0.1486  mean=0.0779  0.07ex/s  eta=18m29s  [eta=20h45m19s total]
  [musique                  6/16] naive_65pct    (1/6)  ex   20/100  KL=0.0190  mean=0.0749  0.07ex/s  eta=18m15s  [eta=20h45m12s total]
  [musique                  6/16] naive_65pct    (1/6)  ex   21/100  KL=0.0194  mean=0.0723  0.07ex/s  eta=18m02s  [eta=20h45m06s total]
  [musique                  6/16] naive_65pct    (1/6)  ex   22/100  KL=0.0835  mean=0.0728  0.07ex/s  eta=17m47s  [eta=20h44m59s total]
  [musique                  6/16] naive_65pct    (1/6)  ex   23/100  KL=0.1794  mean=0.0774  0.07ex/s  eta=17m34s  [eta=20h44m53s total]
  [musique                  6/16] naive_65pct    (1/6)  ex   24/100  KL=0.0091  mean=0.0746  0.07ex/s  eta=17m19s  [eta=20h44m46s total]
  [musique                  6/16] naive_65pct    (1/6)  ex   25/100  KL=0.1313  mean=0.0769  0.07ex/s  eta=17m05s  [eta=20h44m39s total]
  [musique                  6/16] naive_65pct    (1/6)  ex   26/100  KL=0.0869  mean=0.0772  0.07ex/s  eta=16m51s  [eta=20h44m33s total]
  [musique                  6/16] naive_65pct    (1/6)  ex   27/100  KL=0.0087  mean=0.0747  0.07ex/s  eta=16m38s  [eta=20h44m27s total]
  [musique                  6/16] naive_65pct    (1/6)  ex   28/100  KL=0.1317  mean=0.0767  0.07ex/s  eta=16m24s  [eta=20h44m20s total]
  [musique                  6/16] naive_65pct    (1/6)  ex   29/100  KL=0.0193  mean=0.0748  0.07ex/s  eta=16m09s  [eta=20h44m13s total]
  [musique                  6/16] naive_65pct    (1/6)  ex   30/100  KL=0.0019  mean=0.0723  0.07ex/s  eta=15m55s  [eta=20h44m06s total]
  [musique                  6/16] naive_65pct    (1/6)  ex   31/100  KL=0.2102  mean=0.0768  0.07ex/s  eta=15m41s  [eta=20h44m00s total]
  [musique                  6/16] naive_65pct    (1/6)  ex   32/100  KL=0.2388  mean=0.0818  0.07ex/s  eta=15m27s  [eta=20h43m53s total]
  [musique                  6/16] naive_65pct    (1/6)  ex   33/100  KL=0.0042  mean=0.0795  0.07ex/s  eta=15m13s  [eta=20h43m46s total]
  [musique                  6/16] naive_65pct    (1/6)  ex   34/100  KL=0.0451  mean=0.0785  0.07ex/s  eta=14m59s  [eta=20h43m39s total]
  [musique                  6/16] naive_65pct    (1/6)  ex   35/100  KL=0.1075  mean=0.0793  0.07ex/s  eta=14m45s  [eta=20h43m33s total]
  [musique                  6/16] naive_65pct    (1/6)  ex   36/100  KL=0.0843  mean=0.0794  0.07ex/s  eta=14m32s  [eta=20h43m26s total]
  [musique                  6/16] naive_65pct    (1/6)  ex   37/100  KL=0.0014  mean=0.0773  0.07ex/s  eta=14m18s  [eta=20h43m19s total]
  [musique                  6/16] naive_65pct    (1/6)  ex   38/100  KL=0.1924  mean=0.0804  0.07ex/s  eta=14m04s  [eta=20h43m12s total]
  [musique                  6/16] naive_65pct    (1/6)  ex   39/100  KL=0.1526  mean=0.0822  0.07ex/s  eta=13m50s  [eta=20h43m05s total]
  [musique                  6/16] naive_65pct    (1/6)  ex   40/100  KL=0.0135  mean=0.0805  0.07ex/s  eta=13m36s  [eta=20h42m58s total]
  [musique                  6/16] naive_65pct    (1/6)  ex   41/100  KL=0.0524  mean=0.0798  0.07ex/s  eta=13m22s  [eta=20h42m51s total]
  [musique                  6/16] naive_65pct    (1/6)  ex   42/100  KL=0.0395  mean=0.0788  0.07ex/s  eta=13m08s  [eta=20h42m45s total]
  [musique                  6/16] naive_65pct    (1/6)  ex   43/100  KL=0.0545  mean=0.0783  0.07ex/s  eta=12m55s  [eta=20h42m38s total]
  [musique                  6/16] naive_65pct    (1/6)  ex   44/100  KL=0.0022  mean=0.0766  0.07ex/s  eta=12m41s  [eta=20h42m31s total]
  [musique                  6/16] naive_65pct    (1/6)  ex   45/100  KL=0.0107  mean=0.0751  0.07ex/s  eta=12m27s  [eta=20h42m24s total]
  [musique                  6/16] naive_65pct    (1/6)  ex   46/100  KL=0.1009  mean=0.0757  0.07ex/s  eta=12m13s  [eta=20h42m17s total]
  [musique                  6/16] naive_65pct    (1/6)  ex   47/100  KL=0.0036  mean=0.0741  0.07ex/s  eta=12m00s  [eta=20h42m11s total]
  [musique                  6/16] naive_65pct    (1/6)  ex   48/100  KL=0.0087  mean=0.0728  0.07ex/s  eta=11m46s  [eta=20h42m04s total]
  [musique                  6/16] naive_65pct    (1/6)  ex   49/100  KL=0.0054  mean=0.0714  0.07ex/s  eta=11m33s  [eta=20h41m58s total]
  [musique                  6/16] naive_65pct    (1/6)  ex   50/100  KL=0.0683  mean=0.0713  0.07ex/s  eta=11m19s  [eta=20h41m51s total]
  [musique                  6/16] naive_65pct    (1/6)  ex   51/100  KL=0.0904  mean=0.0717  0.07ex/s  eta=11m05s  [eta=20h41m44s total]
  [musique                  6/16] naive_65pct    (1/6)  ex   52/100  KL=0.0831  mean=0.0719  0.07ex/s  eta=10m52s  [eta=20h41m37s total]
  [musique                  6/16] naive_65pct    (1/6)  ex   53/100  KL=0.0315  mean=0.0711  0.07ex/s  eta=10m38s  [eta=20h41m30s total]
  [musique                  6/16] naive_65pct    (1/6)  ex   54/100  KL=0.0104  mean=0.0700  0.07ex/s  eta=10m24s  [eta=20h41m23s total]
  [musique                  6/16] naive_65pct    (1/6)  ex   55/100  KL=0.0167  mean=0.0691  0.07ex/s  eta=10m11s  [eta=20h41m17s total]
  [musique                  6/16] naive_65pct    (1/6)  ex   56/100  KL=0.0299  mean=0.0684  0.07ex/s  eta=9m57s  [eta=20h41m11s total]
  [musique                  6/16] naive_65pct    (1/6)  ex   57/100  KL=0.0372  mean=0.0678  0.07ex/s  eta=9m44s  [eta=20h41m04s total]
  [musique                  6/16] naive_65pct    (1/6)  ex   58/100  KL=0.0641  mean=0.0677  0.07ex/s  eta=9m30s  [eta=20h40m57s total]
  [musique                  6/16] naive_65pct    (1/6)  ex   59/100  KL=0.0031  mean=0.0667  0.07ex/s  eta=9m17s  [eta=20h40m51s total]
  [musique                  6/16] naive_65pct    (1/6)  ex   60/100  KL=0.0484  mean=0.0663  0.07ex/s  eta=9m03s  [eta=20h40m45s total]
  [musique                  6/16] naive_65pct    (1/6)  ex   61/100  KL=0.1711  mean=0.0681  0.07ex/s  eta=8m50s  [eta=20h40m38s total]
  [musique                  6/16] naive_65pct    (1/6)  ex   62/100  KL=0.0368  mean=0.0676  0.07ex/s  eta=8m36s  [eta=20h40m32s total]
  [musique                  6/16] naive_65pct    (1/6)  ex   63/100  KL=0.0118  mean=0.0667  0.07ex/s  eta=8m22s  [eta=20h40m25s total]
  [musique                  6/16] naive_65pct    (1/6)  ex   64/100  KL=0.1711  mean=0.0683  0.07ex/s  eta=8m09s  [eta=20h40m18s total]
  [musique                  6/16] naive_65pct    (1/6)  ex   65/100  KL=0.0120  mean=0.0674  0.07ex/s  eta=7m55s  [eta=20h40m12s total]
  [musique                  6/16] naive_65pct    (1/6)  ex   66/100  KL=0.0626  mean=0.0674  0.07ex/s  eta=7m42s  [eta=20h40m06s total]
  [musique                  6/16] naive_65pct    (1/6)  ex   67/100  KL=0.0391  mean=0.0669  0.07ex/s  eta=7m28s  [eta=20h39m59s total]
  [musique                  6/16] naive_65pct    (1/6)  ex   68/100  KL=0.0824  mean=0.0672  0.07ex/s  eta=7m15s  [eta=20h39m53s total]
  [musique                  6/16] naive_65pct    (1/6)  ex   69/100  KL=0.2473  mean=0.0698  0.07ex/s  eta=7m01s  [eta=20h39m43s total]
  [musique                  6/16] naive_65pct    (1/6)  ex   70/100  KL=0.0307  mean=0.0692  0.07ex/s  eta=6m47s  [eta=20h39m37s total]
  [musique                  6/16] naive_65pct    (1/6)  ex   71/100  KL=0.1358  mean=0.0702  0.07ex/s  eta=6m33s  [eta=20h39m30s total]
  [musique                  6/16] naive_65pct    (1/6)  ex   72/100  KL=0.0304  mean=0.0696  0.07ex/s  eta=6m20s  [eta=20h39m24s total]
  [musique                  6/16] naive_65pct    (1/6)  ex   73/100  KL=0.1654  mean=0.0709  0.07ex/s  eta=6m06s  [eta=20h39m17s total]
  [musique                  6/16] naive_65pct    (1/6)  ex   74/100  KL=0.0582  mean=0.0708  0.07ex/s  eta=5m53s  [eta=20h39m11s total]
  [musique                  6/16] naive_65pct    (1/6)  ex   75/100  KL=0.0402  mean=0.0703  0.07ex/s  eta=5m39s  [eta=20h39m04s total]
  [musique                  6/16] naive_65pct    (1/6)  ex   76/100  KL=0.0135  mean=0.0696  0.07ex/s  eta=5m26s  [eta=20h38m59s total]
  [musique                  6/16] naive_65pct    (1/6)  ex   77/100  KL=0.0376  mean=0.0692  0.07ex/s  eta=5m12s  [eta=20h38m52s total]
  [musique                  6/16] naive_65pct    (1/6)  ex   78/100  KL=0.0122  mean=0.0684  0.07ex/s  eta=4m59s  [eta=20h38m45s total]
  [musique                  6/16] naive_65pct    (1/6)  ex   79/100  KL=0.0530  mean=0.0683  0.07ex/s  eta=4m45s  [eta=20h38m38s total]
  [musique                  6/16] naive_65pct    (1/6)  ex   80/100  KL=0.2643  mean=0.0707  0.07ex/s  eta=4m31s  [eta=20h38m32s total]
  [musique                  6/16] naive_65pct    (1/6)  ex   81/100  KL=0.0623  mean=0.0706  0.07ex/s  eta=4m18s  [eta=20h38m25s total]
  [musique                  6/16] naive_65pct    (1/6)  ex   82/100  KL=0.0936  mean=0.0709  0.07ex/s  eta=4m04s  [eta=20h38m18s total]
  [musique                  6/16] naive_65pct    (1/6)  ex   83/100  KL=0.0946  mean=0.0712  0.07ex/s  eta=3m51s  [eta=20h38m10s total]
  [musique                  6/16] naive_65pct    (1/6)  ex   84/100  KL=0.0076  mean=0.0704  0.07ex/s  eta=3m37s  [eta=20h38m03s total]
  [musique                  6/16] naive_65pct    (1/6)  ex   85/100  KL=0.0768  mean=0.0705  0.07ex/s  eta=3m23s  [eta=20h37m57s total]
  [musique                  6/16] naive_65pct    (1/6)  ex   86/100  KL=0.1287  mean=0.0712  0.07ex/s  eta=3m10s  [eta=20h37m51s total]
  [musique                  6/16] naive_65pct    (1/6)  ex   87/100  KL=0.0819  mean=0.0713  0.07ex/s  eta=2m56s  [eta=20h37m44s total]
  [musique                  6/16] naive_65pct    (1/6)  ex   88/100  KL=0.0384  mean=0.0709  0.07ex/s  eta=2m43s  [eta=20h37m38s total]
  [musique                  6/16] naive_65pct    (1/6)  ex   89/100  KL=0.0085  mean=0.0702  0.07ex/s  eta=2m29s  [eta=20h37m31s total]
  [musique                  6/16] naive_65pct    (1/6)  ex   90/100  KL=0.0104  mean=0.0695  0.07ex/s  eta=2m16s  [eta=20h37m24s total]
  [musique                  6/16] naive_65pct    (1/6)  ex   91/100  KL=0.0284  mean=0.0691  0.07ex/s  eta=2m02s  [eta=20h37m18s total]
  [musique                  6/16] naive_65pct    (1/6)  ex   92/100  KL=0.1219  mean=0.0697  0.07ex/s  eta=1m48s  [eta=20h37m09s total]
  [musique                  6/16] naive_65pct    (1/6)  ex   93/100  KL=0.0038  mean=0.0690  0.07ex/s  eta=1m35s  [eta=20h37m02s total]
  [musique                  6/16] naive_65pct    (1/6)  ex   94/100  KL=0.1075  mean=0.0694  0.07ex/s  eta=1m21s  [eta=20h36m56s total]
  [musique                  6/16] naive_65pct    (1/6)  ex   95/100  KL=0.0536  mean=0.0692  0.07ex/s  eta=1m07s  [eta=20h36m49s total]
  [musique                  6/16] naive_65pct    (1/6)  ex   96/100  KL=0.0074  mean=0.0686  0.07ex/s  eta=54s  [eta=20h36m42s total]
  [musique                  6/16] naive_65pct    (1/6)  ex   97/100  KL=0.0238  mean=0.0681  0.07ex/s  eta=40s  [eta=20h36m36s total]
  [musique                  6/16] naive_65pct    (1/6)  ex   98/100  KL=0.1035  mean=0.0685  0.07ex/s  eta=27s  [eta=20h36m29s total]
  [musique                  6/16] naive_65pct    (1/6)  ex   99/100  KL=0.1156  mean=0.0689  0.07ex/s  eta=13s  [eta=20h36m23s total]
  [musique                  6/16] naive_65pct    (1/6)  ex  100/100  KL=0.1082  mean=0.0693  0.07ex/s  eta=0s  [eta=20h36m16s total]
  >>> musique / naive_65pct:  n=100  mean_KL=0.0693  [22m39s]

  [musique                  6/16] snapkv         (2/6)  ex    1/100  KL=0.0780  mean=0.0780  0.08ex/s  eta=20m06s  [eta=20h36m06s total]
  [musique                  6/16] snapkv         (2/6)  ex    2/100  KL=0.0374  mean=0.0577  0.08ex/s  eta=19m44s  [eta=20h35m56s total]
  [musique                  6/16] snapkv         (2/6)  ex    3/100  KL=0.1937  mean=0.1030  0.08ex/s  eta=19m37s  [eta=20h35m46s total]
  [musique                  6/16] snapkv         (2/6)  ex    4/100  KL=0.0530  mean=0.0905  0.08ex/s  eta=19m19s  [eta=20h35m36s total]
  [musique                  6/16] snapkv         (2/6)  ex    5/100  KL=0.0535  mean=0.0831  0.08ex/s  eta=19m10s  [eta=20h35m26s total]
  [musique                  6/16] snapkv         (2/6)  ex    6/100  KL=0.0801  mean=0.0826  0.08ex/s  eta=18m57s  [eta=20h35m16s total]
  [musique                  6/16] snapkv         (2/6)  ex    7/100  KL=0.1259  mean=0.0888  0.08ex/s  eta=18m48s  [eta=20h35m07s total]
  [musique                  6/16] snapkv         (2/6)  ex    8/100  KL=0.1033  mean=0.0906  0.08ex/s  eta=18m36s  [eta=20h34m57s total]
  [musique                  6/16] snapkv         (2/6)  ex    9/100  KL=0.0861  mean=0.0901  0.08ex/s  eta=18m26s  [eta=20h34m47s total]
  [musique                  6/16] snapkv         (2/6)  ex   10/100  KL=0.0313  mean=0.0842  0.08ex/s  eta=18m12s  [eta=20h34m37s total]
  [musique                  6/16] snapkv         (2/6)  ex   11/100  KL=0.1634  mean=0.0914  0.08ex/s  eta=18m02s  [eta=20h34m28s total]
  [musique                  6/16] snapkv         (2/6)  ex   12/100  KL=0.0957  mean=0.0918  0.08ex/s  eta=17m48s  [eta=20h34m18s total]
  [musique                  6/16] snapkv         (2/6)  ex   13/100  KL=0.0826  mean=0.0911  0.08ex/s  eta=17m35s  [eta=20h34m07s total]
  [musique                  6/16] snapkv         (2/6)  ex   14/100  KL=0.0378  mean=0.0873  0.08ex/s  eta=17m23s  [eta=20h33m58s total]
  [musique                  6/16] snapkv         (2/6)  ex   15/100  KL=0.0242  mean=0.0831  0.08ex/s  eta=17m13s  [eta=20h33m48s total]
  [musique                  6/16] snapkv         (2/6)  ex   16/100  KL=0.1173  mean=0.0852  0.08ex/s  eta=17m00s  [eta=20h33m38s total]
  [musique                  6/16] snapkv         (2/6)  ex   17/100  KL=0.0079  mean=0.0806  0.08ex/s  eta=16m48s  [eta=20h33m28s total]
  [musique                  6/16] snapkv         (2/6)  ex   18/100  KL=0.1354  mean=0.0837  0.08ex/s  eta=16m36s  [eta=20h33m18s total]
  [musique                  6/16] snapkv         (2/6)  ex   19/100  KL=0.2112  mean=0.0904  0.08ex/s  eta=16m24s  [eta=20h33m08s total]
  [musique                  6/16] snapkv         (2/6)  ex   20/100  KL=0.0474  mean=0.0883  0.08ex/s  eta=16m11s  [eta=20h32m58s total]
  [musique                  6/16] snapkv         (2/6)  ex   21/100  KL=0.1128  mean=0.0894  0.08ex/s  eta=16m00s  [eta=20h32m49s total]
  [musique                  6/16] snapkv         (2/6)  ex   22/100  KL=0.1460  mean=0.0920  0.08ex/s  eta=15m48s  [eta=20h32m39s total]
  [musique                  6/16] snapkv         (2/6)  ex   23/100  KL=0.0255  mean=0.0891  0.08ex/s  eta=15m36s  [eta=20h32m29s total]
  [musique                  6/16] snapkv         (2/6)  ex   24/100  KL=0.0335  mean=0.0868  0.08ex/s  eta=15m24s  [eta=20h32m19s total]
  [musique                  6/16] snapkv         (2/6)  ex   25/100  KL=0.5205  mean=0.1041  0.08ex/s  eta=15m12s  [eta=20h32m10s total]
  [musique                  6/16] snapkv         (2/6)  ex   26/100  KL=0.1386  mean=0.1055  0.08ex/s  eta=15m00s  [eta=20h32m00s total]
  [musique                  6/16] snapkv         (2/6)  ex   27/100  KL=0.0248  mean=0.1025  0.08ex/s  eta=14m49s  [eta=20h31m51s total]
  [musique                  6/16] snapkv         (2/6)  ex   28/100  KL=0.1550  mean=0.1044  0.08ex/s  eta=14m36s  [eta=20h31m41s total]
  [musique                  6/16] snapkv         (2/6)  ex   29/100  KL=0.0810  mean=0.1035  0.08ex/s  eta=14m25s  [eta=20h31m31s total]
  [musique                  6/16] snapkv         (2/6)  ex   30/100  KL=0.0213  mean=0.1008  0.08ex/s  eta=14m12s  [eta=20h31m22s total]
  [musique                  6/16] snapkv         (2/6)  ex   31/100  KL=0.1517  mean=0.1024  0.08ex/s  eta=14m00s  [eta=20h31m12s total]
  [musique                  6/16] snapkv         (2/6)  ex   32/100  KL=0.3004  mean=0.1086  0.08ex/s  eta=13m49s  [eta=20h31m02s total]
  [musique                  6/16] snapkv         (2/6)  ex   33/100  KL=0.0127  mean=0.1057  0.08ex/s  eta=13m36s  [eta=20h30m52s total]
  [musique                  6/16] snapkv         (2/6)  ex   34/100  KL=0.2025  mean=0.1086  0.08ex/s  eta=13m24s  [eta=20h30m43s total]
  [musique                  6/16] snapkv         (2/6)  ex   35/100  KL=0.1561  mean=0.1099  0.08ex/s  eta=13m12s  [eta=20h30m33s total]
  [musique                  6/16] snapkv         (2/6)  ex   36/100  KL=0.2306  mean=0.1133  0.08ex/s  eta=13m00s  [eta=20h30m23s total]
  [musique                  6/16] snapkv         (2/6)  ex   37/100  KL=0.0069  mean=0.1104  0.08ex/s  eta=12m47s  [eta=20h30m13s total]
  [musique                  6/16] snapkv         (2/6)  ex   38/100  KL=0.3589  mean=0.1169  0.08ex/s  eta=12m36s  [eta=20h30m04s total]
  [musique                  6/16] snapkv         (2/6)  ex   39/100  KL=0.0609  mean=0.1155  0.08ex/s  eta=12m23s  [eta=20h29m54s total]
  [musique                  6/16] snapkv         (2/6)  ex   40/100  KL=0.0470  mean=0.1138  0.08ex/s  eta=12m11s  [eta=20h29m44s total]
  [musique                  6/16] snapkv         (2/6)  ex   41/100  KL=0.1787  mean=0.1154  0.08ex/s  eta=11m59s  [eta=20h29m34s total]
  [musique                  6/16] snapkv         (2/6)  ex   42/100  KL=0.1092  mean=0.1152  0.08ex/s  eta=11m47s  [eta=20h29m24s total]
  [musique                  6/16] snapkv         (2/6)  ex   43/100  KL=0.0750  mean=0.1143  0.08ex/s  eta=11m34s  [eta=20h29m14s total]
  [musique                  6/16] snapkv         (2/6)  ex   44/100  KL=0.0395  mean=0.1126  0.08ex/s  eta=11m22s  [eta=20h29m04s total]
  [musique                  6/16] snapkv         (2/6)  ex   45/100  KL=0.0961  mean=0.1122  0.08ex/s  eta=11m10s  [eta=20h28m54s total]
  [musique                  6/16] snapkv         (2/6)  ex   46/100  KL=0.1761  mean=0.1136  0.08ex/s  eta=10m58s  [eta=20h28m45s total]
  [musique                  6/16] snapkv         (2/6)  ex   47/100  KL=0.0175  mean=0.1116  0.08ex/s  eta=10m46s  [eta=20h28m35s total]
  [musique                  6/16] snapkv         (2/6)  ex   48/100  KL=0.0143  mean=0.1095  0.08ex/s  eta=10m33s  [eta=20h28m25s total]
  [musique                  6/16] snapkv         (2/6)  ex   49/100  KL=0.0901  mean=0.1092  0.08ex/s  eta=10m21s  [eta=20h28m15s total]
  [musique                  6/16] snapkv         (2/6)  ex   50/100  KL=0.1892  mean=0.1108  0.08ex/s  eta=10m09s  [eta=20h28m05s total]
  [musique                  6/16] snapkv         (2/6)  ex   51/100  KL=0.0989  mean=0.1105  0.08ex/s  eta=9m57s  [eta=20h27m56s total]
  [musique                  6/16] snapkv         (2/6)  ex   52/100  KL=0.1075  mean=0.1105  0.08ex/s  eta=9m45s  [eta=20h27m46s total]
  [musique                  6/16] snapkv         (2/6)  ex   53/100  KL=0.1355  mean=0.1109  0.08ex/s  eta=9m33s  [eta=20h27m37s total]
  [musique                  6/16] snapkv         (2/6)  ex   54/100  KL=0.0297  mean=0.1094  0.08ex/s  eta=9m21s  [eta=20h27m27s total]
  [musique                  6/16] snapkv         (2/6)  ex   55/100  KL=0.0957  mean=0.1092  0.08ex/s  eta=9m08s  [eta=20h27m17s total]
  [musique                  6/16] snapkv         (2/6)  ex   56/100  KL=0.0492  mean=0.1081  0.08ex/s  eta=8m56s  [eta=20h27m07s total]
  [musique                  6/16] snapkv         (2/6)  ex   57/100  KL=0.0781  mean=0.1076  0.08ex/s  eta=8m44s  [eta=20h26m57s total]
  [musique                  6/16] snapkv         (2/6)  ex   58/100  KL=0.0282  mean=0.1062  0.08ex/s  eta=8m32s  [eta=20h26m48s total]
  [musique                  6/16] snapkv         (2/6)  ex   59/100  KL=0.0178  mean=0.1047  0.08ex/s  eta=8m20s  [eta=20h26m38s total]
  [musique                  6/16] snapkv         (2/6)  ex   60/100  KL=0.0501  mean=0.1038  0.08ex/s  eta=8m08s  [eta=20h26m28s total]
  [musique                  6/16] snapkv         (2/6)  ex   61/100  KL=0.2156  mean=0.1056  0.08ex/s  eta=7m56s  [eta=20h26m19s total]
  [musique                  6/16] snapkv         (2/6)  ex   62/100  KL=0.1003  mean=0.1055  0.08ex/s  eta=7m43s  [eta=20h26m09s total]
  [musique                  6/16] snapkv         (2/6)  ex   63/100  KL=0.0412  mean=0.1045  0.08ex/s  eta=7m31s  [eta=20h25m59s total]
  [musique                  6/16] snapkv         (2/6)  ex   64/100  KL=0.1538  mean=0.1053  0.08ex/s  eta=7m19s  [eta=20h25m49s total]
  [musique                  6/16] snapkv         (2/6)  ex   65/100  KL=0.0259  mean=0.1041  0.08ex/s  eta=7m07s  [eta=20h25m39s total]
  [musique                  6/16] snapkv         (2/6)  ex   66/100  KL=0.0336  mean=0.1030  0.08ex/s  eta=6m55s  [eta=20h25m30s total]
  [musique                  6/16] snapkv         (2/6)  ex   67/100  KL=0.0852  mean=0.1027  0.08ex/s  eta=6m42s  [eta=20h25m20s total]
  [musique                  6/16] snapkv         (2/6)  ex   68/100  KL=0.1020  mean=0.1027  0.08ex/s  eta=6m30s  [eta=20h25m10s total]
  [musique                  6/16] snapkv         (2/6)  ex   69/100  KL=0.3472  mean=0.1063  0.08ex/s  eta=6m17s  [eta=20h24m58s total]
  [musique                  6/16] snapkv         (2/6)  ex   70/100  KL=0.0431  mean=0.1054  0.08ex/s  eta=6m05s  [eta=20h24m48s total]
  [musique                  6/16] snapkv         (2/6)  ex   71/100  KL=0.2281  mean=0.1071  0.08ex/s  eta=5m53s  [eta=20h24m38s total]
  [musique                  6/16] snapkv         (2/6)  ex   72/100  KL=0.0327  mean=0.1061  0.08ex/s  eta=5m41s  [eta=20h24m28s total]
  [musique                  6/16] snapkv         (2/6)  ex   73/100  KL=0.1757  mean=0.1070  0.08ex/s  eta=5m29s  [eta=20h24m19s total]
  [musique                  6/16] snapkv         (2/6)  ex   74/100  KL=0.0580  mean=0.1064  0.08ex/s  eta=5m17s  [eta=20h24m09s total]
  [musique                  6/16] snapkv         (2/6)  ex   75/100  KL=0.0328  mean=0.1054  0.08ex/s  eta=5m04s  [eta=20h24m00s total]
  [musique                  6/16] snapkv         (2/6)  ex   76/100  KL=0.0502  mean=0.1046  0.08ex/s  eta=4m52s  [eta=20h23m50s total]
  [musique                  6/16] snapkv         (2/6)  ex   77/100  KL=0.0843  mean=0.1044  0.08ex/s  eta=4m40s  [eta=20h23m41s total]
  [musique                  6/16] snapkv         (2/6)  ex   78/100  KL=0.0384  mean=0.1035  0.08ex/s  eta=4m28s  [eta=20h23m30s total]
  [musique                  6/16] snapkv         (2/6)  ex   79/100  KL=0.0725  mean=0.1031  0.08ex/s  eta=4m16s  [eta=20h23m21s total]
  [musique                  6/16] snapkv         (2/6)  ex   80/100  KL=0.2289  mean=0.1047  0.08ex/s  eta=4m04s  [eta=20h23m12s total]
  [musique                  6/16] snapkv         (2/6)  ex   81/100  KL=0.1157  mean=0.1049  0.08ex/s  eta=3m51s  [eta=20h23m02s total]
  [musique                  6/16] snapkv         (2/6)  ex   82/100  KL=0.2470  mean=0.1066  0.08ex/s  eta=3m39s  [eta=20h22m52s total]
  [musique                  6/16] snapkv         (2/6)  ex   83/100  KL=0.1282  mean=0.1068  0.08ex/s  eta=3m27s  [eta=20h22m41s total]
  [musique                  6/16] snapkv         (2/6)  ex   84/100  KL=0.0735  mean=0.1064  0.08ex/s  eta=3m15s  [eta=20h22m31s total]
  [musique                  6/16] snapkv         (2/6)  ex   85/100  KL=0.0725  mean=0.1061  0.08ex/s  eta=3m03s  [eta=20h22m21s total]
  [musique                  6/16] snapkv         (2/6)  ex   86/100  KL=0.0790  mean=0.1057  0.08ex/s  eta=2m50s  [eta=20h22m11s total]
  [musique                  6/16] snapkv         (2/6)  ex   87/100  KL=0.2071  mean=0.1069  0.08ex/s  eta=2m38s  [eta=20h22m01s total]
  [musique                  6/16] snapkv         (2/6)  ex   88/100  KL=0.0422  mean=0.1062  0.08ex/s  eta=2m26s  [eta=20h21m51s total]
  [musique                  6/16] snapkv         (2/6)  ex   89/100  KL=0.6416  mean=0.1122  0.08ex/s  eta=2m14s  [eta=20h21m41s total]
  [musique                  6/16] snapkv         (2/6)  ex   90/100  KL=0.0170  mean=0.1111  0.08ex/s  eta=2m01s  [eta=20h21m31s total]
  [musique                  6/16] snapkv         (2/6)  ex   91/100  KL=0.0584  mean=0.1105  0.08ex/s  eta=1m49s  [eta=20h21m21s total]
  [musique                  6/16] snapkv         (2/6)  ex   92/100  KL=0.2052  mean=0.1116  0.08ex/s  eta=1m37s  [eta=20h21m11s total]
  [musique                  6/16] snapkv         (2/6)  ex   93/100  KL=0.0256  mean=0.1107  0.08ex/s  eta=1m25s  [eta=20h21m01s total]
  [musique                  6/16] snapkv         (2/6)  ex   94/100  KL=0.2229  mean=0.1118  0.08ex/s  eta=1m13s  [eta=20h20m51s total]
  [musique                  6/16] snapkv         (2/6)  ex   95/100  KL=0.0558  mean=0.1113  0.08ex/s  eta=1m00s  [eta=20h20m41s total]
  [musique                  6/16] snapkv         (2/6)  ex   96/100  KL=0.0283  mean=0.1104  0.08ex/s  eta=48s  [eta=20h20m30s total]
  [musique                  6/16] snapkv         (2/6)  ex   97/100  KL=0.1123  mean=0.1104  0.08ex/s  eta=36s  [eta=20h20m20s total]
  [musique                  6/16] snapkv         (2/6)  ex   98/100  KL=0.1140  mean=0.1104  0.08ex/s  eta=24s  [eta=20h20m10s total]
  [musique                  6/16] snapkv         (2/6)  ex   99/100  KL=0.0760  mean=0.1101  0.08ex/s  eta=12s  [eta=20h20m00s total]
  [musique                  6/16] snapkv         (2/6)  ex  100/100  KL=0.1345  mean=0.1103  0.08ex/s  eta=0s  [eta=20h19m50s total]
  >>> musique / snapkv:  n=100  mean_KL=0.1103  [20m18s]

  [musique                  6/16] kq_only        (3/6)  ex    1/100  KL=0.0796  mean=0.0796  0.08ex/s  eta=19m47s  [eta=20h19m39s total]
  [musique                  6/16] kq_only        (3/6)  ex    2/100  KL=0.0363  mean=0.0580  0.08ex/s  eta=19m29s  [eta=20h19m29s total]
  [musique                  6/16] kq_only        (3/6)  ex    3/100  KL=0.1253  mean=0.0804  0.08ex/s  eta=19m23s  [eta=20h19m19s total]
  [musique                  6/16] kq_only        (3/6)  ex    4/100  KL=0.0637  mean=0.0762  0.08ex/s  eta=19m16s  [eta=20h19m09s total]
  [musique                  6/16] kq_only        (3/6)  ex    5/100  KL=0.9047  mean=0.2419  0.08ex/s  eta=19m06s  [eta=20h18m59s total]
  [musique                  6/16] kq_only        (3/6)  ex    6/100  KL=0.1006  mean=0.2184  0.08ex/s  eta=18m57s  [eta=20h18m49s total]
  [musique                  6/16] kq_only        (3/6)  ex    7/100  KL=0.1773  mean=0.2125  0.08ex/s  eta=18m48s  [eta=20h18m39s total]
  [musique                  6/16] kq_only        (3/6)  ex    8/100  KL=0.1881  mean=0.2094  0.08ex/s  eta=18m34s  [eta=20h18m29s total]
  [musique                  6/16] kq_only        (3/6)  ex    9/100  KL=0.0954  mean=0.1968  0.08ex/s  eta=18m23s  [eta=20h18m19s total]
  [musique                  6/16] kq_only        (3/6)  ex   10/100  KL=0.0533  mean=0.1824  0.08ex/s  eta=18m11s  [eta=20h18m09s total]
  [musique                  6/16] kq_only        (3/6)  ex   11/100  KL=0.1893  mean=0.1831  0.08ex/s  eta=17m58s  [eta=20h17m59s total]
  [musique                  6/16] kq_only        (3/6)  ex   12/100  KL=0.1529  mean=0.1805  0.08ex/s  eta=17m45s  [eta=20h17m48s total]
  [musique                  6/16] kq_only        (3/6)  ex   13/100  KL=0.0643  mean=0.1716  0.08ex/s  eta=17m34s  [eta=20h17m39s total]
  [musique                  6/16] kq_only        (3/6)  ex   14/100  KL=0.0613  mean=0.1637  0.08ex/s  eta=17m21s  [eta=20h17m28s total]
  [musique                  6/16] kq_only        (3/6)  ex   15/100  KL=0.3973  mean=0.1793  0.08ex/s  eta=17m08s  [eta=20h17m18s total]
  [musique                  6/16] kq_only        (3/6)  ex   16/100  KL=0.1706  mean=0.1787  0.08ex/s  eta=16m57s  [eta=20h17m08s total]
  [musique                  6/16] kq_only        (3/6)  ex   17/100  KL=0.0313  mean=0.1701  0.08ex/s  eta=16m46s  [eta=20h16m58s total]
  [musique                  6/16] kq_only        (3/6)  ex   18/100  KL=0.1759  mean=0.1704  0.08ex/s  eta=16m34s  [eta=20h16m48s total]
  [musique                  6/16] kq_only        (3/6)  ex   19/100  KL=0.2678  mean=0.1755  0.08ex/s  eta=16m22s  [eta=20h16m38s total]
  [musique                  6/16] kq_only        (3/6)  ex   20/100  KL=0.0765  mean=0.1706  0.08ex/s  eta=16m09s  [eta=20h16m28s total]
  [musique                  6/16] kq_only        (3/6)  ex   21/100  KL=0.1664  mean=0.1704  0.08ex/s  eta=15m57s  [eta=20h16m18s total]
  [musique                  6/16] kq_only        (3/6)  ex   22/100  KL=0.1535  mean=0.1696  0.08ex/s  eta=15m45s  [eta=20h16m08s total]
  [musique                  6/16] kq_only        (3/6)  ex   23/100  KL=0.0282  mean=0.1635  0.08ex/s  eta=15m32s  [eta=20h15m57s total]
  [musique                  6/16] kq_only        (3/6)  ex   24/100  KL=0.0429  mean=0.1584  0.08ex/s  eta=15m20s  [eta=20h15m47s total]
  [musique                  6/16] kq_only        (3/6)  ex   25/100  KL=0.6435  mean=0.1778  0.08ex/s  eta=15m08s  [eta=20h15m37s total]
  [musique                  6/16] kq_only        (3/6)  ex   26/100  KL=0.1957  mean=0.1785  0.08ex/s  eta=14m55s  [eta=20h15m27s total]
  [musique                  6/16] kq_only        (3/6)  ex   27/100  KL=0.0437  mean=0.1735  0.08ex/s  eta=14m43s  [eta=20h15m17s total]
  [musique                  6/16] kq_only        (3/6)  ex   28/100  KL=0.1759  mean=0.1736  0.08ex/s  eta=14m31s  [eta=20h15m07s total]
  [musique                  6/16] kq_only        (3/6)  ex   29/100  KL=0.0469  mean=0.1692  0.08ex/s  eta=14m20s  [eta=20h14m57s total]
  [musique                  6/16] kq_only        (3/6)  ex   30/100  KL=0.0233  mean=0.1644  0.08ex/s  eta=14m07s  [eta=20h14m47s total]
  [musique                  6/16] kq_only        (3/6)  ex   31/100  KL=0.1767  mean=0.1648  0.08ex/s  eta=13m55s  [eta=20h14m36s total]
  [musique                  6/16] kq_only        (3/6)  ex   32/100  KL=0.3205  mean=0.1696  0.08ex/s  eta=13m43s  [eta=20h14m26s total]
  [musique                  6/16] kq_only        (3/6)  ex   33/100  KL=0.0406  mean=0.1657  0.08ex/s  eta=13m31s  [eta=20h14m16s total]
  [musique                  6/16] kq_only        (3/6)  ex   34/100  KL=0.2080  mean=0.1670  0.08ex/s  eta=13m19s  [eta=20h14m06s total]
  [musique                  6/16] kq_only        (3/6)  ex   35/100  KL=0.2227  mean=0.1686  0.08ex/s  eta=13m06s  [eta=20h13m55s total]
  [musique                  6/16] kq_only        (3/6)  ex   36/100  KL=0.2338  mean=0.1704  0.08ex/s  eta=12m54s  [eta=20h13m45s total]
  [musique                  6/16] kq_only        (3/6)  ex   37/100  KL=0.0483  mean=0.1671  0.08ex/s  eta=12m41s  [eta=20h13m34s total]
  [musique                  6/16] kq_only        (3/6)  ex   38/100  KL=0.2354  mean=0.1689  0.08ex/s  eta=12m29s  [eta=20h13m24s total]
  [musique                  6/16] kq_only        (3/6)  ex   39/100  KL=0.1004  mean=0.1671  0.08ex/s  eta=12m16s  [eta=20h13m13s total]
  [musique                  6/16] kq_only        (3/6)  ex   40/100  KL=0.0272  mean=0.1636  0.08ex/s  eta=12m04s  [eta=20h13m03s total]
  [musique                  6/16] kq_only        (3/6)  ex   41/100  KL=0.1423  mean=0.1631  0.08ex/s  eta=11m52s  [eta=20h12m53s total]
  [musique                  6/16] kq_only        (3/6)  ex   42/100  KL=0.1533  mean=0.1629  0.08ex/s  eta=11m40s  [eta=20h12m42s total]
  [musique                  6/16] kq_only        (3/6)  ex   43/100  KL=0.0607  mean=0.1605  0.08ex/s  eta=11m28s  [eta=20h12m32s total]
  [musique                  6/16] kq_only        (3/6)  ex   44/100  KL=0.0405  mean=0.1578  0.08ex/s  eta=11m16s  [eta=20h12m21s total]
  [musique                  6/16] kq_only        (3/6)  ex   45/100  KL=0.0987  mean=0.1565  0.08ex/s  eta=11m03s  [eta=20h12m11s total]
  [musique                  6/16] kq_only        (3/6)  ex   46/100  KL=0.1362  mean=0.1560  0.08ex/s  eta=10m51s  [eta=20h12m01s total]
  [musique                  6/16] kq_only        (3/6)  ex   47/100  KL=0.0291  mean=0.1533  0.08ex/s  eta=10m39s  [eta=20h11m50s total]
  [musique                  6/16] kq_only        (3/6)  ex   48/100  KL=0.0275  mean=0.1507  0.08ex/s  eta=10m27s  [eta=20h11m40s total]
  [musique                  6/16] kq_only        (3/6)  ex   49/100  KL=0.0554  mean=0.1488  0.08ex/s  eta=10m15s  [eta=20h11m29s total]
  [musique                  6/16] kq_only        (3/6)  ex   50/100  KL=0.2003  mean=0.1498  0.08ex/s  eta=10m03s  [eta=20h11m19s total]
  [musique                  6/16] kq_only        (3/6)  ex   51/100  KL=0.1799  mean=0.1504  0.08ex/s  eta=9m51s  [eta=20h11m09s total]
  [musique                  6/16] kq_only        (3/6)  ex   52/100  KL=0.1048  mean=0.1495  0.08ex/s  eta=9m38s  [eta=20h10m58s total]
  [musique                  6/16] kq_only        (3/6)  ex   53/100  KL=0.0957  mean=0.1485  0.08ex/s  eta=9m26s  [eta=20h10m48s total]
  [musique                  6/16] kq_only        (3/6)  ex   54/100  KL=0.0516  mean=0.1467  0.08ex/s  eta=9m14s  [eta=20h10m38s total]
  [musique                  6/16] kq_only        (3/6)  ex   55/100  KL=0.0981  mean=0.1458  0.08ex/s  eta=9m02s  [eta=20h10m27s total]
  [musique                  6/16] kq_only        (3/6)  ex   56/100  KL=0.1055  mean=0.1451  0.08ex/s  eta=8m50s  [eta=20h10m17s total]
  [musique                  6/16] kq_only        (3/6)  ex   57/100  KL=0.1034  mean=0.1444  0.08ex/s  eta=8m38s  [eta=20h10m06s total]
  [musique                  6/16] kq_only        (3/6)  ex   58/100  KL=0.0701  mean=0.1431  0.08ex/s  eta=8m26s  [eta=20h09m56s total]
  [musique                  6/16] kq_only        (3/6)  ex   59/100  KL=0.0329  mean=0.1412  0.08ex/s  eta=8m14s  [eta=20h09m46s total]
  [musique                  6/16] kq_only        (3/6)  ex   60/100  KL=0.0965  mean=0.1405  0.08ex/s  eta=8m02s  [eta=20h09m36s total]
  [musique                  6/16] kq_only        (3/6)  ex   61/100  KL=0.2183  mean=0.1417  0.08ex/s  eta=7m50s  [eta=20h09m26s total]
  [musique                  6/16] kq_only        (3/6)  ex   62/100  KL=0.3910  mean=0.1458  0.08ex/s  eta=7m38s  [eta=20h09m16s total]
  [musique                  6/16] kq_only        (3/6)  ex   63/100  KL=0.0815  mean=0.1447  0.08ex/s  eta=7m26s  [eta=20h09m06s total]
  [musique                  6/16] kq_only        (3/6)  ex   64/100  KL=0.2024  mean=0.1456  0.08ex/s  eta=7m14s  [eta=20h08m56s total]
  [musique                  6/16] kq_only        (3/6)  ex   65/100  KL=0.0296  mean=0.1439  0.08ex/s  eta=7m02s  [eta=20h08m46s total]
  [musique                  6/16] kq_only        (3/6)  ex   66/100  KL=0.0995  mean=0.1432  0.08ex/s  eta=6m50s  [eta=20h08m35s total]
  [musique                  6/16] kq_only        (3/6)  ex   67/100  KL=0.0695  mean=0.1421  0.08ex/s  eta=6m38s  [eta=20h08m26s total]
  [musique                  6/16] kq_only        (3/6)  ex   68/100  KL=0.1134  mean=0.1417  0.08ex/s  eta=6m26s  [eta=20h08m16s total]
  [musique                  6/16] kq_only        (3/6)  ex   69/100  KL=0.7209  mean=0.1501  0.08ex/s  eta=6m13s  [eta=20h08m03s total]
  [musique                  6/16] kq_only        (3/6)  ex   70/100  KL=0.2227  mean=0.1511  0.08ex/s  eta=6m01s  [eta=20h07m52s total]
  [musique                  6/16] kq_only        (3/6)  ex   71/100  KL=0.3930  mean=0.1545  0.08ex/s  eta=5m49s  [eta=20h07m42s total]
  [musique                  6/16] kq_only        (3/6)  ex   72/100  KL=0.0387  mean=0.1529  0.08ex/s  eta=5m37s  [eta=20h07m32s total]
  [musique                  6/16] kq_only        (3/6)  ex   73/100  KL=0.1423  mean=0.1527  0.08ex/s  eta=5m25s  [eta=20h07m22s total]
  [musique                  6/16] kq_only        (3/6)  ex   74/100  KL=0.0637  mean=0.1515  0.08ex/s  eta=5m13s  [eta=20h07m12s total]
  [musique                  6/16] kq_only        (3/6)  ex   75/100  KL=0.0872  mean=0.1507  0.08ex/s  eta=5m01s  [eta=20h07m02s total]
  [musique                  6/16] kq_only        (3/6)  ex   76/100  KL=0.0389  mean=0.1492  0.08ex/s  eta=4m49s  [eta=20h06m52s total]
  [musique                  6/16] kq_only        (3/6)  ex   77/100  KL=0.3359  mean=0.1516  0.08ex/s  eta=4m37s  [eta=20h06m43s total]
  [musique                  6/16] kq_only        (3/6)  ex   78/100  KL=0.3562  mean=0.1543  0.08ex/s  eta=4m25s  [eta=20h06m32s total]
  [musique                  6/16] kq_only        (3/6)  ex   79/100  KL=0.1352  mean=0.1540  0.08ex/s  eta=4m13s  [eta=20h06m22s total]
  [musique                  6/16] kq_only        (3/6)  ex   80/100  KL=0.2536  mean=0.1553  0.08ex/s  eta=4m01s  [eta=20h06m12s total]
  [musique                  6/16] kq_only        (3/6)  ex   81/100  KL=0.1490  mean=0.1552  0.08ex/s  eta=3m49s  [eta=20h06m02s total]
  [musique                  6/16] kq_only        (3/6)  ex   82/100  KL=0.2296  mean=0.1561  0.08ex/s  eta=3m37s  [eta=20h05m52s total]
  [musique                  6/16] kq_only        (3/6)  ex   83/100  KL=0.1853  mean=0.1564  0.08ex/s  eta=3m25s  [eta=20h05m41s total]
  [musique                  6/16] kq_only        (3/6)  ex   84/100  KL=0.0818  mean=0.1556  0.08ex/s  eta=3m13s  [eta=20h05m31s total]
  [musique                  6/16] kq_only        (3/6)  ex   85/100  KL=0.1155  mean=0.1551  0.08ex/s  eta=3m01s  [eta=20h05m21s total]
  [musique                  6/16] kq_only        (3/6)  ex   86/100  KL=0.1598  mean=0.1551  0.08ex/s  eta=2m48s  [eta=20h05m11s total]
  [musique                  6/16] kq_only        (3/6)  ex   87/100  KL=0.1451  mean=0.1550  0.08ex/s  eta=2m36s  [eta=20h05m01s total]
  [musique                  6/16] kq_only        (3/6)  ex   88/100  KL=0.3118  mean=0.1568  0.08ex/s  eta=2m24s  [eta=20h04m51s total]
  [musique                  6/16] kq_only        (3/6)  ex   89/100  KL=0.0564  mean=0.1557  0.08ex/s  eta=2m12s  [eta=20h04m41s total]
  [musique                  6/16] kq_only        (3/6)  ex   90/100  KL=0.0510  mean=0.1545  0.08ex/s  eta=2m00s  [eta=20h04m31s total]
  [musique                  6/16] kq_only        (3/6)  ex   91/100  KL=0.0358  mean=0.1532  0.08ex/s  eta=1m48s  [eta=20h04m21s total]
  [musique                  6/16] kq_only        (3/6)  ex   92/100  KL=0.1625  mean=0.1533  0.08ex/s  eta=1m36s  [eta=20h04m11s total]
  [musique                  6/16] kq_only        (3/6)  ex   93/100  KL=0.0254  mean=0.1519  0.08ex/s  eta=1m24s  [eta=20h04m00s total]
  [musique                  6/16] kq_only        (3/6)  ex   94/100  KL=0.1759  mean=0.1522  0.08ex/s  eta=1m12s  [eta=20h03m51s total]
  [musique                  6/16] kq_only        (3/6)  ex   95/100  KL=0.0718  mean=0.1514  0.08ex/s  eta=1m00s  [eta=20h03m41s total]
  [musique                  6/16] kq_only        (3/6)  ex   96/100  KL=0.0456  mean=0.1502  0.08ex/s  eta=48s  [eta=20h03m31s total]
  [musique                  6/16] kq_only        (3/6)  ex   97/100  KL=0.1543  mean=0.1503  0.08ex/s  eta=36s  [eta=20h03m21s total]
  [musique                  6/16] kq_only        (3/6)  ex   98/100  KL=0.1131  mean=0.1499  0.08ex/s  eta=24s  [eta=20h03m11s total]
  [musique                  6/16] kq_only        (3/6)  ex   99/100  KL=0.1184  mean=0.1496  0.08ex/s  eta=12s  [eta=20h03m01s total]
  [musique                  6/16] kq_only        (3/6)  ex  100/100  KL=0.1373  mean=0.1495  0.08ex/s  eta=0s  [eta=20h02m51s total]
  >>> musique / kq_only:  n=100  mean_KL=0.1495  [20m08s]

  [musique                  6/16] kq_pre_d090    (4/6)  ex    1/100  KL=0.4443  mean=0.4443  0.08ex/s  eta=20m16s  [eta=20h02m41s total]
  [musique                  6/16] kq_pre_d090    (4/6)  ex    2/100  KL=0.6723  mean=0.5583  0.08ex/s  eta=20m20s  [eta=20h02m32s total]
  [musique                  6/16] kq_pre_d090    (4/6)  ex    3/100  KL=0.5457  mean=0.5541  0.08ex/s  eta=20m02s  [eta=20h02m22s total]
  [musique                  6/16] kq_pre_d090    (4/6)  ex    4/100  KL=0.1578  mean=0.4550  0.08ex/s  eta=19m47s  [eta=20h02m12s total]
  [musique                  6/16] kq_pre_d090    (4/6)  ex    5/100  KL=1.0455  mean=0.5731  0.08ex/s  eta=19m31s  [eta=20h02m02s total]
  [musique                  6/16] kq_pre_d090    (4/6)  ex    6/100  KL=0.4228  mean=0.5481  0.08ex/s  eta=19m14s  [eta=20h01m51s total]
  [musique                  6/16] kq_pre_d090    (4/6)  ex    7/100  KL=0.2443  mean=0.5047  0.08ex/s  eta=19m03s  [eta=20h01m42s total]
  [musique                  6/16] kq_pre_d090    (4/6)  ex    8/100  KL=0.2328  mean=0.4707  0.08ex/s  eta=18m50s  [eta=20h01m32s total]
  [musique                  6/16] kq_pre_d090    (4/6)  ex    9/100  KL=0.6224  mean=0.4876  0.08ex/s  eta=18m36s  [eta=20h01m22s total]
  [musique                  6/16] kq_pre_d090    (4/6)  ex   10/100  KL=0.1487  mean=0.4537  0.08ex/s  eta=18m22s  [eta=20h01m11s total]
  [musique                  6/16] kq_pre_d090    (4/6)  ex   11/100  KL=0.9300  mean=0.4970  0.08ex/s  eta=18m10s  [eta=20h01m01s total]
  [musique                  6/16] kq_pre_d090    (4/6)  ex   12/100  KL=0.4392  mean=0.4922  0.08ex/s  eta=17m56s  [eta=20h00m51s total]
  [musique                  6/16] kq_pre_d090    (4/6)  ex   13/100  KL=0.6283  mean=0.5026  0.08ex/s  eta=17m44s  [eta=20h00m41s total]
  [musique                  6/16] kq_pre_d090    (4/6)  ex   14/100  KL=1.2252  mean=0.5542  0.08ex/s  eta=17m31s  [eta=20h00m31s total]
  [musique                  6/16] kq_pre_d090    (4/6)  ex   15/100  KL=0.5739  mean=0.5556  0.08ex/s  eta=17m18s  [eta=20h00m21s total]
  [musique                  6/16] kq_pre_d090    (4/6)  ex   16/100  KL=0.9050  mean=0.5774  0.08ex/s  eta=17m06s  [eta=20h00m11s total]
  [musique                  6/16] kq_pre_d090    (4/6)  ex   17/100  KL=0.0779  mean=0.5480  0.08ex/s  eta=16m53s  [eta=20h00m00s total]
  [musique                  6/16] kq_pre_d090    (4/6)  ex   18/100  KL=4.1235  mean=0.7466  0.08ex/s  eta=16m37s  [eta=19h59m49s total]
  [musique                  6/16] kq_pre_d090    (4/6)  ex   19/100  KL=1.1355  mean=0.7671  0.08ex/s  eta=16m25s  [eta=19h59m39s total]
  [musique                  6/16] kq_pre_d090    (4/6)  ex   20/100  KL=1.3772  mean=0.7976  0.08ex/s  eta=16m12s  [eta=19h59m28s total]
  [musique                  6/16] kq_pre_d090    (4/6)  ex   21/100  KL=5.9180  mean=1.0414  0.08ex/s  eta=15m57s  [eta=19h59m17s total]
  [musique                  6/16] kq_pre_d090    (4/6)  ex   22/100  KL=1.1813  mean=1.0478  0.08ex/s  eta=15m45s  [eta=19h59m06s total]
  [musique                  6/16] kq_pre_d090    (4/6)  ex   23/100  KL=1.5385  mean=1.0691  0.08ex/s  eta=15m33s  [eta=19h58m56s total]
  [musique                  6/16] kq_pre_d090    (4/6)  ex   24/100  KL=0.4756  mean=1.0444  0.08ex/s  eta=15m21s  [eta=19h58m46s total]
  [musique                  6/16] kq_pre_d090    (4/6)  ex   25/100  KL=6.9199  mean=1.2794  0.08ex/s  eta=15m07s  [eta=19h58m35s total]
  [musique                  6/16] kq_pre_d090    (4/6)  ex   26/100  KL=0.7983  mean=1.2609  0.08ex/s  eta=14m55s  [eta=19h58m25s total]
  [musique                  6/16] kq_pre_d090    (4/6)  ex   27/100  KL=1.3025  mean=1.2625  0.08ex/s  eta=14m43s  [eta=19h58m15s total]
  [musique                  6/16] kq_pre_d090    (4/6)  ex   28/100  KL=0.1621  mean=1.2232  0.08ex/s  eta=14m31s  [eta=19h58m04s total]
  [musique                  6/16] kq_pre_d090    (4/6)  ex   29/100  KL=0.6946  mean=1.2049  0.08ex/s  eta=14m19s  [eta=19h57m54s total]
  [musique                  6/16] kq_pre_d090    (4/6)  ex   30/100  KL=1.1164  mean=1.2020  0.08ex/s  eta=14m07s  [eta=19h57m44s total]
  [musique                  6/16] kq_pre_d090    (4/6)  ex   31/100  KL=4.2119  mean=1.2991  0.08ex/s  eta=13m54s  [eta=19h57m33s total]
  [musique                  6/16] kq_pre_d090    (4/6)  ex   32/100  KL=0.8220  mean=1.2842  0.08ex/s  eta=13m42s  [eta=19h57m23s total]
  [musique                  6/16] kq_pre_d090    (4/6)  ex   33/100  KL=0.4110  mean=1.2577  0.08ex/s  eta=13m30s  [eta=19h57m13s total]
  [musique                  6/16] kq_pre_d090    (4/6)  ex   34/100  KL=0.2559  mean=1.2282  0.08ex/s  eta=13m18s  [eta=19h57m03s total]
  [musique                  6/16] kq_pre_d090    (4/6)  ex   35/100  KL=0.6187  mean=1.2108  0.08ex/s  eta=13m06s  [eta=19h56m53s total]
  [musique                  6/16] kq_pre_d090    (4/6)  ex   36/100  KL=0.3108  mean=1.1858  0.08ex/s  eta=12m55s  [eta=19h56m43s total]
  [musique                  6/16] kq_pre_d090    (4/6)  ex   37/100  KL=0.6911  mean=1.1725  0.08ex/s  eta=12m43s  [eta=19h56m33s total]
  [musique                  6/16] kq_pre_d090    (4/6)  ex   38/100  KL=1.0845  mean=1.1701  0.08ex/s  eta=12m31s  [eta=19h56m22s total]
  [musique                  6/16] kq_pre_d090    (4/6)  ex   39/100  KL=0.6533  mean=1.1569  0.08ex/s  eta=12m19s  [eta=19h56m12s total]
  [musique                  6/16] kq_pre_d090    (4/6)  ex   40/100  KL=0.3319  mean=1.1363  0.08ex/s  eta=12m07s  [eta=19h56m02s total]
  [musique                  6/16] kq_pre_d090    (4/6)  ex   41/100  KL=0.3826  mean=1.1179  0.08ex/s  eta=11m55s  [eta=19h55m52s total]
  [musique                  6/16] kq_pre_d090    (4/6)  ex   42/100  KL=1.1131  mean=1.1178  0.08ex/s  eta=11m43s  [eta=19h55m42s total]
  [musique                  6/16] kq_pre_d090    (4/6)  ex   43/100  KL=0.7402  mean=1.1090  0.08ex/s  eta=11m31s  [eta=19h55m32s total]
  [musique                  6/16] kq_pre_d090    (4/6)  ex   44/100  KL=0.4196  mean=1.0933  0.08ex/s  eta=11m19s  [eta=19h55m22s total]
  [musique                  6/16] kq_pre_d090    (4/6)  ex   45/100  KL=1.0027  mean=1.0913  0.08ex/s  eta=11m07s  [eta=19h55m12s total]
  [musique                  6/16] kq_pre_d090    (4/6)  ex   46/100  KL=0.5208  mean=1.0789  0.08ex/s  eta=10m55s  [eta=19h55m02s total]
  [musique                  6/16] kq_pre_d090    (4/6)  ex   47/100  KL=0.7741  mean=1.0724  0.08ex/s  eta=10m43s  [eta=19h54m52s total]
  [musique                  6/16] kq_pre_d090    (4/6)  ex   48/100  KL=0.0309  mean=1.0507  0.08ex/s  eta=10m31s  [eta=19h54m42s total]
  [musique                  6/16] kq_pre_d090    (4/6)  ex   49/100  KL=0.3346  mean=1.0361  0.08ex/s  eta=10m19s  [eta=19h54m32s total]
  [musique                  6/16] kq_pre_d090    (4/6)  ex   50/100  KL=0.9823  mean=1.0350  0.08ex/s  eta=10m07s  [eta=19h54m22s total]
  [musique                  6/16] kq_pre_d090    (4/6)  ex   51/100  KL=1.8742  mean=1.0515  0.08ex/s  eta=9m55s  [eta=19h54m12s total]
  [musique                  6/16] kq_pre_d090    (4/6)  ex   52/100  KL=1.4012  mean=1.0582  0.08ex/s  eta=9m42s  [eta=19h54m02s total]
  [musique                  6/16] kq_pre_d090    (4/6)  ex   53/100  KL=0.3039  mean=1.0440  0.08ex/s  eta=9m31s  [eta=19h53m52s total]
  [musique                  6/16] kq_pre_d090    (4/6)  ex   54/100  KL=0.9834  mean=1.0429  0.08ex/s  eta=9m18s  [eta=19h53m42s total]
  [musique                  6/16] kq_pre_d090    (4/6)  ex   55/100  KL=0.6806  mean=1.0363  0.08ex/s  eta=9m06s  [eta=19h53m32s total]
  [musique                  6/16] kq_pre_d090    (4/6)  ex   56/100  KL=0.4919  mean=1.0266  0.08ex/s  eta=8m54s  [eta=19h53m22s total]
  [musique                  6/16] kq_pre_d090    (4/6)  ex   57/100  KL=0.7837  mean=1.0223  0.08ex/s  eta=8m42s  [eta=19h53m12s total]
  [musique                  6/16] kq_pre_d090    (4/6)  ex   58/100  KL=0.2195  mean=1.0084  0.08ex/s  eta=8m30s  [eta=19h53m02s total]
  [musique                  6/16] kq_pre_d090    (4/6)  ex   59/100  KL=0.9108  mean=1.0068  0.08ex/s  eta=8m18s  [eta=19h52m52s total]
  [musique                  6/16] kq_pre_d090    (4/6)  ex   60/100  KL=0.5231  mean=0.9987  0.08ex/s  eta=8m06s  [eta=19h52m42s total]
  [musique                  6/16] kq_pre_d090    (4/6)  ex   61/100  KL=0.3897  mean=0.9887  0.08ex/s  eta=7m54s  [eta=19h52m32s total]
  [musique                  6/16] kq_pre_d090    (4/6)  ex   62/100  KL=11.7661  mean=1.1626  0.08ex/s  eta=7m41s  [eta=19h52m21s total]
  [musique                  6/16] kq_pre_d090    (4/6)  ex   63/100  KL=1.7542  mean=1.1720  0.08ex/s  eta=7m29s  [eta=19h52m10s total]
  [musique                  6/16] kq_pre_d090    (4/6)  ex   64/100  KL=0.4800  mean=1.1612  0.08ex/s  eta=7m17s  [eta=19h52m00s total]
  [musique                  6/16] kq_pre_d090    (4/6)  ex   65/100  KL=1.0999  mean=1.1602  0.08ex/s  eta=7m05s  [eta=19h51m50s total]
  [musique                  6/16] kq_pre_d090    (4/6)  ex   66/100  KL=0.6595  mean=1.1526  0.08ex/s  eta=6m53s  [eta=19h51m40s total]
  [musique                  6/16] kq_pre_d090    (4/6)  ex   67/100  KL=1.0065  mean=1.1504  0.08ex/s  eta=6m41s  [eta=19h51m30s total]
  [musique                  6/16] kq_pre_d090    (4/6)  ex   68/100  KL=0.6118  mean=1.1425  0.08ex/s  eta=6m28s  [eta=19h51m19s total]
  [musique                  6/16] kq_pre_d090    (4/6)  ex   69/100  KL=1.0745  mean=1.1415  0.08ex/s  eta=6m16s  [eta=19h51m07s total]
  [musique                  6/16] kq_pre_d090    (4/6)  ex   70/100  KL=0.9088  mean=1.1382  0.08ex/s  eta=6m03s  [eta=19h50m56s total]
  [musique                  6/16] kq_pre_d090    (4/6)  ex   71/100  KL=0.7347  mean=1.1325  0.08ex/s  eta=5m51s  [eta=19h50m46s total]
  [musique                  6/16] kq_pre_d090    (4/6)  ex   72/100  KL=0.6838  mean=1.1263  0.08ex/s  eta=5m39s  [eta=19h50m35s total]
  [musique                  6/16] kq_pre_d090    (4/6)  ex   73/100  KL=0.9834  mean=1.1243  0.08ex/s  eta=5m27s  [eta=19h50m25s total]
  [musique                  6/16] kq_pre_d090    (4/6)  ex   74/100  KL=1.6605  mean=1.1316  0.08ex/s  eta=5m15s  [eta=19h50m15s total]
  [musique                  6/16] kq_pre_d090    (4/6)  ex   75/100  KL=1.0764  mean=1.1308  0.08ex/s  eta=5m03s  [eta=19h50m05s total]
  [musique                  6/16] kq_pre_d090    (4/6)  ex   76/100  KL=0.3942  mean=1.1212  0.08ex/s  eta=4m51s  [eta=19h49m55s total]
  [musique                  6/16] kq_pre_d090    (4/6)  ex   77/100  KL=0.5934  mean=1.1143  0.08ex/s  eta=4m39s  [eta=19h49m45s total]
  [musique                  6/16] kq_pre_d090    (4/6)  ex   78/100  KL=1.1681  mean=1.1150  0.08ex/s  eta=4m26s  [eta=19h49m35s total]
  [musique                  6/16] kq_pre_d090    (4/6)  ex   79/100  KL=0.2563  mean=1.1041  0.08ex/s  eta=4m14s  [eta=19h49m24s total]
  [musique                  6/16] kq_pre_d090    (4/6)  ex   80/100  KL=0.8846  mean=1.1014  0.08ex/s  eta=4m02s  [eta=19h49m14s total]
  [musique                  6/16] kq_pre_d090    (4/6)  ex   81/100  KL=0.7362  mean=1.0969  0.08ex/s  eta=3m50s  [eta=19h49m04s total]
  [musique                  6/16] kq_pre_d090    (4/6)  ex   82/100  KL=0.3499  mean=1.0878  0.08ex/s  eta=3m38s  [eta=19h48m53s total]
  [musique                  6/16] kq_pre_d090    (4/6)  ex   83/100  KL=0.8414  mean=1.0848  0.08ex/s  eta=3m26s  [eta=19h48m43s total]
  [musique                  6/16] kq_pre_d090    (4/6)  ex   84/100  KL=0.6618  mean=1.0798  0.08ex/s  eta=3m14s  [eta=19h48m32s total]
  [musique                  6/16] kq_pre_d090    (4/6)  ex   85/100  KL=1.0819  mean=1.0798  0.08ex/s  eta=3m01s  [eta=19h48m22s total]
  [musique                  6/16] kq_pre_d090    (4/6)  ex   86/100  KL=0.3726  mean=1.0716  0.08ex/s  eta=2m49s  [eta=19h48m12s total]
  [musique                  6/16] kq_pre_d090    (4/6)  ex   87/100  KL=0.3882  mean=1.0637  0.08ex/s  eta=2m37s  [eta=19h48m01s total]
  [musique                  6/16] kq_pre_d090    (4/6)  ex   88/100  KL=0.8746  mean=1.0616  0.08ex/s  eta=2m25s  [eta=19h47m51s total]
  [musique                  6/16] kq_pre_d090    (4/6)  ex   89/100  KL=0.3391  mean=1.0534  0.08ex/s  eta=2m13s  [eta=19h47m40s total]
  [musique                  6/16] kq_pre_d090    (4/6)  ex   90/100  KL=2.6338  mean=1.0710  0.08ex/s  eta=2m01s  [eta=19h47m29s total]
  [musique                  6/16] kq_pre_d090    (4/6)  ex   91/100  KL=1.1279  mean=1.0716  0.08ex/s  eta=1m49s  [eta=19h47m18s total]
  [musique                  6/16] kq_pre_d090    (4/6)  ex   92/100  KL=0.5385  mean=1.0658  0.08ex/s  eta=1m36s  [eta=19h47m08s total]
  [musique                  6/16] kq_pre_d090    (4/6)  ex   93/100  KL=3.0967  mean=1.0877  0.08ex/s  eta=1m24s  [eta=19h46m56s total]
  [musique                  6/16] kq_pre_d090    (4/6)  ex   94/100  KL=0.2961  mean=1.0792  0.08ex/s  eta=1m12s  [eta=19h46m45s total]
  [musique                  6/16] kq_pre_d090    (4/6)  ex   95/100  KL=0.9111  mean=1.0775  0.08ex/s  eta=1m00s  [eta=19h46m35s total]
  [musique                  6/16] kq_pre_d090    (4/6)  ex   96/100  KL=1.5024  mean=1.0819  0.08ex/s  eta=48s  [eta=19h46m25s total]
  [musique                  6/16] kq_pre_d090    (4/6)  ex   97/100  KL=0.1482  mean=1.0723  0.08ex/s  eta=36s  [eta=19h46m14s total]
  [musique                  6/16] kq_pre_d090    (4/6)  ex   98/100  KL=0.1800  mean=1.0632  0.08ex/s  eta=24s  [eta=19h46m04s total]
  [musique                  6/16] kq_pre_d090    (4/6)  ex   99/100  KL=1.0511  mean=1.0630  0.08ex/s  eta=12s  [eta=19h45m53s total]
  [musique                  6/16] kq_pre_d090    (4/6)  ex  100/100  KL=1.2535  mean=1.0650  0.08ex/s  eta=0s  [eta=19h45m43s total]
  >>> musique / kq_pre_d090:  n=100  mean_KL=1.0650  [20m09s]

  [musique                  6/16] kq_pre_d095    (5/6)  ex    1/100  KL=0.5518  mean=0.5518  0.08ex/s  eta=20m01s  [eta=19h45m32s total]
  [musique                  6/16] kq_pre_d095    (5/6)  ex    2/100  KL=0.6327  mean=0.5923  0.08ex/s  eta=19m42s  [eta=19h45m22s total]
  [musique                  6/16] kq_pre_d095    (5/6)  ex    3/100  KL=1.3693  mean=0.8513  0.08ex/s  eta=19m27s  [eta=19h45m11s total]
  [musique                  6/16] kq_pre_d095    (5/6)  ex    4/100  KL=0.1364  mean=0.6726  0.08ex/s  eta=19m14s  [eta=19h45m01s total]
  [musique                  6/16] kq_pre_d095    (5/6)  ex    5/100  KL=1.0450  mean=0.7470  0.08ex/s  eta=18m56s  [eta=19h44m50s total]
  [musique                  6/16] kq_pre_d095    (5/6)  ex    6/100  KL=0.4553  mean=0.6984  0.08ex/s  eta=18m42s  [eta=19h44m39s total]
  [musique                  6/16] kq_pre_d095    (5/6)  ex    7/100  KL=0.1594  mean=0.6214  0.08ex/s  eta=18m33s  [eta=19h44m29s total]
  [musique                  6/16] kq_pre_d095    (5/6)  ex    8/100  KL=0.2409  mean=0.5739  0.08ex/s  eta=18m20s  [eta=19h44m18s total]
  [musique                  6/16] kq_pre_d095    (5/6)  ex    9/100  KL=0.6073  mean=0.5776  0.08ex/s  eta=18m06s  [eta=19h44m07s total]
  [musique                  6/16] kq_pre_d095    (5/6)  ex   10/100  KL=0.0641  mean=0.5262  0.08ex/s  eta=17m54s  [eta=19h43m56s total]
  [musique                  6/16] kq_pre_d095    (5/6)  ex   11/100  KL=0.9594  mean=0.5656  0.08ex/s  eta=17m43s  [eta=19h43m46s total]
  [musique                  6/16] kq_pre_d095    (5/6)  ex   12/100  KL=0.4965  mean=0.5598  0.08ex/s  eta=17m31s  [eta=19h43m35s total]
  [musique                  6/16] kq_pre_d095    (5/6)  ex   13/100  KL=0.6018  mean=0.5631  0.08ex/s  eta=17m20s  [eta=19h43m25s total]
  [musique                  6/16] kq_pre_d095    (5/6)  ex   14/100  KL=5.6770  mean=0.9284  0.08ex/s  eta=17m02s  [eta=19h43m13s total]
  [musique                  6/16] kq_pre_d095    (5/6)  ex   15/100  KL=0.8415  mean=0.9226  0.08ex/s  eta=16m51s  [eta=19h43m02s total]
  [musique                  6/16] kq_pre_d095    (5/6)  ex   16/100  KL=0.9482  mean=0.9242  0.08ex/s  eta=16m39s  [eta=19h42m51s total]
  [musique                  6/16] kq_pre_d095    (5/6)  ex   17/100  KL=0.0807  mean=0.8746  0.08ex/s  eta=16m27s  [eta=19h42m40s total]
  [musique                  6/16] kq_pre_d095    (5/6)  ex   18/100  KL=4.0869  mean=1.0530  0.08ex/s  eta=16m13s  [eta=19h42m29s total]
  [musique                  6/16] kq_pre_d095    (5/6)  ex   19/100  KL=1.5022  mean=1.0767  0.08ex/s  eta=16m01s  [eta=19h42m18s total]
  [musique                  6/16] kq_pre_d095    (5/6)  ex   20/100  KL=1.3677  mean=1.0912  0.08ex/s  eta=15m50s  [eta=19h42m08s total]
  [musique                  6/16] kq_pre_d095    (5/6)  ex   21/100  KL=6.0045  mean=1.3252  0.08ex/s  eta=15m35s  [eta=19h41m55s total]
  [musique                  6/16] kq_pre_d095    (5/6)  ex   22/100  KL=1.1779  mean=1.3185  0.08ex/s  eta=15m23s  [eta=19h41m45s total]
  [musique                  6/16] kq_pre_d095    (5/6)  ex   23/100  KL=1.9568  mean=1.3462  0.08ex/s  eta=15m11s  [eta=19h41m34s total]
  [musique                  6/16] kq_pre_d095    (5/6)  ex   24/100  KL=4.3867  mean=1.4729  0.08ex/s  eta=14m57s  [eta=19h41m22s total]
  [musique                  6/16] kq_pre_d095    (5/6)  ex   25/100  KL=6.2988  mean=1.6659  0.08ex/s  eta=14m43s  [eta=19h41m10s total]
  [musique                  6/16] kq_pre_d095    (5/6)  ex   26/100  KL=1.5174  mean=1.6602  0.08ex/s  eta=14m33s  [eta=19h40m59s total]
  [musique                  6/16] kq_pre_d095    (5/6)  ex   27/100  KL=1.2210  mean=1.6440  0.08ex/s  eta=14m21s  [eta=19h40m49s total]
  [musique                  6/16] kq_pre_d095    (5/6)  ex   28/100  KL=0.1869  mean=1.5919  0.08ex/s  eta=14m09s  [eta=19h40m38s total]
  [musique                  6/16] kq_pre_d095    (5/6)  ex   29/100  KL=0.6561  mean=1.5597  0.08ex/s  eta=13m58s  [eta=19h40m27s total]
  [musique                  6/16] kq_pre_d095    (5/6)  ex   30/100  KL=0.3276  mean=1.5186  0.08ex/s  eta=13m47s  [eta=19h40m17s total]
  [musique                  6/16] kq_pre_d095    (5/6)  ex   31/100  KL=4.1425  mean=1.6032  0.08ex/s  eta=13m34s  [eta=19h40m05s total]
  [musique                  6/16] kq_pre_d095    (5/6)  ex   32/100  KL=0.8909  mean=1.5810  0.08ex/s  eta=13m23s  [eta=19h39m55s total]
  [musique                  6/16] kq_pre_d095    (5/6)  ex   33/100  KL=0.4789  mean=1.5476  0.08ex/s  eta=13m11s  [eta=19h39m44s total]
  [musique                  6/16] kq_pre_d095    (5/6)  ex   34/100  KL=0.3267  mean=1.5117  0.08ex/s  eta=13m00s  [eta=19h39m33s total]
  [musique                  6/16] kq_pre_d095    (5/6)  ex   35/100  KL=0.2549  mean=1.4758  0.08ex/s  eta=12m49s  [eta=19h39m23s total]
  [musique                  6/16] kq_pre_d095    (5/6)  ex   36/100  KL=0.2879  mean=1.4428  0.08ex/s  eta=12m37s  [eta=19h39m13s total]
  [musique                  6/16] kq_pre_d095    (5/6)  ex   37/100  KL=0.6905  mean=1.4224  0.08ex/s  eta=12m26s  [eta=19h39m03s total]
  [musique                  6/16] kq_pre_d095    (5/6)  ex   38/100  KL=1.1316  mean=1.4148  0.08ex/s  eta=12m14s  [eta=19h38m52s total]
  [musique                  6/16] kq_pre_d095    (5/6)  ex   39/100  KL=0.6701  mean=1.3957  0.08ex/s  eta=12m02s  [eta=19h38m41s total]
  [musique                  6/16] kq_pre_d095    (5/6)  ex   40/100  KL=0.6719  mean=1.3776  0.08ex/s  eta=11m51s  [eta=19h38m31s total]
  [musique                  6/16] kq_pre_d095    (5/6)  ex   41/100  KL=0.2152  mean=1.3492  0.08ex/s  eta=11m39s  [eta=19h38m20s total]
  [musique                  6/16] kq_pre_d095    (5/6)  ex   42/100  KL=1.1143  mean=1.3436  0.08ex/s  eta=11m28s  [eta=19h38m10s total]
  [musique                  6/16] kq_pre_d095    (5/6)  ex   43/100  KL=0.7377  mean=1.3296  0.08ex/s  eta=11m16s  [eta=19h38m00s total]
  [musique                  6/16] kq_pre_d095    (5/6)  ex   44/100  KL=0.4576  mean=1.3097  0.08ex/s  eta=11m04s  [eta=19h37m49s total]
  [musique                  6/16] kq_pre_d095    (5/6)  ex   45/100  KL=1.0124  mean=1.3031  0.08ex/s  eta=10m53s  [eta=19h37m39s total]
  [musique                  6/16] kq_pre_d095    (5/6)  ex   46/100  KL=0.5628  mean=1.2870  0.08ex/s  eta=10m41s  [eta=19h37m29s total]
  [musique                  6/16] kq_pre_d095    (5/6)  ex   47/100  KL=0.7491  mean=1.2756  0.08ex/s  eta=10m29s  [eta=19h37m18s total]
  [musique                  6/16] kq_pre_d095    (5/6)  ex   48/100  KL=0.0463  mean=1.2500  0.08ex/s  eta=10m18s  [eta=19h37m07s total]
  [musique                  6/16] kq_pre_d095    (5/6)  ex   49/100  KL=0.3152  mean=1.2309  0.08ex/s  eta=10m06s  [eta=19h36m57s total]
  [musique                  6/16] kq_pre_d095    (5/6)  ex   50/100  KL=0.9966  mean=1.2262  0.08ex/s  eta=9m54s  [eta=19h36m46s total]
  [musique                  6/16] kq_pre_d095    (5/6)  ex   51/100  KL=1.6275  mean=1.2341  0.08ex/s  eta=9m43s  [eta=19h36m36s total]
  [musique                  6/16] kq_pre_d095    (5/6)  ex   52/100  KL=1.4248  mean=1.2377  0.08ex/s  eta=9m31s  [eta=19h36m26s total]
  [musique                  6/16] kq_pre_d095    (5/6)  ex   53/100  KL=0.3367  mean=1.2207  0.08ex/s  eta=9m19s  [eta=19h36m15s total]
  [musique                  6/16] kq_pre_d095    (5/6)  ex   54/100  KL=1.0197  mean=1.2170  0.08ex/s  eta=9m07s  [eta=19h36m05s total]
  [musique                  6/16] kq_pre_d095    (5/6)  ex   55/100  KL=0.7130  mean=1.2079  0.08ex/s  eta=8m55s  [eta=19h35m54s total]
  [musique                  6/16] kq_pre_d095    (5/6)  ex   56/100  KL=0.6110  mean=1.1972  0.08ex/s  eta=8m44s  [eta=19h35m44s total]
  [musique                  6/16] kq_pre_d095    (5/6)  ex   57/100  KL=0.8014  mean=1.1903  0.08ex/s  eta=8m32s  [eta=19h35m33s total]
  [musique                  6/16] kq_pre_d095    (5/6)  ex   58/100  KL=0.2500  mean=1.1740  0.08ex/s  eta=8m20s  [eta=19h35m23s total]
  [musique                  6/16] kq_pre_d095    (5/6)  ex   59/100  KL=0.8963  mean=1.1693  0.08ex/s  eta=8m08s  [eta=19h35m13s total]
  [musique                  6/16] kq_pre_d095    (5/6)  ex   60/100  KL=0.5050  mean=1.1583  0.08ex/s  eta=7m57s  [eta=19h35m02s total]
  [musique                  6/16] kq_pre_d095    (5/6)  ex   61/100  KL=0.7361  mean=1.1513  0.08ex/s  eta=7m45s  [eta=19h34m52s total]
  [musique                  6/16] kq_pre_d095    (5/6)  ex   62/100  KL=2.4144  mean=1.1717  0.08ex/s  eta=7m33s  [eta=19h34m42s total]
  [musique                  6/16] kq_pre_d095    (5/6)  ex   63/100  KL=1.7265  mean=1.1805  0.08ex/s  eta=7m21s  [eta=19h34m31s total]
  [musique                  6/16] kq_pre_d095    (5/6)  ex   64/100  KL=0.7209  mean=1.1733  0.08ex/s  eta=7m09s  [eta=19h34m21s total]
  [musique                  6/16] kq_pre_d095    (5/6)  ex   65/100  KL=1.0049  mean=1.1708  0.08ex/s  eta=6m58s  [eta=19h34m11s total]
  [musique                  6/16] kq_pre_d095    (5/6)  ex   66/100  KL=0.6396  mean=1.1627  0.08ex/s  eta=6m46s  [eta=19h34m01s total]
  [musique                  6/16] kq_pre_d095    (5/6)  ex   67/100  KL=0.5313  mean=1.1533  0.08ex/s  eta=6m34s  [eta=19h33m50s total]
  [musique                  6/16] kq_pre_d095    (5/6)  ex   68/100  KL=0.6164  mean=1.1454  0.08ex/s  eta=6m22s  [eta=19h33m40s total]
  [musique                  6/16] kq_pre_d095    (5/6)  ex   69/100  KL=1.0589  mean=1.1441  0.08ex/s  eta=6m10s  [eta=19h33m27s total]
  [musique                  6/16] kq_pre_d095    (5/6)  ex   70/100  KL=0.8761  mean=1.1403  0.08ex/s  eta=5m58s  [eta=19h33m17s total]
  [musique                  6/16] kq_pre_d095    (5/6)  ex   71/100  KL=0.7579  mean=1.1349  0.08ex/s  eta=5m46s  [eta=19h33m07s total]
  [musique                  6/16] kq_pre_d095    (5/6)  ex   72/100  KL=0.6751  mean=1.1285  0.08ex/s  eta=5m34s  [eta=19h32m57s total]
  [musique                  6/16] kq_pre_d095    (5/6)  ex   73/100  KL=1.2165  mean=1.1297  0.08ex/s  eta=5m22s  [eta=19h32m46s total]
  [musique                  6/16] kq_pre_d095    (5/6)  ex   74/100  KL=1.6839  mean=1.1372  0.08ex/s  eta=5m10s  [eta=19h32m36s total]
  [musique                  6/16] kq_pre_d095    (5/6)  ex   75/100  KL=0.8815  mean=1.1338  0.08ex/s  eta=4m58s  [eta=19h32m25s total]
  [musique                  6/16] kq_pre_d095    (5/6)  ex   76/100  KL=0.1682  mean=1.1211  0.08ex/s  eta=4m46s  [eta=19h32m15s total]
  [musique                  6/16] kq_pre_d095    (5/6)  ex   77/100  KL=0.6668  mean=1.1152  0.08ex/s  eta=4m35s  [eta=19h32m04s total]
  [musique                  6/16] kq_pre_d095    (5/6)  ex   78/100  KL=1.0668  mean=1.1146  0.08ex/s  eta=4m23s  [eta=19h31m54s total]
  [musique                  6/16] kq_pre_d095    (5/6)  ex   79/100  KL=0.3544  mean=1.1050  0.08ex/s  eta=4m11s  [eta=19h31m44s total]
  [musique                  6/16] kq_pre_d095    (5/6)  ex   80/100  KL=0.3950  mean=1.0961  0.08ex/s  eta=3m59s  [eta=19h31m34s total]
  [musique                  6/16] kq_pre_d095    (5/6)  ex   81/100  KL=0.7665  mean=1.0920  0.08ex/s  eta=3m47s  [eta=19h31m24s total]
  [musique                  6/16] kq_pre_d095    (5/6)  ex   82/100  KL=0.2898  mean=1.0822  0.08ex/s  eta=3m35s  [eta=19h31m14s total]
  [musique                  6/16] kq_pre_d095    (5/6)  ex   83/100  KL=0.8550  mean=1.0795  0.08ex/s  eta=3m23s  [eta=19h31m03s total]
  [musique                  6/16] kq_pre_d095    (5/6)  ex   84/100  KL=0.7805  mean=1.0759  0.08ex/s  eta=3m11s  [eta=19h30m53s total]
  [musique                  6/16] kq_pre_d095    (5/6)  ex   85/100  KL=1.0948  mean=1.0762  0.08ex/s  eta=2m59s  [eta=19h30m43s total]
  [musique                  6/16] kq_pre_d095    (5/6)  ex   86/100  KL=0.7317  mean=1.0722  0.08ex/s  eta=2m47s  [eta=19h30m33s total]
  [musique                  6/16] kq_pre_d095    (5/6)  ex   87/100  KL=0.3613  mean=1.0640  0.08ex/s  eta=2m35s  [eta=19h30m22s total]
  [musique                  6/16] kq_pre_d095    (5/6)  ex   88/100  KL=0.8105  mean=1.0611  0.08ex/s  eta=2m23s  [eta=19h30m12s total]
  [musique                  6/16] kq_pre_d095    (5/6)  ex   89/100  KL=0.2816  mean=1.0523  0.08ex/s  eta=2m11s  [eta=19h30m02s total]
  [musique                  6/16] kq_pre_d095    (5/6)  ex   90/100  KL=1.0309  mean=1.0521  0.08ex/s  eta=1m59s  [eta=19h29m52s total]
  [musique                  6/16] kq_pre_d095    (5/6)  ex   91/100  KL=1.1369  mean=1.0530  0.08ex/s  eta=1m47s  [eta=19h29m41s total]
  [musique                  6/16] kq_pre_d095    (5/6)  ex   92/100  KL=0.5137  mean=1.0472  0.08ex/s  eta=1m35s  [eta=19h29m31s total]
  [musique                  6/16] kq_pre_d095    (5/6)  ex   93/100  KL=3.0598  mean=1.0688  0.08ex/s  eta=1m23s  [eta=19h29m20s total]
  [musique                  6/16] kq_pre_d095    (5/6)  ex   94/100  KL=0.2982  mean=1.0606  0.08ex/s  eta=1m11s  [eta=19h29m10s total]
  [musique                  6/16] kq_pre_d095    (5/6)  ex   95/100  KL=1.1157  mean=1.0612  0.08ex/s  eta=1m00s  [eta=19h29m00s total]
  [musique                  6/16] kq_pre_d095    (5/6)  ex   96/100  KL=1.5226  mean=1.0660  0.08ex/s  eta=48s  [eta=19h28m50s total]
  [musique                  6/16] kq_pre_d095    (5/6)  ex   97/100  KL=0.1999  mean=1.0571  0.08ex/s  eta=36s  [eta=19h28m39s total]
  [musique                  6/16] kq_pre_d095    (5/6)  ex   98/100  KL=0.2737  mean=1.0491  0.08ex/s  eta=24s  [eta=19h28m29s total]
  [musique                  6/16] kq_pre_d095    (5/6)  ex   99/100  KL=1.0921  mean=1.0495  0.08ex/s  eta=12s  [eta=19h28m19s total]
  [musique                  6/16] kq_pre_d095    (5/6)  ex  100/100  KL=1.2304  mean=1.0513  0.08ex/s  eta=0s  [eta=19h28m09s total]
  >>> musique / kq_pre_d095:  n=100  mean_KL=1.0513  [20m01s]

  [musique                  6/16] snapkv_d090    (6/6)  ex    1/100  KL=9.0793  mean=9.0793  0.08ex/s  eta=19m27s  [eta=19h27m58s total]
  [musique                  6/16] snapkv_d090    (6/6)  ex    2/100  KL=0.4474  mean=4.7634  0.08ex/s  eta=19m30s  [eta=19h27m48s total]
  [musique                  6/16] snapkv_d090    (6/6)  ex    3/100  KL=3.4860  mean=4.3376  0.08ex/s  eta=19m07s  [eta=19h27m36s total]
  [musique                  6/16] snapkv_d090    (6/6)  ex    4/100  KL=1.0517  mean=3.5161  0.08ex/s  eta=18m52s  [eta=19h27m25s total]
  [musique                  6/16] snapkv_d090    (6/6)  ex    5/100  KL=0.7101  mean=2.9549  0.08ex/s  eta=18m44s  [eta=19h27m15s total]
  [musique                  6/16] snapkv_d090    (6/6)  ex    6/100  KL=0.5476  mean=2.5537  0.08ex/s  eta=18m40s  [eta=19h27m05s total]
  [musique                  6/16] snapkv_d090    (6/6)  ex    7/100  KL=1.0211  mean=2.3347  0.08ex/s  eta=18m32s  [eta=19h26m54s total]
  [musique                  6/16] snapkv_d090    (6/6)  ex    8/100  KL=0.4470  mean=2.0988  0.08ex/s  eta=18m24s  [eta=19h26m44s total]
  [musique                  6/16] snapkv_d090    (6/6)  ex    9/100  KL=0.9523  mean=1.9714  0.08ex/s  eta=18m15s  [eta=19h26m34s total]
  [musique                  6/16] snapkv_d090    (6/6)  ex   10/100  KL=0.8919  mean=1.8634  0.08ex/s  eta=18m05s  [eta=19h26m24s total]
  [musique                  6/16] snapkv_d090    (6/6)  ex   11/100  KL=0.8009  mean=1.7668  0.08ex/s  eta=17m55s  [eta=19h26m14s total]
  [musique                  6/16] snapkv_d090    (6/6)  ex   12/100  KL=5.6654  mean=2.0917  0.08ex/s  eta=17m37s  [eta=19h26m02s total]
  [musique                  6/16] snapkv_d090    (6/6)  ex   13/100  KL=0.6586  mean=1.9815  0.08ex/s  eta=17m25s  [eta=19h25m52s total]
  [musique                  6/16] snapkv_d090    (6/6)  ex   14/100  KL=0.7971  mean=1.8969  0.08ex/s  eta=17m15s  [eta=19h25m42s total]
  [musique                  6/16] snapkv_d090    (6/6)  ex   15/100  KL=1.3052  mean=1.8574  0.08ex/s  eta=17m03s  [eta=19h25m31s total]
  [musique                  6/16] snapkv_d090    (6/6)  ex   16/100  KL=1.4886  mean=1.8344  0.08ex/s  eta=16m46s  [eta=19h25m19s total]
  [musique                  6/16] snapkv_d090    (6/6)  ex   17/100  KL=0.4675  mean=1.7540  0.08ex/s  eta=16m35s  [eta=19h25m08s total]
  [musique                  6/16] snapkv_d090    (6/6)  ex   18/100  KL=3.1386  mean=1.8309  0.08ex/s  eta=16m24s  [eta=19h24m58s total]
  [musique                  6/16] snapkv_d090    (6/6)  ex   19/100  KL=1.1460  mean=1.7949  0.08ex/s  eta=16m13s  [eta=19h24m48s total]
  [musique                  6/16] snapkv_d090    (6/6)  ex   20/100  KL=0.5544  mean=1.7328  0.08ex/s  eta=16m02s  [eta=19h24m38s total]
  [musique                  6/16] snapkv_d090    (6/6)  ex   21/100  KL=1.8712  mean=1.7394  0.08ex/s  eta=15m48s  [eta=19h24m26s total]
  [musique                  6/16] snapkv_d090    (6/6)  ex   22/100  KL=2.6460  mean=1.7806  0.08ex/s  eta=15m33s  [eta=19h24m15s total]
  [musique                  6/16] snapkv_d090    (6/6)  ex   23/100  KL=0.9539  mean=1.7447  0.08ex/s  eta=15m22s  [eta=19h24m05s total]
  [musique                  6/16] snapkv_d090    (6/6)  ex   24/100  KL=0.8995  mean=1.7095  0.08ex/s  eta=15m11s  [eta=19h23m54s total]
  [musique                  6/16] snapkv_d090    (6/6)  ex   25/100  KL=1.1648  mean=1.6877  0.08ex/s  eta=15m00s  [eta=19h23m44s total]
  [musique                  6/16] snapkv_d090    (6/6)  ex   26/100  KL=1.1233  mean=1.6660  0.08ex/s  eta=14m49s  [eta=19h23m34s total]
  [musique                  6/16] snapkv_d090    (6/6)  ex   27/100  KL=1.1422  mean=1.6466  0.08ex/s  eta=14m37s  [eta=19h23m24s total]
  [musique                  6/16] snapkv_d090    (6/6)  ex   28/100  KL=0.6458  mean=1.6108  0.08ex/s  eta=14m26s  [eta=19h23m13s total]
  [musique                  6/16] snapkv_d090    (6/6)  ex   29/100  KL=0.8332  mean=1.5840  0.08ex/s  eta=14m14s  [eta=19h23m03s total]
  [musique                  6/16] snapkv_d090    (6/6)  ex   30/100  KL=0.3420  mean=1.5426  0.08ex/s  eta=14m03s  [eta=19h22m53s total]
  [musique                  6/16] snapkv_d090    (6/6)  ex   31/100  KL=1.6662  mean=1.5466  0.08ex/s  eta=13m51s  [eta=19h22m42s total]
  [musique                  6/16] snapkv_d090    (6/6)  ex   32/100  KL=1.2173  mean=1.5363  0.08ex/s  eta=13m38s  [eta=19h22m32s total]
  [musique                  6/16] snapkv_d090    (6/6)  ex   33/100  KL=1.8025  mean=1.5444  0.08ex/s  eta=13m26s  [eta=19h22m21s total]
  [musique                  6/16] snapkv_d090    (6/6)  ex   34/100  KL=0.8918  mean=1.5252  0.08ex/s  eta=13m14s  [eta=19h22m10s total]
  [musique                  6/16] snapkv_d090    (6/6)  ex   35/100  KL=5.3351  mean=1.6340  0.08ex/s  eta=13m00s  [eta=19h21m58s total]
  [musique                  6/16] snapkv_d090    (6/6)  ex   36/100  KL=0.9505  mean=1.6151  0.08ex/s  eta=12m48s  [eta=19h21m48s total]
  [musique                  6/16] snapkv_d090    (6/6)  ex   37/100  KL=0.4336  mean=1.5831  0.08ex/s  eta=12m36s  [eta=19h21m37s total]
  [musique                  6/16] snapkv_d090    (6/6)  ex   38/100  KL=0.9845  mean=1.5674  0.08ex/s  eta=12m25s  [eta=19h21m27s total]
  [musique                  6/16] snapkv_d090    (6/6)  ex   39/100  KL=5.2594  mean=1.6620  0.08ex/s  eta=12m12s  [eta=19h21m15s total]
  [musique                  6/16] snapkv_d090    (6/6)  ex   40/100  KL=0.5374  mean=1.6339  0.08ex/s  eta=12m00s  [eta=19h21m05s total]
  [musique                  6/16] snapkv_d090    (6/6)  ex   41/100  KL=5.5206  mean=1.7287  0.08ex/s  eta=11m47s  [eta=19h20m53s total]
  [musique                  6/16] snapkv_d090    (6/6)  ex   42/100  KL=7.6702  mean=1.8702  0.08ex/s  eta=11m34s  [eta=19h20m42s total]
  [musique                  6/16] snapkv_d090    (6/6)  ex   43/100  KL=5.2490  mean=1.9488  0.08ex/s  eta=11m21s  [eta=19h20m30s total]
  [musique                  6/16] snapkv_d090    (6/6)  ex   44/100  KL=1.3345  mean=1.9348  0.08ex/s  eta=11m10s  [eta=19h20m19s total]
  [musique                  6/16] snapkv_d090    (6/6)  ex   45/100  KL=0.8492  mean=1.9107  0.08ex/s  eta=10m58s  [eta=19h20m09s total]
  [musique                  6/16] snapkv_d090    (6/6)  ex   46/100  KL=0.7201  mean=1.8848  0.08ex/s  eta=10m46s  [eta=19h19m58s total]
  [musique                  6/16] snapkv_d090    (6/6)  ex   47/100  KL=0.7742  mean=1.8612  0.08ex/s  eta=10m34s  [eta=19h19m47s total]
  [musique                  6/16] snapkv_d090    (6/6)  ex   48/100  KL=0.5477  mean=1.8338  0.08ex/s  eta=10m22s  [eta=19h19m37s total]
  [musique                  6/16] snapkv_d090    (6/6)  ex   49/100  KL=0.6528  mean=1.8097  0.08ex/s  eta=10m10s  [eta=19h19m26s total]
  [musique                  6/16] snapkv_d090    (6/6)  ex   50/100  KL=1.4498  mean=1.8025  0.08ex/s  eta=9m57s  [eta=19h19m15s total]
  [musique                  6/16] snapkv_d090    (6/6)  ex   51/100  KL=0.9212  mean=1.7852  0.08ex/s  eta=9m46s  [eta=19h19m04s total]
  [musique                  6/16] snapkv_d090    (6/6)  ex   52/100  KL=0.5708  mean=1.7619  0.08ex/s  eta=9m34s  [eta=19h18m54s total]
  [musique                  6/16] snapkv_d090    (6/6)  ex   53/100  KL=0.8760  mean=1.7452  0.08ex/s  eta=9m22s  [eta=19h18m43s total]
  [musique                  6/16] snapkv_d090    (6/6)  ex   54/100  KL=1.5438  mean=1.7414  0.08ex/s  eta=9m10s  [eta=19h18m32s total]
  [musique                  6/16] snapkv_d090    (6/6)  ex   55/100  KL=1.1043  mean=1.7298  0.08ex/s  eta=8m58s  [eta=19h18m21s total]
  [musique                  6/16] snapkv_d090    (6/6)  ex   56/100  KL=0.5195  mean=1.7082  0.08ex/s  eta=8m46s  [eta=19h18m11s total]
  [musique                  6/16] snapkv_d090    (6/6)  ex   57/100  KL=1.8707  mean=1.7111  0.08ex/s  eta=8m34s  [eta=19h18m00s total]
  [musique                  6/16] snapkv_d090    (6/6)  ex   58/100  KL=1.4634  mean=1.7068  0.08ex/s  eta=8m22s  [eta=19h17m50s total]
  [musique                  6/16] snapkv_d090    (6/6)  ex   59/100  KL=0.6185  mean=1.6884  0.08ex/s  eta=8m10s  [eta=19h17m39s total]
  [musique                  6/16] snapkv_d090    (6/6)  ex   60/100  KL=3.8336  mean=1.7241  0.08ex/s  eta=7m58s  [eta=19h17m28s total]
  [musique                  6/16] snapkv_d090    (6/6)  ex   61/100  KL=2.6578  mean=1.7394  0.08ex/s  eta=7m46s  [eta=19h17m17s total]
  [musique                  6/16] snapkv_d090    (6/6)  ex   62/100  KL=1.4140  mean=1.7342  0.08ex/s  eta=7m34s  [eta=19h17m07s total]
  [musique                  6/16] snapkv_d090    (6/6)  ex   63/100  KL=0.5847  mean=1.7159  0.08ex/s  eta=7m22s  [eta=19h16m57s total]
  [musique                  6/16] snapkv_d090    (6/6)  ex   64/100  KL=0.5280  mean=1.6974  0.08ex/s  eta=7m11s  [eta=19h16m46s total]
  [musique                  6/16] snapkv_d090    (6/6)  ex   65/100  KL=1.1725  mean=1.6893  0.08ex/s  eta=6m59s  [eta=19h16m35s total]
  [musique                  6/16] snapkv_d090    (6/6)  ex   66/100  KL=0.8544  mean=1.6766  0.08ex/s  eta=6m47s  [eta=19h16m25s total]
  [musique                  6/16] snapkv_d090    (6/6)  ex   67/100  KL=1.8275  mean=1.6789  0.08ex/s  eta=6m35s  [eta=19h16m15s total]
  [musique                  6/16] snapkv_d090    (6/6)  ex   68/100  KL=1.5494  mean=1.6770  0.08ex/s  eta=6m23s  [eta=19h16m04s total]
  [musique                  6/16] snapkv_d090    (6/6)  ex   69/100  KL=0.6069  mean=1.6615  0.08ex/s  eta=6m10s  [eta=19h15m51s total]
  [musique                  6/16] snapkv_d090    (6/6)  ex   70/100  KL=0.5322  mean=1.6453  0.08ex/s  eta=5m58s  [eta=19h15m41s total]
  [musique                  6/16] snapkv_d090    (6/6)  ex   71/100  KL=1.0182  mean=1.6365  0.08ex/s  eta=5m46s  [eta=19h15m30s total]
  [musique                  6/16] snapkv_d090    (6/6)  ex   72/100  KL=1.2403  mean=1.6310  0.08ex/s  eta=5m35s  [eta=19h15m20s total]
  [musique                  6/16] snapkv_d090    (6/6)  ex   73/100  KL=0.3592  mean=1.6136  0.08ex/s  eta=5m23s  [eta=19h15m09s total]
  [musique                  6/16] snapkv_d090    (6/6)  ex   74/100  KL=0.8020  mean=1.6026  0.08ex/s  eta=5m11s  [eta=19h14m59s total]
  [musique                  6/16] snapkv_d090    (6/6)  ex   75/100  KL=0.6398  mean=1.5898  0.08ex/s  eta=4m59s  [eta=19h14m49s total]
  [musique                  6/16] snapkv_d090    (6/6)  ex   76/100  KL=0.6786  mean=1.5778  0.08ex/s  eta=4m47s  [eta=19h14m38s total]
  [musique                  6/16] snapkv_d090    (6/6)  ex   77/100  KL=0.5303  mean=1.5642  0.08ex/s  eta=4m35s  [eta=19h14m27s total]
  [musique                  6/16] snapkv_d090    (6/6)  ex   78/100  KL=0.8255  mean=1.5547  0.08ex/s  eta=4m23s  [eta=19h14m16s total]
  [musique                  6/16] snapkv_d090    (6/6)  ex   79/100  KL=0.9455  mean=1.5470  0.08ex/s  eta=4m11s  [eta=19h14m05s total]
  [musique                  6/16] snapkv_d090    (6/6)  ex   80/100  KL=0.4903  mean=1.5338  0.08ex/s  eta=3m59s  [eta=19h13m55s total]
  [musique                  6/16] snapkv_d090    (6/6)  ex   81/100  KL=0.7662  mean=1.5243  0.08ex/s  eta=3m47s  [eta=19h13m44s total]
  [musique                  6/16] snapkv_d090    (6/6)  ex   82/100  KL=0.7104  mean=1.5144  0.08ex/s  eta=3m35s  [eta=19h13m33s total]
  [musique                  6/16] snapkv_d090    (6/6)  ex   83/100  KL=0.5384  mean=1.5026  0.08ex/s  eta=3m23s  [eta=19h13m23s total]
  [musique                  6/16] snapkv_d090    (6/6)  ex   84/100  KL=1.0106  mean=1.4968  0.08ex/s  eta=3m11s  [eta=19h13m12s total]
  [musique                  6/16] snapkv_d090    (6/6)  ex   85/100  KL=0.7782  mean=1.4883  0.08ex/s  eta=2m59s  [eta=19h13m02s total]
  [musique                  6/16] snapkv_d090    (6/6)  ex   86/100  KL=0.5566  mean=1.4775  0.08ex/s  eta=2m47s  [eta=19h12m51s total]
  [musique                  6/16] snapkv_d090    (6/6)  ex   87/100  KL=1.0288  mean=1.4723  0.08ex/s  eta=2m35s  [eta=19h12m41s total]
  [musique                  6/16] snapkv_d090    (6/6)  ex   88/100  KL=0.6405  mean=1.4629  0.08ex/s  eta=2m23s  [eta=19h12m30s total]
  [musique                  6/16] snapkv_d090    (6/6)  ex   89/100  KL=1.3981  mean=1.4622  0.08ex/s  eta=2m11s  [eta=19h12m20s total]
  [musique                  6/16] snapkv_d090    (6/6)  ex   90/100  KL=2.6926  mean=1.4758  0.08ex/s  eta=1m59s  [eta=19h12m07s total]
  [musique                  6/16] snapkv_d090    (6/6)  ex   91/100  KL=6.9699  mean=1.5362  0.08ex/s  eta=1m47s  [eta=19h11m56s total]
  [musique                  6/16] snapkv_d090    (6/6)  ex   92/100  KL=2.4382  mean=1.5460  0.08ex/s  eta=1m35s  [eta=19h11m44s total]
  [musique                  6/16] snapkv_d090    (6/6)  ex   93/100  KL=0.7327  mean=1.5373  0.08ex/s  eta=1m23s  [eta=19h11m33s total]
  [musique                  6/16] snapkv_d090    (6/6)  ex   94/100  KL=0.9316  mean=1.5308  0.08ex/s  eta=1m11s  [eta=19h11m24s total]
  [musique                  6/16] snapkv_d090    (6/6)  ex   95/100  KL=0.9173  mean=1.5244  0.08ex/s  eta=59s  [eta=19h11m13s total]
  [musique                  6/16] snapkv_d090    (6/6)  ex   96/100  KL=0.8895  mean=1.5177  0.08ex/s  eta=47s  [eta=19h11m02s total]
  [musique                  6/16] snapkv_d090    (6/6)  ex   97/100  KL=0.7511  mean=1.5098  0.08ex/s  eta=35s  [eta=19h10m52s total]
  [musique                  6/16] snapkv_d090    (6/6)  ex   98/100  KL=0.2332  mean=1.4968  0.08ex/s  eta=23s  [eta=19h10m41s total]
  [musique                  6/16] snapkv_d090    (6/6)  ex   99/100  KL=1.0479  mean=1.4923  0.08ex/s  eta=11s  [eta=19h10m29s total]
  [musique                  6/16] snapkv_d090    (6/6)  ex  100/100  KL=1.5741  mean=1.4931  0.08ex/s  eta=0s  [eta=19h10m19s total]
  >>> musique / snapkv_d090:  n=100  mean_KL=1.4931  [19m56s]

  [gov_report               7/16] naive_65pct    (1/6)  ex    1/100  KL=0.0038  mean=0.0038  0.03ex/s  eta=1h04m59s  [eta=19h10m54s total]
  [gov_report               7/16] naive_65pct    (1/6)  ex    2/100  KL=0.0017  mean=0.0028  0.03ex/s  eta=1h03m20s  [eta=19h11m26s total]
  [gov_report               7/16] naive_65pct    (1/6)  ex    3/100  KL=0.0085  mean=0.0047  0.03ex/s  eta=1h02m21s  [eta=19h11m59s total]
  [gov_report               7/16] naive_65pct    (1/6)  ex    4/100  KL=0.0099  mean=0.0060  0.03ex/s  eta=1h01m29s  [eta=19h12m32s total]
  [gov_report               7/16] naive_65pct    (1/6)  ex    5/100  KL=0.0046  mean=0.0057  0.03ex/s  eta=1h00m43s  [eta=19h13m04s total]
  [gov_report               7/16] naive_65pct    (1/6)  ex    6/100  KL=0.0030  mean=0.0053  0.03ex/s  eta=59m59s  [eta=19h13m37s total]
  [gov_report               7/16] naive_65pct    (1/6)  ex    7/100  KL=0.0334  mean=0.0093  0.03ex/s  eta=57m20s  [eta=19h13m55s total]
  [gov_report               7/16] naive_65pct    (1/6)  ex    8/100  KL=0.0008  mean=0.0082  0.03ex/s  eta=56m47s  [eta=19h14m26s total]
  [gov_report               7/16] naive_65pct    (1/6)  ex    9/100  KL=0.0467  mean=0.0125  0.03ex/s  eta=54m40s  [eta=19h14m42s total]
  [gov_report               7/16] naive_65pct    (1/6)  ex   10/100  KL=0.0042  mean=0.0117  0.03ex/s  eta=54m18s  [eta=19h15m14s total]
  [gov_report               7/16] naive_65pct    (1/6)  ex   11/100  KL=0.0028  mean=0.0109  0.03ex/s  eta=53m57s  [eta=19h15m46s total]
  [gov_report               7/16] naive_65pct    (1/6)  ex   12/100  KL=0.0147  mean=0.0112  0.03ex/s  eta=53m33s  [eta=19h16m18s total]
  [gov_report               7/16] naive_65pct    (1/6)  ex   13/100  KL=0.0175  mean=0.0117  0.03ex/s  eta=53m08s  [eta=19h16m51s total]
  [gov_report               7/16] naive_65pct    (1/6)  ex   14/100  KL=0.0012  mean=0.0109  0.03ex/s  eta=52m39s  [eta=19h17m23s total]
  [gov_report               7/16] naive_65pct    (1/6)  ex   15/100  KL=0.0064  mean=0.0106  0.03ex/s  eta=52m10s  [eta=19h17m55s total]
  [gov_report               7/16] naive_65pct    (1/6)  ex   16/100  KL=0.0054  mean=0.0103  0.03ex/s  eta=51m39s  [eta=19h18m27s total]
  [gov_report               7/16] naive_65pct    (1/6)  ex   17/100  KL=0.0665  mean=0.0136  0.03ex/s  eta=50m48s  [eta=19h18m52s total]
  [gov_report               7/16] naive_65pct    (1/6)  ex   18/100  KL=0.0056  mean=0.0132  0.03ex/s  eta=50m16s  [eta=19h19m24s total]
  [gov_report               7/16] naive_65pct    (1/6)  ex   19/100  KL=0.0048  mean=0.0127  0.03ex/s  eta=49m44s  [eta=19h19m56s total]
  [gov_report               7/16] naive_65pct    (1/6)  ex   20/100  KL=0.0082  mean=0.0125  0.03ex/s  eta=48m36s  [eta=19h20m13s total]
  [gov_report               7/16] naive_65pct    (1/6)  ex   21/100  KL=0.0116  mean=0.0125  0.03ex/s  eta=48m04s  [eta=19h20m44s total]
  [gov_report               7/16] naive_65pct    (1/6)  ex   22/100  KL=0.0022  mean=0.0120  0.03ex/s  eta=47m33s  [eta=19h21m16s total]
  [gov_report               7/16] naive_65pct    (1/6)  ex   23/100  KL=0.0075  mean=0.0118  0.03ex/s  eta=47m01s  [eta=19h21m48s total]
  [gov_report               7/16] naive_65pct    (1/6)  ex   24/100  KL=0.0020  mean=0.0114  0.03ex/s  eta=46m29s  [eta=19h22m20s total]
  [gov_report               7/16] naive_65pct    (1/6)  ex   25/100  KL=0.0081  mean=0.0113  0.03ex/s  eta=45m56s  [eta=19h22m51s total]
  [gov_report               7/16] naive_65pct    (1/6)  ex   26/100  KL=0.0175  mean=0.0115  0.03ex/s  eta=45m23s  [eta=19h23m23s total]
  [gov_report               7/16] naive_65pct    (1/6)  ex   27/100  KL=0.0043  mean=0.0112  0.03ex/s  eta=44m49s  [eta=19h23m55s total]
  [gov_report               7/16] naive_65pct    (1/6)  ex   28/100  KL=0.0093  mean=0.0112  0.03ex/s  eta=44m15s  [eta=19h24m26s total]
  [gov_report               7/16] naive_65pct    (1/6)  ex   29/100  KL=0.0091  mean=0.0111  0.03ex/s  eta=43m41s  [eta=19h24m58s total]
  [gov_report               7/16] naive_65pct    (1/6)  ex   30/100  KL=0.0035  mean=0.0108  0.03ex/s  eta=43m06s  [eta=19h25m29s total]
  [gov_report               7/16] naive_65pct    (1/6)  ex   31/100  KL=0.0943  mean=0.0135  0.03ex/s  eta=42m00s  [eta=19h25m37s total]
  [gov_report               7/16] naive_65pct    (1/6)  ex   32/100  KL=0.0192  mean=0.0137  0.03ex/s  eta=41m25s  [eta=19h26m08s total]
  [gov_report               7/16] naive_65pct    (1/6)  ex   33/100  KL=0.0497  mean=0.0148  0.03ex/s  eta=40m39s  [eta=19h26m29s total]
  [gov_report               7/16] naive_65pct    (1/6)  ex   34/100  KL=0.0238  mean=0.0151  0.03ex/s  eta=40m05s  [eta=19h27m00s total]
  [gov_report               7/16] naive_65pct    (1/6)  ex   35/100  KL=0.0824  mean=0.0170  0.03ex/s  eta=39m30s  [eta=19h27m30s total]
  [gov_report               7/16] naive_65pct    (1/6)  ex   36/100  KL=0.1275  mean=0.0201  0.03ex/s  eta=38m28s  [eta=19h27m35s total]
  [gov_report               7/16] naive_65pct    (1/6)  ex   37/100  KL=0.0160  mean=0.0200  0.03ex/s  eta=37m54s  [eta=19h28m06s total]
  [gov_report               7/16] naive_65pct    (1/6)  ex   38/100  KL=0.0845  mean=0.0217  0.03ex/s  eta=36m33s  [eta=19h27m48s total]
  [gov_report               7/16] naive_65pct    (1/6)  ex   39/100  KL=0.0017  mean=0.0211  0.03ex/s  eta=36m01s  [eta=19h28m19s total]
  [gov_report               7/16] naive_65pct    (1/6)  ex   40/100  KL=0.0136  mean=0.0210  0.03ex/s  eta=35m29s  [eta=19h28m50s total]
  [gov_report               7/16] naive_65pct    (1/6)  ex   41/100  KL=0.0052  mean=0.0206  0.03ex/s  eta=34m57s  [eta=19h29m21s total]
  [gov_report               7/16] naive_65pct    (1/6)  ex   42/100  KL=0.0641  mean=0.0216  0.03ex/s  eta=34m15s  [eta=19h29m41s total]
  [gov_report               7/16] naive_65pct    (1/6)  ex   43/100  KL=0.0454  mean=0.0222  0.03ex/s  eta=33m43s  [eta=19h30m11s total]
  [gov_report               7/16] naive_65pct    (1/6)  ex   44/100  KL=0.0786  mean=0.0234  0.03ex/s  eta=33m10s  [eta=19h30m42s total]
  [gov_report               7/16] naive_65pct    (1/6)  ex   45/100  KL=0.0171  mean=0.0233  0.03ex/s  eta=32m38s  [eta=19h31m13s total]
  [gov_report               7/16] naive_65pct    (1/6)  ex   46/100  KL=0.0024  mean=0.0228  0.03ex/s  eta=32m05s  [eta=19h31m44s total]
  [gov_report               7/16] naive_65pct    (1/6)  ex   47/100  KL=0.0035  mean=0.0224  0.03ex/s  eta=31m32s  [eta=19h32m15s total]
  [gov_report               7/16] naive_65pct    (1/6)  ex   48/100  KL=0.0016  mean=0.0220  0.03ex/s  eta=30m59s  [eta=19h32m46s total]
  [gov_report               7/16] naive_65pct    (1/6)  ex   49/100  KL=0.0024  mean=0.0216  0.03ex/s  eta=30m25s  [eta=19h33m17s total]
  [gov_report               7/16] naive_65pct    (1/6)  ex   50/100  KL=0.0062  mean=0.0213  0.03ex/s  eta=29m52s  [eta=19h33m48s total]
  [gov_report               7/16] naive_65pct    (1/6)  ex   51/100  KL=0.0078  mean=0.0210  0.03ex/s  eta=29m18s  [eta=19h34m19s total]
  [gov_report               7/16] naive_65pct    (1/6)  ex   52/100  KL=0.0019  mean=0.0207  0.03ex/s  eta=28m45s  [eta=19h34m50s total]
  [gov_report               7/16] naive_65pct    (1/6)  ex   53/100  KL=0.0009  mean=0.0203  0.03ex/s  eta=28m10s  [eta=19h35m21s total]
  [gov_report               7/16] naive_65pct    (1/6)  ex   54/100  KL=0.0011  mean=0.0199  0.03ex/s  eta=27m36s  [eta=19h35m52s total]
  [gov_report               7/16] naive_65pct    (1/6)  ex   55/100  KL=0.0009  mean=0.0196  0.03ex/s  eta=27m02s  [eta=19h36m22s total]
  [gov_report               7/16] naive_65pct    (1/6)  ex   56/100  KL=0.0648  mean=0.0204  0.03ex/s  eta=26m26s  [eta=19h36m50s total]
  [gov_report               7/16] naive_65pct    (1/6)  ex   57/100  KL=0.0010  mean=0.0201  0.03ex/s  eta=25m51s  [eta=19h37m20s total]
  [gov_report               7/16] naive_65pct    (1/6)  ex   58/100  KL=0.0018  mean=0.0197  0.03ex/s  eta=25m17s  [eta=19h37m51s total]
  [gov_report               7/16] naive_65pct    (1/6)  ex   59/100  KL=0.0097  mean=0.0196  0.03ex/s  eta=24m42s  [eta=19h38m21s total]
  [gov_report               7/16] naive_65pct    (1/6)  ex   60/100  KL=0.0088  mean=0.0194  0.03ex/s  eta=24m07s  [eta=19h38m51s total]
  [gov_report               7/16] naive_65pct    (1/6)  ex   61/100  KL=0.0192  mean=0.0194  0.03ex/s  eta=23m32s  [eta=19h39m22s total]
  [gov_report               7/16] naive_65pct    (1/6)  ex   62/100  KL=0.0871  mean=0.0205  0.03ex/s  eta=22m55s  [eta=19h39m48s total]
  [gov_report               7/16] naive_65pct    (1/6)  ex   63/100  KL=0.0014  mean=0.0202  0.03ex/s  eta=22m20s  [eta=19h40m18s total]
  [gov_report               7/16] naive_65pct    (1/6)  ex   64/100  KL=0.0014  mean=0.0199  0.03ex/s  eta=21m45s  [eta=19h40m48s total]
  [gov_report               7/16] naive_65pct    (1/6)  ex   65/100  KL=0.0017  mean=0.0196  0.03ex/s  eta=21m09s  [eta=19h41m19s total]
  [gov_report               7/16] naive_65pct    (1/6)  ex   66/100  KL=0.0363  mean=0.0199  0.03ex/s  eta=20m31s  [eta=19h41m39s total]
  [gov_report               7/16] naive_65pct    (1/6)  ex   67/100  KL=0.0055  mean=0.0196  0.03ex/s  eta=19m55s  [eta=19h42m08s total]
  [gov_report               7/16] naive_65pct    (1/6)  ex   68/100  KL=0.0467  mean=0.0200  0.03ex/s  eta=19m20s  [eta=19h42m39s total]
  [gov_report               7/16] naive_65pct    (1/6)  ex   69/100  KL=0.0037  mean=0.0198  0.03ex/s  eta=18m44s  [eta=19h43m09s total]
  [gov_report               7/16] naive_65pct    (1/6)  ex   70/100  KL=0.0036  mean=0.0196  0.03ex/s  eta=18m09s  [eta=19h43m39s total]
  [gov_report               7/16] naive_65pct    (1/6)  ex   71/100  KL=0.0123  mean=0.0195  0.03ex/s  eta=17m33s  [eta=19h44m09s total]
  [gov_report               7/16] naive_65pct    (1/6)  ex   72/100  KL=0.0032  mean=0.0192  0.03ex/s  eta=16m58s  [eta=19h44m40s total]
  [gov_report               7/16] naive_65pct    (1/6)  ex   73/100  KL=0.0441  mean=0.0196  0.03ex/s  eta=16m22s  [eta=19h45m10s total]
  [gov_report               7/16] naive_65pct    (1/6)  ex   74/100  KL=0.0056  mean=0.0194  0.03ex/s  eta=15m46s  [eta=19h45m40s total]
  [gov_report               7/16] naive_65pct    (1/6)  ex   75/100  KL=0.0509  mean=0.0198  0.03ex/s  eta=15m07s  [eta=19h45m54s total]
  [gov_report               7/16] naive_65pct    (1/6)  ex   76/100  KL=0.0048  mean=0.0196  0.03ex/s  eta=14m31s  [eta=19h46m23s total]
  [gov_report               7/16] naive_65pct    (1/6)  ex   77/100  KL=0.0085  mean=0.0195  0.03ex/s  eta=13m55s  [eta=19h46m53s total]
  [gov_report               7/16] naive_65pct    (1/6)  ex   78/100  KL=0.1035  mean=0.0205  0.03ex/s  eta=13m18s  [eta=19h47m14s total]
  [gov_report               7/16] naive_65pct    (1/6)  ex   79/100  KL=0.0871  mean=0.0214  0.03ex/s  eta=12m39s  [eta=19h47m23s total]
  [gov_report               7/16] naive_65pct    (1/6)  ex   80/100  KL=0.0015  mean=0.0211  0.03ex/s  eta=12m03s  [eta=19h47m52s total]
  [gov_report               7/16] naive_65pct    (1/6)  ex   81/100  KL=0.0552  mean=0.0216  0.03ex/s  eta=11m24s  [eta=19h48m00s total]
  [gov_report               7/16] naive_65pct    (1/6)  ex   82/100  KL=0.0886  mean=0.0224  0.03ex/s  eta=10m47s  [eta=19h48m17s total]
  [gov_report               7/16] naive_65pct    (1/6)  ex   83/100  KL=0.0165  mean=0.0223  0.03ex/s  eta=10m11s  [eta=19h48m46s total]
  [gov_report               7/16] naive_65pct    (1/6)  ex   84/100  KL=0.0072  mean=0.0221  0.03ex/s  eta=9m35s  [eta=19h49m16s total]
  [gov_report               7/16] naive_65pct    (1/6)  ex   85/100  KL=0.0022  mean=0.0219  0.03ex/s  eta=9m00s  [eta=19h49m45s total]
  [gov_report               7/16] naive_65pct    (1/6)  ex   86/100  KL=0.0002  mean=0.0216  0.03ex/s  eta=8m24s  [eta=19h50m14s total]
  [gov_report               7/16] naive_65pct    (1/6)  ex   87/100  KL=0.0380  mean=0.0218  0.03ex/s  eta=7m48s  [eta=19h50m44s total]
  [gov_report               7/16] naive_65pct    (1/6)  ex   88/100  KL=0.0314  mean=0.0219  0.03ex/s  eta=7m12s  [eta=19h51m13s total]
  [gov_report               7/16] naive_65pct    (1/6)  ex   89/100  KL=0.0014  mean=0.0217  0.03ex/s  eta=6m37s  [eta=19h51m43s total]
  [gov_report               7/16] naive_65pct    (1/6)  ex   90/100  KL=0.0080  mean=0.0216  0.03ex/s  eta=6m01s  [eta=19h52m12s total]
  [gov_report               7/16] naive_65pct    (1/6)  ex   91/100  KL=0.0137  mean=0.0215  0.03ex/s  eta=5m25s  [eta=19h52m41s total]
  [gov_report               7/16] naive_65pct    (1/6)  ex   92/100  KL=0.5440  mean=0.0271  0.03ex/s  eta=4m49s  [eta=19h53m10s total]
  [gov_report               7/16] naive_65pct    (1/6)  ex   93/100  KL=0.0037  mean=0.0269  0.03ex/s  eta=4m13s  [eta=19h53m40s total]
  [gov_report               7/16] naive_65pct    (1/6)  ex   94/100  KL=0.0033  mean=0.0266  0.03ex/s  eta=3m37s  [eta=19h54m09s total]
  [gov_report               7/16] naive_65pct    (1/6)  ex   95/100  KL=0.0061  mean=0.0264  0.03ex/s  eta=3m00s  [eta=19h54m30s total]
  [gov_report               7/16] naive_65pct    (1/6)  ex   96/100  KL=0.0004  mean=0.0262  0.03ex/s  eta=2m24s  [eta=19h54m59s total]
  [gov_report               7/16] naive_65pct    (1/6)  ex   97/100  KL=0.0502  mean=0.0264  0.03ex/s  eta=1m48s  [eta=19h55m06s total]
  [gov_report               7/16] naive_65pct    (1/6)  ex   98/100  KL=0.0022  mean=0.0262  0.03ex/s  eta=1m12s  [eta=19h55m34s total]
  [gov_report               7/16] naive_65pct    (1/6)  ex   99/100  KL=0.0372  mean=0.0263  0.03ex/s  eta=36s  [eta=19h56m03s total]
  [gov_report               7/16] naive_65pct    (1/6)  ex  100/100  KL=0.0818  mean=0.0268  0.03ex/s  eta=0s  [eta=19h56m20s total]
  >>> gov_report / naive_65pct:  n=100  mean_KL=0.0268  [1h00m03s]

  [gov_report               7/16] snapkv         (2/6)  ex    1/100  KL=0.0424  mean=0.0424  0.03ex/s  eta=48m32s  [eta=19h56m35s total]
  [gov_report               7/16] snapkv         (2/6)  ex    2/100  KL=0.0269  mean=0.0346  0.03ex/s  eta=48m29s  [eta=19h56m51s total]
  [gov_report               7/16] snapkv         (2/6)  ex    3/100  KL=0.0145  mean=0.0279  0.03ex/s  eta=48m07s  [eta=19h57m07s total]
  [gov_report               7/16] snapkv         (2/6)  ex    4/100  KL=0.0238  mean=0.0269  0.03ex/s  eta=47m37s  [eta=19h57m23s total]
  [gov_report               7/16] snapkv         (2/6)  ex    5/100  KL=0.0174  mean=0.0250  0.03ex/s  eta=47m08s  [eta=19h57m39s total]
  [gov_report               7/16] snapkv         (2/6)  ex    6/100  KL=0.0350  mean=0.0267  0.03ex/s  eta=46m39s  [eta=19h57m55s total]
  [gov_report               7/16] snapkv         (2/6)  ex    7/100  KL=0.0324  mean=0.0275  0.03ex/s  eta=45m26s  [eta=19h58m06s total]
  [gov_report               7/16] snapkv         (2/6)  ex    8/100  KL=0.0296  mean=0.0277  0.03ex/s  eta=44m56s  [eta=19h58m20s total]
  [gov_report               7/16] snapkv         (2/6)  ex    9/100  KL=0.0379  mean=0.0289  0.03ex/s  eta=43m53s  [eta=19h58m30s total]
  [gov_report               7/16] snapkv         (2/6)  ex   10/100  KL=0.0206  mean=0.0280  0.03ex/s  eta=43m27s  [eta=19h58m45s total]
  [gov_report               7/16] snapkv         (2/6)  ex   11/100  KL=0.0029  mean=0.0258  0.03ex/s  eta=43m06s  [eta=19h59m01s total]
  [gov_report               7/16] snapkv         (2/6)  ex   12/100  KL=0.0421  mean=0.0271  0.03ex/s  eta=42m45s  [eta=19h59m17s total]
  [gov_report               7/16] snapkv         (2/6)  ex   13/100  KL=0.0331  mean=0.0276  0.03ex/s  eta=42m20s  [eta=19h59m33s total]
  [gov_report               7/16] snapkv         (2/6)  ex   14/100  KL=0.0405  mean=0.0285  0.03ex/s  eta=41m55s  [eta=19h59m49s total]
  [gov_report               7/16] snapkv         (2/6)  ex   15/100  KL=0.0048  mean=0.0269  0.03ex/s  eta=41m29s  [eta=20h00m04s total]
  [gov_report               7/16] snapkv         (2/6)  ex   16/100  KL=0.0355  mean=0.0274  0.03ex/s  eta=41m02s  [eta=20h00m20s total]
  [gov_report               7/16] snapkv         (2/6)  ex   17/100  KL=0.0322  mean=0.0277  0.03ex/s  eta=40m28s  [eta=20h00m33s total]
  [gov_report               7/16] snapkv         (2/6)  ex   18/100  KL=0.0567  mean=0.0293  0.03ex/s  eta=39m59s  [eta=20h00m48s total]
  [gov_report               7/16] snapkv         (2/6)  ex   19/100  KL=0.1452  mean=0.0354  0.03ex/s  eta=39m33s  [eta=20h01m03s total]
  [gov_report               7/16] snapkv         (2/6)  ex   20/100  KL=0.0978  mean=0.0386  0.03ex/s  eta=38m52s  [eta=20h01m13s total]
  [gov_report               7/16] snapkv         (2/6)  ex   21/100  KL=0.0508  mean=0.0391  0.03ex/s  eta=38m23s  [eta=20h01m28s total]
  [gov_report               7/16] snapkv         (2/6)  ex   22/100  KL=0.0122  mean=0.0379  0.03ex/s  eta=37m56s  [eta=20h01m44s total]
  [gov_report               7/16] snapkv         (2/6)  ex   23/100  KL=0.0304  mean=0.0376  0.03ex/s  eta=37m29s  [eta=20h01m59s total]
  [gov_report               7/16] snapkv         (2/6)  ex   24/100  KL=0.0370  mean=0.0376  0.03ex/s  eta=37m02s  [eta=20h02m15s total]
  [gov_report               7/16] snapkv         (2/6)  ex   25/100  KL=0.0046  mean=0.0362  0.03ex/s  eta=36m35s  [eta=20h02m30s total]
  [gov_report               7/16] snapkv         (2/6)  ex   26/100  KL=0.0254  mean=0.0358  0.03ex/s  eta=36m07s  [eta=20h02m46s total]
  [gov_report               7/16] snapkv         (2/6)  ex   27/100  KL=0.0137  mean=0.0350  0.03ex/s  eta=35m39s  [eta=20h03m01s total]
  [gov_report               7/16] snapkv         (2/6)  ex   28/100  KL=0.0087  mean=0.0341  0.03ex/s  eta=35m11s  [eta=20h03m16s total]
  [gov_report               7/16] snapkv         (2/6)  ex   29/100  KL=0.0610  mean=0.0350  0.03ex/s  eta=34m42s  [eta=20h03m31s total]
  [gov_report               7/16] snapkv         (2/6)  ex   30/100  KL=0.0281  mean=0.0348  0.03ex/s  eta=33m41s  [eta=20h03m24s total]
  [gov_report               7/16] snapkv         (2/6)  ex   31/100  KL=0.1778  mean=0.0394  0.04ex/s  eta=32m13s  [eta=20h02m56s total]
  [gov_report               7/16] snapkv         (2/6)  ex   32/100  KL=0.0626  mean=0.0401  0.04ex/s  eta=31m50s  [eta=20h03m12s total]
  [gov_report               7/16] snapkv         (2/6)  ex   33/100  KL=0.0365  mean=0.0400  0.04ex/s  eta=31m20s  [eta=20h03m23s total]
