Loading meta-llama/Llama-3.1-8B ...

========================================================================
KL faithfulness evaluation
  Tasks  : 6  (2wikimqa, multifieldqa_en, repobench-p, triviaqa...)
  Methods: 6  (phrase_w32_t0, phrase_w64_t0, phrase_w32_t50, phrase_w64_t50, naive_65pct, snapkv)
  N/task : 100
  Total  : 3600 examples  (0 already done)
========================================================================

  [2wikimqa                 1/6] phrase_w32_t0  (1/6)  ex    1/100  KL=0.4242  mean=0.4242  0.09ex/s  eta=19m08s  [eta=11h36m59s total]
  [2wikimqa                 1/6] phrase_w32_t0  (1/6)  ex    2/100  KL=0.1221  mean=0.2731  0.09ex/s  eta=18m40s  [eta=11h26m20s total]
  [2wikimqa                 1/6] phrase_w32_t0  (1/6)  ex    3/100  KL=0.1469  mean=0.2310  0.09ex/s  eta=17m44s  [eta=10h58m07s total]
  [2wikimqa                 1/6] phrase_w32_t0  (1/6)  ex    4/100  KL=0.0396  mean=0.1832  0.09ex/s  eta=17m50s  [eta=11h08m52s total]
  [2wikimqa                 1/6] phrase_w32_t0  (1/6)  ex    5/100  KL=0.1030  mean=0.1672  0.09ex/s  eta=17m52s  [eta=11h16m32s total]
  [2wikimqa                 1/6] phrase_w32_t0  (1/6)  ex    6/100  KL=0.0654  mean=0.1502  0.09ex/s  eta=17m49s  [eta=11h21m49s total]
  [2wikimqa                 1/6] phrase_w32_t0  (1/6)  ex    7/100  KL=0.0818  mean=0.1404  0.09ex/s  eta=17m44s  [eta=11h25m38s total]
  [2wikimqa                 1/6] phrase_w32_t0  (1/6)  ex    8/100  KL=0.1742  mean=0.1446  0.09ex/s  eta=17m37s  [eta=11h28m38s total]
  [2wikimqa                 1/6] phrase_w32_t0  (1/6)  ex    9/100  KL=0.0581  mean=0.1350  0.09ex/s  eta=17m00s  [eta=11h11m19s total]
  [2wikimqa                 1/6] phrase_w32_t0  (1/6)  ex   10/100  KL=0.0580  mean=0.1273  0.09ex/s  eta=16m54s  [eta=11h14m17s total]
  [2wikimqa                 1/6] phrase_w32_t0  (1/6)  ex   11/100  KL=0.1900  mean=0.1330  0.09ex/s  eta=16m48s  [eta=11h17m38s total]
  [2wikimqa                 1/6] phrase_w32_t0  (1/6)  ex   12/100  KL=0.0674  mean=0.1275  0.09ex/s  eta=16m17s  [eta=11h04m31s total]
  [2wikimqa                 1/6] phrase_w32_t0  (1/6)  ex   13/100  KL=0.0921  mean=0.1248  0.10ex/s  eta=15m14s  [eta=10h28m39s total]
  [2wikimqa                 1/6] phrase_w32_t0  (1/6)  ex   14/100  KL=0.0507  mean=0.1195  0.10ex/s  eta=14m48s  [eta=10h17m30s total]
  [2wikimqa                 1/6] phrase_w32_t0  (1/6)  ex   15/100  KL=0.0819  mean=0.1170  0.10ex/s  eta=14m47s  [eta=10h23m38s total]
  [2wikimqa                 1/6] phrase_w32_t0  (1/6)  ex   16/100  KL=0.0541  mean=0.1131  0.09ex/s  eta=14m50s  [eta=10h33m02s total]
  [2wikimqa                 1/6] phrase_w32_t0  (1/6)  ex   17/100  KL=0.0435  mean=0.1090  0.10ex/s  eta=14m06s  [eta=10h09m13s total]
  [2wikimqa                 1/6] phrase_w32_t0  (1/6)  ex   18/100  KL=0.0469  mean=0.1055  0.10ex/s  eta=14m09s  [eta=10h18m29s total]
  [2wikimqa                 1/6] phrase_w32_t0  (1/6)  ex   19/100  KL=0.0335  mean=0.1018  0.10ex/s  eta=13m23s  [eta=9h51m50s total]
  [2wikimqa                 1/6] phrase_w32_t0  (1/6)  ex   20/100  KL=0.0716  mean=0.1002  0.10ex/s  eta=13m09s  [eta=9h49m00s total]
  [2wikimqa                 1/6] phrase_w32_t0  (1/6)  ex   21/100  KL=0.0841  mean=0.0995  0.10ex/s  eta=12m44s  [eta=9h37m09s total]
  [2wikimqa                 1/6] phrase_w32_t0  (1/6)  ex   22/100  KL=0.2795  mean=0.1077  0.10ex/s  eta=12m48s  [eta=9h47m42s total]
  [2wikimqa                 1/6] phrase_w32_t0  (1/6)  ex   23/100  KL=0.0982  mean=0.1072  0.10ex/s  eta=12m51s  [eta=9h57m08s total]
  [2wikimqa                 1/6] phrase_w32_t0  (1/6)  ex   24/100  KL=0.1263  mean=0.1080  0.10ex/s  eta=12m52s  [eta=10h05m52s total]
  [2wikimqa                 1/6] phrase_w32_t0  (1/6)  ex   25/100  KL=0.0232  mean=0.1046  0.10ex/s  eta=12m52s  [eta=10h13m38s total]
  [2wikimqa                 1/6] phrase_w32_t0  (1/6)  ex   26/100  KL=0.0537  mean=0.1027  0.10ex/s  eta=12m19s  [eta=9h55m24s total]
  [2wikimqa                 1/6] phrase_w32_t0  (1/6)  ex   27/100  KL=0.0373  mean=0.1003  0.10ex/s  eta=12m03s  [eta=9h50m27s total]
  [2wikimqa                 1/6] phrase_w32_t0  (1/6)  ex   28/100  KL=0.0968  mean=0.1001  0.10ex/s  eta=11m56s  [eta=9h52m29s total]
  [2wikimqa                 1/6] phrase_w32_t0  (1/6)  ex   29/100  KL=0.3186  mean=0.1077  0.10ex/s  eta=11m53s  [eta=9h58m03s total]
  [2wikimqa                 1/6] phrase_w32_t0  (1/6)  ex   30/100  KL=0.7765  mean=0.1300  0.10ex/s  eta=11m52s  [eta=10h05m35s total]
  [2wikimqa                 1/6] phrase_w32_t0  (1/6)  ex   31/100  KL=0.0337  mean=0.1269  0.10ex/s  eta=11m49s  [eta=10h11m54s total]
  [2wikimqa                 1/6] phrase_w32_t0  (1/6)  ex   32/100  KL=0.1502  mean=0.1276  0.10ex/s  eta=11m45s  [eta=10h17m18s total]
  [2wikimqa                 1/6] phrase_w32_t0  (1/6)  ex   33/100  KL=0.0452  mean=0.1251  0.10ex/s  eta=11m42s  [eta=10h22m58s total]
  [2wikimqa                 1/6] phrase_w32_t0  (1/6)  ex   34/100  KL=0.0396  mean=0.1226  0.10ex/s  eta=11m25s  [eta=10h16m57s total]
  [2wikimqa                 1/6] phrase_w32_t0  (1/6)  ex   35/100  KL=0.8160  mean=0.1424  0.10ex/s  eta=11m18s  [eta=10h20m22s total]
  [2wikimqa                 1/6] phrase_w32_t0  (1/6)  ex   36/100  KL=0.0548  mean=0.1400  0.10ex/s  eta=11m01s  [eta=10h14m13s total]
  [2wikimqa                 1/6] phrase_w32_t0  (1/6)  ex   37/100  KL=0.1262  mean=0.1396  0.10ex/s  eta=10m56s  [eta=10h19m09s total]
  [2wikimqa                 1/6] phrase_w32_t0  (1/6)  ex   38/100  KL=0.1932  mean=0.1410  0.10ex/s  eta=10m40s  [eta=10h13m07s total]
  [2wikimqa                 1/6] phrase_w32_t0  (1/6)  ex   39/100  KL=0.0486  mean=0.1386  0.10ex/s  eta=10m35s  [eta=10h18m19s total]
  [2wikimqa                 1/6] phrase_w32_t0  (1/6)  ex   40/100  KL=0.6581  mean=0.1516  0.10ex/s  eta=10m29s  [eta=10h22m39s total]
  [2wikimqa                 1/6] phrase_w32_t0  (1/6)  ex   41/100  KL=0.8680  mean=0.1691  0.09ex/s  eta=10m23s  [eta=10h27m20s total]
  [2wikimqa                 1/6] phrase_w32_t0  (1/6)  ex   42/100  KL=0.0377  mean=0.1660  0.10ex/s  eta=10m06s  [eta=10h19m58s total]
  [2wikimqa                 1/6] phrase_w32_t0  (1/6)  ex   43/100  KL=0.4471  mean=0.1725  0.09ex/s  eta=10m00s  [eta=10h24m08s total]
  [2wikimqa                 1/6] phrase_w32_t0  (1/6)  ex   44/100  KL=0.0531  mean=0.1698  0.09ex/s  eta=9m53s  [eta=10h27m57s total]
  [2wikimqa                 1/6] phrase_w32_t0  (1/6)  ex   45/100  KL=0.0611  mean=0.1674  0.09ex/s  eta=9m42s  [eta=10h28m02s total]
  [2wikimqa                 1/6] phrase_w32_t0  (1/6)  ex   46/100  KL=0.0208  mean=0.1642  0.09ex/s  eta=9m35s  [eta=10h31m35s total]
  [2wikimqa                 1/6] phrase_w32_t0  (1/6)  ex   47/100  KL=1.0922  mean=0.1839  0.09ex/s  eta=9m25s  [eta=10h32m08s total]
  [2wikimqa                 1/6] phrase_w32_t0  (1/6)  ex   48/100  KL=0.0365  mean=0.1809  0.09ex/s  eta=9m14s  [eta=10h31m23s total]
  [2wikimqa                 1/6] phrase_w32_t0  (1/6)  ex   49/100  KL=0.0425  mean=0.1780  0.10ex/s  eta=8m55s  [eta=10h21m22s total]
  [2wikimqa                 1/6] phrase_w32_t0  (1/6)  ex   50/100  KL=0.0767  mean=0.1760  0.10ex/s  eta=8m42s  [eta=10h18m06s total]
  [2wikimqa                 1/6] phrase_w32_t0  (1/6)  ex   51/100  KL=0.0362  mean=0.1733  0.10ex/s  eta=8m34s  [eta=10h21m34s total]
  [2wikimqa                 1/6] phrase_w32_t0  (1/6)  ex   52/100  KL=0.0583  mean=0.1711  0.09ex/s  eta=8m27s  [eta=10h24m52s total]
  [2wikimqa                 1/6] phrase_w32_t0  (1/6)  ex   53/100  KL=0.0811  mean=0.1694  0.09ex/s  eta=8m15s  [eta=10h23m19s total]
  [2wikimqa                 1/6] phrase_w32_t0  (1/6)  ex   54/100  KL=0.0516  mean=0.1672  0.09ex/s  eta=8m04s  [eta=10h22m13s total]
  [2wikimqa                 1/6] phrase_w32_t0  (1/6)  ex   55/100  KL=0.0397  mean=0.1649  0.10ex/s  eta=7m53s  [eta=10h21m37s total]
  [2wikimqa                 1/6] phrase_w32_t0  (1/6)  ex   56/100  KL=0.0595  mean=0.1630  0.10ex/s  eta=7m39s  [eta=10h17m17s total]
  [2wikimqa                 1/6] phrase_w32_t0  (1/6)  ex   57/100  KL=0.0670  mean=0.1613  0.10ex/s  eta=7m30s  [eta=10h18m28s total]
  [2wikimqa                 1/6] phrase_w32_t0  (1/6)  ex   58/100  KL=0.0187  mean=0.1588  0.10ex/s  eta=7m22s  [eta=10h21m21s total]
  [2wikimqa                 1/6] phrase_w32_t0  (1/6)  ex   59/100  KL=0.0690  mean=0.1573  0.10ex/s  eta=7m07s  [eta=10h15m29s total]
  [2wikimqa                 1/6] phrase_w32_t0  (1/6)  ex   60/100  KL=0.2213  mean=0.1584  0.10ex/s  eta=6m54s  [eta=10h11m53s total]
  [2wikimqa                 1/6] phrase_w32_t0  (1/6)  ex   61/100  KL=0.0561  mean=0.1567  0.10ex/s  eta=6m46s  [eta=10h14m48s total]
  [2wikimqa                 1/6] phrase_w32_t0  (1/6)  ex   62/100  KL=0.0216  mean=0.1545  0.10ex/s  eta=6m33s  [eta=10h09m53s total]
  [2wikimqa                 1/6] phrase_w32_t0  (1/6)  ex   63/100  KL=0.0622  mean=0.1531  0.10ex/s  eta=6m19s  [eta=10h04m20s total]
  [2wikimqa                 1/6] phrase_w32_t0  (1/6)  ex   64/100  KL=0.0327  mean=0.1512  0.10ex/s  eta=6m11s  [eta=10h07m29s total]
  [2wikimqa                 1/6] phrase_w32_t0  (1/6)  ex   65/100  KL=0.0101  mean=0.1490  0.10ex/s  eta=5m56s  [eta=10h00m49s total]
  [2wikimqa                 1/6] phrase_w32_t0  (1/6)  ex   66/100  KL=0.0269  mean=0.1472  0.10ex/s  eta=5m48s  [eta=10h03m18s total]
  [2wikimqa                 1/6] phrase_w32_t0  (1/6)  ex   67/100  KL=0.0855  mean=0.1462  0.10ex/s  eta=5m36s  [eta=10h00m24s total]
  [2wikimqa                 1/6] phrase_w32_t0  (1/6)  ex   68/100  KL=0.1013  mean=0.1456  0.10ex/s  eta=5m25s  [eta=9h58m05s total]
  [2wikimqa                 1/6] phrase_w32_t0  (1/6)  ex   69/100  KL=0.0748  mean=0.1445  0.10ex/s  eta=5m15s  [eta=9h58m36s total]
  [2wikimqa                 1/6] phrase_w32_t0  (1/6)  ex   70/100  KL=0.6851  mean=0.1523  0.10ex/s  eta=5m04s  [eta=9h56m32s total]
  [2wikimqa                 1/6] phrase_w32_t0  (1/6)  ex   71/100  KL=0.1247  mean=0.1519  0.10ex/s  eta=4m54s  [eta=9h57m39s total]
  [2wikimqa                 1/6] phrase_w32_t0  (1/6)  ex   72/100  KL=0.0626  mean=0.1506  0.10ex/s  eta=4m45s  [eta=10h00m14s total]
  [2wikimqa                 1/6] phrase_w32_t0  (1/6)  ex   73/100  KL=0.2636  mean=0.1522  0.10ex/s  eta=4m36s  [eta=10h02m20s total]
  [2wikimqa                 1/6] phrase_w32_t0  (1/6)  ex   74/100  KL=0.0302  mean=0.1505  0.10ex/s  eta=4m23s  [eta=9h55m29s total]
  [2wikimqa                 1/6] phrase_w32_t0  (1/6)  ex   75/100  KL=0.8870  mean=0.1604  0.10ex/s  eta=4m13s  [eta=9h55m15s total]
  [2wikimqa                 1/6] phrase_w32_t0  (1/6)  ex   76/100  KL=0.0217  mean=0.1585  0.10ex/s  eta=4m02s  [eta=9h52m27s total]
  [2wikimqa                 1/6] phrase_w32_t0  (1/6)  ex   77/100  KL=0.0412  mean=0.1570  0.10ex/s  eta=3m53s  [eta=9h54m58s total]
  [2wikimqa                 1/6] phrase_w32_t0  (1/6)  ex   78/100  KL=0.1193  mean=0.1565  0.10ex/s  eta=3m43s  [eta=9h55m09s total]
  [2wikimqa                 1/6] phrase_w32_t0  (1/6)  ex   79/100  KL=0.0071  mean=0.1546  0.10ex/s  eta=3m33s  [eta=9h56m40s total]
  [2wikimqa                 1/6] phrase_w32_t0  (1/6)  ex   80/100  KL=0.5120  mean=0.1591  0.10ex/s  eta=3m23s  [eta=9h56m07s total]
  [2wikimqa                 1/6] phrase_w32_t0  (1/6)  ex   81/100  KL=0.0652  mean=0.1579  0.10ex/s  eta=3m12s  [eta=9h55m16s total]
  [2wikimqa                 1/6] phrase_w32_t0  (1/6)  ex   82/100  KL=0.0642  mean=0.1568  0.10ex/s  eta=3m03s  [eta=9h56m23s total]
  [2wikimqa                 1/6] phrase_w32_t0  (1/6)  ex   83/100  KL=0.0409  mean=0.1554  0.10ex/s  eta=2m53s  [eta=9h58m09s total]
  [2wikimqa                 1/6] phrase_w32_t0  (1/6)  ex   84/100  KL=0.1133  mean=0.1549  0.10ex/s  eta=2m43s  [eta=10h00m11s total]
  [2wikimqa                 1/6] phrase_w32_t0  (1/6)  ex   85/100  KL=0.1281  mean=0.1546  0.10ex/s  eta=2m33s  [eta=9h58m47s total]
  [2wikimqa                 1/6] phrase_w32_t0  (1/6)  ex   86/100  KL=0.0364  mean=0.1532  0.10ex/s  eta=2m23s  [eta=10h01m00s total]
  [2wikimqa                 1/6] phrase_w32_t0  (1/6)  ex   87/100  KL=0.0276  mean=0.1518  0.10ex/s  eta=2m13s  [eta=10h03m10s total]
  [2wikimqa                 1/6] phrase_w32_t0  (1/6)  ex   88/100  KL=0.2898  mean=0.1533  0.10ex/s  eta=2m04s  [eta=10h05m05s total]
  [2wikimqa                 1/6] phrase_w32_t0  (1/6)  ex   89/100  KL=0.0818  mean=0.1525  0.10ex/s  eta=1m54s  [eta=10h07m07s total]
  [2wikimqa                 1/6] phrase_w32_t0  (1/6)  ex   90/100  KL=0.0323  mean=0.1512  0.10ex/s  eta=1m43s  [eta=10h03m55s total]
  [2wikimqa                 1/6] phrase_w32_t0  (1/6)  ex   91/100  KL=0.0616  mean=0.1502  0.10ex/s  eta=1m33s  [eta=10h05m55s total]
  [2wikimqa                 1/6] phrase_w32_t0  (1/6)  ex   92/100  KL=0.0372  mean=0.1490  0.10ex/s  eta=1m23s  [eta=10h07m52s total]
  [2wikimqa                 1/6] phrase_w32_t0  (1/6)  ex   93/100  KL=0.1407  mean=0.1489  0.10ex/s  eta=1m13s  [eta=10h09m42s total]
  [2wikimqa                 1/6] phrase_w32_t0  (1/6)  ex   94/100  KL=0.0816  mean=0.1482  0.10ex/s  eta=1m02s  [eta=10h11m20s total]
  [2wikimqa                 1/6] phrase_w32_t0  (1/6)  ex   95/100  KL=0.0846  mean=0.1475  0.10ex/s  eta=52s  [eta=10h11m04s total]
  [2wikimqa                 1/6] phrase_w32_t0  (1/6)  ex   96/100  KL=0.7473  mean=0.1538  0.10ex/s  eta=41s  [eta=10h12m50s total]
  [2wikimqa                 1/6] phrase_w32_t0  (1/6)  ex   97/100  KL=0.0087  mean=0.1523  0.09ex/s  eta=31s  [eta=10h14m42s total]
  [2wikimqa                 1/6] phrase_w32_t0  (1/6)  ex   98/100  KL=0.1425  mean=0.1522  0.10ex/s  eta=20s  [eta=10h10m52s total]
  [2wikimqa                 1/6] phrase_w32_t0  (1/6)  ex   99/100  KL=0.0539  mean=0.1512  0.10ex/s  eta=10s  [eta=10h12m29s total]
  [2wikimqa                 1/6] phrase_w32_t0  (1/6)  ex  100/100  KL=1.2396  mean=0.1621  0.10ex/s  eta=0s  [eta=10h11m01s total]
  >>> 2wikimqa / phrase_w32_t0:  n=100  mean_KL=0.1621  [17m27s]

  [2wikimqa                 1/6] phrase_w64_t0  (2/6)  ex    1/100  KL=0.0644  mean=0.0644  0.07ex/s  eta=22m52s  [eta=10h12m48s total]
  [2wikimqa                 1/6] phrase_w64_t0  (2/6)  ex    2/100  KL=0.0987  mean=0.0816  0.07ex/s  eta=22m24s  [eta=10h14m22s total]
  [2wikimqa                 1/6] phrase_w64_t0  (2/6)  ex    3/100  KL=0.0387  mean=0.0673  0.08ex/s  eta=21m19s  [eta=10h15m06s total]
  [2wikimqa                 1/6] phrase_w64_t0  (2/6)  ex    4/100  KL=0.0354  mean=0.0593  0.08ex/s  eta=21m14s  [eta=10h16m36s total]
  [2wikimqa                 1/6] phrase_w64_t0  (2/6)  ex    5/100  KL=0.0606  mean=0.0596  0.07ex/s  eta=21m10s  [eta=10h18m12s total]
  [2wikimqa                 1/6] phrase_w64_t0  (2/6)  ex    6/100  KL=0.2031  mean=0.0835  0.07ex/s  eta=21m03s  [eta=10h19m45s total]
  [2wikimqa                 1/6] phrase_w64_t0  (2/6)  ex    7/100  KL=0.0861  mean=0.0839  0.07ex/s  eta=20m54s  [eta=10h21m16s total]
  [2wikimqa                 1/6] phrase_w64_t0  (2/6)  ex    8/100  KL=0.0508  mean=0.0797  0.07ex/s  eta=20m47s  [eta=10h22m54s total]
  [2wikimqa                 1/6] phrase_w64_t0  (2/6)  ex    9/100  KL=0.0914  mean=0.0810  0.08ex/s  eta=20m01s  [eta=10h22m34s total]
  [2wikimqa                 1/6] phrase_w64_t0  (2/6)  ex   10/100  KL=0.0589  mean=0.0788  0.08ex/s  eta=19m52s  [eta=10h23m58s total]
  [2wikimqa                 1/6] phrase_w64_t0  (2/6)  ex   11/100  KL=0.0094  mean=0.0725  0.08ex/s  eta=19m42s  [eta=10h25m17s total]
  [2wikimqa                 1/6] phrase_w64_t0  (2/6)  ex   12/100  KL=0.0554  mean=0.0711  0.08ex/s  eta=18m49s  [eta=10h23m37s total]
  [2wikimqa                 1/6] phrase_w64_t0  (2/6)  ex   13/100  KL=0.0654  mean=0.0706  0.08ex/s  eta=17m32s  [eta=10h19m36s total]
  [2wikimqa                 1/6] phrase_w64_t0  (2/6)  ex   14/100  KL=0.0338  mean=0.0680  0.08ex/s  eta=17m00s  [eta=10h18m30s total]
  [2wikimqa                 1/6] phrase_w64_t0  (2/6)  ex   15/100  KL=0.0560  mean=0.0672  0.08ex/s  eta=16m51s  [eta=10h19m14s total]
  [2wikimqa                 1/6] phrase_w64_t0  (2/6)  ex   16/100  KL=0.0346  mean=0.0652  0.08ex/s  eta=16m48s  [eta=10h20m28s total]
  [2wikimqa                 1/6] phrase_w64_t0  (2/6)  ex   17/100  KL=0.0037  mean=0.0616  0.09ex/s  eta=15m51s  [eta=10h16m23s total]
  [2wikimqa                 1/6] phrase_w64_t0  (2/6)  ex   18/100  KL=0.0329  mean=0.0600  0.09ex/s  eta=15m51s  [eta=10h17m52s total]
  [2wikimqa                 1/6] phrase_w64_t0  (2/6)  ex   19/100  KL=0.0283  mean=0.0583  0.09ex/s  eta=14m58s  [eta=10h13m26s total]
  [2wikimqa                 1/6] phrase_w64_t0  (2/6)  ex   20/100  KL=0.0321  mean=0.0570  0.09ex/s  eta=14m38s  [eta=10h12m28s total]
  [2wikimqa                 1/6] phrase_w64_t0  (2/6)  ex   21/100  KL=0.0609  mean=0.0572  0.09ex/s  eta=14m09s  [eta=10h10m08s total]
  [2wikimqa                 1/6] phrase_w64_t0  (2/6)  ex   22/100  KL=0.0753  mean=0.0580  0.09ex/s  eta=14m09s  [eta=10h11m29s total]
  [2wikimqa                 1/6] phrase_w64_t0  (2/6)  ex   23/100  KL=0.0715  mean=0.0586  0.09ex/s  eta=14m07s  [eta=10h12m48s total]
  [2wikimqa                 1/6] phrase_w64_t0  (2/6)  ex   24/100  KL=0.1355  mean=0.0618  0.09ex/s  eta=14m05s  [eta=10h14m06s total]
  [2wikimqa                 1/6] phrase_w64_t0  (2/6)  ex   25/100  KL=0.0594  mean=0.0617  0.09ex/s  eta=14m01s  [eta=10h15m19s total]
  [2wikimqa                 1/6] phrase_w64_t0  (2/6)  ex   26/100  KL=0.0915  mean=0.0628  0.09ex/s  eta=13m25s  [eta=10h11m23s total]
  [2wikimqa                 1/6] phrase_w64_t0  (2/6)  ex   27/100  KL=0.0417  mean=0.0621  0.09ex/s  eta=13m05s  [eta=10h09m52s total]
  [2wikimqa                 1/6] phrase_w64_t0  (2/6)  ex   28/100  KL=0.0248  mean=0.0607  0.09ex/s  eta=12m55s  [eta=10h09m53s total]
  [2wikimqa                 1/6] phrase_w64_t0  (2/6)  ex   29/100  KL=0.0490  mean=0.0603  0.09ex/s  eta=12m49s  [eta=10h10m40s total]
  [2wikimqa                 1/6] phrase_w64_t0  (2/6)  ex   30/100  KL=0.2953  mean=0.0682  0.09ex/s  eta=12m46s  [eta=10h12m09s total]
  [2wikimqa                 1/6] phrase_w64_t0  (2/6)  ex   31/100  KL=0.0537  mean=0.0677  0.09ex/s  eta=12m41s  [eta=10h13m13s total]
  [2wikimqa                 1/6] phrase_w64_t0  (2/6)  ex   32/100  KL=0.0736  mean=0.0679  0.09ex/s  eta=12m35s  [eta=10h14m18s total]
  [2wikimqa                 1/6] phrase_w64_t0  (2/6)  ex   33/100  KL=0.0516  mean=0.0674  0.09ex/s  eta=12m29s  [eta=10h15m32s total]
  [2wikimqa                 1/6] phrase_w64_t0  (2/6)  ex   34/100  KL=0.0198  mean=0.0660  0.09ex/s  eta=12m11s  [eta=10h13m59s total]
  [2wikimqa                 1/6] phrase_w64_t0  (2/6)  ex   35/100  KL=0.1074  mean=0.0672  0.09ex/s  eta=12m01s  [eta=10h14m19s total]
  [2wikimqa                 1/6] phrase_w64_t0  (2/6)  ex   36/100  KL=0.0088  mean=0.0655  0.09ex/s  eta=11m43s  [eta=10h12m33s total]
  [2wikimqa                 1/6] phrase_w64_t0  (2/6)  ex   37/100  KL=0.0990  mean=0.0664  0.09ex/s  eta=11m35s  [eta=10h13m21s total]
  [2wikimqa                 1/6] phrase_w64_t0  (2/6)  ex   38/100  KL=0.0605  mean=0.0663  0.09ex/s  eta=11m17s  [eta=10h11m32s total]
  [2wikimqa                 1/6] phrase_w64_t0  (2/6)  ex   39/100  KL=0.0521  mean=0.0659  0.09ex/s  eta=11m10s  [eta=10h12m36s total]
  [2wikimqa                 1/6] phrase_w64_t0  (2/6)  ex   40/100  KL=0.9132  mean=0.0871  0.09ex/s  eta=11m02s  [eta=10h13m27s total]
  [2wikimqa                 1/6] phrase_w64_t0  (2/6)  ex   41/100  KL=0.1616  mean=0.0889  0.09ex/s  eta=10m55s  [eta=10h14m32s total]
  [2wikimqa                 1/6] phrase_w64_t0  (2/6)  ex   42/100  KL=0.0150  mean=0.0872  0.09ex/s  eta=10m36s  [eta=10h12m13s total]
  [2wikimqa                 1/6] phrase_w64_t0  (2/6)  ex   43/100  KL=0.1579  mean=0.0888  0.09ex/s  eta=10m29s  [eta=10h13m24s total]
  [2wikimqa                 1/6] phrase_w64_t0  (2/6)  ex   44/100  KL=0.0088  mean=0.0870  0.09ex/s  eta=10m21s  [eta=10h14m27s total]
  [2wikimqa                 1/6] phrase_w64_t0  (2/6)  ex   45/100  KL=0.0307  mean=0.0857  0.09ex/s  eta=10m10s  [eta=10h14m15s total]
  [2wikimqa                 1/6] phrase_w64_t0  (2/6)  ex   46/100  KL=0.0174  mean=0.0843  0.09ex/s  eta=10m02s  [eta=10h15m15s total]
  [2wikimqa                 1/6] phrase_w64_t0  (2/6)  ex   47/100  KL=0.7972  mean=0.0994  0.09ex/s  eta=9m51s  [eta=10h15m22s total]
  [2wikimqa                 1/6] phrase_w64_t0  (2/6)  ex   48/100  KL=0.0959  mean=0.0993  0.09ex/s  eta=9m39s  [eta=10h15m01s total]
  [2wikimqa                 1/6] phrase_w64_t0  (2/6)  ex   49/100  KL=0.0209  mean=0.0977  0.09ex/s  eta=9m19s  [eta=10h11m42s total]
  [2wikimqa                 1/6] phrase_w64_t0  (2/6)  ex   50/100  KL=0.0440  mean=0.0967  0.09ex/s  eta=9m05s  [eta=10h10m31s total]
  [2wikimqa                 1/6] phrase_w64_t0  (2/6)  ex   51/100  KL=0.0262  mean=0.0953  0.09ex/s  eta=8m56s  [eta=10h11m27s total]
  [2wikimqa                 1/6] phrase_w64_t0  (2/6)  ex   52/100  KL=0.0332  mean=0.0941  0.09ex/s  eta=8m48s  [eta=10h12m25s total]
  [2wikimqa                 1/6] phrase_w64_t0  (2/6)  ex   53/100  KL=0.0643  mean=0.0935  0.09ex/s  eta=8m35s  [eta=10h11m36s total]
  [2wikimqa                 1/6] phrase_w64_t0  (2/6)  ex   54/100  KL=0.0169  mean=0.0921  0.09ex/s  eta=8m23s  [eta=10h11m00s total]
  [2wikimqa                 1/6] phrase_w64_t0  (2/6)  ex   55/100  KL=0.0375  mean=0.0911  0.09ex/s  eta=8m11s  [eta=10h10m38s total]
  [2wikimqa                 1/6] phrase_w64_t0  (2/6)  ex   56/100  KL=0.0570  mean=0.0905  0.09ex/s  eta=7m57s  [eta=10h08m58s total]
  [2wikimqa                 1/6] phrase_w64_t0  (2/6)  ex   57/100  KL=0.0103  mean=0.0891  0.09ex/s  eta=7m47s  [eta=10h09m09s total]
  [2wikimqa                 1/6] phrase_w64_t0  (2/6)  ex   58/100  KL=0.0289  mean=0.0881  0.09ex/s  eta=7m38s  [eta=10h10m03s total]
  [2wikimqa                 1/6] phrase_w64_t0  (2/6)  ex   59/100  KL=0.0634  mean=0.0876  0.09ex/s  eta=7m23s  [eta=10h07m46s total]
  [2wikimqa                 1/6] phrase_w64_t0  (2/6)  ex   60/100  KL=0.0445  mean=0.0869  0.09ex/s  eta=7m09s  [eta=10h06m18s total]
  [2wikimqa                 1/6] phrase_w64_t0  (2/6)  ex   61/100  KL=0.0372  mean=0.0861  0.09ex/s  eta=7m00s  [eta=10h07m09s total]
  [2wikimqa                 1/6] phrase_w64_t0  (2/6)  ex   62/100  KL=0.0180  mean=0.0850  0.09ex/s  eta=6m46s  [eta=10h05m04s total]
  [2wikimqa                 1/6] phrase_w64_t0  (2/6)  ex   63/100  KL=0.0050  mean=0.0837  0.09ex/s  eta=6m31s  [eta=10h02m22s total]
  [2wikimqa                 1/6] phrase_w64_t0  (2/6)  ex   64/100  KL=0.0237  mean=0.0828  0.09ex/s  eta=6m22s  [eta=10h03m25s total]
  [2wikimqa                 1/6] phrase_w64_t0  (2/6)  ex   65/100  KL=0.0061  mean=0.0816  0.10ex/s  eta=6m08s  [eta=10h00m42s total]
  [2wikimqa                 1/6] phrase_w64_t0  (2/6)  ex   66/100  KL=0.0178  mean=0.0807  0.09ex/s  eta=5m59s  [eta=10h01m32s total]
  [2wikimqa                 1/6] phrase_w64_t0  (2/6)  ex   67/100  KL=0.0280  mean=0.0799  0.10ex/s  eta=5m46s  [eta=10h00m12s total]
  [2wikimqa                 1/6] phrase_w64_t0  (2/6)  ex   68/100  KL=0.0300  mean=0.0791  0.10ex/s  eta=5m35s  [eta=9h59m15s total]
  [2wikimqa                 1/6] phrase_w64_t0  (2/6)  ex   69/100  KL=0.0055  mean=0.0781  0.10ex/s  eta=5m24s  [eta=9h58m45s total]
  [2wikimqa                 1/6] phrase_w64_t0  (2/6)  ex   70/100  KL=0.0172  mean=0.0772  0.10ex/s  eta=5m12s  [eta=9h57m45s total]
  [2wikimqa                 1/6] phrase_w64_t0  (2/6)  ex   71/100  KL=0.0399  mean=0.0767  0.10ex/s  eta=5m03s  [eta=9h58m01s total]
  [2wikimqa                 1/6] phrase_w64_t0  (2/6)  ex   72/100  KL=0.0184  mean=0.0759  0.10ex/s  eta=4m53s  [eta=9h58m54s total]
  [2wikimqa                 1/6] phrase_w64_t0  (2/6)  ex   73/100  KL=0.1457  mean=0.0768  0.09ex/s  eta=4m44s  [eta=9h59m38s total]
  [2wikimqa                 1/6] phrase_w64_t0  (2/6)  ex   74/100  KL=0.1061  mean=0.0772  0.10ex/s  eta=4m30s  [eta=9h56m37s total]
  [2wikimqa                 1/6] phrase_w64_t0  (2/6)  ex   75/100  KL=0.7318  mean=0.0860  0.10ex/s  eta=4m20s  [eta=9h56m13s total]
  [2wikimqa                 1/6] phrase_w64_t0  (2/6)  ex   76/100  KL=0.0256  mean=0.0852  0.10ex/s  eta=4m08s  [eta=9h54m53s total]
  [2wikimqa                 1/6] phrase_w64_t0  (2/6)  ex   77/100  KL=0.0704  mean=0.0850  0.10ex/s  eta=3m59s  [eta=9h55m47s total]
  [2wikimqa                 1/6] phrase_w64_t0  (2/6)  ex   78/100  KL=0.1357  mean=0.0856  0.10ex/s  eta=3m48s  [eta=9h55m36s total]
  [2wikimqa                 1/6] phrase_w64_t0  (2/6)  ex   79/100  KL=0.0195  mean=0.0848  0.10ex/s  eta=3m38s  [eta=9h56m02s total]
  [2wikimqa                 1/6] phrase_w64_t0  (2/6)  ex   80/100  KL=0.5786  mean=0.0910  0.10ex/s  eta=3m28s  [eta=9h55m43s total]
  [2wikimqa                 1/6] phrase_w64_t0  (2/6)  ex   81/100  KL=0.0586  mean=0.0906  0.10ex/s  eta=3m17s  [eta=9h55m14s total]
  [2wikimqa                 1/6] phrase_w64_t0  (2/6)  ex   82/100  KL=0.0580  mean=0.0902  0.10ex/s  eta=3m07s  [eta=9h55m37s total]
  [2wikimqa                 1/6] phrase_w64_t0  (2/6)  ex   83/100  KL=0.0437  mean=0.0896  0.10ex/s  eta=2m57s  [eta=9h56m08s total]
  [2wikimqa                 1/6] phrase_w64_t0  (2/6)  ex   84/100  KL=0.1933  mean=0.0908  0.10ex/s  eta=2m47s  [eta=9h56m59s total]
  [2wikimqa                 1/6] phrase_w64_t0  (2/6)  ex   85/100  KL=0.2540  mean=0.0927  0.10ex/s  eta=2m37s  [eta=9h56m15s total]
  [2wikimqa                 1/6] phrase_w64_t0  (2/6)  ex   86/100  KL=0.0545  mean=0.0923  0.10ex/s  eta=2m27s  [eta=9h57m07s total]
  [2wikimqa                 1/6] phrase_w64_t0  (2/6)  ex   87/100  KL=0.0260  mean=0.0915  0.09ex/s  eta=2m17s  [eta=9h57m55s total]
  [2wikimqa                 1/6] phrase_w64_t0  (2/6)  ex   88/100  KL=0.4746  mean=0.0959  0.09ex/s  eta=2m07s  [eta=9h58m45s total]
  [2wikimqa                 1/6] phrase_w64_t0  (2/6)  ex   89/100  KL=0.0860  mean=0.0958  0.09ex/s  eta=1m56s  [eta=9h59m34s total]
  [2wikimqa                 1/6] phrase_w64_t0  (2/6)  ex   90/100  KL=0.0022  mean=0.0947  0.09ex/s  eta=1m45s  [eta=9h57m45s total]
  [2wikimqa                 1/6] phrase_w64_t0  (2/6)  ex   91/100  KL=0.1785  mean=0.0957  0.09ex/s  eta=1m35s  [eta=9h58m32s total]
  [2wikimqa                 1/6] phrase_w64_t0  (2/6)  ex   92/100  KL=0.0407  mean=0.0951  0.09ex/s  eta=1m25s  [eta=9h59m20s total]
  [2wikimqa                 1/6] phrase_w64_t0  (2/6)  ex   93/100  KL=0.1296  mean=0.0954  0.09ex/s  eta=1m14s  [eta=10h00m07s total]
  [2wikimqa                 1/6] phrase_w64_t0  (2/6)  ex   94/100  KL=0.8810  mean=0.1038  0.09ex/s  eta=1m04s  [eta=10h00m47s total]
  [2wikimqa                 1/6] phrase_w64_t0  (2/6)  ex   95/100  KL=0.0584  mean=0.1033  0.09ex/s  eta=53s  [eta=10h00m34s total]
  [2wikimqa                 1/6] phrase_w64_t0  (2/6)  ex   96/100  KL=0.0799  mean=0.1031  0.09ex/s  eta=42s  [eta=10h01m12s total]
  [2wikimqa                 1/6] phrase_w64_t0  (2/6)  ex   97/100  KL=0.0081  mean=0.1021  0.09ex/s  eta=32s  [eta=10h01m51s total]
  [2wikimqa                 1/6] phrase_w64_t0  (2/6)  ex   98/100  KL=0.0247  mean=0.1013  0.09ex/s  eta=21s  [eta=9h59m50s total]
  [2wikimqa                 1/6] phrase_w64_t0  (2/6)  ex   99/100  KL=0.0404  mean=0.1007  0.09ex/s  eta=10s  [eta=10h00m32s total]
  [2wikimqa                 1/6] phrase_w64_t0  (2/6)  ex  100/100  KL=0.0818  mean=0.1005  0.09ex/s  eta=0s  [eta=9h59m42s total]
  >>> 2wikimqa / phrase_w64_t0:  n=100  mean_KL=0.1005  [17m49s]

  [2wikimqa                 1/6] phrase_w32_t50 (3/6)  ex    1/100  KL=0.3804  mean=0.3804  0.07ex/s  eta=23m08s  [eta=10h00m29s total]
  [2wikimqa                 1/6] phrase_w32_t50 (3/6)  ex    2/100  KL=0.0900  mean=0.2352  0.07ex/s  eta=22m22s  [eta=10h01m06s total]
  [2wikimqa                 1/6] phrase_w32_t50 (3/6)  ex    3/100  KL=0.0608  mean=0.1771  0.08ex/s  eta=21m17s  [eta=10h01m20s total]
  [2wikimqa                 1/6] phrase_w32_t50 (3/6)  ex    4/100  KL=0.0068  mean=0.1345  0.08ex/s  eta=21m15s  [eta=10h01m59s total]
  [2wikimqa                 1/6] phrase_w32_t50 (3/6)  ex    5/100  KL=0.0865  mean=0.1249  0.07ex/s  eta=21m08s  [eta=10h02m38s total]
  [2wikimqa                 1/6] phrase_w32_t50 (3/6)  ex    6/100  KL=0.0648  mean=0.1149  0.07ex/s  eta=20m59s  [eta=10h03m17s total]
  [2wikimqa                 1/6] phrase_w32_t50 (3/6)  ex    7/100  KL=0.1295  mean=0.1170  0.07ex/s  eta=20m48s  [eta=10h03m54s total]
  [2wikimqa                 1/6] phrase_w32_t50 (3/6)  ex    8/100  KL=0.1024  mean=0.1151  0.07ex/s  eta=20m37s  [eta=10h04m31s total]
  [2wikimqa                 1/6] phrase_w32_t50 (3/6)  ex    9/100  KL=0.0581  mean=0.1088  0.08ex/s  eta=19m54s  [eta=10h04m19s total]
  [2wikimqa                 1/6] phrase_w32_t50 (3/6)  ex   10/100  KL=0.2514  mean=0.1231  0.08ex/s  eta=19m46s  [eta=10h04m56s total]
  [2wikimqa                 1/6] phrase_w32_t50 (3/6)  ex   11/100  KL=0.0079  mean=0.1126  0.08ex/s  eta=19m36s  [eta=10h05m31s total]
  [2wikimqa                 1/6] phrase_w32_t50 (3/6)  ex   12/100  KL=0.0643  mean=0.1086  0.08ex/s  eta=18m59s  [eta=10h05m08s total]
  [2wikimqa                 1/6] phrase_w32_t50 (3/6)  ex   13/100  KL=0.0904  mean=0.1072  0.08ex/s  eta=17m41s  [eta=10h02m58s total]
  [2wikimqa                 1/6] phrase_w32_t50 (3/6)  ex   14/100  KL=0.0729  mean=0.1047  0.08ex/s  eta=17m10s  [eta=10h02m24s total]
  [2wikimqa                 1/6] phrase_w32_t50 (3/6)  ex   15/100  KL=0.0817  mean=0.1032  0.08ex/s  eta=17m00s  [eta=10h02m38s total]
  [2wikimqa                 1/6] phrase_w32_t50 (3/6)  ex   16/100  KL=0.0928  mean=0.1025  0.08ex/s  eta=16m56s  [eta=10h03m14s total]
  [2wikimqa                 1/6] phrase_w32_t50 (3/6)  ex   17/100  KL=0.0483  mean=0.0994  0.09ex/s  eta=16m03s  [eta=10h01m13s total]
  [2wikimqa                 1/6] phrase_w32_t50 (3/6)  ex   18/100  KL=0.0414  mean=0.0961  0.09ex/s  eta=15m59s  [eta=10h01m44s total]
  [2wikimqa                 1/6] phrase_w32_t50 (3/6)  ex   19/100  KL=0.0345  mean=0.0929  0.09ex/s  eta=15m06s  [eta=9h59m18s total]
  [2wikimqa                 1/6] phrase_w32_t50 (3/6)  ex   20/100  KL=0.1431  mean=0.0954  0.09ex/s  eta=14m46s  [eta=9h58m43s total]
  [2wikimqa                 1/6] phrase_w32_t50 (3/6)  ex   21/100  KL=0.1895  mean=0.0999  0.09ex/s  eta=14m17s  [eta=9h57m25s total]
  [2wikimqa                 1/6] phrase_w32_t50 (3/6)  ex   22/100  KL=0.2221  mean=0.1054  0.09ex/s  eta=14m16s  [eta=9h58m01s total]
  [2wikimqa                 1/6] phrase_w32_t50 (3/6)  ex   23/100  KL=0.1640  mean=0.1080  0.09ex/s  eta=14m14s  [eta=9h58m38s total]
  [2wikimqa                 1/6] phrase_w32_t50 (3/6)  ex   24/100  KL=0.1443  mean=0.1095  0.09ex/s  eta=14m11s  [eta=9h59m11s total]
  [2wikimqa                 1/6] phrase_w32_t50 (3/6)  ex   25/100  KL=0.0354  mean=0.1065  0.09ex/s  eta=14m08s  [eta=9h59m50s total]
  [2wikimqa                 1/6] phrase_w32_t50 (3/6)  ex   26/100  KL=0.0537  mean=0.1045  0.09ex/s  eta=13m31s  [eta=9h57m36s total]
  [2wikimqa                 1/6] phrase_w32_t50 (3/6)  ex   27/100  KL=0.0401  mean=0.1021  0.09ex/s  eta=13m11s  [eta=9h56m42s total]
  [2wikimqa                 1/6] phrase_w32_t50 (3/6)  ex   28/100  KL=0.1308  mean=0.1031  0.09ex/s  eta=13m01s  [eta=9h56m37s total]
  [2wikimqa                 1/6] phrase_w32_t50 (3/6)  ex   29/100  KL=0.3296  mean=0.1109  0.09ex/s  eta=12m55s  [eta=9h57m01s total]
  [2wikimqa                 1/6] phrase_w32_t50 (3/6)  ex   30/100  KL=0.1863  mean=0.1135  0.09ex/s  eta=12m52s  [eta=9h57m41s total]
  [2wikimqa                 1/6] phrase_w32_t50 (3/6)  ex   31/100  KL=0.0836  mean=0.1125  0.09ex/s  eta=12m46s  [eta=9h58m11s total]
  [2wikimqa                 1/6] phrase_w32_t50 (3/6)  ex   32/100  KL=0.0583  mean=0.1108  0.09ex/s  eta=12m40s  [eta=9h58m44s total]
  [2wikimqa                 1/6] phrase_w32_t50 (3/6)  ex   33/100  KL=0.0130  mean=0.1078  0.09ex/s  eta=12m34s  [eta=9h59m15s total]
  [2wikimqa                 1/6] phrase_w32_t50 (3/6)  ex   34/100  KL=0.0262  mean=0.1054  0.09ex/s  eta=12m12s  [eta=9h57m55s total]
  [2wikimqa                 1/6] phrase_w32_t50 (3/6)  ex   35/100  KL=0.1461  mean=0.1066  0.09ex/s  eta=12m04s  [eta=9h58m14s total]
  [2wikimqa                 1/6] phrase_w32_t50 (3/6)  ex   36/100  KL=0.0515  mean=0.1051  0.09ex/s  eta=11m46s  [eta=9h57m12s total]
  [2wikimqa                 1/6] phrase_w32_t50 (3/6)  ex   37/100  KL=0.1077  mean=0.1051  0.09ex/s  eta=11m38s  [eta=9h57m38s total]
  [2wikimqa                 1/6] phrase_w32_t50 (3/6)  ex   38/100  KL=0.1257  mean=0.1057  0.09ex/s  eta=11m20s  [eta=9h56m33s total]
  [2wikimqa                 1/6] phrase_w32_t50 (3/6)  ex   39/100  KL=0.0833  mean=0.1051  0.09ex/s  eta=11m13s  [eta=9h57m04s total]
  [2wikimqa                 1/6] phrase_w32_t50 (3/6)  ex   40/100  KL=0.1085  mean=0.1052  0.09ex/s  eta=11m06s  [eta=9h57m31s total]
  [2wikimqa                 1/6] phrase_w32_t50 (3/6)  ex   41/100  KL=0.1461  mean=0.1062  0.09ex/s  eta=10m59s  [eta=9h58m06s total]
  [2wikimqa                 1/6] phrase_w32_t50 (3/6)  ex   42/100  KL=0.0425  mean=0.1047  0.09ex/s  eta=10m40s  [eta=9h56m42s total]
  [2wikimqa                 1/6] phrase_w32_t50 (3/6)  ex   43/100  KL=0.1651  mean=0.1061  0.09ex/s  eta=10m32s  [eta=9h57m12s total]
  [2wikimqa                 1/6] phrase_w32_t50 (3/6)  ex   44/100  KL=0.0559  mean=0.1049  0.09ex/s  eta=10m24s  [eta=9h57m44s total]
  [2wikimqa                 1/6] phrase_w32_t50 (3/6)  ex   45/100  KL=0.0825  mean=0.1044  0.09ex/s  eta=10m13s  [eta=9h57m35s total]
  [2wikimqa                 1/6] phrase_w32_t50 (3/6)  ex   46/100  KL=0.0124  mean=0.1024  0.09ex/s  eta=10m05s  [eta=9h58m07s total]
  [2wikimqa                 1/6] phrase_w32_t50 (3/6)  ex   47/100  KL=0.1281  mean=0.1030  0.09ex/s  eta=9m54s  [eta=9h58m06s total]
  [2wikimqa                 1/6] phrase_w32_t50 (3/6)  ex   48/100  KL=0.0365  mean=0.1016  0.09ex/s  eta=9m41s  [eta=9h57m46s total]
  [2wikimqa                 1/6] phrase_w32_t50 (3/6)  ex   49/100  KL=0.0480  mean=0.1005  0.09ex/s  eta=9m21s  [eta=9h55m46s total]
  [2wikimqa                 1/6] phrase_w32_t50 (3/6)  ex   50/100  KL=0.0990  mean=0.1005  0.09ex/s  eta=9m07s  [eta=9h55m00s total]
  [2wikimqa                 1/6] phrase_w32_t50 (3/6)  ex   51/100  KL=0.1738  mean=0.1019  0.09ex/s  eta=8m59s  [eta=9h55m26s total]
  [2wikimqa                 1/6] phrase_w32_t50 (3/6)  ex   52/100  KL=0.0195  mean=0.1003  0.09ex/s  eta=8m50s  [eta=9h55m53s total]
  [2wikimqa                 1/6] phrase_w32_t50 (3/6)  ex   53/100  KL=0.2116  mean=0.1024  0.09ex/s  eta=8m37s  [eta=9h55m24s total]
  [2wikimqa                 1/6] phrase_w32_t50 (3/6)  ex   54/100  KL=0.0523  mean=0.1015  0.09ex/s  eta=8m25s  [eta=9h54m57s total]
  [2wikimqa                 1/6] phrase_w32_t50 (3/6)  ex   55/100  KL=0.0413  mean=0.1004  0.09ex/s  eta=8m13s  [eta=9h54m38s total]
  [2wikimqa                 1/6] phrase_w32_t50 (3/6)  ex   56/100  KL=0.0629  mean=0.0997  0.09ex/s  eta=7m59s  [eta=9h53m34s total]
  [2wikimqa                 1/6] phrase_w32_t50 (3/6)  ex   57/100  KL=0.1539  mean=0.1007  0.09ex/s  eta=7m48s  [eta=9h53m33s total]
  [2wikimqa                 1/6] phrase_w32_t50 (3/6)  ex   58/100  KL=0.0360  mean=0.0996  0.09ex/s  eta=7m39s  [eta=9h53m56s total]
  [2wikimqa                 1/6] phrase_w32_t50 (3/6)  ex   59/100  KL=0.0690  mean=0.0991  0.09ex/s  eta=7m24s  [eta=9h52m33s total]
  [2wikimqa                 1/6] phrase_w32_t50 (3/6)  ex   60/100  KL=0.2556  mean=0.1017  0.09ex/s  eta=7m10s  [eta=9h51m32s total]
  [2wikimqa                 1/6] phrase_w32_t50 (3/6)  ex   61/100  KL=0.0324  mean=0.1005  0.09ex/s  eta=7m01s  [eta=9h51m58s total]
  [2wikimqa                 1/6] phrase_w32_t50 (3/6)  ex   62/100  KL=0.0162  mean=0.0992  0.09ex/s  eta=6m47s  [eta=9h50m38s total]
  [2wikimqa                 1/6] phrase_w32_t50 (3/6)  ex   63/100  KL=0.1033  mean=0.0992  0.09ex/s  eta=6m33s  [eta=9h49m12s total]
  [2wikimqa                 1/6] phrase_w32_t50 (3/6)  ex   64/100  KL=0.0546  mean=0.0985  0.09ex/s  eta=6m24s  [eta=9h49m39s total]
  [2wikimqa                 1/6] phrase_w32_t50 (3/6)  ex   65/100  KL=0.0661  mean=0.0980  0.09ex/s  eta=6m09s  [eta=9h47m51s total]
  [2wikimqa                 1/6] phrase_w32_t50 (3/6)  ex   66/100  KL=0.0285  mean=0.0970  0.09ex/s  eta=6m00s  [eta=9h48m18s total]
  [2wikimqa                 1/6] phrase_w32_t50 (3/6)  ex   67/100  KL=0.0669  mean=0.0965  0.09ex/s  eta=5m48s  [eta=9h47m21s total]
  [2wikimqa                 1/6] phrase_w32_t50 (3/6)  ex   68/100  KL=0.1457  mean=0.0973  0.10ex/s  eta=5m36s  [eta=9h46m39s total]
  [2wikimqa                 1/6] phrase_w32_t50 (3/6)  ex   69/100  KL=0.0721  mean=0.0969  0.10ex/s  eta=5m25s  [eta=9h46m33s total]
  [2wikimqa                 1/6] phrase_w32_t50 (3/6)  ex   70/100  KL=0.4001  mean=0.1012  0.10ex/s  eta=5m14s  [eta=9h45m47s total]
  [2wikimqa                 1/6] phrase_w32_t50 (3/6)  ex   71/100  KL=0.1010  mean=0.1012  0.10ex/s  eta=5m04s  [eta=9h45m49s total]
  [2wikimqa                 1/6] phrase_w32_t50 (3/6)  ex   72/100  KL=0.0232  mean=0.1001  0.09ex/s  eta=4m54s  [eta=9h46m17s total]
  [2wikimqa                 1/6] phrase_w32_t50 (3/6)  ex   73/100  KL=0.1016  mean=0.1002  0.09ex/s  eta=4m45s  [eta=9h46m34s total]
  [2wikimqa                 1/6] phrase_w32_t50 (3/6)  ex   74/100  KL=0.0389  mean=0.0993  0.10ex/s  eta=4m31s  [eta=9h44m37s total]
  [2wikimqa                 1/6] phrase_w32_t50 (3/6)  ex   75/100  KL=0.0700  mean=0.0989  0.10ex/s  eta=4m21s  [eta=9h44m21s total]
  [2wikimqa                 1/6] phrase_w32_t50 (3/6)  ex   76/100  KL=0.0217  mean=0.0979  0.10ex/s  eta=4m09s  [eta=9h43m24s total]
  [2wikimqa                 1/6] phrase_w32_t50 (3/6)  ex   77/100  KL=0.1024  mean=0.0980  0.10ex/s  eta=4m00s  [eta=9h43m51s total]
  [2wikimqa                 1/6] phrase_w32_t50 (3/6)  ex   78/100  KL=0.3697  mean=0.1015  0.10ex/s  eta=3m49s  [eta=9h43m39s total]
  [2wikimqa                 1/6] phrase_w32_t50 (3/6)  ex   79/100  KL=0.0045  mean=0.1002  0.10ex/s  eta=3m39s  [eta=9h43m50s total]
  [2wikimqa                 1/6] phrase_w32_t50 (3/6)  ex   80/100  KL=0.2411  mean=0.1020  0.10ex/s  eta=3m29s  [eta=9h43m34s total]
  [2wikimqa                 1/6] phrase_w32_t50 (3/6)  ex   81/100  KL=0.0940  mean=0.1019  0.10ex/s  eta=3m18s  [eta=9h43m10s total]
  [2wikimqa                 1/6] phrase_w32_t50 (3/6)  ex   82/100  KL=0.0642  mean=0.1014  0.10ex/s  eta=3m08s  [eta=9h43m22s total]
  [2wikimqa                 1/6] phrase_w32_t50 (3/6)  ex   83/100  KL=0.0475  mean=0.1008  0.10ex/s  eta=2m58s  [eta=9h43m33s total]
  [2wikimqa                 1/6] phrase_w32_t50 (3/6)  ex   84/100  KL=0.1925  mean=0.1019  0.10ex/s  eta=2m48s  [eta=9h43m56s total]
  [2wikimqa                 1/6] phrase_w32_t50 (3/6)  ex   85/100  KL=0.1216  mean=0.1021  0.10ex/s  eta=2m37s  [eta=9h43m21s total]
  [2wikimqa                 1/6] phrase_w32_t50 (3/6)  ex   86/100  KL=0.0049  mean=0.1010  0.09ex/s  eta=2m27s  [eta=9h43m48s total]
  [2wikimqa                 1/6] phrase_w32_t50 (3/6)  ex   87/100  KL=0.0254  mean=0.1001  0.09ex/s  eta=2m17s  [eta=9h44m14s total]
  [2wikimqa                 1/6] phrase_w32_t50 (3/6)  ex   88/100  KL=0.3294  mean=0.1027  0.09ex/s  eta=2m07s  [eta=9h44m40s total]
  [2wikimqa                 1/6] phrase_w32_t50 (3/6)  ex   89/100  KL=0.0818  mean=0.1025  0.09ex/s  eta=1m57s  [eta=9h45m05s total]
  [2wikimqa                 1/6] phrase_w32_t50 (3/6)  ex   90/100  KL=0.0323  mean=0.1017  0.09ex/s  eta=1m45s  [eta=9h44m00s total]
  [2wikimqa                 1/6] phrase_w32_t50 (3/6)  ex   91/100  KL=0.0613  mean=0.1013  0.09ex/s  eta=1m35s  [eta=9h44m20s total]
  [2wikimqa                 1/6] phrase_w32_t50 (3/6)  ex   92/100  KL=0.0357  mean=0.1006  0.09ex/s  eta=1m25s  [eta=9h44m47s total]
  [2wikimqa                 1/6] phrase_w32_t50 (3/6)  ex   93/100  KL=0.1464  mean=0.1010  0.09ex/s  eta=1m14s  [eta=9h45m10s total]
  [2wikimqa                 1/6] phrase_w32_t50 (3/6)  ex   94/100  KL=0.1015  mean=0.1010  0.09ex/s  eta=1m04s  [eta=9h45m32s total]
  [2wikimqa                 1/6] phrase_w32_t50 (3/6)  ex   95/100  KL=0.0877  mean=0.1009  0.09ex/s  eta=53s  [eta=9h45m17s total]
  [2wikimqa                 1/6] phrase_w32_t50 (3/6)  ex   96/100  KL=0.0458  mean=0.1003  0.09ex/s  eta=42s  [eta=9h45m39s total]
  [2wikimqa                 1/6] phrase_w32_t50 (3/6)  ex   97/100  KL=0.0087  mean=0.0994  0.09ex/s  eta=32s  [eta=9h46m02s total]
  [2wikimqa                 1/6] phrase_w32_t50 (3/6)  ex   98/100  KL=0.0415  mean=0.0988  0.09ex/s  eta=21s  [eta=9h44m40s total]
  [2wikimqa                 1/6] phrase_w32_t50 (3/6)  ex   99/100  KL=0.0492  mean=0.0983  0.09ex/s  eta=10s  [eta=9h45m00s total]
  [2wikimqa                 1/6] phrase_w32_t50 (3/6)  ex  100/100  KL=0.0834  mean=0.0981  0.09ex/s  eta=0s  [eta=9h44m23s total]
  >>> 2wikimqa / phrase_w32_t50:  n=100  mean_KL=0.0981  [17m50s]

  [2wikimqa                 1/6] phrase_w64_t50 (4/6)  ex    1/100  KL=0.1890  mean=0.1890  0.07ex/s  eta=23m00s  [eta=9h44m48s total]
  [2wikimqa                 1/6] phrase_w64_t50 (4/6)  ex    2/100  KL=0.2009  mean=0.1949  0.07ex/s  eta=22m01s  [eta=9h45m04s total]
  [2wikimqa                 1/6] phrase_w64_t50 (4/6)  ex    3/100  KL=0.0851  mean=0.1583  0.08ex/s  eta=20m55s  [eta=9h45m06s total]
  [2wikimqa                 1/6] phrase_w64_t50 (4/6)  ex    4/100  KL=0.0060  mean=0.1203  0.08ex/s  eta=20m58s  [eta=9h45m28s total]
  [2wikimqa                 1/6] phrase_w64_t50 (4/6)  ex    5/100  KL=0.0691  mean=0.1100  0.08ex/s  eta=20m55s  [eta=9h45m50s total]
  [2wikimqa                 1/6] phrase_w64_t50 (4/6)  ex    6/100  KL=0.0325  mean=0.0971  0.08ex/s  eta=20m52s  [eta=9h46m13s total]
  [2wikimqa                 1/6] phrase_w64_t50 (4/6)  ex    7/100  KL=0.0805  mean=0.0947  0.07ex/s  eta=20m40s  [eta=9h46m32s total]
  [2wikimqa                 1/6] phrase_w64_t50 (4/6)  ex    8/100  KL=0.1012  mean=0.0955  0.07ex/s  eta=20m33s  [eta=9h46m55s total]
  [2wikimqa                 1/6] phrase_w64_t50 (4/6)  ex    9/100  KL=0.0557  mean=0.0911  0.08ex/s  eta=19m52s  [eta=9h46m44s total]
  [2wikimqa                 1/6] phrase_w64_t50 (4/6)  ex   10/100  KL=0.0978  mean=0.0918  0.08ex/s  eta=19m44s  [eta=9h47m05s total]
  [2wikimqa                 1/6] phrase_w64_t50 (4/6)  ex   11/100  KL=0.0079  mean=0.0842  0.08ex/s  eta=19m34s  [eta=9h47m25s total]
  [2wikimqa                 1/6] phrase_w64_t50 (4/6)  ex   12/100  KL=0.1003  mean=0.0855  0.08ex/s  eta=18m56s  [eta=9h47m04s total]
  [2wikimqa                 1/6] phrase_w64_t50 (4/6)  ex   13/100  KL=0.0950  mean=0.0862  0.08ex/s  eta=17m38s  [eta=9h45m35s total]
  [2wikimqa                 1/6] phrase_w64_t50 (4/6)  ex   14/100  KL=0.0202  mean=0.0815  0.08ex/s  eta=17m05s  [eta=9h45m05s total]
  [2wikimqa                 1/6] phrase_w64_t50 (4/6)  ex   15/100  KL=0.0555  mean=0.0798  0.08ex/s  eta=16m55s  [eta=9h45m10s total]
  [2wikimqa                 1/6] phrase_w64_t50 (4/6)  ex   16/100  KL=0.0928  mean=0.0806  0.08ex/s  eta=16m52s  [eta=9h45m30s total]
  [2wikimqa                 1/6] phrase_w64_t50 (4/6)  ex   17/100  KL=0.0050  mean=0.0762  0.09ex/s  eta=15m55s  [eta=9h43m58s total]
  [2wikimqa                 1/6] phrase_w64_t50 (4/6)  ex   18/100  KL=0.0366  mean=0.0740  0.09ex/s  eta=15m54s  [eta=9h44m20s total]
  [2wikimqa                 1/6] phrase_w64_t50 (4/6)  ex   19/100  KL=0.0273  mean=0.0715  0.09ex/s  eta=15m01s  [eta=9h42m40s total]
  [2wikimqa                 1/6] phrase_w64_t50 (4/6)  ex   20/100  KL=0.0723  mean=0.0715  0.09ex/s  eta=14m41s  [eta=9h42m11s total]
  [2wikimqa                 1/6] phrase_w64_t50 (4/6)  ex   21/100  KL=0.0626  mean=0.0711  0.09ex/s  eta=14m12s  [eta=9h41m16s total]
  [2wikimqa                 1/6] phrase_w64_t50 (4/6)  ex   22/100  KL=0.0719  mean=0.0711  0.09ex/s  eta=14m11s  [eta=9h41m33s total]
  [2wikimqa                 1/6] phrase_w64_t50 (4/6)  ex   23/100  KL=0.1077  mean=0.0727  0.09ex/s  eta=14m10s  [eta=9h41m56s total]
  [2wikimqa                 1/6] phrase_w64_t50 (4/6)  ex   24/100  KL=0.1860  mean=0.0775  0.09ex/s  eta=14m08s  [eta=9h42m17s total]
  [2wikimqa                 1/6] phrase_w64_t50 (4/6)  ex   25/100  KL=0.0323  mean=0.0756  0.09ex/s  eta=14m04s  [eta=9h42m36s total]
  [2wikimqa                 1/6] phrase_w64_t50 (4/6)  ex   26/100  KL=0.0455  mean=0.0745  0.09ex/s  eta=13m28s  [eta=9h41m03s total]
  [2wikimqa                 1/6] phrase_w64_t50 (4/6)  ex   27/100  KL=0.0296  mean=0.0728  0.09ex/s  eta=13m08s  [eta=9h40m23s total]
  [2wikimqa                 1/6] phrase_w64_t50 (4/6)  ex   28/100  KL=0.0657  mean=0.0726  0.09ex/s  eta=12m59s  [eta=9h40m20s total]
  [2wikimqa                 1/6] phrase_w64_t50 (4/6)  ex   29/100  KL=0.0479  mean=0.0717  0.09ex/s  eta=12m53s  [eta=9h40m30s total]
  [2wikimqa                 1/6] phrase_w64_t50 (4/6)  ex   30/100  KL=0.3588  mean=0.0813  0.09ex/s  eta=12m49s  [eta=9h40m53s total]
  [2wikimqa                 1/6] phrase_w64_t50 (4/6)  ex   31/100  KL=0.1794  mean=0.0845  0.09ex/s  eta=12m44s  [eta=9h41m12s total]
  [2wikimqa                 1/6] phrase_w64_t50 (4/6)  ex   32/100  KL=0.1175  mean=0.0855  0.09ex/s  eta=12m38s  [eta=9h41m28s total]
  [2wikimqa                 1/6] phrase_w64_t50 (4/6)  ex   33/100  KL=0.0130  mean=0.0833  0.09ex/s  eta=12m32s  [eta=9h41m50s total]
  [2wikimqa                 1/6] phrase_w64_t50 (4/6)  ex   34/100  KL=0.0251  mean=0.0816  0.09ex/s  eta=12m13s  [eta=9h41m05s total]
  [2wikimqa                 1/6] phrase_w64_t50 (4/6)  ex   35/100  KL=0.0566  mean=0.0809  0.09ex/s  eta=12m04s  [eta=9h41m09s total]
  [2wikimqa                 1/6] phrase_w64_t50 (4/6)  ex   36/100  KL=0.0108  mean=0.0789  0.09ex/s  eta=11m46s  [eta=9h40m23s total]
  [2wikimqa                 1/6] phrase_w64_t50 (4/6)  ex   37/100  KL=0.2194  mean=0.0827  0.09ex/s  eta=11m39s  [eta=9h40m40s total]
  [2wikimqa                 1/6] phrase_w64_t50 (4/6)  ex   38/100  KL=0.0576  mean=0.0821  0.09ex/s  eta=11m20s  [eta=9h39m49s total]
  [2wikimqa                 1/6] phrase_w64_t50 (4/6)  ex   39/100  KL=0.0519  mean=0.0813  0.09ex/s  eta=11m14s  [eta=9h40m08s total]
  [2wikimqa                 1/6] phrase_w64_t50 (4/6)  ex   40/100  KL=0.1037  mean=0.0818  0.09ex/s  eta=11m06s  [eta=9h40m24s total]
  [2wikimqa                 1/6] phrase_w64_t50 (4/6)  ex   41/100  KL=0.1314  mean=0.0831  0.09ex/s  eta=10m59s  [eta=9h40m46s total]
  [2wikimqa                 1/6] phrase_w64_t50 (4/6)  ex   42/100  KL=0.0157  mean=0.0814  0.09ex/s  eta=10m40s  [eta=9h39m47s total]
  [2wikimqa                 1/6] phrase_w64_t50 (4/6)  ex   43/100  KL=0.1805  mean=0.0838  0.09ex/s  eta=10m33s  [eta=9h40m02s total]
  [2wikimqa                 1/6] phrase_w64_t50 (4/6)  ex   44/100  KL=0.0464  mean=0.0829  0.09ex/s  eta=10m25s  [eta=9h40m21s total]
  [2wikimqa                 1/6] phrase_w64_t50 (4/6)  ex   45/100  KL=0.0133  mean=0.0814  0.09ex/s  eta=10m13s  [eta=9h40m12s total]
  [2wikimqa                 1/6] phrase_w64_t50 (4/6)  ex   46/100  KL=0.0161  mean=0.0799  0.09ex/s  eta=10m05s  [eta=9h40m29s total]
  [2wikimqa                 1/6] phrase_w64_t50 (4/6)  ex   47/100  KL=0.1088  mean=0.0806  0.09ex/s  eta=9m54s  [eta=9h40m26s total]
  [2wikimqa                 1/6] phrase_w64_t50 (4/6)  ex   48/100  KL=0.0219  mean=0.0793  0.09ex/s  eta=9m42s  [eta=9h40m10s total]
  [2wikimqa                 1/6] phrase_w64_t50 (4/6)  ex   49/100  KL=0.1200  mean=0.0802  0.09ex/s  eta=9m22s  [eta=9h38m44s total]
  [2wikimqa                 1/6] phrase_w64_t50 (4/6)  ex   50/100  KL=0.0839  mean=0.0802  0.09ex/s  eta=9m08s  [eta=9h38m10s total]
  [2wikimqa                 1/6] phrase_w64_t50 (4/6)  ex   51/100  KL=0.1738  mean=0.0821  0.09ex/s  eta=9m00s  [eta=9h38m29s total]
  [2wikimqa                 1/6] phrase_w64_t50 (4/6)  ex   52/100  KL=0.0186  mean=0.0808  0.09ex/s  eta=8m51s  [eta=9h38m47s total]
  [2wikimqa                 1/6] phrase_w64_t50 (4/6)  ex   53/100  KL=0.0691  mean=0.0806  0.09ex/s  eta=8m38s  [eta=9h38m23s total]
  [2wikimqa                 1/6] phrase_w64_t50 (4/6)  ex   54/100  KL=0.0069  mean=0.0793  0.09ex/s  eta=8m26s  [eta=9h38m04s total]
  [2wikimqa                 1/6] phrase_w64_t50 (4/6)  ex   55/100  KL=0.0318  mean=0.0784  0.09ex/s  eta=8m15s  [eta=9h37m47s total]
  [2wikimqa                 1/6] phrase_w64_t50 (4/6)  ex   56/100  KL=0.0592  mean=0.0781  0.09ex/s  eta=8m00s  [eta=9h36m59s total]
  [2wikimqa                 1/6] phrase_w64_t50 (4/6)  ex   57/100  KL=0.0087  mean=0.0768  0.09ex/s  eta=7m50s  [eta=9h36m58s total]
  [2wikimqa                 1/6] phrase_w64_t50 (4/6)  ex   58/100  KL=0.0376  mean=0.0762  0.09ex/s  eta=7m41s  [eta=9h37m13s total]
  [2wikimqa                 1/6] phrase_w64_t50 (4/6)  ex   59/100  KL=0.0521  mean=0.0758  0.09ex/s  eta=7m26s  [eta=9h36m11s total]
  [2wikimqa                 1/6] phrase_w64_t50 (4/6)  ex   60/100  KL=0.1360  mean=0.0768  0.09ex/s  eta=7m12s  [eta=9h35m25s total]
  [2wikimqa                 1/6] phrase_w64_t50 (4/6)  ex   61/100  KL=0.0315  mean=0.0760  0.09ex/s  eta=7m03s  [eta=9h35m41s total]
  [2wikimqa                 1/6] phrase_w64_t50 (4/6)  ex   62/100  KL=0.0161  mean=0.0751  0.09ex/s  eta=6m49s  [eta=9h34m43s total]
  [2wikimqa                 1/6] phrase_w64_t50 (4/6)  ex   63/100  KL=0.0176  mean=0.0741  0.09ex/s  eta=6m34s  [eta=9h33m28s total]
  [2wikimqa                 1/6] phrase_w64_t50 (4/6)  ex   64/100  KL=0.0347  mean=0.0735  0.09ex/s  eta=6m25s  [eta=9h33m48s total]
  [2wikimqa                 1/6] phrase_w64_t50 (4/6)  ex   65/100  KL=0.0050  mean=0.0725  0.09ex/s  eta=6m10s  [eta=9h32m32s total]
  [2wikimqa                 1/6] phrase_w64_t50 (4/6)  ex   66/100  KL=0.0343  mean=0.0719  0.09ex/s  eta=6m01s  [eta=9h32m46s total]
  [2wikimqa                 1/6] phrase_w64_t50 (4/6)  ex   67/100  KL=0.0301  mean=0.0713  0.09ex/s  eta=5m49s  [eta=9h32m06s total]
  [2wikimqa                 1/6] phrase_w64_t50 (4/6)  ex   68/100  KL=0.0324  mean=0.0707  0.09ex/s  eta=5m37s  [eta=9h31m28s total]
  [2wikimqa                 1/6] phrase_w64_t50 (4/6)  ex   69/100  KL=0.0261  mean=0.0700  0.09ex/s  eta=5m27s  [eta=9h31m25s total]
  [2wikimqa                 1/6] phrase_w64_t50 (4/6)  ex   70/100  KL=0.0225  mean=0.0694  0.10ex/s  eta=5m15s  [eta=9h30m53s total]
  [2wikimqa                 1/6] phrase_w64_t50 (4/6)  ex   71/100  KL=0.0982  mean=0.0698  0.09ex/s  eta=5m05s  [eta=9h30m54s total]
  [2wikimqa                 1/6] phrase_w64_t50 (4/6)  ex   72/100  KL=0.0309  mean=0.0692  0.09ex/s  eta=4m56s  [eta=9h31m10s total]
  [2wikimqa                 1/6] phrase_w64_t50 (4/6)  ex   73/100  KL=0.0700  mean=0.0692  0.09ex/s  eta=4m46s  [eta=9h31m18s total]
  [2wikimqa                 1/6] phrase_w64_t50 (4/6)  ex   74/100  KL=0.1549  mean=0.0704  0.10ex/s  eta=4m32s  [eta=9h29m52s total]
  [2wikimqa                 1/6] phrase_w64_t50 (4/6)  ex   75/100  KL=0.0478  mean=0.0701  0.10ex/s  eta=4m22s  [eta=9h29m37s total]
  [2wikimqa                 1/6] phrase_w64_t50 (4/6)  ex   76/100  KL=0.0771  mean=0.0702  0.10ex/s  eta=4m10s  [eta=9h28m55s total]
  [2wikimqa                 1/6] phrase_w64_t50 (4/6)  ex   77/100  KL=0.1003  mean=0.0706  0.10ex/s  eta=4m01s  [eta=9h29m09s total]
  [2wikimqa                 1/6] phrase_w64_t50 (4/6)  ex   78/100  KL=0.0537  mean=0.0704  0.10ex/s  eta=3m50s  [eta=9h28m59s total]
  [2wikimqa                 1/6] phrase_w64_t50 (4/6)  ex   79/100  KL=0.0045  mean=0.0695  0.10ex/s  eta=3m40s  [eta=9h29m04s total]
  [2wikimqa                 1/6] phrase_w64_t50 (4/6)  ex   80/100  KL=0.3299  mean=0.0728  0.10ex/s  eta=3m29s  [eta=9h28m47s total]
  [2wikimqa                 1/6] phrase_w64_t50 (4/6)  ex   81/100  KL=0.0635  mean=0.0727  0.10ex/s  eta=3m19s  [eta=9h28m27s total]
  [2wikimqa                 1/6] phrase_w64_t50 (4/6)  ex   82/100  KL=0.0622  mean=0.0725  0.10ex/s  eta=3m09s  [eta=9h28m33s total]
  [2wikimqa                 1/6] phrase_w64_t50 (4/6)  ex   83/100  KL=0.0240  mean=0.0720  0.09ex/s  eta=2m59s  [eta=9h28m42s total]
  [2wikimqa                 1/6] phrase_w64_t50 (4/6)  ex   84/100  KL=0.2344  mean=0.0739  0.09ex/s  eta=2m49s  [eta=9h28m59s total]
  [2wikimqa                 1/6] phrase_w64_t50 (4/6)  ex   85/100  KL=0.1282  mean=0.0745  0.09ex/s  eta=2m38s  [eta=9h28m30s total]
  [2wikimqa                 1/6] phrase_w64_t50 (4/6)  ex   86/100  KL=0.0049  mean=0.0737  0.09ex/s  eta=2m28s  [eta=9h28m49s total]
  [2wikimqa                 1/6] phrase_w64_t50 (4/6)  ex   87/100  KL=0.0244  mean=0.0732  0.09ex/s  eta=2m18s  [eta=9h29m06s total]
  [2wikimqa                 1/6] phrase_w64_t50 (4/6)  ex   88/100  KL=0.4790  mean=0.0778  0.09ex/s  eta=2m08s  [eta=9h29m23s total]
  [2wikimqa                 1/6] phrase_w64_t50 (4/6)  ex   89/100  KL=0.0818  mean=0.0778  0.09ex/s  eta=1m57s  [eta=9h29m41s total]
  [2wikimqa                 1/6] phrase_w64_t50 (4/6)  ex   90/100  KL=0.0028  mean=0.0770  0.09ex/s  eta=1m46s  [eta=9h28m40s total]
  [2wikimqa                 1/6] phrase_w64_t50 (4/6)  ex   91/100  KL=0.1475  mean=0.0778  0.09ex/s  eta=1m36s  [eta=9h28m57s total]
  [2wikimqa                 1/6] phrase_w64_t50 (4/6)  ex   92/100  KL=0.0539  mean=0.0775  0.09ex/s  eta=1m25s  [eta=9h29m12s total]
  [2wikimqa                 1/6] phrase_w64_t50 (4/6)  ex   93/100  KL=0.1888  mean=0.0787  0.09ex/s  eta=1m15s  [eta=9h29m28s total]
  [2wikimqa                 1/6] phrase_w64_t50 (4/6)  ex   94/100  KL=0.1015  mean=0.0789  0.09ex/s  eta=1m04s  [eta=9h29m42s total]
  [2wikimqa                 1/6] phrase_w64_t50 (4/6)  ex   95/100  KL=0.0580  mean=0.0787  0.09ex/s  eta=53s  [eta=9h29m30s total]
  [2wikimqa                 1/6] phrase_w64_t50 (4/6)  ex   96/100  KL=0.0618  mean=0.0785  0.09ex/s  eta=43s  [eta=9h29m46s total]
  [2wikimqa                 1/6] phrase_w64_t50 (4/6)  ex   97/100  KL=0.0091  mean=0.0778  0.09ex/s  eta=32s  [eta=9h30m00s total]
  [2wikimqa                 1/6] phrase_w64_t50 (4/6)  ex   98/100  KL=0.0515  mean=0.0776  0.09ex/s  eta=21s  [eta=9h28m59s total]
  [2wikimqa                 1/6] phrase_w64_t50 (4/6)  ex   99/100  KL=0.0492  mean=0.0773  0.09ex/s  eta=10s  [eta=9h29m12s total]
  [2wikimqa                 1/6] phrase_w64_t50 (4/6)  ex  100/100  KL=0.0542  mean=0.0770  0.09ex/s  eta=0s  [eta=9h28m42s total]
  >>> 2wikimqa / phrase_w64_t50:  n=100  mean_KL=0.0770  [17m57s]

  [2wikimqa                 1/6] naive_65pct    (5/6)  ex    1/100  KL=0.2711  mean=0.2711  0.07ex/s  eta=23m13s  [eta=9h28m59s total]
  [2wikimqa                 1/6] naive_65pct    (5/6)  ex    2/100  KL=0.1059  mean=0.1885  0.07ex/s  eta=22m30s  [eta=9h29m10s total]
  [2wikimqa                 1/6] naive_65pct    (5/6)  ex    3/100  KL=0.1327  mean=0.1699  0.07ex/s  eta=21m34s  [eta=9h29m14s total]
  [2wikimqa                 1/6] naive_65pct    (5/6)  ex    4/100  KL=0.0059  mean=0.1289  0.07ex/s  eta=21m25s  [eta=9h29m26s total]
  [2wikimqa                 1/6] naive_65pct    (5/6)  ex    5/100  KL=0.0654  mean=0.1162  0.07ex/s  eta=21m18s  [eta=9h29m39s total]
  [2wikimqa                 1/6] naive_65pct    (5/6)  ex    6/100  KL=0.2554  mean=0.1394  0.07ex/s  eta=21m14s  [eta=9h29m55s total]
  [2wikimqa                 1/6] naive_65pct    (5/6)  ex    7/100  KL=0.1717  mean=0.1440  0.07ex/s  eta=21m04s  [eta=9h30m09s total]
  [2wikimqa                 1/6] naive_65pct    (5/6)  ex    8/100  KL=0.1024  mean=0.1388  0.07ex/s  eta=20m53s  [eta=9h30m22s total]
  [2wikimqa                 1/6] naive_65pct    (5/6)  ex    9/100  KL=0.0192  mean=0.1255  0.08ex/s  eta=20m10s  [eta=9h30m12s total]
  [2wikimqa                 1/6] naive_65pct    (5/6)  ex   10/100  KL=0.1277  mean=0.1257  0.07ex/s  eta=20m04s  [eta=9h30m27s total]
  [2wikimqa                 1/6] naive_65pct    (5/6)  ex   11/100  KL=0.0079  mean=0.1150  0.07ex/s  eta=19m55s  [eta=9h30m41s total]
  [2wikimqa                 1/6] naive_65pct    (5/6)  ex   12/100  KL=0.1316  mean=0.1164  0.08ex/s  eta=19m03s  [eta=9h30m11s total]
  [2wikimqa                 1/6] naive_65pct    (5/6)  ex   13/100  KL=0.0321  mean=0.1099  0.08ex/s  eta=17m46s  [eta=9h29m03s total]
  [2wikimqa                 1/6] naive_65pct    (5/6)  ex   14/100  KL=0.0567  mean=0.1061  0.08ex/s  eta=17m14s  [eta=9h28m40s total]
  [2wikimqa                 1/6] naive_65pct    (5/6)  ex   15/100  KL=0.0534  mean=0.1026  0.08ex/s  eta=17m05s  [eta=9h28m43s total]
  [2wikimqa                 1/6] naive_65pct    (5/6)  ex   16/100  KL=0.0928  mean=0.1020  0.08ex/s  eta=17m02s  [eta=9h28m56s total]
  [2wikimqa                 1/6] naive_65pct    (5/6)  ex   17/100  KL=0.0057  mean=0.0963  0.09ex/s  eta=16m07s  [eta=9h27m49s total]
  [2wikimqa                 1/6] naive_65pct    (5/6)  ex   18/100  KL=0.0386  mean=0.0931  0.09ex/s  eta=16m04s  [eta=9h28m01s total]
  [2wikimqa                 1/6] naive_65pct    (5/6)  ex   19/100  KL=0.0386  mean=0.0903  0.09ex/s  eta=15m11s  [eta=9h26m44s total]
  [2wikimqa                 1/6] naive_65pct    (5/6)  ex   20/100  KL=0.1509  mean=0.0933  0.09ex/s  eta=14m51s  [eta=9h26m21s total]
  [2wikimqa                 1/6] naive_65pct    (5/6)  ex   21/100  KL=0.1334  mean=0.0952  0.09ex/s  eta=14m21s  [eta=9h25m37s total]
  [2wikimqa                 1/6] naive_65pct    (5/6)  ex   22/100  KL=0.1083  mean=0.0958  0.09ex/s  eta=14m21s  [eta=9h25m51s total]
  [2wikimqa                 1/6] naive_65pct    (5/6)  ex   23/100  KL=0.1032  mean=0.0961  0.09ex/s  eta=14m19s  [eta=9h26m04s total]
  [2wikimqa                 1/6] naive_65pct    (5/6)  ex   24/100  KL=0.0878  mean=0.0958  0.09ex/s  eta=14m18s  [eta=9h26m19s total]
  [2wikimqa                 1/6] naive_65pct    (5/6)  ex   25/100  KL=0.0363  mean=0.0934  0.09ex/s  eta=14m14s  [eta=9h26m31s total]
  [2wikimqa                 1/6] naive_65pct    (5/6)  ex   26/100  KL=0.0107  mean=0.0902  0.09ex/s  eta=13m37s  [eta=9h25m18s total]
  [2wikimqa                 1/6] naive_65pct    (5/6)  ex   27/100  KL=0.0059  mean=0.0871  0.09ex/s  eta=13m13s  [eta=9h24m37s total]
  [2wikimqa                 1/6] naive_65pct    (5/6)  ex   28/100  KL=0.1050  mean=0.0877  0.09ex/s  eta=13m04s  [eta=9h24m32s total]
  [2wikimqa                 1/6] naive_65pct    (5/6)  ex   29/100  KL=0.2956  mean=0.0949  0.09ex/s  eta=12m59s  [eta=9h24m41s total]
  [2wikimqa                 1/6] naive_65pct    (5/6)  ex   30/100  KL=0.6943  mean=0.1149  0.09ex/s  eta=12m56s  [eta=9h24m59s total]
  [2wikimqa                 1/6] naive_65pct    (5/6)  ex   31/100  KL=0.1069  mean=0.1146  0.09ex/s  eta=12m51s  [eta=9h25m09s total]
  [2wikimqa                 1/6] naive_65pct    (5/6)  ex   32/100  KL=0.1845  mean=0.1168  0.09ex/s  eta=12m45s  [eta=9h25m20s total]
  [2wikimqa                 1/6] naive_65pct    (5/6)  ex   33/100  KL=0.0130  mean=0.1137  0.09ex/s  eta=12m39s  [eta=9h25m33s total]
  [2wikimqa                 1/6] naive_65pct    (5/6)  ex   34/100  KL=0.0178  mean=0.1108  0.09ex/s  eta=12m19s  [eta=9h24m56s total]
  [2wikimqa                 1/6] naive_65pct    (5/6)  ex   35/100  KL=0.2522  mean=0.1149  0.09ex/s  eta=12m10s  [eta=9h24m57s total]
  [2wikimqa                 1/6] naive_65pct    (5/6)  ex   36/100  KL=0.0922  mean=0.1142  0.09ex/s  eta=11m52s  [eta=9h24m20s total]
  [2wikimqa                 1/6] naive_65pct    (5/6)  ex   37/100  KL=0.0984  mean=0.1138  0.09ex/s  eta=11m44s  [eta=9h24m28s total]
  [2wikimqa                 1/6] naive_65pct    (5/6)  ex   38/100  KL=0.1905  mean=0.1158  0.09ex/s  eta=11m26s  [eta=9h23m48s total]
  [2wikimqa                 1/6] naive_65pct    (5/6)  ex   39/100  KL=0.3094  mean=0.1208  0.09ex/s  eta=11m18s  [eta=9h23m58s total]
  [2wikimqa                 1/6] naive_65pct    (5/6)  ex   40/100  KL=0.1248  mean=0.1209  0.09ex/s  eta=11m11s  [eta=9h24m09s total]
  [2wikimqa                 1/6] naive_65pct    (5/6)  ex   41/100  KL=0.1634  mean=0.1219  0.09ex/s  eta=11m04s  [eta=9h24m23s total]
  [2wikimqa                 1/6] naive_65pct    (5/6)  ex   42/100  KL=0.0436  mean=0.1201  0.09ex/s  eta=10m45s  [eta=9h23m35s total]
  [2wikimqa                 1/6] naive_65pct    (5/6)  ex   43/100  KL=0.1838  mean=0.1216  0.09ex/s  eta=10m38s  [eta=9h23m47s total]
  [2wikimqa                 1/6] naive_65pct    (5/6)  ex   44/100  KL=0.0460  mean=0.1198  0.09ex/s  eta=10m30s  [eta=9h23m59s total]
  [2wikimqa                 1/6] naive_65pct    (5/6)  ex   45/100  KL=0.2312  mean=0.1223  0.09ex/s  eta=10m18s  [eta=9h23m50s total]
  [2wikimqa                 1/6] naive_65pct    (5/6)  ex   46/100  KL=0.0159  mean=0.1200  0.09ex/s  eta=10m09s  [eta=9h23m57s total]
  [2wikimqa                 1/6] naive_65pct    (5/6)  ex   47/100  KL=0.1389  mean=0.1204  0.09ex/s  eta=9m58s  [eta=9h23m52s total]
  [2wikimqa                 1/6] naive_65pct    (5/6)  ex   48/100  KL=0.1123  mean=0.1202  0.09ex/s  eta=9m46s  [eta=9h23m41s total]
  [2wikimqa                 1/6] naive_65pct    (5/6)  ex   49/100  KL=0.0825  mean=0.1195  0.09ex/s  eta=9m26s  [eta=9h22m33s total]
  [2wikimqa                 1/6] naive_65pct    (5/6)  ex   50/100  KL=0.1127  mean=0.1193  0.09ex/s  eta=9m12s  [eta=9h22m03s total]
  [2wikimqa                 1/6] naive_65pct    (5/6)  ex   51/100  KL=0.1738  mean=0.1204  0.09ex/s  eta=9m03s  [eta=9h22m12s total]
  [2wikimqa                 1/6] naive_65pct    (5/6)  ex   52/100  KL=0.0500  mean=0.1190  0.09ex/s  eta=8m54s  [eta=9h22m21s total]
  [2wikimqa                 1/6] naive_65pct    (5/6)  ex   53/100  KL=0.0917  mean=0.1185  0.09ex/s  eta=8m42s  [eta=9h22m03s total]
  [2wikimqa                 1/6] naive_65pct    (5/6)  ex   54/100  KL=0.1650  mean=0.1194  0.09ex/s  eta=8m29s  [eta=9h21m44s total]
  [2wikimqa                 1/6] naive_65pct    (5/6)  ex   55/100  KL=0.0611  mean=0.1183  0.09ex/s  eta=8m17s  [eta=9h21m29s total]
  [2wikimqa                 1/6] naive_65pct    (5/6)  ex   56/100  KL=0.0887  mean=0.1178  0.09ex/s  eta=8m03s  [eta=9h20m51s total]
  [2wikimqa                 1/6] naive_65pct    (5/6)  ex   57/100  KL=0.2126  mean=0.1195  0.09ex/s  eta=7m52s  [eta=9h20m45s total]
  [2wikimqa                 1/6] naive_65pct    (5/6)  ex   58/100  KL=0.0292  mean=0.1179  0.09ex/s  eta=7m43s  [eta=9h20m54s total]
  [2wikimqa                 1/6] naive_65pct    (5/6)  ex   59/100  KL=0.3074  mean=0.1211  0.09ex/s  eta=7m28s  [eta=9h20m03s total]
  [2wikimqa                 1/6] naive_65pct    (5/6)  ex   60/100  KL=0.0064  mean=0.1192  0.09ex/s  eta=7m14s  [eta=9h19m22s total]
  [2wikimqa                 1/6] naive_65pct    (5/6)  ex   61/100  KL=0.0336  mean=0.1178  0.09ex/s  eta=7m05s  [eta=9h19m32s total]
  [2wikimqa                 1/6] naive_65pct    (5/6)  ex   62/100  KL=0.0979  mean=0.1175  0.09ex/s  eta=6m50s  [eta=9h18m45s total]
  [2wikimqa                 1/6] naive_65pct    (5/6)  ex   63/100  KL=0.0243  mean=0.1160  0.09ex/s  eta=6m35s  [eta=9h17m45s total]
  [2wikimqa                 1/6] naive_65pct    (5/6)  ex   64/100  KL=0.0630  mean=0.1152  0.09ex/s  eta=6m26s  [eta=9h17m57s total]
  [2wikimqa                 1/6] naive_65pct    (5/6)  ex   65/100  KL=0.0092  mean=0.1135  0.09ex/s  eta=6m11s  [eta=9h16m53s total]
  [2wikimqa                 1/6] naive_65pct    (5/6)  ex   66/100  KL=0.0362  mean=0.1124  0.09ex/s  eta=6m02s  [eta=9h17m02s total]
  [2wikimqa                 1/6] naive_65pct    (5/6)  ex   67/100  KL=0.0403  mean=0.1113  0.09ex/s  eta=5m50s  [eta=9h16m26s total]
  [2wikimqa                 1/6] naive_65pct    (5/6)  ex   68/100  KL=0.1115  mean=0.1113  0.09ex/s  eta=5m38s  [eta=9h15m57s total]
  [2wikimqa                 1/6] naive_65pct    (5/6)  ex   69/100  KL=0.2471  mean=0.1133  0.09ex/s  eta=5m27s  [eta=9h15m48s total]
  [2wikimqa                 1/6] naive_65pct    (5/6)  ex   70/100  KL=0.2433  mean=0.1151  0.09ex/s  eta=5m16s  [eta=9h15m19s total]
  [2wikimqa                 1/6] naive_65pct    (5/6)  ex   71/100  KL=0.0185  mean=0.1138  0.09ex/s  eta=5m06s  [eta=9h15m18s total]
  [2wikimqa                 1/6] naive_65pct    (5/6)  ex   72/100  KL=0.0954  mean=0.1135  0.09ex/s  eta=4m56s  [eta=9h15m25s total]
  [2wikimqa                 1/6] naive_65pct    (5/6)  ex   73/100  KL=0.1368  mean=0.1138  0.09ex/s  eta=4m47s  [eta=9h15m29s total]
  [2wikimqa                 1/6] naive_65pct    (5/6)  ex   74/100  KL=0.0063  mean=0.1124  0.10ex/s  eta=4m33s  [eta=9h14m21s total]
  [2wikimqa                 1/6] naive_65pct    (5/6)  ex   75/100  KL=0.0642  mean=0.1117  0.10ex/s  eta=4m22s  [eta=9h14m05s total]
  [2wikimqa                 1/6] naive_65pct    (5/6)  ex   76/100  KL=0.0726  mean=0.1112  0.10ex/s  eta=4m10s  [eta=9h13m29s total]
  [2wikimqa                 1/6] naive_65pct    (5/6)  ex   77/100  KL=0.1007  mean=0.1111  0.10ex/s  eta=4m01s  [eta=9h13m36s total]
  [2wikimqa                 1/6] naive_65pct    (5/6)  ex   78/100  KL=0.1124  mean=0.1111  0.10ex/s  eta=3m50s  [eta=9h13m24s total]
  [2wikimqa                 1/6] naive_65pct    (5/6)  ex   79/100  KL=0.0045  mean=0.1097  0.10ex/s  eta=3m40s  [eta=9h13m23s total]
  [2wikimqa                 1/6] naive_65pct    (5/6)  ex   80/100  KL=0.0212  mean=0.1086  0.10ex/s  eta=3m29s  [eta=9h13m01s total]
  [2wikimqa                 1/6] naive_65pct    (5/6)  ex   81/100  KL=0.0786  mean=0.1083  0.10ex/s  eta=3m19s  [eta=9h12m41s total]
  [2wikimqa                 1/6] naive_65pct    (5/6)  ex   82/100  KL=0.1065  mean=0.1082  0.10ex/s  eta=3m09s  [eta=9h12m42s total]
  [2wikimqa                 1/6] naive_65pct    (5/6)  ex   83/100  KL=0.0374  mean=0.1074  0.10ex/s  eta=2m58s  [eta=9h12m41s total]
  [2wikimqa                 1/6] naive_65pct    (5/6)  ex   84/100  KL=0.2175  mean=0.1087  0.09ex/s  eta=2m48s  [eta=9h12m50s total]
  [2wikimqa                 1/6] naive_65pct    (5/6)  ex   85/100  KL=0.1582  mean=0.1093  0.10ex/s  eta=2m37s  [eta=9h12m16s total]
  [2wikimqa                 1/6] naive_65pct    (5/6)  ex   86/100  KL=0.0049  mean=0.1081  0.09ex/s  eta=2m27s  [eta=9h12m25s total]
  [2wikimqa                 1/6] naive_65pct    (5/6)  ex   87/100  KL=0.0637  mean=0.1076  0.09ex/s  eta=2m17s  [eta=9h12m34s total]
  [2wikimqa                 1/6] naive_65pct    (5/6)  ex   88/100  KL=0.4899  mean=0.1119  0.09ex/s  eta=2m07s  [eta=9h12m42s total]
  [2wikimqa                 1/6] naive_65pct    (5/6)  ex   89/100  KL=0.0818  mean=0.1116  0.09ex/s  eta=1m57s  [eta=9h12m50s total]
  [2wikimqa                 1/6] naive_65pct    (5/6)  ex   90/100  KL=0.0037  mean=0.1104  0.09ex/s  eta=1m45s  [eta=9h12m03s total]
  [2wikimqa                 1/6] naive_65pct    (5/6)  ex   91/100  KL=0.1187  mean=0.1105  0.09ex/s  eta=1m35s  [eta=9h12m11s total]
  [2wikimqa                 1/6] naive_65pct    (5/6)  ex   92/100  KL=0.1018  mean=0.1104  0.09ex/s  eta=1m25s  [eta=9h12m19s total]
  [2wikimqa                 1/6] naive_65pct    (5/6)  ex   93/100  KL=0.2605  mean=0.1120  0.09ex/s  eta=1m14s  [eta=9h12m26s total]
  [2wikimqa                 1/6] naive_65pct    (5/6)  ex   94/100  KL=0.1015  mean=0.1119  0.09ex/s  eta=1m04s  [eta=9h12m33s total]
  [2wikimqa                 1/6] naive_65pct    (5/6)  ex   95/100  KL=0.0531  mean=0.1113  0.09ex/s  eta=53s  [eta=9h12m20s total]
  [2wikimqa                 1/6] naive_65pct    (5/6)  ex   96/100  KL=0.0524  mean=0.1106  0.09ex/s  eta=42s  [eta=9h12m26s total]
  [2wikimqa                 1/6] naive_65pct    (5/6)  ex   97/100  KL=0.0087  mean=0.1096  0.09ex/s  eta=32s  [eta=9h12m32s total]
  [2wikimqa                 1/6] naive_65pct    (5/6)  ex   98/100  KL=0.0637  mean=0.1091  0.09ex/s  eta=21s  [eta=9h11m40s total]
  [2wikimqa                 1/6] naive_65pct    (5/6)  ex   99/100  KL=0.0492  mean=0.1085  0.09ex/s  eta=10s  [eta=9h11m49s total]
  [2wikimqa                 1/6] naive_65pct    (5/6)  ex  100/100  KL=0.0592  mean=0.1080  0.09ex/s  eta=0s  [eta=9h11m23s total]
  >>> 2wikimqa / naive_65pct:  n=100  mean_KL=0.1080  [17m50s]

  [2wikimqa                 1/6] snapkv         (6/6)  ex    1/100  KL=0.2546  mean=0.2546  0.08ex/s  eta=20m23s  [eta=9h11m22s total]
  [2wikimqa                 1/6] snapkv         (6/6)  ex    2/100  KL=0.1874  mean=0.2210  0.08ex/s  eta=19m40s  [eta=9h11m18s total]
  [2wikimqa                 1/6] snapkv         (6/6)  ex    3/100  KL=0.1873  mean=0.2098  0.09ex/s  eta=18m35s  [eta=9h11m06s total]
  [2wikimqa                 1/6] snapkv         (6/6)  ex    4/100  KL=0.0841  mean=0.1784  0.09ex/s  eta=18m35s  [eta=9h11m03s total]
  [2wikimqa                 1/6] snapkv         (6/6)  ex    5/100  KL=0.0912  mean=0.1609  0.09ex/s  eta=18m33s  [eta=9h11m01s total]
  [2wikimqa                 1/6] snapkv         (6/6)  ex    6/100  KL=0.2548  mean=0.1766  0.08ex/s  eta=18m27s  [eta=9h11m00s total]
  [2wikimqa                 1/6] snapkv         (6/6)  ex    7/100  KL=0.2117  mean=0.1816  0.08ex/s  eta=18m21s  [eta=9h10m58s total]
  [2wikimqa                 1/6] snapkv         (6/6)  ex    8/100  KL=0.1036  mean=0.1718  0.08ex/s  eta=18m12s  [eta=9h10m56s total]
  [2wikimqa                 1/6] snapkv         (6/6)  ex    9/100  KL=0.0794  mean=0.1616  0.09ex/s  eta=17m35s  [eta=9h10m37s total]
  [2wikimqa                 1/6] snapkv         (6/6)  ex   10/100  KL=0.3116  mean=0.1766  0.09ex/s  eta=17m27s  [eta=9h10m34s total]
  [2wikimqa                 1/6] snapkv         (6/6)  ex   11/100  KL=0.0220  mean=0.1625  0.09ex/s  eta=17m18s  [eta=9h10m32s total]
  [2wikimqa                 1/6] snapkv         (6/6)  ex   12/100  KL=0.1605  mean=0.1623  0.09ex/s  eta=16m47s  [eta=9h10m11s total]
  [2wikimqa                 1/6] snapkv         (6/6)  ex   13/100  KL=0.0665  mean=0.1550  0.09ex/s  eta=15m44s  [eta=9h09m18s total]
  [2wikimqa                 1/6] snapkv         (6/6)  ex   14/100  KL=0.3188  mean=0.1667  0.09ex/s  eta=15m15s  [eta=9h08m51s total]
  [2wikimqa                 1/6] snapkv         (6/6)  ex   15/100  KL=0.0809  mean=0.1610  0.09ex/s  eta=15m03s  [eta=9h08m39s total]
  [2wikimqa                 1/6] snapkv         (6/6)  ex   16/100  KL=0.1278  mean=0.1589  0.09ex/s  eta=15m00s  [eta=9h08m37s total]
  [2wikimqa                 1/6] snapkv         (6/6)  ex   17/100  KL=0.0166  mean=0.1505  0.10ex/s  eta=14m15s  [eta=9h07m44s total]
  [2wikimqa                 1/6] snapkv         (6/6)  ex   18/100  KL=0.0349  mean=0.1441  0.10ex/s  eta=14m12s  [eta=9h07m41s total]
  [2wikimqa                 1/6] snapkv         (6/6)  ex   19/100  KL=0.0243  mean=0.1378  0.10ex/s  eta=13m21s  [eta=9h06m32s total]
  [2wikimqa                 1/6] snapkv         (6/6)  ex   20/100  KL=0.2337  mean=0.1426  0.10ex/s  eta=13m04s  [eta=9h06m07s total]
  [2wikimqa                 1/6] snapkv         (6/6)  ex   21/100  KL=0.0520  mean=0.1383  0.10ex/s  eta=12m41s  [eta=9h05m30s total]
  [2wikimqa                 1/6] snapkv         (6/6)  ex   22/100  KL=0.1436  mean=0.1385  0.10ex/s  eta=12m40s  [eta=9h05m28s total]
  [2wikimqa                 1/6] snapkv         (6/6)  ex   23/100  KL=0.0603  mean=0.1351  0.10ex/s  eta=12m38s  [eta=9h05m26s total]
  [2wikimqa                 1/6] snapkv         (6/6)  ex   24/100  KL=0.1024  mean=0.1337  0.10ex/s  eta=12m35s  [eta=9h05m24s total]
  [2wikimqa                 1/6] snapkv         (6/6)  ex   25/100  KL=0.0351  mean=0.1298  0.10ex/s  eta=12m31s  [eta=9h05m20s total]
  [2wikimqa                 1/6] snapkv         (6/6)  ex   26/100  KL=0.0793  mean=0.1279  0.10ex/s  eta=11m59s  [eta=9h04m22s total]
  [2wikimqa                 1/6] snapkv         (6/6)  ex   27/100  KL=0.0534  mean=0.1251  0.10ex/s  eta=11m43s  [eta=9h03m52s total]
  [2wikimqa                 1/6] snapkv         (6/6)  ex   28/100  KL=0.1438  mean=0.1258  0.10ex/s  eta=11m33s  [eta=9h03m34s total]
  [2wikimqa                 1/6] snapkv         (6/6)  ex   29/100  KL=0.3495  mean=0.1335  0.10ex/s  eta=11m27s  [eta=9h03m26s total]
  [2wikimqa                 1/6] snapkv         (6/6)  ex   30/100  KL=0.5252  mean=0.1465  0.10ex/s  eta=11m24s  [eta=9h03m26s total]
  [2wikimqa                 1/6] snapkv         (6/6)  ex   31/100  KL=0.0694  mean=0.1441  0.10ex/s  eta=11m18s  [eta=9h03m23s total]
  [2wikimqa                 1/6] snapkv         (6/6)  ex   32/100  KL=0.1568  mean=0.1445  0.10ex/s  eta=11m13s  [eta=9h03m19s total]
  [2wikimqa                 1/6] snapkv         (6/6)  ex   33/100  KL=0.0920  mean=0.1429  0.10ex/s  eta=11m07s  [eta=9h03m17s total]
  [2wikimqa                 1/6] snapkv         (6/6)  ex   34/100  KL=0.1531  mean=0.1432  0.10ex/s  eta=10m51s  [eta=9h02m43s total]
  [2wikimqa                 1/6] snapkv         (6/6)  ex   35/100  KL=0.2099  mean=0.1451  0.10ex/s  eta=10m42s  [eta=9h02m32s total]
  [2wikimqa                 1/6] snapkv         (6/6)  ex   36/100  KL=0.1430  mean=0.1450  0.10ex/s  eta=10m27s  [eta=9h02m01s total]
  [2wikimqa                 1/6] snapkv         (6/6)  ex   37/100  KL=0.1238  mean=0.1444  0.10ex/s  eta=10m20s  [eta=9h01m56s total]
  [2wikimqa                 1/6] snapkv         (6/6)  ex   38/100  KL=0.0689  mean=0.1425  0.10ex/s  eta=10m05s  [eta=9h01m22s total]
  [2wikimqa                 1/6] snapkv         (6/6)  ex   39/100  KL=0.2948  mean=0.1464  0.10ex/s  eta=9m59s  [eta=9h01m20s total]
  [2wikimqa                 1/6] snapkv         (6/6)  ex   40/100  KL=0.1912  mean=0.1475  0.10ex/s  eta=9m52s  [eta=9h01m16s total]
  [2wikimqa                 1/6] snapkv         (6/6)  ex   41/100  KL=0.1694  mean=0.1480  0.10ex/s  eta=9m46s  [eta=9h01m14s total]
  [2wikimqa                 1/6] snapkv         (6/6)  ex   42/100  KL=0.0111  mean=0.1448  0.10ex/s  eta=9m30s  [eta=9h00m36s total]
  [2wikimqa                 1/6] snapkv         (6/6)  ex   43/100  KL=0.2140  mean=0.1464  0.10ex/s  eta=9m23s  [eta=9h00m32s total]
  [2wikimqa                 1/6] snapkv         (6/6)  ex   44/100  KL=0.0151  mean=0.1434  0.10ex/s  eta=9m16s  [eta=9h00m31s total]
  [2wikimqa                 1/6] snapkv         (6/6)  ex   45/100  KL=0.1246  mean=0.1430  0.10ex/s  eta=9m05s  [eta=9h00m12s total]
  [2wikimqa                 1/6] snapkv         (6/6)  ex   46/100  KL=0.0340  mean=0.1406  0.10ex/s  eta=8m58s  [eta=9h00m10s total]
  [2wikimqa                 1/6] snapkv         (6/6)  ex   47/100  KL=0.3695  mean=0.1455  0.10ex/s  eta=8m48s  [eta=8h59m56s total]
  [2wikimqa                 1/6] snapkv         (6/6)  ex   48/100  KL=0.1228  mean=0.1450  0.10ex/s  eta=8m37s  [eta=8h59m36s total]
  [2wikimqa                 1/6] snapkv         (6/6)  ex   49/100  KL=0.0368  mean=0.1428  0.10ex/s  eta=8m19s  [eta=8h58m42s total]
  [2wikimqa                 1/6] snapkv         (6/6)  ex   50/100  KL=0.0652  mean=0.1412  0.10ex/s  eta=8m07s  [eta=8h58m14s total]
  [2wikimqa                 1/6] snapkv         (6/6)  ex   51/100  KL=0.2305  mean=0.1430  0.10ex/s  eta=8m00s  [eta=8h58m12s total]
  [2wikimqa                 1/6] snapkv         (6/6)  ex   52/100  KL=0.1130  mean=0.1424  0.10ex/s  eta=7m52s  [eta=8h58m10s total]
  [2wikimqa                 1/6] snapkv         (6/6)  ex   53/100  KL=0.0686  mean=0.1410  0.10ex/s  eta=7m41s  [eta=8h57m48s total]
  [2wikimqa                 1/6] snapkv         (6/6)  ex   54/100  KL=0.2044  mean=0.1422  0.10ex/s  eta=7m30s  [eta=8h57m26s total]
  [2wikimqa                 1/6] snapkv         (6/6)  ex   55/100  KL=0.0527  mean=0.1406  0.10ex/s  eta=7m20s  [eta=8h57m08s total]
  [2wikimqa                 1/6] snapkv         (6/6)  ex   56/100  KL=0.0749  mean=0.1394  0.10ex/s  eta=7m07s  [eta=8h56m35s total]
  [2wikimqa                 1/6] snapkv         (6/6)  ex   57/100  KL=0.1764  mean=0.1400  0.10ex/s  eta=6m58s  [eta=8h56m23s total]
  [2wikimqa                 1/6] snapkv         (6/6)  ex   58/100  KL=0.0430  mean=0.1384  0.10ex/s  eta=6m50s  [eta=8h56m19s total]
  [2wikimqa                 1/6] snapkv         (6/6)  ex   59/100  KL=0.0610  mean=0.1371  0.10ex/s  eta=6m37s  [eta=8h55m37s total]
  [2wikimqa                 1/6] snapkv         (6/6)  ex   60/100  KL=0.0533  mean=0.1357  0.10ex/s  eta=6m25s  [eta=8h55m06s total]
  [2wikimqa                 1/6] snapkv         (6/6)  ex   61/100  KL=0.0425  mean=0.1341  0.10ex/s  eta=6m17s  [eta=8h55m03s total]
  [2wikimqa                 1/6] snapkv         (6/6)  ex   62/100  KL=0.0338  mean=0.1325  0.10ex/s  eta=6m05s  [eta=8h54m25s total]
  [2wikimqa                 1/6] snapkv         (6/6)  ex   63/100  KL=0.0139  mean=0.1306  0.11ex/s  eta=5m52s  [eta=8h53m39s total]
  [2wikimqa                 1/6] snapkv         (6/6)  ex   64/100  KL=0.1153  mean=0.1304  0.10ex/s  eta=5m44s  [eta=8h53m35s total]
  [2wikimqa                 1/6] snapkv         (6/6)  ex   65/100  KL=0.0371  mean=0.1290  0.11ex/s  eta=5m31s  [eta=8h52m46s total]
  [2wikimqa                 1/6] snapkv         (6/6)  ex   66/100  KL=0.0468  mean=0.1277  0.11ex/s  eta=5m22s  [eta=8h52m43s total]
  [2wikimqa                 1/6] snapkv         (6/6)  ex   67/100  KL=0.1089  mean=0.1274  0.11ex/s  eta=5m12s  [eta=8h52m12s total]
  [2wikimqa                 1/6] snapkv         (6/6)  ex   68/100  KL=0.1505  mean=0.1278  0.11ex/s  eta=5m01s  [eta=8h51m45s total]
  [2wikimqa                 1/6] snapkv         (6/6)  ex   69/100  KL=0.2325  mean=0.1293  0.11ex/s  eta=4m52s  [eta=8h51m31s total]
  [2wikimqa                 1/6] snapkv         (6/6)  ex   70/100  KL=0.3182  mean=0.1320  0.11ex/s  eta=4m42s  [eta=8h51m05s total]
  [2wikimqa                 1/6] snapkv         (6/6)  ex   71/100  KL=0.0950  mean=0.1315  0.11ex/s  eta=4m33s  [eta=8h50m53s total]
  [2wikimqa                 1/6] snapkv         (6/6)  ex   72/100  KL=0.0900  mean=0.1309  0.11ex/s  eta=4m24s  [eta=8h50m49s total]
  [2wikimqa                 1/6] snapkv         (6/6)  ex   73/100  KL=0.3182  mean=0.1335  0.11ex/s  eta=4m15s  [eta=8h50m44s total]
  [2wikimqa                 1/6] snapkv         (6/6)  ex   74/100  KL=0.0607  mean=0.1325  0.11ex/s  eta=4m03s  [eta=8h49m42s total]
  [2wikimqa                 1/6] snapkv         (6/6)  ex   75/100  KL=0.0894  mean=0.1319  0.11ex/s  eta=3m53s  [eta=8h49m23s total]
  [2wikimqa                 1/6] snapkv         (6/6)  ex   76/100  KL=0.0632  mean=0.1310  0.11ex/s  eta=3m43s  [eta=8h48m53s total]
  [2wikimqa                 1/6] snapkv         (6/6)  ex   77/100  KL=0.1214  mean=0.1309  0.11ex/s  eta=3m35s  [eta=8h48m50s total]
  [2wikimqa                 1/6] snapkv         (6/6)  ex   78/100  KL=0.1669  mean=0.1313  0.11ex/s  eta=3m25s  [eta=8h48m34s total]
  [2wikimqa                 1/6] snapkv         (6/6)  ex   79/100  KL=0.0203  mean=0.1299  0.11ex/s  eta=3m17s  [eta=8h48m33s total]
  [2wikimqa                 1/6] snapkv         (6/6)  ex   80/100  KL=0.1691  mean=0.1304  0.11ex/s  eta=3m07s  [eta=8h48m13s total]
  [2wikimqa                 1/6] snapkv         (6/6)  ex   81/100  KL=0.2655  mean=0.1321  0.11ex/s  eta=2m58s  [eta=8h47m53s total]
  [2wikimqa                 1/6] snapkv         (6/6)  ex   82/100  KL=0.1225  mean=0.1320  0.11ex/s  eta=2m49s  [eta=8h47m43s total]
  [2wikimqa                 1/6] snapkv         (6/6)  ex   83/100  KL=0.0631  mean=0.1311  0.11ex/s  eta=2m40s  [eta=8h47m37s total]
  [2wikimqa                 1/6] snapkv         (6/6)  ex   84/100  KL=0.1833  mean=0.1318  0.11ex/s  eta=2m31s  [eta=8h47m35s total]
  [2wikimqa                 1/6] snapkv         (6/6)  ex   85/100  KL=0.0900  mean=0.1313  0.11ex/s  eta=2m21s  [eta=8h47m13s total]
  [2wikimqa                 1/6] snapkv         (6/6)  ex   86/100  KL=0.0265  mean=0.1300  0.11ex/s  eta=2m12s  [eta=8h47m10s total]
  [2wikimqa                 1/6] snapkv         (6/6)  ex   87/100  KL=0.0747  mean=0.1294  0.11ex/s  eta=2m03s  [eta=8h47m09s total]
  [2wikimqa                 1/6] snapkv         (6/6)  ex   88/100  KL=0.1637  mean=0.1298  0.10ex/s  eta=1m54s  [eta=8h47m08s total]
  [2wikimqa                 1/6] snapkv         (6/6)  ex   89/100  KL=0.2777  mean=0.1315  0.10ex/s  eta=1m45s  [eta=8h47m06s total]
  [2wikimqa                 1/6] snapkv         (6/6)  ex   90/100  KL=0.0136  mean=0.1302  0.11ex/s  eta=1m35s  [eta=8h46m34s total]
  [2wikimqa                 1/6] snapkv         (6/6)  ex   91/100  KL=0.1059  mean=0.1299  0.10ex/s  eta=1m25s  [eta=8h46m32s total]
  [2wikimqa                 1/6] snapkv         (6/6)  ex   92/100  KL=0.1379  mean=0.1300  0.10ex/s  eta=1m16s  [eta=8h46m30s total]
  [2wikimqa                 1/6] snapkv         (6/6)  ex   93/100  KL=0.2325  mean=0.1311  0.10ex/s  eta=1m07s  [eta=8h46m27s total]
  [2wikimqa                 1/6] snapkv         (6/6)  ex   94/100  KL=0.2179  mean=0.1320  0.10ex/s  eta=57s  [eta=8h46m26s total]
  [2wikimqa                 1/6] snapkv         (6/6)  ex   95/100  KL=0.0775  mean=0.1314  0.10ex/s  eta=48s  [eta=8h46m09s total]
  [2wikimqa                 1/6] snapkv         (6/6)  ex   96/100  KL=0.0628  mean=0.1307  0.10ex/s  eta=38s  [eta=8h46m06s total]
  [2wikimqa                 1/6] snapkv         (6/6)  ex   97/100  KL=0.0580  mean=0.1300  0.10ex/s  eta=29s  [eta=8h46m03s total]
  [2wikimqa                 1/6] snapkv         (6/6)  ex   98/100  KL=0.0570  mean=0.1292  0.10ex/s  eta=19s  [eta=8h45m22s total]
  [2wikimqa                 1/6] snapkv         (6/6)  ex   99/100  KL=0.0455  mean=0.1284  0.10ex/s  eta=9s  [eta=8h45m19s total]
  [2wikimqa                 1/6] snapkv         (6/6)  ex  100/100  KL=0.2485  mean=0.1296  0.10ex/s  eta=0s  [eta=8h44m55s total]
  >>> 2wikimqa / snapkv:  n=100  mean_KL=0.1296  [16m03s]

  [multifieldqa_en          2/6] phrase_w32_t0  (1/6)  ex    1/100  KL=0.0026  mean=0.0026  0.27ex/s  eta=6m11s  [eta=8h44m11s total]
  [multifieldqa_en          2/6] phrase_w32_t0  (1/6)  ex    2/100  KL=0.0279  mean=0.0153  0.10ex/s  eta=15m42s  [eta=8h44m25s total]
  [multifieldqa_en          2/6] phrase_w32_t0  (1/6)  ex    3/100  KL=0.0074  mean=0.0126  0.09ex/s  eta=18m51s  [eta=8h44m41s total]
  [multifieldqa_en          2/6] phrase_w32_t0  (1/6)  ex    4/100  KL=0.0346  mean=0.0181  0.08ex/s  eta=20m15s  [eta=8h44m56s total]
  [multifieldqa_en          2/6] phrase_w32_t0  (1/6)  ex    5/100  KL=0.0826  mean=0.0310  0.08ex/s  eta=21m00s  [eta=8h45m11s total]
  [multifieldqa_en          2/6] phrase_w32_t0  (1/6)  ex    6/100  KL=0.1579  mean=0.0522  0.07ex/s  eta=21m26s  [eta=8h45m26s total]
  [multifieldqa_en          2/6] phrase_w32_t0  (1/6)  ex    7/100  KL=0.2219  mean=0.0764  0.07ex/s  eta=21m30s  [eta=8h45m38s total]
  [multifieldqa_en          2/6] phrase_w32_t0  (1/6)  ex    8/100  KL=0.0130  mean=0.0685  0.08ex/s  eta=19m09s  [eta=8h44m50s total]
  [multifieldqa_en          2/6] phrase_w32_t0  (1/6)  ex    9/100  KL=0.1452  mean=0.0770  0.09ex/s  eta=17m34s  [eta=8h44m08s total]
  [multifieldqa_en          2/6] phrase_w32_t0  (1/6)  ex   10/100  KL=0.0123  mean=0.0705  0.08ex/s  eta=17m56s  [eta=8h44m21s total]
  [multifieldqa_en          2/6] phrase_w32_t0  (1/6)  ex   11/100  KL=0.0170  mean=0.0657  0.08ex/s  eta=18m12s  [eta=8h44m35s total]
  [multifieldqa_en          2/6] phrase_w32_t0  (1/6)  ex   12/100  KL=0.0136  mean=0.0613  0.08ex/s  eta=18m23s  [eta=8h44m49s total]
  [multifieldqa_en          2/6] phrase_w32_t0  (1/6)  ex   13/100  KL=0.0084  mean=0.0573  0.08ex/s  eta=18m30s  [eta=8h45m02s total]
  [multifieldqa_en          2/6] phrase_w32_t0  (1/6)  ex   14/100  KL=0.5124  mean=0.0898  0.08ex/s  eta=18m20s  [eta=8h45m04s total]
  [multifieldqa_en          2/6] phrase_w32_t0  (1/6)  ex   15/100  KL=0.2102  mean=0.0978  0.08ex/s  eta=18m24s  [eta=8h45m19s total]
  [multifieldqa_en          2/6] phrase_w32_t0  (1/6)  ex   16/100  KL=0.0699  mean=0.0961  0.08ex/s  eta=17m31s  [eta=8h44m44s total]
  [multifieldqa_en          2/6] phrase_w32_t0  (1/6)  ex   17/100  KL=0.3205  mean=0.1093  0.08ex/s  eta=17m32s  [eta=8h44m56s total]
  [multifieldqa_en          2/6] phrase_w32_t0  (1/6)  ex   18/100  KL=0.0988  mean=0.1087  0.08ex/s  eta=17m25s  [eta=8h45m01s total]
  [multifieldqa_en          2/6] phrase_w32_t0  (1/6)  ex   19/100  KL=0.0834  mean=0.1074  0.08ex/s  eta=17m24s  [eta=8h45m15s total]
  [multifieldqa_en          2/6] phrase_w32_t0  (1/6)  ex   20/100  KL=0.0692  mean=0.1055  0.08ex/s  eta=16m49s  [eta=8h44m49s total]
  [multifieldqa_en          2/6] phrase_w32_t0  (1/6)  ex   21/100  KL=0.0031  mean=0.1006  0.08ex/s  eta=15m59s  [eta=8h44m01s total]
  [multifieldqa_en          2/6] phrase_w32_t0  (1/6)  ex   22/100  KL=0.3932  mean=0.1139  0.08ex/s  eta=15m59s  [eta=8h44m14s total]
  [multifieldqa_en          2/6] phrase_w32_t0  (1/6)  ex   23/100  KL=0.0552  mean=0.1113  0.08ex/s  eta=15m46s  [eta=8h44m10s total]
  [multifieldqa_en          2/6] phrase_w32_t0  (1/6)  ex   24/100  KL=0.5601  mean=0.1300  0.08ex/s  eta=15m26s  [eta=8h43m57s total]
  [multifieldqa_en          2/6] phrase_w32_t0  (1/6)  ex   25/100  KL=0.1051  mean=0.1290  0.08ex/s  eta=15m24s  [eta=8h44m10s total]
  [multifieldqa_en          2/6] phrase_w32_t0  (1/6)  ex   26/100  KL=0.2642  mean=0.1342  0.08ex/s  eta=15m17s  [eta=8h44m17s total]
  [multifieldqa_en          2/6] phrase_w32_t0  (1/6)  ex   27/100  KL=0.3175  mean=0.1410  0.08ex/s  eta=15m10s  [eta=8h44m24s total]
  [multifieldqa_en          2/6] phrase_w32_t0  (1/6)  ex   28/100  KL=0.0248  mean=0.1369  0.08ex/s  eta=15m05s  [eta=8h44m36s total]
  [multifieldqa_en          2/6] phrase_w32_t0  (1/6)  ex   29/100  KL=0.0429  mean=0.1336  0.08ex/s  eta=15m00s  [eta=8h44m49s total]
  [multifieldqa_en          2/6] phrase_w32_t0  (1/6)  ex   30/100  KL=0.0106  mean=0.1295  0.08ex/s  eta=14m54s  [eta=8h45m02s total]
  [multifieldqa_en          2/6] phrase_w32_t0  (1/6)  ex   31/100  KL=0.0166  mean=0.1259  0.08ex/s  eta=14m28s  [eta=8h44m35s total]
  [multifieldqa_en          2/6] phrase_w32_t0  (1/6)  ex   32/100  KL=0.0266  mean=0.1228  0.08ex/s  eta=14m14s  [eta=8h44m29s total]
  [multifieldqa_en          2/6] phrase_w32_t0  (1/6)  ex   33/100  KL=0.3165  mean=0.1286  0.08ex/s  eta=14m07s  [eta=8h44m42s total]
  [multifieldqa_en          2/6] phrase_w32_t0  (1/6)  ex   34/100  KL=0.0404  mean=0.1261  0.08ex/s  eta=13m55s  [eta=8h44m41s total]
  [multifieldqa_en          2/6] phrase_w32_t0  (1/6)  ex   35/100  KL=0.0152  mean=0.1229  0.08ex/s  eta=13m47s  [eta=8h44m53s total]
  [multifieldqa_en          2/6] phrase_w32_t0  (1/6)  ex   36/100  KL=0.4924  mean=0.1331  0.08ex/s  eta=13m33s  [eta=8h44m48s total]
  [multifieldqa_en          2/6] phrase_w32_t0  (1/6)  ex   37/100  KL=0.0287  mean=0.1303  0.08ex/s  eta=13m06s  [eta=8h44m08s total]
  [multifieldqa_en          2/6] phrase_w32_t0  (1/6)  ex   38/100  KL=0.0238  mean=0.1275  0.08ex/s  eta=12m58s  [eta=8h44m20s total]
  [multifieldqa_en          2/6] phrase_w32_t0  (1/6)  ex   39/100  KL=0.0091  mean=0.1245  0.08ex/s  eta=12m46s  [eta=8h44m20s total]
  [multifieldqa_en          2/6] phrase_w32_t0  (1/6)  ex   40/100  KL=0.0975  mean=0.1238  0.08ex/s  eta=12m25s  [eta=8h43m53s total]
  [multifieldqa_en          2/6] phrase_w32_t0  (1/6)  ex   41/100  KL=0.0253  mean=0.1214  0.08ex/s  eta=12m07s  [eta=8h43m32s total]
  [multifieldqa_en          2/6] phrase_w32_t0  (1/6)  ex   42/100  KL=0.0045  mean=0.1186  0.08ex/s  eta=11m40s  [eta=8h42m40s total]
  [multifieldqa_en          2/6] phrase_w32_t0  (1/6)  ex   43/100  KL=0.0749  mean=0.1176  0.08ex/s  eta=11m27s  [eta=8h42m32s total]
  [multifieldqa_en          2/6] phrase_w32_t0  (1/6)  ex   44/100  KL=0.0229  mean=0.1155  0.08ex/s  eta=11m16s  [eta=8h42m31s total]
  [multifieldqa_en          2/6] phrase_w32_t0  (1/6)  ex   45/100  KL=0.0214  mean=0.1134  0.08ex/s  eta=11m08s  [eta=8h42m44s total]
  [multifieldqa_en          2/6] phrase_w32_t0  (1/6)  ex   46/100  KL=0.0966  mean=0.1130  0.08ex/s  eta=10m58s  [eta=8h42m48s total]
  [multifieldqa_en          2/6] phrase_w32_t0  (1/6)  ex   47/100  KL=0.0511  mean=0.1117  0.08ex/s  eta=10m48s  [eta=8h42m54s total]
  [multifieldqa_en          2/6] phrase_w32_t0  (1/6)  ex   48/100  KL=0.1383  mean=0.1122  0.08ex/s  eta=10m39s  [eta=8h43m04s total]
  [multifieldqa_en          2/6] phrase_w32_t0  (1/6)  ex   49/100  KL=0.1621  mean=0.1133  0.08ex/s  eta=10m20s  [eta=8h42m31s total]
  [multifieldqa_en          2/6] phrase_w32_t0  (1/6)  ex   50/100  KL=0.0413  mean=0.1118  0.08ex/s  eta=10m03s  [eta=8h42m06s total]
  [multifieldqa_en          2/6] phrase_w32_t0  (1/6)  ex   51/100  KL=0.2370  mean=0.1143  0.08ex/s  eta=9m44s  [eta=8h41m32s total]
  [multifieldqa_en          2/6] phrase_w32_t0  (1/6)  ex   52/100  KL=0.1083  mean=0.1142  0.08ex/s  eta=9m35s  [eta=8h41m41s total]
  [multifieldqa_en          2/6] phrase_w32_t0  (1/6)  ex   53/100  KL=0.0366  mean=0.1127  0.08ex/s  eta=9m26s  [eta=8h41m53s total]
  [multifieldqa_en          2/6] phrase_w32_t0  (1/6)  ex   54/100  KL=0.2787  mean=0.1158  0.08ex/s  eta=9m09s  [eta=8h41m18s total]
  [multifieldqa_en          2/6] phrase_w32_t0  (1/6)  ex   55/100  KL=0.0875  mean=0.1153  0.08ex/s  eta=8m52s  [eta=8h40m48s total]
  [multifieldqa_en          2/6] phrase_w32_t0  (1/6)  ex   56/100  KL=0.0086  mean=0.1133  0.09ex/s  eta=8m33s  [eta=8h39m59s total]
  [multifieldqa_en          2/6] phrase_w32_t0  (1/6)  ex   57/100  KL=0.2460  mean=0.1157  0.09ex/s  eta=8m19s  [eta=8h39m41s total]
  [multifieldqa_en          2/6] phrase_w32_t0  (1/6)  ex   58/100  KL=0.2295  mean=0.1176  0.09ex/s  eta=8m03s  [eta=8h39m09s total]
  [multifieldqa_en          2/6] phrase_w32_t0  (1/6)  ex   59/100  KL=6.2318  mean=0.2213  0.09ex/s  eta=7m44s  [eta=8h38m15s total]
  [multifieldqa_en          2/6] phrase_w32_t0  (1/6)  ex   60/100  KL=0.0829  mean=0.2190  0.09ex/s  eta=7m31s  [eta=8h37m59s total]
  [multifieldqa_en          2/6] phrase_w32_t0  (1/6)  ex   61/100  KL=0.0380  mean=0.2160  0.09ex/s  eta=7m23s  [eta=8h38m11s total]
  [multifieldqa_en          2/6] phrase_w32_t0  (1/6)  ex   62/100  KL=0.0100  mean=0.2127  0.09ex/s  eta=7m14s  [eta=8h38m24s total]
  [multifieldqa_en          2/6] phrase_w32_t0  (1/6)  ex   63/100  KL=0.0052  mean=0.2094  0.09ex/s  eta=6m58s  [eta=8h37m40s total]
  [multifieldqa_en          2/6] phrase_w32_t0  (1/6)  ex   64/100  KL=0.0177  mean=0.2064  0.09ex/s  eta=6m44s  [eta=8h37m11s total]
  [multifieldqa_en          2/6] phrase_w32_t0  (1/6)  ex   65/100  KL=0.1094  mean=0.2049  0.09ex/s  eta=6m29s  [eta=8h36m32s total]
  [multifieldqa_en          2/6] phrase_w32_t0  (1/6)  ex   66/100  KL=0.1197  mean=0.2036  0.09ex/s  eta=6m20s  [eta=8h36m43s total]
  [multifieldqa_en          2/6] phrase_w32_t0  (1/6)  ex   67/100  KL=0.0328  mean=0.2011  0.09ex/s  eta=6m11s  [eta=8h36m54s total]
  [multifieldqa_en          2/6] phrase_w32_t0  (1/6)  ex   68/100  KL=0.0098  mean=0.1982  0.09ex/s  eta=6m02s  [eta=8h37m05s total]
  [multifieldqa_en          2/6] phrase_w32_t0  (1/6)  ex   69/100  KL=0.3272  mean=0.2001  0.09ex/s  eta=5m48s  [eta=8h36m39s total]
  [multifieldqa_en          2/6] phrase_w32_t0  (1/6)  ex   70/100  KL=0.0284  mean=0.1977  0.09ex/s  eta=5m37s  [eta=8h36m33s total]
  [multifieldqa_en          2/6] phrase_w32_t0  (1/6)  ex   71/100  KL=0.0892  mean=0.1961  0.09ex/s  eta=5m23s  [eta=8h35m55s total]
  [multifieldqa_en          2/6] phrase_w32_t0  (1/6)  ex   72/100  KL=0.0038  mean=0.1935  0.09ex/s  eta=5m08s  [eta=8h35m07s total]
  [multifieldqa_en          2/6] phrase_w32_t0  (1/6)  ex   73/100  KL=0.0106  mean=0.1910  0.09ex/s  eta=4m58s  [eta=8h35m11s total]
  [multifieldqa_en          2/6] phrase_w32_t0  (1/6)  ex   74/100  KL=0.1333  mean=0.1902  0.09ex/s  eta=4m49s  [eta=8h35m22s total]
  [multifieldqa_en          2/6] phrase_w32_t0  (1/6)  ex   75/100  KL=0.0285  mean=0.1880  0.09ex/s  eta=4m39s  [eta=8h35m32s total]
  [multifieldqa_en          2/6] phrase_w32_t0  (1/6)  ex   76/100  KL=0.0399  mean=0.1861  0.09ex/s  eta=4m28s  [eta=8h35m29s total]
  [multifieldqa_en          2/6] phrase_w32_t0  (1/6)  ex   77/100  KL=0.8653  mean=0.1949  0.09ex/s  eta=4m15s  [eta=8h34m51s total]
  [multifieldqa_en          2/6] phrase_w32_t0  (1/6)  ex   78/100  KL=0.0283  mean=0.1928  0.09ex/s  eta=4m05s  [eta=8h34m55s total]
  [multifieldqa_en          2/6] phrase_w32_t0  (1/6)  ex   79/100  KL=0.0230  mean=0.1906  0.09ex/s  eta=3m53s  [eta=8h34m40s total]
  [multifieldqa_en          2/6] phrase_w32_t0  (1/6)  ex   80/100  KL=0.0459  mean=0.1888  0.09ex/s  eta=3m43s  [eta=8h34m49s total]
  [multifieldqa_en          2/6] phrase_w32_t0  (1/6)  ex   81/100  KL=0.0055  mean=0.1865  0.09ex/s  eta=3m33s  [eta=8h34m59s total]
  [multifieldqa_en          2/6] phrase_w32_t0  (1/6)  ex   82/100  KL=0.0858  mean=0.1853  0.09ex/s  eta=3m23s  [eta=8h35m10s total]
  [multifieldqa_en          2/6] phrase_w32_t0  (1/6)  ex   83/100  KL=0.0777  mean=0.1840  0.09ex/s  eta=3m11s  [eta=8h34m53s total]
  [multifieldqa_en          2/6] phrase_w32_t0  (1/6)  ex   84/100  KL=0.0215  mean=0.1821  0.09ex/s  eta=2m58s  [eta=8h34m13s total]
  [multifieldqa_en          2/6] phrase_w32_t0  (1/6)  ex   85/100  KL=0.1463  mean=0.1817  0.09ex/s  eta=2m47s  [eta=8h33m58s total]
  [multifieldqa_en          2/6] phrase_w32_t0  (1/6)  ex   86/100  KL=0.3501  mean=0.1836  0.09ex/s  eta=2m36s  [eta=8h34m06s total]
  [multifieldqa_en          2/6] phrase_w32_t0  (1/6)  ex   87/100  KL=0.0331  mean=0.1819  0.09ex/s  eta=2m24s  [eta=8h33m27s total]
  [multifieldqa_en          2/6] phrase_w32_t0  (1/6)  ex   88/100  KL=0.0142  mean=0.1800  0.09ex/s  eta=2m12s  [eta=8h32m38s total]
  [multifieldqa_en          2/6] phrase_w32_t0  (1/6)  ex   89/100  KL=0.0241  mean=0.1782  0.09ex/s  eta=2m01s  [eta=8h32m43s total]
  [multifieldqa_en          2/6] phrase_w32_t0  (1/6)  ex   90/100  KL=0.0455  mean=0.1768  0.09ex/s  eta=1m50s  [eta=8h32m52s total]
  [multifieldqa_en          2/6] phrase_w32_t0  (1/6)  ex   91/100  KL=0.0126  mean=0.1749  0.09ex/s  eta=1m40s  [eta=8h32m57s total]
  [multifieldqa_en          2/6] phrase_w32_t0  (1/6)  ex   92/100  KL=0.0456  mean=0.1735  0.09ex/s  eta=1m29s  [eta=8h33m06s total]
  [multifieldqa_en          2/6] phrase_w32_t0  (1/6)  ex   93/100  KL=0.0117  mean=0.1718  0.09ex/s  eta=1m18s  [eta=8h33m16s total]
  [multifieldqa_en          2/6] phrase_w32_t0  (1/6)  ex   94/100  KL=0.0280  mean=0.1703  0.09ex/s  eta=1m06s  [eta=8h32m46s total]
  [multifieldqa_en          2/6] phrase_w32_t0  (1/6)  ex   95/100  KL=0.0889  mean=0.1694  0.09ex/s  eta=55s  [eta=8h32m55s total]
  [multifieldqa_en          2/6] phrase_w32_t0  (1/6)  ex   96/100  KL=0.0709  mean=0.1684  0.09ex/s  eta=44s  [eta=8h32m58s total]
  [multifieldqa_en          2/6] phrase_w32_t0  (1/6)  ex   97/100  KL=0.0247  mean=0.1669  0.09ex/s  eta=33s  [eta=8h32m35s total]
  [multifieldqa_en          2/6] phrase_w32_t0  (1/6)  ex   98/100  KL=0.3210  mean=0.1685  0.09ex/s  eta=22s  [eta=8h32m43s total]
  [multifieldqa_en          2/6] phrase_w32_t0  (1/6)  ex   99/100  KL=0.0128  mean=0.1669  0.09ex/s  eta=11s  [eta=8h32m18s total]
  [multifieldqa_en          2/6] phrase_w32_t0  (1/6)  ex  100/100  KL=0.0209  mean=0.1654  0.09ex/s  eta=0s  [eta=8h32m26s total]
  >>> multifieldqa_en / phrase_w32_t0:  n=100  mean_KL=0.1654  [18m42s]

  [multifieldqa_en          2/6] phrase_w64_t0  (2/6)  ex    1/100  KL=0.0156  mean=0.0156  0.28ex/s  eta=5m47s  [eta=8h31m46s total]
  [multifieldqa_en          2/6] phrase_w64_t0  (2/6)  ex    2/100  KL=0.0265  mean=0.0210  0.11ex/s  eta=15m03s  [eta=8h31m54s total]
  [multifieldqa_en          2/6] phrase_w64_t0  (2/6)  ex    3/100  KL=0.1925  mean=0.0782  0.09ex/s  eta=18m15s  [eta=8h32m03s total]
  [multifieldqa_en          2/6] phrase_w64_t0  (2/6)  ex    4/100  KL=0.0422  mean=0.0692  0.08ex/s  eta=19m36s  [eta=8h32m11s total]
  [multifieldqa_en          2/6] phrase_w64_t0  (2/6)  ex    5/100  KL=0.0862  mean=0.0726  0.08ex/s  eta=20m22s  [eta=8h32m20s total]
  [multifieldqa_en          2/6] phrase_w64_t0  (2/6)  ex    6/100  KL=0.0370  mean=0.0667  0.08ex/s  eta=20m51s  [eta=8h32m29s total]
  [multifieldqa_en          2/6] phrase_w64_t0  (2/6)  ex    7/100  KL=0.0023  mean=0.0575  0.07ex/s  eta=20m57s  [eta=8h32m36s total]
  [multifieldqa_en          2/6] phrase_w64_t0  (2/6)  ex    8/100  KL=0.0051  mean=0.0509  0.08ex/s  eta=18m40s  [eta=8h31m53s total]
  [multifieldqa_en          2/6] phrase_w64_t0  (2/6)  ex    9/100  KL=0.0272  mean=0.0483  0.09ex/s  eta=17m06s  [eta=8h31m16s total]
  [multifieldqa_en          2/6] phrase_w64_t0  (2/6)  ex   10/100  KL=0.0352  mean=0.0470  0.09ex/s  eta=17m31s  [eta=8h31m24s total]
  [multifieldqa_en          2/6] phrase_w64_t0  (2/6)  ex   11/100  KL=0.0222  mean=0.0447  0.08ex/s  eta=17m50s  [eta=8h31m33s total]
  [multifieldqa_en          2/6] phrase_w64_t0  (2/6)  ex   12/100  KL=0.0240  mean=0.0430  0.08ex/s  eta=18m02s  [eta=8h31m42s total]
  [multifieldqa_en          2/6] phrase_w64_t0  (2/6)  ex   13/100  KL=0.0074  mean=0.0403  0.08ex/s  eta=18m11s  [eta=8h31m51s total]
  [multifieldqa_en          2/6] phrase_w64_t0  (2/6)  ex   14/100  KL=0.0079  mean=0.0379  0.08ex/s  eta=18m07s  [eta=8h31m53s total]
  [multifieldqa_en          2/6] phrase_w64_t0  (2/6)  ex   15/100  KL=0.0900  mean=0.0414  0.08ex/s  eta=18m10s  [eta=8h32m02s total]
  [multifieldqa_en          2/6] phrase_w64_t0  (2/6)  ex   16/100  KL=0.0066  mean=0.0392  0.08ex/s  eta=17m05s  [eta=8h31m20s total]
  [multifieldqa_en          2/6] phrase_w64_t0  (2/6)  ex   17/100  KL=0.1903  mean=0.0481  0.08ex/s  eta=17m08s  [eta=8h31m28s total]
  [multifieldqa_en          2/6] phrase_w64_t0  (2/6)  ex   18/100  KL=0.0545  mean=0.0485  0.08ex/s  eta=17m03s  [eta=8h31m31s total]
  [multifieldqa_en          2/6] phrase_w64_t0  (2/6)  ex   19/100  KL=0.0409  mean=0.0481  0.08ex/s  eta=17m03s  [eta=8h31m40s total]
  [multifieldqa_en          2/6] phrase_w64_t0  (2/6)  ex   20/100  KL=0.1533  mean=0.0533  0.08ex/s  eta=16m28s  [eta=8h31m14s total]
  [multifieldqa_en          2/6] phrase_w64_t0  (2/6)  ex   21/100  KL=0.0025  mean=0.0509  0.08ex/s  eta=15m39s  [eta=8h30m32s total]
  [multifieldqa_en          2/6] phrase_w64_t0  (2/6)  ex   22/100  KL=0.0739  mean=0.0520  0.08ex/s  eta=15m39s  [eta=8h30m39s total]
  [multifieldqa_en          2/6] phrase_w64_t0  (2/6)  ex   23/100  KL=0.0115  mean=0.0502  0.08ex/s  eta=15m25s  [eta=8h30m32s total]
  [multifieldqa_en          2/6] phrase_w64_t0  (2/6)  ex   24/100  KL=0.4738  mean=0.0679  0.08ex/s  eta=15m06s  [eta=8h30m19s total]
  [multifieldqa_en          2/6] phrase_w64_t0  (2/6)  ex   25/100  KL=0.1779  mean=0.0723  0.08ex/s  eta=15m04s  [eta=8h30m26s total]
  [multifieldqa_en          2/6] phrase_w64_t0  (2/6)  ex   26/100  KL=0.0790  mean=0.0725  0.08ex/s  eta=14m58s  [eta=8h30m29s total]
  [multifieldqa_en          2/6] phrase_w64_t0  (2/6)  ex   27/100  KL=0.2577  mean=0.0794  0.08ex/s  eta=14m54s  [eta=8h30m36s total]
  [multifieldqa_en          2/6] phrase_w64_t0  (2/6)  ex   28/100  KL=0.0466  mean=0.0782  0.08ex/s  eta=14m49s  [eta=8h30m43s total]
  [multifieldqa_en          2/6] phrase_w64_t0  (2/6)  ex   29/100  KL=0.0320  mean=0.0766  0.08ex/s  eta=14m44s  [eta=8h30m50s total]
  [multifieldqa_en          2/6] phrase_w64_t0  (2/6)  ex   30/100  KL=0.0018  mean=0.0741  0.08ex/s  eta=14m38s  [eta=8h30m57s total]
  [multifieldqa_en          2/6] phrase_w64_t0  (2/6)  ex   31/100  KL=0.0043  mean=0.0719  0.08ex/s  eta=14m13s  [eta=8h30m33s total]
  [multifieldqa_en          2/6] phrase_w64_t0  (2/6)  ex   32/100  KL=0.2136  mean=0.0763  0.08ex/s  eta=14m00s  [eta=8h30m28s total]
  [multifieldqa_en          2/6] phrase_w64_t0  (2/6)  ex   33/100  KL=0.3317  mean=0.0840  0.08ex/s  eta=13m54s  [eta=8h30m35s total]
  [multifieldqa_en          2/6] phrase_w64_t0  (2/6)  ex   34/100  KL=0.0439  mean=0.0829  0.08ex/s  eta=13m41s  [eta=8h30m31s total]
  [multifieldqa_en          2/6] phrase_w64_t0  (2/6)  ex   35/100  KL=0.0112  mean=0.0808  0.08ex/s  eta=13m33s  [eta=8h30m37s total]
  [multifieldqa_en          2/6] phrase_w64_t0  (2/6)  ex   36/100  KL=0.5105  mean=0.0927  0.08ex/s  eta=13m19s  [eta=8h30m30s total]
  [multifieldqa_en          2/6] phrase_w64_t0  (2/6)  ex   37/100  KL=0.0757  mean=0.0923  0.08ex/s  eta=12m53s  [eta=8h29m54s total]
  [multifieldqa_en          2/6] phrase_w64_t0  (2/6)  ex   38/100  KL=0.0351  mean=0.0908  0.08ex/s  eta=12m45s  [eta=8h30m00s total]
  [multifieldqa_en          2/6] phrase_w64_t0  (2/6)  ex   39/100  KL=0.2997  mean=0.0961  0.08ex/s  eta=12m33s  [eta=8h29m57s total]
  [multifieldqa_en          2/6] phrase_w64_t0  (2/6)  ex   40/100  KL=0.0518  mean=0.0950  0.08ex/s  eta=12m13s  [eta=8h29m32s total]
  [multifieldqa_en          2/6] phrase_w64_t0  (2/6)  ex   41/100  KL=0.0211  mean=0.0932  0.08ex/s  eta=11m54s  [eta=8h29m10s total]
  [multifieldqa_en          2/6] phrase_w64_t0  (2/6)  ex   42/100  KL=0.0026  mean=0.0911  0.08ex/s  eta=11m28s  [eta=8h28m25s total]
  [multifieldqa_en          2/6] phrase_w64_t0  (2/6)  ex   43/100  KL=0.0884  mean=0.0910  0.08ex/s  eta=11m15s  [eta=8h28m16s total]
  [multifieldqa_en          2/6] phrase_w64_t0  (2/6)  ex   44/100  KL=0.0229  mean=0.0895  0.08ex/s  eta=11m03s  [eta=8h28m11s total]
  [multifieldqa_en          2/6] phrase_w64_t0  (2/6)  ex   45/100  KL=0.0330  mean=0.0882  0.08ex/s  eta=10m56s  [eta=8h28m18s total]
  [multifieldqa_en          2/6] phrase_w64_t0  (2/6)  ex   46/100  KL=0.1170  mean=0.0888  0.08ex/s  eta=10m46s  [eta=8h28m20s total]
  [multifieldqa_en          2/6] phrase_w64_t0  (2/6)  ex   47/100  KL=0.0676  mean=0.0884  0.08ex/s  eta=10m36s  [eta=8h28m21s total]
  [multifieldqa_en          2/6] phrase_w64_t0  (2/6)  ex   48/100  KL=0.1222  mean=0.0891  0.08ex/s  eta=10m28s  [eta=8h28m28s total]
  [multifieldqa_en          2/6] phrase_w64_t0  (2/6)  ex   49/100  KL=0.0155  mean=0.0876  0.08ex/s  eta=10m07s  [eta=8h27m50s total]
  [multifieldqa_en          2/6] phrase_w64_t0  (2/6)  ex   50/100  KL=0.0503  mean=0.0868  0.08ex/s  eta=9m50s  [eta=8h27m25s total]
  [multifieldqa_en          2/6] phrase_w64_t0  (2/6)  ex   51/100  KL=0.1529  mean=0.0881  0.09ex/s  eta=9m32s  [eta=8h26m54s total]
  [multifieldqa_en          2/6] phrase_w64_t0  (2/6)  ex   52/100  KL=0.3834  mean=0.0938  0.09ex/s  eta=9m23s  [eta=8h27m00s total]
  [multifieldqa_en          2/6] phrase_w64_t0  (2/6)  ex   53/100  KL=0.0081  mean=0.0922  0.08ex/s  eta=9m14s  [eta=8h27m06s total]
  [multifieldqa_en          2/6] phrase_w64_t0  (2/6)  ex   54/100  KL=0.0406  mean=0.0912  0.09ex/s  eta=8m57s  [eta=8h26m36s total]
  [multifieldqa_en          2/6] phrase_w64_t0  (2/6)  ex   55/100  KL=0.0196  mean=0.0899  0.09ex/s  eta=8m39s  [eta=8h25m58s total]
  [multifieldqa_en          2/6] phrase_w64_t0  (2/6)  ex   56/100  KL=0.0065  mean=0.0884  0.09ex/s  eta=8m20s  [eta=8h25m14s total]
  [multifieldqa_en          2/6] phrase_w64_t0  (2/6)  ex   57/100  KL=0.0181  mean=0.0872  0.09ex/s  eta=8m04s  [eta=8h24m45s total]
  [multifieldqa_en          2/6] phrase_w64_t0  (2/6)  ex   58/100  KL=0.0159  mean=0.0860  0.09ex/s  eta=7m47s  [eta=8h24m05s total]
  [multifieldqa_en          2/6] phrase_w64_t0  (2/6)  ex   59/100  KL=6.3174  mean=0.1916  0.09ex/s  eta=7m29s  [eta=8h23m18s total]
  [multifieldqa_en          2/6] phrase_w64_t0  (2/6)  ex   60/100  KL=0.0559  mean=0.1893  0.09ex/s  eta=7m18s  [eta=8h23m11s total]
  [multifieldqa_en          2/6] phrase_w64_t0  (2/6)  ex   61/100  KL=0.0569  mean=0.1872  0.09ex/s  eta=7m10s  [eta=8h23m18s total]
  [multifieldqa_en          2/6] phrase_w64_t0  (2/6)  ex   62/100  KL=0.3156  mean=0.1892  0.09ex/s  eta=7m01s  [eta=8h23m24s total]
  [multifieldqa_en          2/6] phrase_w64_t0  (2/6)  ex   63/100  KL=0.0035  mean=0.1863  0.09ex/s  eta=6m46s  [eta=8h22m46s total]
  [multifieldqa_en          2/6] phrase_w64_t0  (2/6)  ex   64/100  KL=0.0182  mean=0.1837  0.09ex/s  eta=6m32s  [eta=8h22m19s total]
  [multifieldqa_en          2/6] phrase_w64_t0  (2/6)  ex   65/100  KL=0.1154  mean=0.1826  0.09ex/s  eta=6m17s  [eta=8h21m43s total]
  [multifieldqa_en          2/6] phrase_w64_t0  (2/6)  ex   66/100  KL=0.0504  mean=0.1806  0.09ex/s  eta=6m09s  [eta=8h21m49s total]
  [multifieldqa_en          2/6] phrase_w64_t0  (2/6)  ex   67/100  KL=0.0277  mean=0.1783  0.09ex/s  eta=6m00s  [eta=8h21m55s total]
  [multifieldqa_en          2/6] phrase_w64_t0  (2/6)  ex   68/100  KL=0.0076  mean=0.1758  0.09ex/s  eta=5m51s  [eta=8h22m01s total]
  [multifieldqa_en          2/6] phrase_w64_t0  (2/6)  ex   69/100  KL=0.3385  mean=0.1782  0.09ex/s  eta=5m38s  [eta=8h21m37s total]
  [multifieldqa_en          2/6] phrase_w64_t0  (2/6)  ex   70/100  KL=0.2614  mean=0.1794  0.09ex/s  eta=5m28s  [eta=8h21m30s total]
  [multifieldqa_en          2/6] phrase_w64_t0  (2/6)  ex   71/100  KL=0.0358  mean=0.1773  0.09ex/s  eta=5m14s  [eta=8h20m56s total]
  [multifieldqa_en          2/6] phrase_w64_t0  (2/6)  ex   72/100  KL=0.0050  mean=0.1749  0.09ex/s  eta=5m00s  [eta=8h20m14s total]
  [multifieldqa_en          2/6] phrase_w64_t0  (2/6)  ex   73/100  KL=0.0083  mean=0.1727  0.09ex/s  eta=4m50s  [eta=8h20m13s total]
  [multifieldqa_en          2/6] phrase_w64_t0  (2/6)  ex   74/100  KL=0.0702  mean=0.1713  0.09ex/s  eta=4m41s  [eta=8h20m18s total]
  [multifieldqa_en          2/6] phrase_w64_t0  (2/6)  ex   75/100  KL=0.0463  mean=0.1696  0.09ex/s  eta=4m31s  [eta=8h20m24s total]
  [multifieldqa_en          2/6] phrase_w64_t0  (2/6)  ex   76/100  KL=0.0227  mean=0.1677  0.09ex/s  eta=4m21s  [eta=8h20m21s total]
  [multifieldqa_en          2/6] phrase_w64_t0  (2/6)  ex   77/100  KL=0.0945  mean=0.1667  0.09ex/s  eta=4m08s  [eta=8h19m44s total]
  [multifieldqa_en          2/6] phrase_w64_t0  (2/6)  ex   78/100  KL=0.0193  mean=0.1648  0.09ex/s  eta=3m58s  [eta=8h19m44s total]
  [multifieldqa_en          2/6] phrase_w64_t0  (2/6)  ex   79/100  KL=0.0424  mean=0.1633  0.09ex/s  eta=3m47s  [eta=8h19m29s total]
  [multifieldqa_en          2/6] phrase_w64_t0  (2/6)  ex   80/100  KL=0.0119  mean=0.1614  0.09ex/s  eta=3m36s  [eta=8h19m26s total]
  [multifieldqa_en          2/6] phrase_w64_t0  (2/6)  ex   81/100  KL=0.0091  mean=0.1595  0.09ex/s  eta=3m26s  [eta=8h19m33s total]
  [multifieldqa_en          2/6] phrase_w64_t0  (2/6)  ex   82/100  KL=0.0386  mean=0.1580  0.09ex/s  eta=3m17s  [eta=8h19m39s total]
  [multifieldqa_en          2/6] phrase_w64_t0  (2/6)  ex   83/100  KL=0.0503  mean=0.1567  0.09ex/s  eta=3m05s  [eta=8h19m14s total]
  [multifieldqa_en          2/6] phrase_w64_t0  (2/6)  ex   84/100  KL=0.0149  mean=0.1551  0.09ex/s  eta=2m52s  [eta=8h18m39s total]
  [multifieldqa_en          2/6] phrase_w64_t0  (2/6)  ex   85/100  KL=0.1941  mean=0.1555  0.09ex/s  eta=2m41s  [eta=8h18m25s total]
  [multifieldqa_en          2/6] phrase_w64_t0  (2/6)  ex   86/100  KL=0.0384  mean=0.1542  0.09ex/s  eta=2m31s  [eta=8h18m26s total]
  [multifieldqa_en          2/6] phrase_w64_t0  (2/6)  ex   87/100  KL=0.0137  mean=0.1525  0.09ex/s  eta=2m19s  [eta=8h17m51s total]
  [multifieldqa_en          2/6] phrase_w64_t0  (2/6)  ex   88/100  KL=0.0133  mean=0.1510  0.09ex/s  eta=2m07s  [eta=8h17m08s total]
  [multifieldqa_en          2/6] phrase_w64_t0  (2/6)  ex   89/100  KL=0.0725  mean=0.1501  0.09ex/s  eta=1m57s  [eta=8h17m10s total]
  [multifieldqa_en          2/6] phrase_w64_t0  (2/6)  ex   90/100  KL=0.0397  mean=0.1489  0.09ex/s  eta=1m47s  [eta=8h17m16s total]
  [multifieldqa_en          2/6] phrase_w64_t0  (2/6)  ex   91/100  KL=0.0043  mean=0.1473  0.09ex/s  eta=1m36s  [eta=8h17m17s total]
  [multifieldqa_en          2/6] phrase_w64_t0  (2/6)  ex   92/100  KL=0.0267  mean=0.1460  0.09ex/s  eta=1m26s  [eta=8h17m23s total]
  [multifieldqa_en          2/6] phrase_w64_t0  (2/6)  ex   93/100  KL=0.0051  mean=0.1444  0.09ex/s  eta=1m16s  [eta=8h17m29s total]
  [multifieldqa_en          2/6] phrase_w64_t0  (2/6)  ex   94/100  KL=0.1329  mean=0.1443  0.09ex/s  eta=1m04s  [eta=8h17m01s total]
  [multifieldqa_en          2/6] phrase_w64_t0  (2/6)  ex   95/100  KL=0.0014  mean=0.1428  0.09ex/s  eta=54s  [eta=8h17m07s total]
  [multifieldqa_en          2/6] phrase_w64_t0  (2/6)  ex   96/100  KL=0.3227  mean=0.1447  0.09ex/s  eta=43s  [eta=8h17m08s total]
  [multifieldqa_en          2/6] phrase_w64_t0  (2/6)  ex   97/100  KL=0.0256  mean=0.1435  0.09ex/s  eta=32s  [eta=8h16m49s total]
  [multifieldqa_en          2/6] phrase_w64_t0  (2/6)  ex   98/100  KL=0.0357  mean=0.1424  0.09ex/s  eta=21s  [eta=8h16m54s total]
  [multifieldqa_en          2/6] phrase_w64_t0  (2/6)  ex   99/100  KL=0.0095  mean=0.1410  0.09ex/s  eta=10s  [eta=8h16m33s total]
  [multifieldqa_en          2/6] phrase_w64_t0  (2/6)  ex  100/100  KL=0.3748  mean=0.1434  0.09ex/s  eta=0s  [eta=8h16m38s total]
  >>> multifieldqa_en / phrase_w64_t0:  n=100  mean_KL=0.1434  [18m12s]

  [multifieldqa_en          2/6] phrase_w32_t50 (3/6)  ex    1/100  KL=0.1764  mean=0.1764  0.27ex/s  eta=6m04s  [eta=8h16m03s total]
  [multifieldqa_en          2/6] phrase_w32_t50 (3/6)  ex    2/100  KL=0.0325  mean=0.1045  0.11ex/s  eta=15m07s  [eta=8h16m07s total]
  [multifieldqa_en          2/6] phrase_w32_t50 (3/6)  ex    3/100  KL=0.0057  mean=0.0715  0.09ex/s  eta=18m15s  [eta=8h16m13s total]
  [multifieldqa_en          2/6] phrase_w32_t50 (3/6)  ex    4/100  KL=0.0423  mean=0.0642  0.08ex/s  eta=19m42s  [eta=8h16m19s total]
  [multifieldqa_en          2/6] phrase_w32_t50 (3/6)  ex    5/100  KL=0.3304  mean=0.1175  0.08ex/s  eta=20m15s  [eta=8h16m22s total]
  [multifieldqa_en          2/6] phrase_w32_t50 (3/6)  ex    6/100  KL=0.0378  mean=0.1042  0.08ex/s  eta=20m44s  [eta=8h16m28s total]
  [multifieldqa_en          2/6] phrase_w32_t50 (3/6)  ex    7/100  KL=0.0016  mean=0.0895  0.07ex/s  eta=20m48s  [eta=8h16m31s total]
  [multifieldqa_en          2/6] phrase_w32_t50 (3/6)  ex    8/100  KL=0.0100  mean=0.0796  0.08ex/s  eta=18m32s  [eta=8h15m53s total]
  [multifieldqa_en          2/6] phrase_w32_t50 (3/6)  ex    9/100  KL=0.1452  mean=0.0869  0.09ex/s  eta=17m01s  [eta=8h15m20s total]
  [multifieldqa_en          2/6] phrase_w32_t50 (3/6)  ex   10/100  KL=0.0018  mean=0.0784  0.09ex/s  eta=17m30s  [eta=8h15m27s total]
  [multifieldqa_en          2/6] phrase_w32_t50 (3/6)  ex   11/100  KL=0.0322  mean=0.0742  0.08ex/s  eta=17m48s  [eta=8h15m32s total]
  [multifieldqa_en          2/6] phrase_w32_t50 (3/6)  ex   12/100  KL=0.0136  mean=0.0691  0.08ex/s  eta=18m01s  [eta=8h15m38s total]
  [multifieldqa_en          2/6] phrase_w32_t50 (3/6)  ex   13/100  KL=0.0013  mean=0.0639  0.08ex/s  eta=18m09s  [eta=8h15m43s total]
  [multifieldqa_en          2/6] phrase_w32_t50 (3/6)  ex   14/100  KL=0.0065  mean=0.0598  0.08ex/s  eta=18m14s  [eta=8h15m49s total]
  [multifieldqa_en          2/6] phrase_w32_t50 (3/6)  ex   15/100  KL=0.0322  mean=0.0580  0.08ex/s  eta=18m15s  [eta=8h15m53s total]
  [multifieldqa_en          2/6] phrase_w32_t50 (3/6)  ex   16/100  KL=0.0071  mean=0.0548  0.08ex/s  eta=17m09s  [eta=8h15m15s total]
  [multifieldqa_en          2/6] phrase_w32_t50 (3/6)  ex   17/100  KL=0.2508  mean=0.0663  0.08ex/s  eta=17m11s  [eta=8h15m20s total]
  [multifieldqa_en          2/6] phrase_w32_t50 (3/6)  ex   18/100  KL=0.0853  mean=0.0674  0.08ex/s  eta=17m02s  [eta=8h15m18s total]
  [multifieldqa_en          2/6] phrase_w32_t50 (3/6)  ex   19/100  KL=0.0883  mean=0.0685  0.08ex/s  eta=17m02s  [eta=8h15m23s total]
  [multifieldqa_en          2/6] phrase_w32_t50 (3/6)  ex   20/100  KL=0.0753  mean=0.0688  0.08ex/s  eta=16m28s  [eta=8h15m01s total]
  [multifieldqa_en          2/6] phrase_w32_t50 (3/6)  ex   21/100  KL=0.0031  mean=0.0657  0.08ex/s  eta=15m39s  [eta=8h14m23s total]
  [multifieldqa_en          2/6] phrase_w32_t50 (3/6)  ex   22/100  KL=0.0259  mean=0.0639  0.08ex/s  eta=15m38s  [eta=8h14m27s total]
  [multifieldqa_en          2/6] phrase_w32_t50 (3/6)  ex   23/100  KL=0.0719  mean=0.0642  0.08ex/s  eta=15m26s  [eta=8h14m21s total]
  [multifieldqa_en          2/6] phrase_w32_t50 (3/6)  ex   24/100  KL=0.0310  mean=0.0628  0.08ex/s  eta=15m07s  [eta=8h14m08s total]
  [multifieldqa_en          2/6] phrase_w32_t50 (3/6)  ex   25/100  KL=0.0933  mean=0.0641  0.08ex/s  eta=15m02s  [eta=8h14m09s total]
  [multifieldqa_en          2/6] phrase_w32_t50 (3/6)  ex   26/100  KL=0.0259  mean=0.0626  0.08ex/s  eta=14m56s  [eta=8h14m09s total]
  [multifieldqa_en          2/6] phrase_w32_t50 (3/6)  ex   27/100  KL=0.0402  mean=0.0618  0.08ex/s  eta=14m46s  [eta=8h14m06s total]
  [multifieldqa_en          2/6] phrase_w32_t50 (3/6)  ex   28/100  KL=0.0761  mean=0.0623  0.08ex/s  eta=14m42s  [eta=8h14m12s total]
  [multifieldqa_en          2/6] phrase_w32_t50 (3/6)  ex   29/100  KL=0.1172  mean=0.0642  0.08ex/s  eta=14m30s  [eta=8h14m06s total]
  [multifieldqa_en          2/6] phrase_w32_t50 (3/6)  ex   30/100  KL=0.0023  mean=0.0621  0.08ex/s  eta=14m25s  [eta=8h14m11s total]
  [multifieldqa_en          2/6] phrase_w32_t50 (3/6)  ex   31/100  KL=0.0924  mean=0.0631  0.08ex/s  eta=13m55s  [eta=8h13m39s total]
  [multifieldqa_en          2/6] phrase_w32_t50 (3/6)  ex   32/100  KL=0.0305  mean=0.0621  0.08ex/s  eta=13m42s  [eta=8h13m32s total]
  [multifieldqa_en          2/6] phrase_w32_t50 (3/6)  ex   33/100  KL=0.6562  mean=0.0801  0.08ex/s  eta=13m32s  [eta=8h13m29s total]
  [multifieldqa_en          2/6] phrase_w32_t50 (3/6)  ex   34/100  KL=0.0410  mean=0.0789  0.08ex/s  eta=13m20s  [eta=8h13m24s total]
  [multifieldqa_en          2/6] phrase_w32_t50 (3/6)  ex   35/100  KL=0.0165  mean=0.0771  0.08ex/s  eta=13m14s  [eta=8h13m28s total]
  [multifieldqa_en          2/6] phrase_w32_t50 (3/6)  ex   36/100  KL=0.3210  mean=0.0839  0.08ex/s  eta=13m04s  [eta=8h13m28s total]
  [multifieldqa_en          2/6] phrase_w32_t50 (3/6)  ex   37/100  KL=0.0316  mean=0.0825  0.08ex/s  eta=12m38s  [eta=8h12m55s total]
  [multifieldqa_en          2/6] phrase_w32_t50 (3/6)  ex   38/100  KL=0.0261  mean=0.0810  0.08ex/s  eta=12m31s  [eta=8h12m59s total]
  [multifieldqa_en          2/6] phrase_w32_t50 (3/6)  ex   39/100  KL=0.0521  mean=0.0803  0.08ex/s  eta=12m20s  [eta=8h12m56s total]
  [multifieldqa_en          2/6] phrase_w32_t50 (3/6)  ex   40/100  KL=0.0037  mean=0.0784  0.08ex/s  eta=12m01s  [eta=8h12m33s total]
  [multifieldqa_en          2/6] phrase_w32_t50 (3/6)  ex   41/100  KL=0.0180  mean=0.0769  0.08ex/s  eta=11m43s  [eta=8h12m14s total]
  [multifieldqa_en          2/6] phrase_w32_t50 (3/6)  ex   42/100  KL=0.0045  mean=0.0752  0.09ex/s  eta=11m17s  [eta=8h11m34s total]
  [multifieldqa_en          2/6] phrase_w32_t50 (3/6)  ex   43/100  KL=0.1107  mean=0.0760  0.09ex/s  eta=11m05s  [eta=8h11m25s total]
  [multifieldqa_en          2/6] phrase_w32_t50 (3/6)  ex   44/100  KL=0.0229  mean=0.0748  0.09ex/s  eta=10m54s  [eta=8h11m19s total]
  [multifieldqa_en          2/6] phrase_w32_t50 (3/6)  ex   45/100  KL=0.0069  mean=0.0733  0.08ex/s  eta=10m47s  [eta=8h11m24s total]
  [multifieldqa_en          2/6] phrase_w32_t50 (3/6)  ex   46/100  KL=0.1170  mean=0.0742  0.08ex/s  eta=10m37s  [eta=8h11m21s total]
  [multifieldqa_en          2/6] phrase_w32_t50 (3/6)  ex   47/100  KL=0.0325  mean=0.0733  0.08ex/s  eta=10m27s  [eta=8h11m21s total]
  [multifieldqa_en          2/6] phrase_w32_t50 (3/6)  ex   48/100  KL=0.1381  mean=0.0747  0.08ex/s  eta=10m19s  [eta=8h11m25s total]
  [multifieldqa_en          2/6] phrase_w32_t50 (3/6)  ex   49/100  KL=0.4143  mean=0.0816  0.09ex/s  eta=9m58s  [eta=8h10m50s total]
  [multifieldqa_en          2/6] phrase_w32_t50 (3/6)  ex   50/100  KL=0.0413  mean=0.0808  0.09ex/s  eta=9m42s  [eta=8h10m28s total]
  [multifieldqa_en          2/6] phrase_w32_t50 (3/6)  ex   51/100  KL=0.0462  mean=0.0801  0.09ex/s  eta=9m24s  [eta=8h10m00s total]
  [multifieldqa_en          2/6] phrase_w32_t50 (3/6)  ex   52/100  KL=0.0249  mean=0.0791  0.09ex/s  eta=9m16s  [eta=8h10m04s total]
  [multifieldqa_en          2/6] phrase_w32_t50 (3/6)  ex   53/100  KL=0.0035  mean=0.0776  0.09ex/s  eta=9m08s  [eta=8h10m08s total]
  [multifieldqa_en          2/6] phrase_w32_t50 (3/6)  ex   54/100  KL=0.1759  mean=0.0795  0.09ex/s  eta=8m51s  [eta=8h09m40s total]
  [multifieldqa_en          2/6] phrase_w32_t50 (3/6)  ex   55/100  KL=0.4424  mean=0.0861  0.09ex/s  eta=8m35s  [eta=8h09m16s total]
  [multifieldqa_en          2/6] phrase_w32_t50 (3/6)  ex   56/100  KL=0.0086  mean=0.0847  0.09ex/s  eta=8m16s  [eta=8h08m37s total]
  [multifieldqa_en          2/6] phrase_w32_t50 (3/6)  ex   57/100  KL=0.0790  mean=0.0846  0.09ex/s  eta=8m03s  [eta=8h08m20s total]
  [multifieldqa_en          2/6] phrase_w32_t50 (3/6)  ex   58/100  KL=0.0190  mean=0.0834  0.09ex/s  eta=7m46s  [eta=8h07m45s total]
  [multifieldqa_en          2/6] phrase_w32_t50 (3/6)  ex   59/100  KL=0.1796  mean=0.0851  0.09ex/s  eta=7m29s  [eta=8h07m12s total]
  [multifieldqa_en          2/6] phrase_w32_t50 (3/6)  ex   60/100  KL=0.0829  mean=0.0850  0.09ex/s  eta=7m17s  [eta=8h06m57s total]
  [multifieldqa_en          2/6] phrase_w32_t50 (3/6)  ex   61/100  KL=0.0169  mean=0.0839  0.09ex/s  eta=7m09s  [eta=8h07m02s total]
  [multifieldqa_en          2/6] phrase_w32_t50 (3/6)  ex   62/100  KL=0.0083  mean=0.0827  0.09ex/s  eta=6m59s  [eta=8h06m57s total]
  [multifieldqa_en          2/6] phrase_w32_t50 (3/6)  ex   63/100  KL=0.0229  mean=0.0818  0.09ex/s  eta=6m43s  [eta=8h06m21s total]
  [multifieldqa_en          2/6] phrase_w32_t50 (3/6)  ex   64/100  KL=0.0244  mean=0.0809  0.09ex/s  eta=6m30s  [eta=8h05m56s total]
  [multifieldqa_en          2/6] phrase_w32_t50 (3/6)  ex   65/100  KL=0.0335  mean=0.0801  0.09ex/s  eta=6m15s  [eta=8h05m25s total]
  [multifieldqa_en          2/6] phrase_w32_t50 (3/6)  ex   66/100  KL=0.0372  mean=0.0795  0.09ex/s  eta=6m07s  [eta=8h05m29s total]
  [multifieldqa_en          2/6] phrase_w32_t50 (3/6)  ex   67/100  KL=0.0090  mean=0.0784  0.09ex/s  eta=5m58s  [eta=8h05m33s total]
  [multifieldqa_en          2/6] phrase_w32_t50 (3/6)  ex   68/100  KL=0.0071  mean=0.0774  0.09ex/s  eta=5m50s  [eta=8h05m38s total]
  [multifieldqa_en          2/6] phrase_w32_t50 (3/6)  ex   69/100  KL=0.3291  mean=0.0810  0.09ex/s  eta=5m37s  [eta=8h05m16s total]
  [multifieldqa_en          2/6] phrase_w32_t50 (3/6)  ex   70/100  KL=0.0217  mean=0.0802  0.09ex/s  eta=5m26s  [eta=8h05m08s total]
  [multifieldqa_en          2/6] phrase_w32_t50 (3/6)  ex   71/100  KL=0.1076  mean=0.0806  0.09ex/s  eta=5m13s  [eta=8h04m38s total]
  [multifieldqa_en          2/6] phrase_w32_t50 (3/6)  ex   72/100  KL=0.2617  mean=0.0831  0.09ex/s  eta=4m59s  [eta=8h04m05s total]
  [multifieldqa_en          2/6] phrase_w32_t50 (3/6)  ex   73/100  KL=0.0363  mean=0.0824  0.09ex/s  eta=4m50s  [eta=8h04m08s total]
  [multifieldqa_en          2/6] phrase_w32_t50 (3/6)  ex   74/100  KL=0.0114  mean=0.0815  0.09ex/s  eta=4m41s  [eta=8h04m12s total]
  [multifieldqa_en          2/6] phrase_w32_t50 (3/6)  ex   75/100  KL=0.0195  mean=0.0807  0.09ex/s  eta=4m32s  [eta=8h04m17s total]
  [multifieldqa_en          2/6] phrase_w32_t50 (3/6)  ex   76/100  KL=0.0224  mean=0.0799  0.09ex/s  eta=4m22s  [eta=8h04m14s total]
  [multifieldqa_en          2/6] phrase_w32_t50 (3/6)  ex   77/100  KL=0.2638  mean=0.0823  0.09ex/s  eta=4m09s  [eta=8h03m48s total]
  [multifieldqa_en          2/6] phrase_w32_t50 (3/6)  ex   78/100  KL=0.0474  mean=0.0818  0.09ex/s  eta=3m59s  [eta=8h03m48s total]
  [multifieldqa_en          2/6] phrase_w32_t50 (3/6)  ex   79/100  KL=0.1195  mean=0.0823  0.09ex/s  eta=3m48s  [eta=8h03m33s total]
  [multifieldqa_en          2/6] phrase_w32_t50 (3/6)  ex   80/100  KL=0.0561  mean=0.0820  0.09ex/s  eta=3m38s  [eta=8h03m37s total]
  [multifieldqa_en          2/6] phrase_w32_t50 (3/6)  ex   81/100  KL=0.0055  mean=0.0810  0.09ex/s  eta=3m28s  [eta=8h03m42s total]
  [multifieldqa_en          2/6] phrase_w32_t50 (3/6)  ex   82/100  KL=0.0920  mean=0.0812  0.09ex/s  eta=3m18s  [eta=8h03m47s total]
  [multifieldqa_en          2/6] phrase_w32_t50 (3/6)  ex   83/100  KL=0.0398  mean=0.0807  0.09ex/s  eta=3m07s  [eta=8h03m32s total]
  [multifieldqa_en          2/6] phrase_w32_t50 (3/6)  ex   84/100  KL=0.2926  mean=0.0832  0.09ex/s  eta=2m55s  [eta=8h03m00s total]
  [multifieldqa_en          2/6] phrase_w32_t50 (3/6)  ex   85/100  KL=0.0661  mean=0.0830  0.09ex/s  eta=2m43s  [eta=8h02m47s total]
  [multifieldqa_en          2/6] phrase_w32_t50 (3/6)  ex   86/100  KL=0.0299  mean=0.0824  0.09ex/s  eta=2m33s  [eta=8h02m51s total]
  [multifieldqa_en          2/6] phrase_w32_t50 (3/6)  ex   87/100  KL=0.1527  mean=0.0832  0.09ex/s  eta=2m21s  [eta=8h02m18s total]
  [multifieldqa_en          2/6] phrase_w32_t50 (3/6)  ex   88/100  KL=0.0142  mean=0.0824  0.09ex/s  eta=2m09s  [eta=8h01m40s total]
  [multifieldqa_en          2/6] phrase_w32_t50 (3/6)  ex   89/100  KL=0.0596  mean=0.0821  0.09ex/s  eta=1m59s  [eta=8h01m39s total]
  [multifieldqa_en          2/6] phrase_w32_t50 (3/6)  ex   90/100  KL=0.0455  mean=0.0817  0.09ex/s  eta=1m48s  [eta=8h01m44s total]
  [multifieldqa_en          2/6] phrase_w32_t50 (3/6)  ex   91/100  KL=0.0010  mean=0.0808  0.09ex/s  eta=1m38s  [eta=8h01m48s total]
  [multifieldqa_en          2/6] phrase_w32_t50 (3/6)  ex   92/100  KL=0.0137  mean=0.0801  0.09ex/s  eta=1m27s  [eta=8h01m51s total]
  [multifieldqa_en          2/6] phrase_w32_t50 (3/6)  ex   93/100  KL=0.0041  mean=0.0793  0.09ex/s  eta=1m17s  [eta=8h01m55s total]
  [multifieldqa_en          2/6] phrase_w32_t50 (3/6)  ex   94/100  KL=0.0614  mean=0.0791  0.09ex/s  eta=1m05s  [eta=8h01m30s total]
  [multifieldqa_en          2/6] phrase_w32_t50 (3/6)  ex   95/100  KL=0.0005  mean=0.0783  0.09ex/s  eta=55s  [eta=8h01m33s total]
  [multifieldqa_en          2/6] phrase_w32_t50 (3/6)  ex   96/100  KL=0.0442  mean=0.0779  0.09ex/s  eta=44s  [eta=8h01m33s total]
  [multifieldqa_en          2/6] phrase_w32_t50 (3/6)  ex   97/100  KL=0.0247  mean=0.0774  0.09ex/s  eta=33s  [eta=8h01m14s total]
  [multifieldqa_en          2/6] phrase_w32_t50 (3/6)  ex   98/100  KL=0.0107  mean=0.0767  0.09ex/s  eta=22s  [eta=8h01m16s total]
  [multifieldqa_en          2/6] phrase_w32_t50 (3/6)  ex   99/100  KL=0.4116  mean=0.0801  0.09ex/s  eta=11s  [eta=8h00m55s total]
  [multifieldqa_en          2/6] phrase_w32_t50 (3/6)  ex  100/100  KL=0.0208  mean=0.0795  0.09ex/s  eta=0s  [eta=8h00m57s total]
  >>> multifieldqa_en / phrase_w32_t50:  n=100  mean_KL=0.0795  [18m25s]

  [multifieldqa_en          2/6] phrase_w64_t50 (4/6)  ex    1/100  KL=0.0087  mean=0.0087  0.27ex/s  eta=6m09s  [eta=8h00m25s total]
  [multifieldqa_en          2/6] phrase_w64_t50 (4/6)  ex    2/100  KL=0.0168  mean=0.0127  0.11ex/s  eta=15m04s  [eta=8h00m27s total]
  [multifieldqa_en          2/6] phrase_w64_t50 (4/6)  ex    3/100  KL=0.0047  mean=0.0100  0.10ex/s  eta=16m54s  [eta=8h00m23s total]
  [multifieldqa_en          2/6] phrase_w64_t50 (4/6)  ex    4/100  KL=0.0444  mean=0.0186  0.09ex/s  eta=18m40s  [eta=8h00m26s total]
  [multifieldqa_en          2/6] phrase_w64_t50 (4/6)  ex    5/100  KL=0.1156  mean=0.0380  0.08ex/s  eta=19m38s  [eta=8h00m29s total]
  [multifieldqa_en          2/6] phrase_w64_t50 (4/6)  ex    6/100  KL=0.0374  mean=0.0379  0.08ex/s  eta=20m18s  [eta=8h00m33s total]
  [multifieldqa_en          2/6] phrase_w64_t50 (4/6)  ex    7/100  KL=0.0018  mean=0.0328  0.08ex/s  eta=20m20s  [eta=8h00m33s total]
  [multifieldqa_en          2/6] phrase_w64_t50 (4/6)  ex    8/100  KL=0.0065  mean=0.0295  0.08ex/s  eta=18m07s  [eta=7h59m58s total]
  [multifieldqa_en          2/6] phrase_w64_t50 (4/6)  ex    9/100  KL=0.0272  mean=0.0292  0.09ex/s  eta=16m40s  [eta=7h59m29s total]
  [multifieldqa_en          2/6] phrase_w64_t50 (4/6)  ex   10/100  KL=0.0018  mean=0.0265  0.09ex/s  eta=17m09s  [eta=7h59m32s total]
  [multifieldqa_en          2/6] phrase_w64_t50 (4/6)  ex   11/100  KL=0.0283  mean=0.0267  0.08ex/s  eta=17m29s  [eta=7h59m35s total]
  [multifieldqa_en          2/6] phrase_w64_t50 (4/6)  ex   12/100  KL=0.0128  mean=0.0255  0.08ex/s  eta=17m43s  [eta=7h59m38s total]
  [multifieldqa_en          2/6] phrase_w64_t50 (4/6)  ex   13/100  KL=0.0013  mean=0.0236  0.08ex/s  eta=17m53s  [eta=7h59m41s total]
  [multifieldqa_en          2/6] phrase_w64_t50 (4/6)  ex   14/100  KL=0.0044  mean=0.0223  0.08ex/s  eta=17m51s  [eta=7h59m40s total]
  [multifieldqa_en          2/6] phrase_w64_t50 (4/6)  ex   15/100  KL=0.1605  mean=0.0315  0.08ex/s  eta=17m38s  [eta=7h59m34s total]
  [multifieldqa_en          2/6] phrase_w64_t50 (4/6)  ex   16/100  KL=0.0160  mean=0.0305  0.08ex/s  eta=16m35s  [eta=7h59m01s total]
  [multifieldqa_en          2/6] phrase_w64_t50 (4/6)  ex   17/100  KL=0.1405  mean=0.0370  0.08ex/s  eta=16m40s  [eta=7h59m03s total]
  [multifieldqa_en          2/6] phrase_w64_t50 (4/6)  ex   18/100  KL=0.0813  mean=0.0394  0.08ex/s  eta=16m35s  [eta=7h59m01s total]
  [multifieldqa_en          2/6] phrase_w64_t50 (4/6)  ex   19/100  KL=0.1192  mean=0.0436  0.08ex/s  eta=16m38s  [eta=7h59m04s total]
  [multifieldqa_en          2/6] phrase_w64_t50 (4/6)  ex   20/100  KL=0.0754  mean=0.0452  0.08ex/s  eta=16m05s  [eta=7h58m43s total]
  [multifieldqa_en          2/6] phrase_w64_t50 (4/6)  ex   21/100  KL=0.0025  mean=0.0432  0.09ex/s  eta=15m17s  [eta=7h58m09s total]
  [multifieldqa_en          2/6] phrase_w64_t50 (4/6)  ex   22/100  KL=0.0739  mean=0.0446  0.08ex/s  eta=15m18s  [eta=7h58m11s total]
  [multifieldqa_en          2/6] phrase_w64_t50 (4/6)  ex   23/100  KL=0.0284  mean=0.0439  0.08ex/s  eta=15m06s  [eta=7h58m03s total]
  [multifieldqa_en          2/6] phrase_w64_t50 (4/6)  ex   24/100  KL=0.0658  mean=0.0448  0.09ex/s  eta=14m48s  [eta=7h57m50s total]
  [multifieldqa_en          2/6] phrase_w64_t50 (4/6)  ex   25/100  KL=0.1464  mean=0.0489  0.08ex/s  eta=14m45s  [eta=7h57m50s total]
  [multifieldqa_en          2/6] phrase_w64_t50 (4/6)  ex   26/100  KL=0.0287  mean=0.0481  0.08ex/s  eta=14m38s  [eta=7h57m48s total]
  [multifieldqa_en          2/6] phrase_w64_t50 (4/6)  ex   27/100  KL=0.0511  mean=0.0482  0.08ex/s  eta=14m30s  [eta=7h57m44s total]
  [multifieldqa_en          2/6] phrase_w64_t50 (4/6)  ex   28/100  KL=0.0761  mean=0.0492  0.08ex/s  eta=14m26s  [eta=7h57m47s total]
  [multifieldqa_en          2/6] phrase_w64_t50 (4/6)  ex   29/100  KL=0.1313  mean=0.0520  0.08ex/s  eta=14m15s  [eta=7h57m41s total]
  [multifieldqa_en          2/6] phrase_w64_t50 (4/6)  ex   30/100  KL=0.0038  mean=0.0504  0.08ex/s  eta=14m11s  [eta=7h57m43s total]
  [multifieldqa_en          2/6] phrase_w64_t50 (4/6)  ex   31/100  KL=0.0227  mean=0.0495  0.08ex/s  eta=13m47s  [eta=7h57m22s total]
  [multifieldqa_en          2/6] phrase_w64_t50 (4/6)  ex   32/100  KL=0.0328  mean=0.0490  0.08ex/s  eta=13m34s  [eta=7h57m13s total]
  [multifieldqa_en          2/6] phrase_w64_t50 (4/6)  ex   33/100  KL=0.3608  mean=0.0585  0.08ex/s  eta=13m25s  [eta=7h57m10s total]
  [multifieldqa_en          2/6] phrase_w64_t50 (4/6)  ex   34/100  KL=0.0462  mean=0.0581  0.08ex/s  eta=13m14s  [eta=7h57m04s total]
  [multifieldqa_en          2/6] phrase_w64_t50 (4/6)  ex   35/100  KL=0.0107  mean=0.0567  0.08ex/s  eta=13m08s  [eta=7h57m07s total]
  [multifieldqa_en          2/6] phrase_w64_t50 (4/6)  ex   36/100  KL=0.4969  mean=0.0690  0.08ex/s  eta=12m55s  [eta=7h56m59s total]
  [multifieldqa_en          2/6] phrase_w64_t50 (4/6)  ex   37/100  KL=0.0670  mean=0.0689  0.08ex/s  eta=12m30s  [eta=7h56m30s total]
  [multifieldqa_en          2/6] phrase_w64_t50 (4/6)  ex   38/100  KL=0.0212  mean=0.0677  0.08ex/s  eta=12m23s  [eta=7h56m32s total]
  [multifieldqa_en          2/6] phrase_w64_t50 (4/6)  ex   39/100  KL=0.0127  mean=0.0663  0.08ex/s  eta=12m13s  [eta=7h56m27s total]
  [multifieldqa_en          2/6] phrase_w64_t50 (4/6)  ex   40/100  KL=0.0269  mean=0.0653  0.08ex/s  eta=11m53s  [eta=7h56m06s total]
  [multifieldqa_en          2/6] phrase_w64_t50 (4/6)  ex   41/100  KL=0.0776  mean=0.0656  0.08ex/s  eta=11m36s  [eta=7h55m48s total]
  [multifieldqa_en          2/6] phrase_w64_t50 (4/6)  ex   42/100  KL=0.0032  mean=0.0641  0.09ex/s  eta=11m10s  [eta=7h55m12s total]
  [multifieldqa_en          2/6] phrase_w64_t50 (4/6)  ex   43/100  KL=0.1328  mean=0.0657  0.09ex/s  eta=10m58s  [eta=7h55m02s total]
  [multifieldqa_en          2/6] phrase_w64_t50 (4/6)  ex   44/100  KL=0.0229  mean=0.0647  0.09ex/s  eta=10m47s  [eta=7h54m55s total]
  [multifieldqa_en          2/6] phrase_w64_t50 (4/6)  ex   45/100  KL=0.0053  mean=0.0634  0.09ex/s  eta=10m40s  [eta=7h54m58s total]
  [multifieldqa_en          2/6] phrase_w64_t50 (4/6)  ex   46/100  KL=0.0891  mean=0.0639  0.09ex/s  eta=10m30s  [eta=7h54m54s total]
  [multifieldqa_en          2/6] phrase_w64_t50 (4/6)  ex   47/100  KL=0.0736  mean=0.0642  0.09ex/s  eta=10m21s  [eta=7h54m52s total]
  [multifieldqa_en          2/6] phrase_w64_t50 (4/6)  ex   48/100  KL=0.0625  mean=0.0641  0.08ex/s  eta=10m13s  [eta=7h54m54s total]
  [multifieldqa_en          2/6] phrase_w64_t50 (4/6)  ex   49/100  KL=0.0548  mean=0.0639  0.09ex/s  eta=9m55s  [eta=7h54m29s total]
  [multifieldqa_en          2/6] phrase_w64_t50 (4/6)  ex   50/100  KL=0.0503  mean=0.0637  0.09ex/s  eta=9m39s  [eta=7h54m08s total]
  [multifieldqa_en          2/6] phrase_w64_t50 (4/6)  ex   51/100  KL=0.0415  mean=0.0632  0.09ex/s  eta=9m21s  [eta=7h53m42s total]
  [multifieldqa_en          2/6] phrase_w64_t50 (4/6)  ex   52/100  KL=0.0249  mean=0.0625  0.09ex/s  eta=9m13s  [eta=7h53m43s total]
  [multifieldqa_en          2/6] phrase_w64_t50 (4/6)  ex   53/100  KL=0.0040  mean=0.0614  0.09ex/s  eta=9m05s  [eta=7h53m46s total]
  [multifieldqa_en          2/6] phrase_w64_t50 (4/6)  ex   54/100  KL=0.2068  mean=0.0641  0.09ex/s  eta=8m48s  [eta=7h53m21s total]
  [multifieldqa_en          2/6] phrase_w64_t50 (4/6)  ex   55/100  KL=0.0542  mean=0.0639  0.09ex/s  eta=8m32s  [eta=7h52m57s total]
  [multifieldqa_en          2/6] phrase_w64_t50 (4/6)  ex   56/100  KL=0.0065  mean=0.0629  0.09ex/s  eta=8m14s  [eta=7h52m23s total]
  [multifieldqa_en          2/6] phrase_w64_t50 (4/6)  ex   57/100  KL=0.0840  mean=0.0632  0.09ex/s  eta=8m01s  [eta=7h52m06s total]
  [multifieldqa_en          2/6] phrase_w64_t50 (4/6)  ex   58/100  KL=0.0066  mean=0.0623  0.09ex/s  eta=7m43s  [eta=7h51m34s total]
  [multifieldqa_en          2/6] phrase_w64_t50 (4/6)  ex   59/100  KL=0.0049  mean=0.0613  0.09ex/s  eta=7m27s  [eta=7h51m04s total]
  [multifieldqa_en          2/6] phrase_w64_t50 (4/6)  ex   60/100  KL=0.0559  mean=0.0612  0.09ex/s  eta=7m16s  [eta=7h50m53s total]
  [multifieldqa_en          2/6] phrase_w64_t50 (4/6)  ex   61/100  KL=0.0169  mean=0.0605  0.09ex/s  eta=7m08s  [eta=7h50m55s total]
  [multifieldqa_en          2/6] phrase_w64_t50 (4/6)  ex   62/100  KL=0.0080  mean=0.0596  0.09ex/s  eta=6m58s  [eta=7h50m49s total]
  [multifieldqa_en          2/6] phrase_w64_t50 (4/6)  ex   63/100  KL=0.0020  mean=0.0587  0.09ex/s  eta=6m42s  [eta=7h50m18s total]
  [multifieldqa_en          2/6] phrase_w64_t50 (4/6)  ex   64/100  KL=0.0204  mean=0.0581  0.09ex/s  eta=6m29s  [eta=7h49m55s total]
  [multifieldqa_en          2/6] phrase_w64_t50 (4/6)  ex   65/100  KL=0.0328  mean=0.0577  0.09ex/s  eta=6m14s  [eta=7h49m26s total]
  [multifieldqa_en          2/6] phrase_w64_t50 (4/6)  ex   66/100  KL=0.0397  mean=0.0575  0.09ex/s  eta=6m06s  [eta=7h49m27s total]
  [multifieldqa_en          2/6] phrase_w64_t50 (4/6)  ex   67/100  KL=0.0069  mean=0.0567  0.09ex/s  eta=5m57s  [eta=7h49m29s total]
  [multifieldqa_en          2/6] phrase_w64_t50 (4/6)  ex   68/100  KL=0.0057  mean=0.0559  0.09ex/s  eta=5m49s  [eta=7h49m31s total]
  [multifieldqa_en          2/6] phrase_w64_t50 (4/6)  ex   69/100  KL=0.3410  mean=0.0601  0.09ex/s  eta=5m36s  [eta=7h49m10s total]
  [multifieldqa_en          2/6] phrase_w64_t50 (4/6)  ex   70/100  KL=0.0364  mean=0.0597  0.09ex/s  eta=5m25s  [eta=7h49m01s total]
  [multifieldqa_en          2/6] phrase_w64_t50 (4/6)  ex   71/100  KL=0.0428  mean=0.0595  0.09ex/s  eta=5m12s  [eta=7h48m33s total]
  [multifieldqa_en          2/6] phrase_w64_t50 (4/6)  ex   72/100  KL=0.0206  mean=0.0590  0.09ex/s  eta=4m58s  [eta=7h48m03s total]
  [multifieldqa_en          2/6] phrase_w64_t50 (4/6)  ex   73/100  KL=0.0150  mean=0.0584  0.09ex/s  eta=4m48s  [eta=7h48m00s total]
  [multifieldqa_en          2/6] phrase_w64_t50 (4/6)  ex   74/100  KL=0.0274  mean=0.0579  0.09ex/s  eta=4m39s  [eta=7h48m01s total]
  [multifieldqa_en          2/6] phrase_w64_t50 (4/6)  ex   75/100  KL=0.0195  mean=0.0574  0.09ex/s  eta=4m30s  [eta=7h48m02s total]
  [multifieldqa_en          2/6] phrase_w64_t50 (4/6)  ex   76/100  KL=0.0224  mean=0.0570  0.09ex/s  eta=4m20s  [eta=7h47m58s total]
  [multifieldqa_en          2/6] phrase_w64_t50 (4/6)  ex   77/100  KL=0.0271  mean=0.0566  0.09ex/s  eta=4m07s  [eta=7h47m27s total]
  [multifieldqa_en          2/6] phrase_w64_t50 (4/6)  ex   78/100  KL=0.0198  mean=0.0561  0.09ex/s  eta=3m57s  [eta=7h47m24s total]
  [multifieldqa_en          2/6] phrase_w64_t50 (4/6)  ex   79/100  KL=0.0445  mean=0.0560  0.09ex/s  eta=3m46s  [eta=7h47m10s total]
  [multifieldqa_en          2/6] phrase_w64_t50 (4/6)  ex   80/100  KL=0.0134  mean=0.0554  0.09ex/s  eta=3m35s  [eta=7h47m05s total]
  [multifieldqa_en          2/6] phrase_w64_t50 (4/6)  ex   81/100  KL=0.0081  mean=0.0548  0.09ex/s  eta=3m26s  [eta=7h47m06s total]
  [multifieldqa_en          2/6] phrase_w64_t50 (4/6)  ex   82/100  KL=0.0332  mean=0.0546  0.09ex/s  eta=3m16s  [eta=7h47m08s total]
  [multifieldqa_en          2/6] phrase_w64_t50 (4/6)  ex   83/100  KL=0.0675  mean=0.0547  0.09ex/s  eta=3m04s  [eta=7h46m46s total]
  [multifieldqa_en          2/6] phrase_w64_t50 (4/6)  ex   84/100  KL=0.3279  mean=0.0580  0.09ex/s  eta=2m52s  [eta=7h46m17s total]
  [multifieldqa_en          2/6] phrase_w64_t50 (4/6)  ex   85/100  KL=0.0433  mean=0.0578  0.09ex/s  eta=2m41s  [eta=7h46m04s total]
  [multifieldqa_en          2/6] phrase_w64_t50 (4/6)  ex   86/100  KL=0.0447  mean=0.0577  0.09ex/s  eta=2m31s  [eta=7h46m05s total]
  [multifieldqa_en          2/6] phrase_w64_t50 (4/6)  ex   87/100  KL=0.5053  mean=0.0628  0.09ex/s  eta=2m19s  [eta=7h45m35s total]
  [multifieldqa_en          2/6] phrase_w64_t50 (4/6)  ex   88/100  KL=0.0133  mean=0.0622  0.09ex/s  eta=2m07s  [eta=7h45m00s total]
  [multifieldqa_en          2/6] phrase_w64_t50 (4/6)  ex   89/100  KL=0.0332  mean=0.0619  0.09ex/s  eta=1m57s  [eta=7h44m58s total]
  [multifieldqa_en          2/6] phrase_w64_t50 (4/6)  ex   90/100  KL=0.0397  mean=0.0617  0.09ex/s  eta=1m47s  [eta=7h45m00s total]
  [multifieldqa_en          2/6] phrase_w64_t50 (4/6)  ex   91/100  KL=0.0010  mean=0.0610  0.09ex/s  eta=1m36s  [eta=7h45m01s total]
  [multifieldqa_en          2/6] phrase_w64_t50 (4/6)  ex   92/100  KL=0.0137  mean=0.0605  0.09ex/s  eta=1m26s  [eta=7h45m02s total]
  [multifieldqa_en          2/6] phrase_w64_t50 (4/6)  ex   93/100  KL=0.0108  mean=0.0600  0.09ex/s  eta=1m15s  [eta=7h45m02s total]
  [multifieldqa_en          2/6] phrase_w64_t50 (4/6)  ex   94/100  KL=0.0266  mean=0.0596  0.09ex/s  eta=1m04s  [eta=7h44m39s total]
  [multifieldqa_en          2/6] phrase_w64_t50 (4/6)  ex   95/100  KL=0.0005  mean=0.0590  0.09ex/s  eta=54s  [eta=7h44m39s total]
  [multifieldqa_en          2/6] phrase_w64_t50 (4/6)  ex   96/100  KL=0.0554  mean=0.0589  0.09ex/s  eta=43s  [eta=7h44m38s total]
  [multifieldqa_en          2/6] phrase_w64_t50 (4/6)  ex   97/100  KL=0.0256  mean=0.0586  0.09ex/s  eta=32s  [eta=7h44m20s total]
  [multifieldqa_en          2/6] phrase_w64_t50 (4/6)  ex   98/100  KL=0.0103  mean=0.0581  0.09ex/s  eta=21s  [eta=7h44m21s total]
  [multifieldqa_en          2/6] phrase_w64_t50 (4/6)  ex   99/100  KL=0.0573  mean=0.0581  0.09ex/s  eta=10s  [eta=7h44m01s total]
  [multifieldqa_en          2/6] phrase_w64_t50 (4/6)  ex  100/100  KL=0.0208  mean=0.0577  0.09ex/s  eta=0s  [eta=7h44m01s total]
  >>> multifieldqa_en / phrase_w64_t50:  n=100  mean_KL=0.0577  [18m09s]

  [multifieldqa_en          2/6] naive_65pct    (5/6)  ex    1/100  KL=0.0675  mean=0.0675  0.29ex/s  eta=5m46s  [eta=7h43m32s total]
  [multifieldqa_en          2/6] naive_65pct    (5/6)  ex    2/100  KL=0.0157  mean=0.0416  0.11ex/s  eta=14m59s  [eta=7h43m32s total]
  [multifieldqa_en          2/6] naive_65pct    (5/6)  ex    3/100  KL=0.0047  mean=0.0293  0.10ex/s  eta=16m53s  [eta=7h43m27s total]
  [multifieldqa_en          2/6] naive_65pct    (5/6)  ex    4/100  KL=0.0440  mean=0.0330  0.09ex/s  eta=18m40s  [eta=7h43m28s total]
  [multifieldqa_en          2/6] naive_65pct    (5/6)  ex    5/100  KL=0.1319  mean=0.0528  0.08ex/s  eta=19m37s  [eta=7h43m29s total]
  [multifieldqa_en          2/6] naive_65pct    (5/6)  ex    6/100  KL=0.0284  mean=0.0487  0.08ex/s  eta=20m07s  [eta=7h43m30s total]
  [multifieldqa_en          2/6] naive_65pct    (5/6)  ex    7/100  KL=0.0009  mean=0.0419  0.08ex/s  eta=20m07s  [eta=7h43m27s total]
  [multifieldqa_en          2/6] naive_65pct    (5/6)  ex    8/100  KL=0.0075  mean=0.0376  0.09ex/s  eta=18m00s  [eta=7h42m57s total]
  [multifieldqa_en          2/6] naive_65pct    (5/6)  ex    9/100  KL=0.0317  mean=0.0369  0.09ex/s  eta=16m08s  [eta=7h42m23s total]
  [multifieldqa_en          2/6] naive_65pct    (5/6)  ex   10/100  KL=0.0018  mean=0.0334  0.09ex/s  eta=16m40s  [eta=7h42m24s total]
  [multifieldqa_en          2/6] naive_65pct    (5/6)  ex   11/100  KL=0.0226  mean=0.0324  0.09ex/s  eta=17m02s  [eta=7h42m25s total]
  [multifieldqa_en          2/6] naive_65pct    (5/6)  ex   12/100  KL=0.0120  mean=0.0307  0.08ex/s  eta=17m17s  [eta=7h42m26s total]
  [multifieldqa_en          2/6] naive_65pct    (5/6)  ex   13/100  KL=0.0013  mean=0.0285  0.08ex/s  eta=17m28s  [eta=7h42m26s total]
  [multifieldqa_en          2/6] naive_65pct    (5/6)  ex   14/100  KL=0.0075  mean=0.0270  0.08ex/s  eta=17m36s  [eta=7h42m27s total]
  [multifieldqa_en          2/6] naive_65pct    (5/6)  ex   15/100  KL=0.0058  mean=0.0256  0.08ex/s  eta=17m40s  [eta=7h42m28s total]
  [multifieldqa_en          2/6] naive_65pct    (5/6)  ex   16/100  KL=0.1822  mean=0.0354  0.08ex/s  eta=16m49s  [eta=7h42m03s total]
  [multifieldqa_en          2/6] naive_65pct    (5/6)  ex   17/100  KL=0.1915  mean=0.0445  0.08ex/s  eta=16m52s  [eta=7h42m04s total]
  [multifieldqa_en          2/6] naive_65pct    (5/6)  ex   18/100  KL=0.0646  mean=0.0457  0.08ex/s  eta=16m47s  [eta=7h42m01s total]
  [multifieldqa_en          2/6] naive_65pct    (5/6)  ex   19/100  KL=0.0331  mean=0.0450  0.08ex/s  eta=16m48s  [eta=7h42m01s total]
  [multifieldqa_en          2/6] naive_65pct    (5/6)  ex   20/100  KL=0.0027  mean=0.0429  0.08ex/s  eta=16m14s  [eta=7h41m41s total]
  [multifieldqa_en          2/6] naive_65pct    (5/6)  ex   21/100  KL=0.0141  mean=0.0415  0.09ex/s  eta=15m25s  [eta=7h41m10s total]
  [multifieldqa_en          2/6] naive_65pct    (5/6)  ex   22/100  KL=0.0200  mean=0.0405  0.08ex/s  eta=15m25s  [eta=7h41m10s total]
  [multifieldqa_en          2/6] naive_65pct    (5/6)  ex   23/100  KL=0.0166  mean=0.0395  0.08ex/s  eta=15m12s  [eta=7h41m01s total]
  [multifieldqa_en          2/6] naive_65pct    (5/6)  ex   24/100  KL=0.0725  mean=0.0409  0.08ex/s  eta=14m54s  [eta=7h40m48s total]
  [multifieldqa_en          2/6] naive_65pct    (5/6)  ex   25/100  KL=0.0810  mean=0.0425  0.08ex/s  eta=14m49s  [eta=7h40m45s total]
  [multifieldqa_en          2/6] naive_65pct    (5/6)  ex   26/100  KL=0.0219  mean=0.0417  0.08ex/s  eta=14m43s  [eta=7h40m43s total]
  [multifieldqa_en          2/6] naive_65pct    (5/6)  ex   27/100  KL=0.0282  mean=0.0412  0.08ex/s  eta=14m34s  [eta=7h40m38s total]
  [multifieldqa_en          2/6] naive_65pct    (5/6)  ex   28/100  KL=0.0761  mean=0.0424  0.08ex/s  eta=14m30s  [eta=7h40m38s total]
  [multifieldqa_en          2/6] naive_65pct    (5/6)  ex   29/100  KL=0.2070  mean=0.0481  0.08ex/s  eta=14m17s  [eta=7h40m30s total]
  [multifieldqa_en          2/6] naive_65pct    (5/6)  ex   30/100  KL=0.0015  mean=0.0465  0.08ex/s  eta=14m13s  [eta=7h40m31s total]
  [multifieldqa_en          2/6] naive_65pct    (5/6)  ex   31/100  KL=0.0066  mean=0.0453  0.08ex/s  eta=13m49s  [eta=7h40m11s total]
  [multifieldqa_en          2/6] naive_65pct    (5/6)  ex   32/100  KL=0.0497  mean=0.0454  0.08ex/s  eta=13m36s  [eta=7h40m02s total]
  [multifieldqa_en          2/6] naive_65pct    (5/6)  ex   33/100  KL=0.6282  mean=0.0631  0.08ex/s  eta=13m26s  [eta=7h39m56s total]
  [multifieldqa_en          2/6] naive_65pct    (5/6)  ex   34/100  KL=0.0021  mean=0.0613  0.08ex/s  eta=13m14s  [eta=7h39m49s total]
  [multifieldqa_en          2/6] naive_65pct    (5/6)  ex   35/100  KL=0.0505  mean=0.0610  0.08ex/s  eta=13m08s  [eta=7h39m50s total]
  [multifieldqa_en          2/6] naive_65pct    (5/6)  ex   36/100  KL=0.3948  mean=0.0702  0.08ex/s  eta=12m59s  [eta=7h39m46s total]
  [multifieldqa_en          2/6] naive_65pct    (5/6)  ex   37/100  KL=0.0100  mean=0.0686  0.08ex/s  eta=12m28s  [eta=7h39m13s total]
  [multifieldqa_en          2/6] naive_65pct    (5/6)  ex   38/100  KL=0.0331  mean=0.0677  0.08ex/s  eta=12m22s  [eta=7h39m13s total]
  [multifieldqa_en          2/6] naive_65pct    (5/6)  ex   39/100  KL=0.0182  mean=0.0664  0.08ex/s  eta=12m11s  [eta=7h39m07s total]
  [multifieldqa_en          2/6] naive_65pct    (5/6)  ex   40/100  KL=0.0459  mean=0.0659  0.08ex/s  eta=11m52s  [eta=7h38m47s total]
  [multifieldqa_en          2/6] naive_65pct    (5/6)  ex   41/100  KL=0.0767  mean=0.0662  0.08ex/s  eta=11m34s  [eta=7h38m29s total]
  [multifieldqa_en          2/6] naive_65pct    (5/6)  ex   42/100  KL=0.0030  mean=0.0646  0.09ex/s  eta=11m08s  [eta=7h37m56s total]
  [multifieldqa_en          2/6] naive_65pct    (5/6)  ex   43/100  KL=0.0230  mean=0.0637  0.09ex/s  eta=10m56s  [eta=7h37m46s total]
  [multifieldqa_en          2/6] naive_65pct    (5/6)  ex   44/100  KL=0.0229  mean=0.0628  0.09ex/s  eta=10m46s  [eta=7h37m39s total]
  [multifieldqa_en          2/6] naive_65pct    (5/6)  ex   45/100  KL=0.0044  mean=0.0615  0.09ex/s  eta=10m39s  [eta=7h37m39s total]
  [multifieldqa_en          2/6] naive_65pct    (5/6)  ex   46/100  KL=0.0527  mean=0.0613  0.09ex/s  eta=10m29s  [eta=7h37m35s total]
  [multifieldqa_en          2/6] naive_65pct    (5/6)  ex   47/100  KL=0.0530  mean=0.0611  0.09ex/s  eta=10m20s  [eta=7h37m32s total]
  [multifieldqa_en          2/6] naive_65pct    (5/6)  ex   48/100  KL=0.2612  mean=0.0653  0.08ex/s  eta=10m12s  [eta=7h37m32s total]
  [multifieldqa_en          2/6] naive_65pct    (5/6)  ex   49/100  KL=0.8704  mean=0.0817  0.09ex/s  eta=9m51s  [eta=7h37m02s total]
  [multifieldqa_en          2/6] naive_65pct    (5/6)  ex   50/100  KL=0.1353  mean=0.0828  0.09ex/s  eta=9m35s  [eta=7h36m43s total]
  [multifieldqa_en          2/6] naive_65pct    (5/6)  ex   51/100  KL=0.0191  mean=0.0815  0.09ex/s  eta=9m15s  [eta=7h36m13s total]
  [multifieldqa_en          2/6] naive_65pct    (5/6)  ex   52/100  KL=0.0249  mean=0.0804  0.09ex/s  eta=9m08s  [eta=7h36m14s total]
  [multifieldqa_en          2/6] naive_65pct    (5/6)  ex   53/100  KL=0.0053  mean=0.0790  0.09ex/s  eta=8m59s  [eta=7h36m13s total]
  [multifieldqa_en          2/6] naive_65pct    (5/6)  ex   54/100  KL=0.1797  mean=0.0809  0.09ex/s  eta=8m43s  [eta=7h35m51s total]
  [multifieldqa_en          2/6] naive_65pct    (5/6)  ex   55/100  KL=0.0309  mean=0.0800  0.09ex/s  eta=8m27s  [eta=7h35m28s total]
  [multifieldqa_en          2/6] naive_65pct    (5/6)  ex   56/100  KL=0.1128  mean=0.0805  0.09ex/s  eta=8m11s  [eta=7h35m03s total]
  [multifieldqa_en          2/6] naive_65pct    (5/6)  ex   57/100  KL=0.0117  mean=0.0793  0.09ex/s  eta=7m55s  [eta=7h34m40s total]
  [multifieldqa_en          2/6] naive_65pct    (5/6)  ex   58/100  KL=0.0022  mean=0.0780  0.09ex/s  eta=7m38s  [eta=7h34m10s total]
  [multifieldqa_en          2/6] naive_65pct    (5/6)  ex   59/100  KL=0.0319  mean=0.0772  0.09ex/s  eta=7m21s  [eta=7h33m40s total]
  [multifieldqa_en          2/6] naive_65pct    (5/6)  ex   60/100  KL=0.0195  mean=0.0763  0.09ex/s  eta=7m11s  [eta=7h33m29s total]
  [multifieldqa_en          2/6] naive_65pct    (5/6)  ex   61/100  KL=0.0169  mean=0.0753  0.09ex/s  eta=7m03s  [eta=7h33m29s total]
  [multifieldqa_en          2/6] naive_65pct    (5/6)  ex   62/100  KL=0.0082  mean=0.0742  0.09ex/s  eta=6m53s  [eta=7h33m22s total]
  [multifieldqa_en          2/6] naive_65pct    (5/6)  ex   63/100  KL=0.0016  mean=0.0731  0.09ex/s  eta=6m38s  [eta=7h32m54s total]
  [multifieldqa_en          2/6] naive_65pct    (5/6)  ex   64/100  KL=0.0136  mean=0.0721  0.09ex/s  eta=6m24s  [eta=7h32m32s total]
  [multifieldqa_en          2/6] naive_65pct    (5/6)  ex   65/100  KL=0.0033  mean=0.0711  0.09ex/s  eta=6m09s  [eta=7h32m02s total]
  [multifieldqa_en          2/6] naive_65pct    (5/6)  ex   66/100  KL=0.0361  mean=0.0705  0.09ex/s  eta=6m01s  [eta=7h32m02s total]
  [multifieldqa_en          2/6] naive_65pct    (5/6)  ex   67/100  KL=0.0097  mean=0.0696  0.09ex/s  eta=5m53s  [eta=7h32m02s total]
  [multifieldqa_en          2/6] naive_65pct    (5/6)  ex   68/100  KL=0.0075  mean=0.0687  0.09ex/s  eta=5m44s  [eta=7h32m02s total]
  [multifieldqa_en          2/6] naive_65pct    (5/6)  ex   69/100  KL=0.0015  mean=0.0677  0.09ex/s  eta=5m32s  [eta=7h31m43s total]
  [multifieldqa_en          2/6] naive_65pct    (5/6)  ex   70/100  KL=0.0067  mean=0.0669  0.09ex/s  eta=5m21s  [eta=7h31m34s total]
  [multifieldqa_en          2/6] naive_65pct    (5/6)  ex   71/100  KL=0.0283  mean=0.0663  0.09ex/s  eta=5m08s  [eta=7h31m08s total]
  [multifieldqa_en          2/6] naive_65pct    (5/6)  ex   72/100  KL=0.0427  mean=0.0660  0.09ex/s  eta=4m54s  [eta=7h30m40s total]
  [multifieldqa_en          2/6] naive_65pct    (5/6)  ex   73/100  KL=0.0153  mean=0.0653  0.09ex/s  eta=4m45s  [eta=7h30m36s total]
  [multifieldqa_en          2/6] naive_65pct    (5/6)  ex   74/100  KL=0.0102  mean=0.0646  0.09ex/s  eta=4m36s  [eta=7h30m35s total]
  [multifieldqa_en          2/6] naive_65pct    (5/6)  ex   75/100  KL=0.0195  mean=0.0640  0.09ex/s  eta=4m27s  [eta=7h30m35s total]
  [multifieldqa_en          2/6] naive_65pct    (5/6)  ex   76/100  KL=0.0224  mean=0.0634  0.09ex/s  eta=4m17s  [eta=7h30m30s total]
  [multifieldqa_en          2/6] naive_65pct    (5/6)  ex   77/100  KL=0.3248  mean=0.0668  0.09ex/s  eta=4m04s  [eta=7h30m01s total]
  [multifieldqa_en          2/6] naive_65pct    (5/6)  ex   78/100  KL=0.0555  mean=0.0667  0.09ex/s  eta=3m54s  [eta=7h29m58s total]
  [multifieldqa_en          2/6] naive_65pct    (5/6)  ex   79/100  KL=0.1323  mean=0.0675  0.09ex/s  eta=3m43s  [eta=7h29m44s total]
  [multifieldqa_en          2/6] naive_65pct    (5/6)  ex   80/100  KL=0.0653  mean=0.0675  0.09ex/s  eta=3m34s  [eta=7h29m43s total]
  [multifieldqa_en          2/6] naive_65pct    (5/6)  ex   81/100  KL=0.0043  mean=0.0667  0.09ex/s  eta=3m24s  [eta=7h29m43s total]
  [multifieldqa_en          2/6] naive_65pct    (5/6)  ex   82/100  KL=0.0783  mean=0.0668  0.09ex/s  eta=3m14s  [eta=7h29m44s total]
  [multifieldqa_en          2/6] naive_65pct    (5/6)  ex   83/100  KL=0.1132  mean=0.0674  0.09ex/s  eta=3m03s  [eta=7h29m24s total]
  [multifieldqa_en          2/6] naive_65pct    (5/6)  ex   84/100  KL=0.0600  mean=0.0673  0.09ex/s  eta=2m50s  [eta=7h28m57s total]
  [multifieldqa_en          2/6] naive_65pct    (5/6)  ex   85/100  KL=0.0233  mean=0.0668  0.09ex/s  eta=2m40s  [eta=7h28m44s total]
  [multifieldqa_en          2/6] naive_65pct    (5/6)  ex   86/100  KL=0.0277  mean=0.0663  0.09ex/s  eta=2m30s  [eta=7h28m43s total]
  [multifieldqa_en          2/6] naive_65pct    (5/6)  ex   87/100  KL=0.0651  mean=0.0663  0.09ex/s  eta=2m18s  [eta=7h28m15s total]
  [multifieldqa_en          2/6] naive_65pct    (5/6)  ex   88/100  KL=0.0361  mean=0.0660  0.09ex/s  eta=2m06s  [eta=7h27m44s total]
  [multifieldqa_en          2/6] naive_65pct    (5/6)  ex   89/100  KL=0.1656  mean=0.0671  0.09ex/s  eta=1m56s  [eta=7h27m41s total]
  [multifieldqa_en          2/6] naive_65pct    (5/6)  ex   90/100  KL=0.1213  mean=0.0677  0.09ex/s  eta=1m46s  [eta=7h27m41s total]
  [multifieldqa_en          2/6] naive_65pct    (5/6)  ex   91/100  KL=0.0010  mean=0.0670  0.09ex/s  eta=1m36s  [eta=7h27m40s total]
  [multifieldqa_en          2/6] naive_65pct    (5/6)  ex   92/100  KL=0.0137  mean=0.0664  0.09ex/s  eta=1m25s  [eta=7h27m39s total]
  [multifieldqa_en          2/6] naive_65pct    (5/6)  ex   93/100  KL=0.0046  mean=0.0657  0.09ex/s  eta=1m15s  [eta=7h27m39s total]
  [multifieldqa_en          2/6] naive_65pct    (5/6)  ex   94/100  KL=0.0315  mean=0.0654  0.09ex/s  eta=1m04s  [eta=7h27m17s total]
  [multifieldqa_en          2/6] naive_65pct    (5/6)  ex   95/100  KL=0.0005  mean=0.0647  0.09ex/s  eta=53s  [eta=7h27m17s total]
  [multifieldqa_en          2/6] naive_65pct    (5/6)  ex   96/100  KL=0.0382  mean=0.0644  0.09ex/s  eta=43s  [eta=7h27m14s total]
  [multifieldqa_en          2/6] naive_65pct    (5/6)  ex   97/100  KL=0.2324  mean=0.0661  0.09ex/s  eta=32s  [eta=7h26m57s total]
  [multifieldqa_en          2/6] naive_65pct    (5/6)  ex   98/100  KL=0.0104  mean=0.0656  0.09ex/s  eta=21s  [eta=7h26m50s total]
  [multifieldqa_en          2/6] naive_65pct    (5/6)  ex   99/100  KL=0.0565  mean=0.0655  0.09ex/s  eta=10s  [eta=7h26m31s total]
  [multifieldqa_en          2/6] naive_65pct    (5/6)  ex  100/100  KL=0.0208  mean=0.0650  0.09ex/s  eta=0s  [eta=7h26m30s total]
  >>> multifieldqa_en / naive_65pct:  n=100  mean_KL=0.0650  [17m59s]

  [multifieldqa_en          2/6] snapkv         (6/6)  ex    1/100  KL=0.1029  mean=0.1029  0.28ex/s  eta=5m54s  [eta=7h26m03s total]
  [multifieldqa_en          2/6] snapkv         (6/6)  ex    2/100  KL=0.0420  mean=0.0724  0.12ex/s  eta=13m32s  [eta=7h25m58s total]
  [multifieldqa_en          2/6] snapkv         (6/6)  ex    3/100  KL=0.0231  mean=0.0560  0.10ex/s  eta=15m58s  [eta=7h25m53s total]
  [multifieldqa_en          2/6] snapkv         (6/6)  ex    4/100  KL=0.0641  mean=0.0580  0.09ex/s  eta=17m11s  [eta=7h25m48s total]
  [multifieldqa_en          2/6] snapkv         (6/6)  ex    5/100  KL=0.1948  mean=0.0854  0.09ex/s  eta=17m51s  [eta=7h25m43s total]
  [multifieldqa_en          2/6] snapkv         (6/6)  ex    6/100  KL=0.1041  mean=0.0885  0.09ex/s  eta=18m10s  [eta=7h25m38s total]
  [multifieldqa_en          2/6] snapkv         (6/6)  ex    7/100  KL=0.0094  mean=0.0772  0.08ex/s  eta=18m16s  [eta=7h25m32s total]
  [multifieldqa_en          2/6] snapkv         (6/6)  ex    8/100  KL=0.0188  mean=0.0699  0.09ex/s  eta=16m23s  [eta=7h25m04s total]
  [multifieldqa_en          2/6] snapkv         (6/6)  ex    9/100  KL=0.0237  mean=0.0648  0.10ex/s  eta=15m09s  [eta=7h24m39s total]
  [multifieldqa_en          2/6] snapkv         (6/6)  ex   10/100  KL=0.0195  mean=0.0602  0.10ex/s  eta=15m27s  [eta=7h24m34s total]
  [multifieldqa_en          2/6] snapkv         (6/6)  ex   11/100  KL=0.0526  mean=0.0595  0.09ex/s  eta=15m40s  [eta=7h24m29s total]
  [multifieldqa_en          2/6] snapkv         (6/6)  ex   12/100  KL=0.0451  mean=0.0583  0.09ex/s  eta=15m50s  [eta=7h24m24s total]
  [multifieldqa_en          2/6] snapkv         (6/6)  ex   13/100  KL=0.0160  mean=0.0551  0.09ex/s  eta=15m57s  [eta=7h24m20s total]
  [multifieldqa_en          2/6] snapkv         (6/6)  ex   14/100  KL=0.0120  mean=0.0520  0.09ex/s  eta=16m00s  [eta=7h24m15s total]
  [multifieldqa_en          2/6] snapkv         (6/6)  ex   15/100  KL=0.1570  mean=0.0590  0.09ex/s  eta=16m02s  [eta=7h24m10s total]
  [multifieldqa_en          2/6] snapkv         (6/6)  ex   16/100  KL=0.0087  mean=0.0559  0.09ex/s  eta=15m05s  [eta=7h23m41s total]
  [multifieldqa_en          2/6] snapkv         (6/6)  ex   17/100  KL=0.2623  mean=0.0680  0.09ex/s  eta=15m08s  [eta=7h23m37s total]
  [multifieldqa_en          2/6] snapkv         (6/6)  ex   18/100  KL=0.1923  mean=0.0749  0.09ex/s  eta=15m03s  [eta=7h23m30s total]
  [multifieldqa_en          2/6] snapkv         (6/6)  ex   19/100  KL=0.0448  mean=0.0733  0.09ex/s  eta=15m02s  [eta=7h23m25s total]
  [multifieldqa_en          2/6] snapkv         (6/6)  ex   20/100  KL=0.1912  mean=0.0792  0.09ex/s  eta=14m23s  [eta=7h23m00s total]
  [multifieldqa_en          2/6] snapkv         (6/6)  ex   21/100  KL=0.0086  mean=0.0759  0.10ex/s  eta=13m41s  [eta=7h22m31s total]
  [multifieldqa_en          2/6] snapkv         (6/6)  ex   22/100  KL=0.1824  mean=0.0807  0.09ex/s  eta=13m43s  [eta=7h22m27s total]
  [multifieldqa_en          2/6] snapkv         (6/6)  ex   23/100  KL=0.0655  mean=0.0800  0.09ex/s  eta=13m31s  [eta=7h22m15s total]
  [multifieldqa_en          2/6] snapkv         (6/6)  ex   24/100  KL=0.1214  mean=0.0818  0.10ex/s  eta=13m17s  [eta=7h22m01s total]
  [multifieldqa_en          2/6] snapkv         (6/6)  ex   25/100  KL=0.1463  mean=0.0843  0.09ex/s  eta=13m13s  [eta=7h21m55s total]
  [multifieldqa_en          2/6] snapkv         (6/6)  ex   26/100  KL=0.0525  mean=0.0831  0.09ex/s  eta=13m07s  [eta=7h21m48s total]
  [multifieldqa_en          2/6] snapkv         (6/6)  ex   27/100  KL=0.0644  mean=0.0824  0.09ex/s  eta=12m58s  [eta=7h21m38s total]
  [multifieldqa_en          2/6] snapkv         (6/6)  ex   28/100  KL=0.1128  mean=0.0835  0.09ex/s  eta=12m54s  [eta=7h21m33s total]
  [multifieldqa_en          2/6] snapkv         (6/6)  ex   29/100  KL=0.2460  mean=0.0891  0.09ex/s  eta=12m44s  [eta=7h21m23s total]
  [multifieldqa_en          2/6] snapkv         (6/6)  ex   30/100  KL=0.0109  mean=0.0865  0.09ex/s  eta=12m40s  [eta=7h21m18s total]
  [multifieldqa_en          2/6] snapkv         (6/6)  ex   31/100  KL=0.1454  mean=0.0884  0.09ex/s  eta=12m20s  [eta=7h20m59s total]
  [multifieldqa_en          2/6] snapkv         (6/6)  ex   32/100  KL=0.1910  mean=0.0916  0.09ex/s  eta=12m11s  [eta=7h20m51s total]
  [multifieldqa_en          2/6] snapkv         (6/6)  ex   33/100  KL=0.8453  mean=0.1145  0.09ex/s  eta=12m03s  [eta=7h20m43s total]
  [multifieldqa_en          2/6] snapkv         (6/6)  ex   34/100  KL=0.0245  mean=0.1118  0.09ex/s  eta=11m52s  [eta=7h20m32s total]
  [multifieldqa_en          2/6] snapkv         (6/6)  ex   35/100  KL=0.0563  mean=0.1102  0.09ex/s  eta=11m45s  [eta=7h20m26s total]
  [multifieldqa_en          2/6] snapkv         (6/6)  ex   36/100  KL=0.2893  mean=0.1152  0.09ex/s  eta=11m37s  [eta=7h20m18s total]
  [multifieldqa_en          2/6] snapkv         (6/6)  ex   37/100  KL=0.0353  mean=0.1130  0.09ex/s  eta=11m13s  [eta=7h19m52s total]
  [multifieldqa_en          2/6] snapkv         (6/6)  ex   38/100  KL=0.0558  mean=0.1115  0.09ex/s  eta=11m06s  [eta=7h19m46s total]
  [multifieldqa_en          2/6] snapkv         (6/6)  ex   39/100  KL=0.0958  mean=0.1111  0.09ex/s  eta=10m55s  [eta=7h19m35s total]
  [multifieldqa_en          2/6] snapkv         (6/6)  ex   40/100  KL=0.0622  mean=0.1099  0.09ex/s  eta=10m39s  [eta=7h19m17s total]
  [multifieldqa_en          2/6] snapkv         (6/6)  ex   41/100  KL=0.0512  mean=0.1085  0.09ex/s  eta=10m24s  [eta=7h19m00s total]
  [multifieldqa_en          2/6] snapkv         (6/6)  ex   42/100  KL=0.0094  mean=0.1061  0.10ex/s  eta=10m02s  [eta=7h18m30s total]
  [multifieldqa_en          2/6] snapkv         (6/6)  ex   43/100  KL=0.0644  mean=0.1051  0.10ex/s  eta=9m53s  [eta=7h18m22s total]
  [multifieldqa_en          2/6] snapkv         (6/6)  ex   44/100  KL=0.0202  mean=0.1032  0.10ex/s  eta=9m46s  [eta=7h18m17s total]
  [multifieldqa_en          2/6] snapkv         (6/6)  ex   45/100  KL=0.1415  mean=0.1041  0.09ex/s  eta=9m39s  [eta=7h18m11s total]
  [multifieldqa_en          2/6] snapkv         (6/6)  ex   46/100  KL=0.0671  mean=0.1033  0.09ex/s  eta=9m32s  [eta=7h18m06s total]
  [multifieldqa_en          2/6] snapkv         (6/6)  ex   47/100  KL=0.1045  mean=0.1033  0.09ex/s  eta=9m23s  [eta=7h17m57s total]
  [multifieldqa_en          2/6] snapkv         (6/6)  ex   48/100  KL=0.2203  mean=0.1057  0.09ex/s  eta=9m14s  [eta=7h17m52s total]
  [multifieldqa_en          2/6] snapkv         (6/6)  ex   49/100  KL=0.0298  mean=0.1042  0.09ex/s  eta=8m59s  [eta=7h17m30s total]
  [multifieldqa_en          2/6] snapkv         (6/6)  ex   50/100  KL=0.1062  mean=0.1042  0.10ex/s  eta=8m42s  [eta=7h17m06s total]
  [multifieldqa_en          2/6] snapkv         (6/6)  ex   51/100  KL=0.0172  mean=0.1025  0.10ex/s  eta=8m24s  [eta=7h16m39s total]
  [multifieldqa_en          2/6] snapkv         (6/6)  ex   52/100  KL=0.7236  mean=0.1145  0.10ex/s  eta=8m17s  [eta=7h16m34s total]
  [multifieldqa_en          2/6] snapkv         (6/6)  ex   53/100  KL=0.0185  mean=0.1126  0.10ex/s  eta=8m09s  [eta=7h16m29s total]
  [multifieldqa_en          2/6] snapkv         (6/6)  ex   54/100  KL=0.0296  mean=0.1111  0.10ex/s  eta=7m57s  [eta=7h16m14s total]
  [multifieldqa_en          2/6] snapkv         (6/6)  ex   55/100  KL=0.0215  mean=0.1095  0.10ex/s  eta=7m43s  [eta=7h15m53s total]
  [multifieldqa_en          2/6] snapkv         (6/6)  ex   56/100  KL=0.0185  mean=0.1079  0.10ex/s  eta=7m27s  [eta=7h15m25s total]
  [multifieldqa_en          2/6] snapkv         (6/6)  ex   57/100  KL=0.1116  mean=0.1079  0.10ex/s  eta=7m15s  [eta=7h15m09s total]
  [multifieldqa_en          2/6] snapkv         (6/6)  ex   58/100  KL=0.0161  mean=0.1063  0.10ex/s  eta=7m00s  [eta=7h14m43s total]
  [multifieldqa_en          2/6] snapkv         (6/6)  ex   59/100  KL=0.0183  mean=0.1048  0.10ex/s  eta=6m46s  [eta=7h14m17s total]
  [multifieldqa_en          2/6] snapkv         (6/6)  ex   60/100  KL=0.0647  mean=0.1042  0.10ex/s  eta=6m35s  [eta=7h14m04s total]
  [multifieldqa_en          2/6] snapkv         (6/6)  ex   61/100  KL=0.1454  mean=0.1048  0.10ex/s  eta=6m28s  [eta=7h13m59s total]
  [multifieldqa_en          2/6] snapkv         (6/6)  ex   62/100  KL=0.0120  mean=0.1034  0.10ex/s  eta=6m20s  [eta=7h13m54s total]
  [multifieldqa_en          2/6] snapkv         (6/6)  ex   63/100  KL=0.0173  mean=0.1020  0.10ex/s  eta=6m06s  [eta=7h13m29s total]
  [multifieldqa_en          2/6] snapkv         (6/6)  ex   64/100  KL=0.0295  mean=0.1009  0.10ex/s  eta=5m54s  [eta=7h13m08s total]
  [multifieldqa_en          2/6] snapkv         (6/6)  ex   65/100  KL=0.0260  mean=0.0997  0.10ex/s  eta=5m41s  [eta=7h12m42s total]
  [multifieldqa_en          2/6] snapkv         (6/6)  ex   66/100  KL=0.0650  mean=0.0992  0.10ex/s  eta=5m33s  [eta=7h12m37s total]
  [multifieldqa_en          2/6] snapkv         (6/6)  ex   67/100  KL=0.0723  mean=0.0988  0.10ex/s  eta=5m24s  [eta=7h12m28s total]
  [multifieldqa_en          2/6] snapkv         (6/6)  ex   68/100  KL=0.0684  mean=0.0983  0.10ex/s  eta=5m16s  [eta=7h12m23s total]
  [multifieldqa_en          2/6] snapkv         (6/6)  ex   69/100  KL=0.0678  mean=0.0979  0.10ex/s  eta=5m05s  [eta=7h12m05s total]
  [multifieldqa_en          2/6] snapkv         (6/6)  ex   70/100  KL=0.0532  mean=0.0972  0.10ex/s  eta=4m55s  [eta=7h11m53s total]
  [multifieldqa_en          2/6] snapkv         (6/6)  ex   71/100  KL=0.0289  mean=0.0963  0.10ex/s  eta=4m43s  [eta=7h11m29s total]
  [multifieldqa_en          2/6] snapkv         (6/6)  ex   72/100  KL=0.0338  mean=0.0954  0.10ex/s  eta=4m31s  [eta=7h11m04s total]
  [multifieldqa_en          2/6] snapkv         (6/6)  ex   73/100  KL=0.0370  mean=0.0946  0.10ex/s  eta=4m22s  [eta=7h10m57s total]
  [multifieldqa_en          2/6] snapkv         (6/6)  ex   74/100  KL=0.0151  mean=0.0935  0.10ex/s  eta=4m13s  [eta=7h10m51s total]
  [multifieldqa_en          2/6] snapkv         (6/6)  ex   75/100  KL=0.0404  mean=0.0928  0.10ex/s  eta=4m05s  [eta=7h10m47s total]
  [multifieldqa_en          2/6] snapkv         (6/6)  ex   76/100  KL=0.0996  mean=0.0929  0.10ex/s  eta=3m56s  [eta=7h10m38s total]
  [multifieldqa_en          2/6] snapkv         (6/6)  ex   77/100  KL=0.0399  mean=0.0922  0.10ex/s  eta=3m44s  [eta=7h10m12s total]
  [multifieldqa_en          2/6] snapkv         (6/6)  ex   78/100  KL=0.2057  mean=0.0937  0.10ex/s  eta=3m35s  [eta=7h10m04s total]
  [multifieldqa_en          2/6] snapkv         (6/6)  ex   79/100  KL=0.1050  mean=0.0938  0.10ex/s  eta=3m25s  [eta=7h09m51s total]
  [multifieldqa_en          2/6] snapkv         (6/6)  ex   80/100  KL=0.1940  mean=0.0951  0.10ex/s  eta=3m16s  [eta=7h09m45s total]
  [multifieldqa_en          2/6] snapkv         (6/6)  ex   81/100  KL=0.0358  mean=0.0944  0.10ex/s  eta=3m07s  [eta=7h09m40s total]
  [multifieldqa_en          2/6] snapkv         (6/6)  ex   82/100  KL=0.1767  mean=0.0954  0.10ex/s  eta=2m58s  [eta=7h09m36s total]
  [multifieldqa_en          2/6] snapkv         (6/6)  ex   83/100  KL=0.0866  mean=0.0953  0.10ex/s  eta=2m48s  [eta=7h09m22s total]
  [multifieldqa_en          2/6] snapkv         (6/6)  ex   84/100  KL=0.0078  mean=0.0942  0.10ex/s  eta=2m37s  [eta=7h08m56s total]
  [multifieldqa_en          2/6] snapkv         (6/6)  ex   85/100  KL=0.0367  mean=0.0935  0.10ex/s  eta=2m27s  [eta=7h08m42s total]
  [multifieldqa_en          2/6] snapkv         (6/6)  ex   86/100  KL=0.0815  mean=0.0934  0.10ex/s  eta=2m17s  [eta=7h08m37s total]
  [multifieldqa_en          2/6] snapkv         (6/6)  ex   87/100  KL=0.0245  mean=0.0926  0.10ex/s  eta=2m07s  [eta=7h08m12s total]
  [multifieldqa_en          2/6] snapkv         (6/6)  ex   88/100  KL=0.0352  mean=0.0919  0.10ex/s  eta=1m56s  [eta=7h07m43s total]
  [multifieldqa_en          2/6] snapkv         (6/6)  ex   89/100  KL=0.0840  mean=0.0919  0.10ex/s  eta=1m46s  [eta=7h07m36s total]
  [multifieldqa_en          2/6] snapkv         (6/6)  ex   90/100  KL=0.1345  mean=0.0923  0.10ex/s  eta=1m37s  [eta=7h07m32s total]
  [multifieldqa_en          2/6] snapkv         (6/6)  ex   91/100  KL=0.0143  mean=0.0915  0.10ex/s  eta=1m28s  [eta=7h07m23s total]
  [multifieldqa_en          2/6] snapkv         (6/6)  ex   92/100  KL=0.0354  mean=0.0909  0.10ex/s  eta=1m18s  [eta=7h07m18s total]
  [multifieldqa_en          2/6] snapkv         (6/6)  ex   93/100  KL=0.0270  mean=0.0902  0.10ex/s  eta=1m09s  [eta=7h07m13s total]
  [multifieldqa_en          2/6] snapkv         (6/6)  ex   94/100  KL=0.0329  mean=0.0896  0.10ex/s  eta=58s  [eta=7h06m53s total]
  [multifieldqa_en          2/6] snapkv         (6/6)  ex   95/100  KL=0.2175  mean=0.0909  0.10ex/s  eta=49s  [eta=7h06m48s total]
  [multifieldqa_en          2/6] snapkv         (6/6)  ex   96/100  KL=0.0810  mean=0.0908  0.10ex/s  eta=39s  [eta=7h06m41s total]
  [multifieldqa_en          2/6] snapkv         (6/6)  ex   97/100  KL=0.1251  mean=0.0912  0.10ex/s  eta=29s  [eta=7h06m25s total]
  [multifieldqa_en          2/6] snapkv         (6/6)  ex   98/100  KL=0.0694  mean=0.0909  0.10ex/s  eta=19s  [eta=7h06m20s total]
  [multifieldqa_en          2/6] snapkv         (6/6)  ex   99/100  KL=0.0450  mean=0.0905  0.10ex/s  eta=9s  [eta=7h05m57s total]
  [multifieldqa_en          2/6] snapkv         (6/6)  ex  100/100  KL=0.1363  mean=0.0909  0.10ex/s  eta=0s  [eta=7h05m53s total]
  >>> multifieldqa_en / snapkv:  n=100  mean_KL=0.0909  [16m28s]

  [repobench-p              3/6] phrase_w32_t0  (1/6)  ex    1/100  KL=0.4743  mean=0.4743  0.06ex/s  eta=25m45s  [eta=7h05m52s total]
  [repobench-p              3/6] phrase_w32_t0  (1/6)  ex    2/100  KL=0.0302  mean=0.2522  0.06ex/s  eta=25m37s  [eta=7h05m52s total]
  [repobench-p              3/6] phrase_w32_t0  (1/6)  ex    3/100  KL=0.0156  mean=0.1734  0.06ex/s  eta=25m15s  [eta=7h05m51s total]
  [repobench-p              3/6] phrase_w32_t0  (1/6)  ex    4/100  KL=0.0139  mean=0.1335  0.06ex/s  eta=24m54s  [eta=7h05m50s total]
  [repobench-p              3/6] phrase_w32_t0  (1/6)  ex    5/100  KL=0.0406  mean=0.1149  0.06ex/s  eta=24m37s  [eta=7h05m49s total]
  [repobench-p              3/6] phrase_w32_t0  (1/6)  ex    6/100  KL=0.0613  mean=0.1060  0.06ex/s  eta=24m19s  [eta=7h05m47s total]
  [repobench-p              3/6] phrase_w32_t0  (1/6)  ex    7/100  KL=0.0361  mean=0.0960  0.07ex/s  eta=21m59s  [eta=7h05m28s total]
  [repobench-p              3/6] phrase_w32_t0  (1/6)  ex    8/100  KL=0.2060  mean=0.1097  0.07ex/s  eta=21m58s  [eta=7h05m26s total]
  [repobench-p              3/6] phrase_w32_t0  (1/6)  ex    9/100  KL=0.0046  mean=0.0981  0.07ex/s  eta=21m55s  [eta=7h05m25s total]
  [repobench-p              3/6] phrase_w32_t0  (1/6)  ex   10/100  KL=0.6679  mean=0.1550  0.07ex/s  eta=21m50s  [eta=7h05m24s total]
  [repobench-p              3/6] phrase_w32_t0  (1/6)  ex   11/100  KL=0.0106  mean=0.1419  0.07ex/s  eta=20m33s  [eta=7h05m06s total]
  [repobench-p              3/6] phrase_w32_t0  (1/6)  ex   12/100  KL=0.4048  mean=0.1638  0.07ex/s  eta=19m52s  [eta=7h04m54s total]
  [repobench-p              3/6] phrase_w32_t0  (1/6)  ex   13/100  KL=0.0313  mean=0.1536  0.07ex/s  eta=19m49s  [eta=7h04m52s total]
  [repobench-p              3/6] phrase_w32_t0  (1/6)  ex   14/100  KL=0.0974  mean=0.1496  0.07ex/s  eta=19m13s  [eta=7h04m40s total]
  [repobench-p              3/6] phrase_w32_t0  (1/6)  ex   15/100  KL=0.0171  mean=0.1408  0.07ex/s  eta=19m10s  [eta=7h04m38s total]
  [repobench-p              3/6] phrase_w32_t0  (1/6)  ex   16/100  KL=0.2991  mean=0.1507  0.08ex/s  eta=18m34s  [eta=7h04m25s total]
  [repobench-p              3/6] phrase_w32_t0  (1/6)  ex   17/100  KL=0.0525  mean=0.1449  0.07ex/s  eta=18m31s  [eta=7h04m23s total]
  [repobench-p              3/6] phrase_w32_t0  (1/6)  ex   18/100  KL=0.0252  mean=0.1382  0.07ex/s  eta=18m26s  [eta=7h04m22s total]
  [repobench-p              3/6] phrase_w32_t0  (1/6)  ex   19/100  KL=0.0224  mean=0.1322  0.07ex/s  eta=18m03s  [eta=7h04m12s total]
  [repobench-p              3/6] phrase_w32_t0  (1/6)  ex   20/100  KL=0.4260  mean=0.1468  0.08ex/s  eta=17m20s  [eta=7h03m52s total]
  [repobench-p              3/6] phrase_w32_t0  (1/6)  ex   21/100  KL=0.0524  mean=0.1423  0.08ex/s  eta=17m11s  [eta=7h03m48s total]
  [repobench-p              3/6] phrase_w32_t0  (1/6)  ex   22/100  KL=0.0137  mean=0.1365  0.08ex/s  eta=17m05s  [eta=7h03m46s total]
  [repobench-p              3/6] phrase_w32_t0  (1/6)  ex   23/100  KL=0.0628  mean=0.1333  0.08ex/s  eta=17m00s  [eta=7h03m44s total]
  [repobench-p              3/6] phrase_w32_t0  (1/6)  ex   24/100  KL=0.0091  mean=0.1281  0.08ex/s  eta=16m53s  [eta=7h03m43s total]
  [repobench-p              3/6] phrase_w32_t0  (1/6)  ex   25/100  KL=0.0352  mean=0.1244  0.07ex/s  eta=16m48s  [eta=7h03m43s total]
  [repobench-p              3/6] phrase_w32_t0  (1/6)  ex   26/100  KL=0.4968  mean=0.1387  0.07ex/s  eta=16m35s  [eta=7h03m38s total]
  [repobench-p              3/6] phrase_w32_t0  (1/6)  ex   27/100  KL=0.0624  mean=0.1359  0.07ex/s  eta=16m27s  [eta=7h03m36s total]
  [repobench-p              3/6] phrase_w32_t0  (1/6)  ex   28/100  KL=0.1781  mean=0.1374  0.07ex/s  eta=16m17s  [eta=7h03m34s total]
  [repobench-p              3/6] phrase_w32_t0  (1/6)  ex   29/100  KL=0.0542  mean=0.1345  0.07ex/s  eta=16m08s  [eta=7h03m32s total]
  [repobench-p              3/6] phrase_w32_t0  (1/6)  ex   30/100  KL=0.5375  mean=0.1480  0.07ex/s  eta=15m52s  [eta=7h03m25s total]
  [repobench-p              3/6] phrase_w32_t0  (1/6)  ex   31/100  KL=0.0645  mean=0.1453  0.07ex/s  eta=15m42s  [eta=7h03m23s total]
  [repobench-p              3/6] phrase_w32_t0  (1/6)  ex   32/100  KL=0.0471  mean=0.1422  0.07ex/s  eta=15m17s  [eta=7h03m07s total]
  [repobench-p              3/6] phrase_w32_t0  (1/6)  ex   33/100  KL=0.7337  mean=0.1601  0.07ex/s  eta=15m06s  [eta=7h03m04s total]
  [repobench-p              3/6] phrase_w32_t0  (1/6)  ex   34/100  KL=0.0254  mean=0.1562  0.07ex/s  eta=14m56s  [eta=7h03m02s total]
  [repobench-p              3/6] phrase_w32_t0  (1/6)  ex   35/100  KL=0.1519  mean=0.1560  0.07ex/s  eta=14m45s  [eta=7h02m59s total]
  [repobench-p              3/6] phrase_w32_t0  (1/6)  ex   36/100  KL=0.2294  mean=0.1581  0.07ex/s  eta=14m34s  [eta=7h02m57s total]
  [repobench-p              3/6] phrase_w32_t0  (1/6)  ex   37/100  KL=0.2375  mean=0.1602  0.07ex/s  eta=14m10s  [eta=7h02m40s total]
  [repobench-p              3/6] phrase_w32_t0  (1/6)  ex   38/100  KL=0.1573  mean=0.1602  0.07ex/s  eta=13m59s  [eta=7h02m38s total]
  [repobench-p              3/6] phrase_w32_t0  (1/6)  ex   39/100  KL=0.0725  mean=0.1579  0.07ex/s  eta=13m48s  [eta=7h02m35s total]
  [repobench-p              3/6] phrase_w32_t0  (1/6)  ex   40/100  KL=0.0457  mean=0.1551  0.07ex/s  eta=13m29s  [eta=7h02m24s total]
  [repobench-p              3/6] phrase_w32_t0  (1/6)  ex   41/100  KL=0.2790  mean=0.1581  0.07ex/s  eta=13m14s  [eta=7h02m16s total]
  [repobench-p              3/6] phrase_w32_t0  (1/6)  ex   42/100  KL=0.1676  mean=0.1583  0.07ex/s  eta=13m03s  [eta=7h02m14s total]
  [repobench-p              3/6] phrase_w32_t0  (1/6)  ex   43/100  KL=0.0236  mean=0.1552  0.07ex/s  eta=12m52s  [eta=7h02m11s total]
  [repobench-p              3/6] phrase_w32_t0  (1/6)  ex   44/100  KL=0.0257  mean=0.1523  0.07ex/s  eta=12m40s  [eta=7h02m09s total]
  [repobench-p              3/6] phrase_w32_t0  (1/6)  ex   45/100  KL=0.0546  mean=0.1501  0.07ex/s  eta=12m29s  [eta=7h02m07s total]
  [repobench-p              3/6] phrase_w32_t0  (1/6)  ex   46/100  KL=0.5171  mean=0.1581  0.07ex/s  eta=12m17s  [eta=7h02m05s total]
  [repobench-p              3/6] phrase_w32_t0  (1/6)  ex   47/100  KL=0.0372  mean=0.1555  0.07ex/s  eta=12m05s  [eta=7h02m03s total]
  [repobench-p              3/6] phrase_w32_t0  (1/6)  ex   48/100  KL=0.0953  mean=0.1543  0.07ex/s  eta=11m53s  [eta=7h02m01s total]
  [repobench-p              3/6] phrase_w32_t0  (1/6)  ex   49/100  KL=0.0131  mean=0.1514  0.07ex/s  eta=11m41s  [eta=7h01m58s total]
  [repobench-p              3/6] phrase_w32_t0  (1/6)  ex   50/100  KL=0.3446  mean=0.1552  0.07ex/s  eta=11m23s  [eta=7h01m45s total]
  [repobench-p              3/6] phrase_w32_t0  (1/6)  ex   51/100  KL=0.0158  mean=0.1525  0.07ex/s  eta=11m11s  [eta=7h01m42s total]
  [repobench-p              3/6] phrase_w32_t0  (1/6)  ex   52/100  KL=0.0180  mean=0.1499  0.07ex/s  eta=10m51s  [eta=7h01m25s total]
  [repobench-p              3/6] phrase_w32_t0  (1/6)  ex   53/100  KL=0.0272  mean=0.1476  0.07ex/s  eta=10m35s  [eta=7h01m13s total]
  [repobench-p              3/6] phrase_w32_t0  (1/6)  ex   54/100  KL=0.4566  mean=0.1533  0.07ex/s  eta=10m22s  [eta=7h01m10s total]
  [repobench-p              3/6] phrase_w32_t0  (1/6)  ex   55/100  KL=0.3687  mean=0.1572  0.07ex/s  eta=10m10s  [eta=7h01m08s total]
  [repobench-p              3/6] phrase_w32_t0  (1/6)  ex   56/100  KL=0.0092  mean=0.1546  0.07ex/s  eta=9m58s  [eta=7h01m06s total]
  [repobench-p              3/6] phrase_w32_t0  (1/6)  ex   57/100  KL=0.1026  mean=0.1537  0.07ex/s  eta=9m46s  [eta=7h01m03s total]
  [repobench-p              3/6] phrase_w32_t0  (1/6)  ex   58/100  KL=0.6661  mean=0.1625  0.07ex/s  eta=9m30s  [eta=7h00m52s total]
  [repobench-p              3/6] phrase_w32_t0  (1/6)  ex   59/100  KL=0.0500  mean=0.1606  0.07ex/s  eta=9m17s  [eta=7h00m50s total]
  [repobench-p              3/6] phrase_w32_t0  (1/6)  ex   60/100  KL=0.0161  mean=0.1582  0.07ex/s  eta=9m05s  [eta=7h00m48s total]
  [repobench-p              3/6] phrase_w32_t0  (1/6)  ex   61/100  KL=0.0108  mean=0.1558  0.07ex/s  eta=8m53s  [eta=7h00m45s total]
  [repobench-p              3/6] phrase_w32_t0  (1/6)  ex   62/100  KL=0.1062  mean=0.1550  0.07ex/s  eta=8m40s  [eta=7h00m43s total]
  [repobench-p              3/6] phrase_w32_t0  (1/6)  ex   63/100  KL=0.1334  mean=0.1546  0.07ex/s  eta=8m27s  [eta=7h00m40s total]
  [repobench-p              3/6] phrase_w32_t0  (1/6)  ex   64/100  KL=0.0035  mean=0.1523  0.07ex/s  eta=8m08s  [eta=7h00m19s total]
  [repobench-p              3/6] phrase_w32_t0  (1/6)  ex   65/100  KL=0.4550  mean=0.1569  0.07ex/s  eta=7m51s  [eta=6h59m58s total]
  [repobench-p              3/6] phrase_w32_t0  (1/6)  ex   66/100  KL=0.2382  mean=0.1582  0.07ex/s  eta=7m38s  [eta=6h59m55s total]
  [repobench-p              3/6] phrase_w32_t0  (1/6)  ex   67/100  KL=0.0221  mean=0.1561  0.07ex/s  eta=7m25s  [eta=6h59m52s total]
  [repobench-p              3/6] phrase_w32_t0  (1/6)  ex   68/100  KL=0.0750  mean=0.1549  0.07ex/s  eta=7m12s  [eta=6h59m49s total]
  [repobench-p              3/6] phrase_w32_t0  (1/6)  ex   69/100  KL=0.0181  mean=0.1530  0.07ex/s  eta=7m00s  [eta=6h59m46s total]
  [repobench-p              3/6] phrase_w32_t0  (1/6)  ex   70/100  KL=0.0107  mean=0.1509  0.07ex/s  eta=6m43s  [eta=6h59m27s total]
  [repobench-p              3/6] phrase_w32_t0  (1/6)  ex   71/100  KL=0.1713  mean=0.1512  0.07ex/s  eta=6m30s  [eta=6h59m24s total]
  [repobench-p              3/6] phrase_w32_t0  (1/6)  ex   72/100  KL=0.3775  mean=0.1544  0.07ex/s  eta=6m14s  [eta=6h59m08s total]
  [repobench-p              3/6] phrase_w32_t0  (1/6)  ex   73/100  KL=0.6479  mean=0.1611  0.07ex/s  eta=6m00s  [eta=6h58m56s total]
  [repobench-p              3/6] phrase_w32_t0  (1/6)  ex   74/100  KL=0.0281  mean=0.1593  0.07ex/s  eta=5m47s  [eta=6h58m54s total]
  [repobench-p              3/6] phrase_w32_t0  (1/6)  ex   75/100  KL=0.0133  mean=0.1574  0.07ex/s  eta=5m34s  [eta=6h58m48s total]
  [repobench-p              3/6] phrase_w32_t0  (1/6)  ex   76/100  KL=0.0833  mean=0.1564  0.07ex/s  eta=5m20s  [eta=6h58m39s total]
  [repobench-p              3/6] phrase_w32_t0  (1/6)  ex   77/100  KL=0.4095  mean=0.1597  0.07ex/s  eta=5m07s  [eta=6h58m36s total]
  [repobench-p              3/6] phrase_w32_t0  (1/6)  ex   78/100  KL=0.7642  mean=0.1674  0.07ex/s  eta=4m54s  [eta=6h58m34s total]
  [repobench-p              3/6] phrase_w32_t0  (1/6)  ex   79/100  KL=0.0225  mean=0.1656  0.07ex/s  eta=4m41s  [eta=6h58m29s total]
  [repobench-p              3/6] phrase_w32_t0  (1/6)  ex   80/100  KL=0.2612  mean=0.1668  0.07ex/s  eta=4m26s  [eta=6h58m13s total]
  [repobench-p              3/6] phrase_w32_t0  (1/6)  ex   81/100  KL=0.0877  mean=0.1658  0.07ex/s  eta=4m14s  [eta=6h58m10s total]
  [repobench-p              3/6] phrase_w32_t0  (1/6)  ex   82/100  KL=0.0803  mean=0.1648  0.07ex/s  eta=4m01s  [eta=6h58m07s total]
  [repobench-p              3/6] phrase_w32_t0  (1/6)  ex   83/100  KL=0.0648  mean=0.1636  0.08ex/s  eta=3m46s  [eta=6h57m49s total]
  [repobench-p              3/6] phrase_w32_t0  (1/6)  ex   84/100  KL=0.0224  mean=0.1619  0.08ex/s  eta=3m31s  [eta=6h57m33s total]
  [repobench-p              3/6] phrase_w32_t0  (1/6)  ex   85/100  KL=0.0732  mean=0.1608  0.08ex/s  eta=3m19s  [eta=6h57m29s total]
  [repobench-p              3/6] phrase_w32_t0  (1/6)  ex   86/100  KL=0.0222  mean=0.1592  0.08ex/s  eta=3m06s  [eta=6h57m26s total]
  [repobench-p              3/6] phrase_w32_t0  (1/6)  ex   87/100  KL=0.0543  mean=0.1580  0.08ex/s  eta=2m52s  [eta=6h57m19s total]
  [repobench-p              3/6] phrase_w32_t0  (1/6)  ex   88/100  KL=0.0247  mean=0.1565  0.08ex/s  eta=2m39s  [eta=6h57m16s total]
  [repobench-p              3/6] phrase_w32_t0  (1/6)  ex   89/100  KL=0.2694  mean=0.1578  0.07ex/s  eta=2m26s  [eta=6h57m14s total]
  [repobench-p              3/6] phrase_w32_t0  (1/6)  ex   90/100  KL=0.0170  mean=0.1562  0.08ex/s  eta=2m12s  [eta=6h56m55s total]
  [repobench-p              3/6] phrase_w32_t0  (1/6)  ex   91/100  KL=0.0854  mean=0.1554  0.08ex/s  eta=1m59s  [eta=6h56m52s total]
  [repobench-p              3/6] phrase_w32_t0  (1/6)  ex   92/100  KL=0.0569  mean=0.1544  0.08ex/s  eta=1m46s  [eta=6h56m43s total]
  [repobench-p              3/6] phrase_w32_t0  (1/6)  ex   93/100  KL=0.3264  mean=0.1562  0.08ex/s  eta=1m32s  [eta=6h56m40s total]
  [repobench-p              3/6] phrase_w32_t0  (1/6)  ex   94/100  KL=0.1771  mean=0.1564  0.08ex/s  eta=1m19s  [eta=6h56m27s total]
  [repobench-p              3/6] phrase_w32_t0  (1/6)  ex   95/100  KL=0.0237  mean=0.1550  0.08ex/s  eta=1m06s  [eta=6h56m24s total]
  [repobench-p              3/6] phrase_w32_t0  (1/6)  ex   96/100  KL=0.5181  mean=0.1588  0.08ex/s  eta=53s  [eta=6h56m21s total]
  [repobench-p              3/6] phrase_w32_t0  (1/6)  ex   97/100  KL=0.0218  mean=0.1574  0.08ex/s  eta=39s  [eta=6h56m03s total]
  [repobench-p              3/6] phrase_w32_t0  (1/6)  ex   98/100  KL=0.2021  mean=0.1579  0.08ex/s  eta=26s  [eta=6h56m00s total]
  [repobench-p              3/6] phrase_w32_t0  (1/6)  ex   99/100  KL=0.2584  mean=0.1589  0.08ex/s  eta=13s  [eta=6h55m45s total]
  [repobench-p              3/6] phrase_w32_t0  (1/6)  ex  100/100  KL=0.0174  mean=0.1575  0.08ex/s  eta=0s  [eta=6h55m42s total]
  >>> repobench-p / phrase_w32_t0:  n=100  mean_KL=0.1575  [22m00s]

  [repobench-p              3/6] phrase_w64_t0  (2/6)  ex    1/100  KL=0.0665  mean=0.0665  0.07ex/s  eta=25m06s  [eta=6h55m38s total]
  [repobench-p              3/6] phrase_w64_t0  (2/6)  ex    2/100  KL=0.0126  mean=0.0395  0.07ex/s  eta=24m46s  [eta=6h55m35s total]
  [repobench-p              3/6] phrase_w64_t0  (2/6)  ex    3/100  KL=0.0277  mean=0.0356  0.07ex/s  eta=24m34s  [eta=6h55m32s total]
  [repobench-p              3/6] phrase_w64_t0  (2/6)  ex    4/100  KL=0.0256  mean=0.0331  0.07ex/s  eta=24m14s  [eta=6h55m28s total]
  [repobench-p              3/6] phrase_w64_t0  (2/6)  ex    5/100  KL=0.0170  mean=0.0299  0.07ex/s  eta=24m04s  [eta=6h55m26s total]
  [repobench-p              3/6] phrase_w64_t0  (2/6)  ex    6/100  KL=0.0277  mean=0.0295  0.07ex/s  eta=23m50s  [eta=6h55m23s total]
  [repobench-p              3/6] phrase_w64_t0  (2/6)  ex    7/100  KL=0.0079  mean=0.0264  0.07ex/s  eta=21m32s  [eta=6h55m03s total]
  [repobench-p              3/6] phrase_w64_t0  (2/6)  ex    8/100  KL=0.1180  mean=0.0378  0.07ex/s  eta=21m30s  [eta=6h54m59s total]
  [repobench-p              3/6] phrase_w64_t0  (2/6)  ex    9/100  KL=0.0046  mean=0.0342  0.07ex/s  eta=21m28s  [eta=6h54m56s total]
  [repobench-p              3/6] phrase_w64_t0  (2/6)  ex   10/100  KL=0.6561  mean=0.0963  0.07ex/s  eta=21m22s  [eta=6h54m53s total]
  [repobench-p              3/6] phrase_w64_t0  (2/6)  ex   11/100  KL=0.0066  mean=0.0882  0.07ex/s  eta=20m06s  [eta=6h54m34s total]
  [repobench-p              3/6] phrase_w64_t0  (2/6)  ex   12/100  KL=0.4204  mean=0.1159  0.08ex/s  eta=19m29s  [eta=6h54m22s total]
  [repobench-p              3/6] phrase_w64_t0  (2/6)  ex   13/100  KL=0.0305  mean=0.1093  0.07ex/s  eta=19m27s  [eta=6h54m19s total]
  [repobench-p              3/6] phrase_w64_t0  (2/6)  ex   14/100  KL=0.7884  mean=0.1578  0.08ex/s  eta=18m52s  [eta=6h54m06s total]
  [repobench-p              3/6] phrase_w64_t0  (2/6)  ex   15/100  KL=0.0159  mean=0.1484  0.08ex/s  eta=18m50s  [eta=6h54m03s total]
  [repobench-p              3/6] phrase_w64_t0  (2/6)  ex   16/100  KL=0.0265  mean=0.1407  0.08ex/s  eta=18m16s  [eta=6h53m49s total]
  [repobench-p              3/6] phrase_w64_t0  (2/6)  ex   17/100  KL=0.0480  mean=0.1353  0.08ex/s  eta=18m12s  [eta=6h53m46s total]
  [repobench-p              3/6] phrase_w64_t0  (2/6)  ex   18/100  KL=0.0141  mean=0.1286  0.08ex/s  eta=18m09s  [eta=6h53m42s total]
  [repobench-p              3/6] phrase_w64_t0  (2/6)  ex   19/100  KL=0.0092  mean=0.1223  0.08ex/s  eta=17m46s  [eta=6h53m32s total]
  [repobench-p              3/6] phrase_w64_t0  (2/6)  ex   20/100  KL=0.4925  mean=0.1408  0.08ex/s  eta=17m03s  [eta=6h53m12s total]
  [repobench-p              3/6] phrase_w64_t0  (2/6)  ex   21/100  KL=0.1339  mean=0.1405  0.08ex/s  eta=16m55s  [eta=6h53m06s total]
  [repobench-p              3/6] phrase_w64_t0  (2/6)  ex   22/100  KL=0.0182  mean=0.1349  0.08ex/s  eta=16m49s  [eta=6h53m03s total]
  [repobench-p              3/6] phrase_w64_t0  (2/6)  ex   23/100  KL=0.1453  mean=0.1354  0.08ex/s  eta=16m43s  [eta=6h52m59s total]
  [repobench-p              3/6] phrase_w64_t0  (2/6)  ex   24/100  KL=0.0056  mean=0.1299  0.08ex/s  eta=16m37s  [eta=6h52m56s total]
  [repobench-p              3/6] phrase_w64_t0  (2/6)  ex   25/100  KL=0.0469  mean=0.1266  0.08ex/s  eta=16m33s  [eta=6h52m53s total]
  [repobench-p              3/6] phrase_w64_t0  (2/6)  ex   26/100  KL=0.0788  mean=0.1248  0.08ex/s  eta=16m21s  [eta=6h52m47s total]
  [repobench-p              3/6] phrase_w64_t0  (2/6)  ex   27/100  KL=0.5074  mean=0.1390  0.08ex/s  eta=16m12s  [eta=6h52m43s total]
  [repobench-p              3/6] phrase_w64_t0  (2/6)  ex   28/100  KL=0.0197  mean=0.1347  0.07ex/s  eta=16m03s  [eta=6h52m39s total]
  [repobench-p              3/6] phrase_w64_t0  (2/6)  ex   29/100  KL=0.0545  mean=0.1319  0.07ex/s  eta=15m54s  [eta=6h52m36s total]
  [repobench-p              3/6] phrase_w64_t0  (2/6)  ex   30/100  KL=0.0170  mean=0.1281  0.07ex/s  eta=15m39s  [eta=6h52m28s total]
  [repobench-p              3/6] phrase_w64_t0  (2/6)  ex   31/100  KL=0.0273  mean=0.1249  0.07ex/s  eta=15m29s  [eta=6h52m24s total]
  [repobench-p              3/6] phrase_w64_t0  (2/6)  ex   32/100  KL=0.2288  mean=0.1281  0.08ex/s  eta=15m04s  [eta=6h52m08s total]
  [repobench-p              3/6] phrase_w64_t0  (2/6)  ex   33/100  KL=0.8190  mean=0.1490  0.07ex/s  eta=14m54s  [eta=6h52m04s total]
  [repobench-p              3/6] phrase_w64_t0  (2/6)  ex   34/100  KL=0.0163  mean=0.1451  0.07ex/s  eta=14m45s  [eta=6h52m01s total]
  [repobench-p              3/6] phrase_w64_t0  (2/6)  ex   35/100  KL=0.0509  mean=0.1424  0.07ex/s  eta=14m34s  [eta=6h51m57s total]
  [repobench-p              3/6] phrase_w64_t0  (2/6)  ex   36/100  KL=0.0458  mean=0.1398  0.07ex/s  eta=14m24s  [eta=6h51m54s total]
  [repobench-p              3/6] phrase_w64_t0  (2/6)  ex   37/100  KL=0.2460  mean=0.1426  0.07ex/s  eta=14m00s  [eta=6h51m37s total]
  [repobench-p              3/6] phrase_w64_t0  (2/6)  ex   38/100  KL=0.0370  mean=0.1398  0.07ex/s  eta=13m50s  [eta=6h51m33s total]
  [repobench-p              3/6] phrase_w64_t0  (2/6)  ex   39/100  KL=0.0801  mean=0.1383  0.07ex/s  eta=13m39s  [eta=6h51m29s total]
  [repobench-p              3/6] phrase_w64_t0  (2/6)  ex   40/100  KL=0.0654  mean=0.1365  0.07ex/s  eta=13m21s  [eta=6h51m17s total]
  [repobench-p              3/6] phrase_w64_t0  (2/6)  ex   41/100  KL=0.0118  mean=0.1335  0.08ex/s  eta=13m06s  [eta=6h51m08s total]
  [repobench-p              3/6] phrase_w64_t0  (2/6)  ex   42/100  KL=0.1975  mean=0.1350  0.07ex/s  eta=12m55s  [eta=6h51m05s total]
  [repobench-p              3/6] phrase_w64_t0  (2/6)  ex   43/100  KL=0.0115  mean=0.1321  0.07ex/s  eta=12m44s  [eta=6h51m01s total]
  [repobench-p              3/6] phrase_w64_t0  (2/6)  ex   44/100  KL=0.0151  mean=0.1294  0.07ex/s  eta=12m33s  [eta=6h50m57s total]
  [repobench-p              3/6] phrase_w64_t0  (2/6)  ex   45/100  KL=0.0705  mean=0.1281  0.07ex/s  eta=12m21s  [eta=6h50m53s total]
  [repobench-p              3/6] phrase_w64_t0  (2/6)  ex   46/100  KL=0.5388  mean=0.1371  0.07ex/s  eta=12m10s  [eta=6h50m49s total]
  [repobench-p              3/6] phrase_w64_t0  (2/6)  ex   47/100  KL=0.0383  mean=0.1350  0.07ex/s  eta=11m58s  [eta=6h50m46s total]
  [repobench-p              3/6] phrase_w64_t0  (2/6)  ex   48/100  KL=0.4485  mean=0.1415  0.07ex/s  eta=11m47s  [eta=6h50m42s total]
  [repobench-p              3/6] phrase_w64_t0  (2/6)  ex   49/100  KL=0.0048  mean=0.1387  0.07ex/s  eta=11m34s  [eta=6h50m38s total]
  [repobench-p              3/6] phrase_w64_t0  (2/6)  ex   50/100  KL=0.0466  mean=0.1369  0.07ex/s  eta=11m16s  [eta=6h50m23s total]
  [repobench-p              3/6] phrase_w64_t0  (2/6)  ex   51/100  KL=0.0200  mean=0.1346  0.07ex/s  eta=11m04s  [eta=6h50m19s total]
  [repobench-p              3/6] phrase_w64_t0  (2/6)  ex   52/100  KL=0.0700  mean=0.1333  0.07ex/s  eta=10m45s  [eta=6h50m02s total]
  [repobench-p              3/6] phrase_w64_t0  (2/6)  ex   53/100  KL=0.4834  mean=0.1399  0.07ex/s  eta=10m29s  [eta=6h49m51s total]
  [repobench-p              3/6] phrase_w64_t0  (2/6)  ex   54/100  KL=0.4693  mean=0.1460  0.07ex/s  eta=10m17s  [eta=6h49m46s total]
  [repobench-p              3/6] phrase_w64_t0  (2/6)  ex   55/100  KL=0.0249  mean=0.1438  0.07ex/s  eta=10m05s  [eta=6h49m43s total]
  [repobench-p              3/6] phrase_w64_t0  (2/6)  ex   56/100  KL=0.0153  mean=0.1415  0.07ex/s  eta=9m53s  [eta=6h49m39s total]
  [repobench-p              3/6] phrase_w64_t0  (2/6)  ex   57/100  KL=0.0406  mean=0.1398  0.07ex/s  eta=9m40s  [eta=6h49m34s total]
  [repobench-p              3/6] phrase_w64_t0  (2/6)  ex   58/100  KL=0.0187  mean=0.1377  0.07ex/s  eta=9m23s  [eta=6h49m19s total]
  [repobench-p              3/6] phrase_w64_t0  (2/6)  ex   59/100  KL=0.0122  mean=0.1355  0.07ex/s  eta=9m11s  [eta=6h49m15s total]
  [repobench-p              3/6] phrase_w64_t0  (2/6)  ex   60/100  KL=0.0190  mean=0.1336  0.07ex/s  eta=8m59s  [eta=6h49m11s total]
  [repobench-p              3/6] phrase_w64_t0  (2/6)  ex   61/100  KL=0.0118  mean=0.1316  0.07ex/s  eta=8m46s  [eta=6h49m07s total]
  [repobench-p              3/6] phrase_w64_t0  (2/6)  ex   62/100  KL=0.1192  mean=0.1314  0.07ex/s  eta=8m34s  [eta=6h49m03s total]
  [repobench-p              3/6] phrase_w64_t0  (2/6)  ex   63/100  KL=0.0203  mean=0.1296  0.07ex/s  eta=8m21s  [eta=6h48m59s total]
  [repobench-p              3/6] phrase_w64_t0  (2/6)  ex   64/100  KL=0.0017  mean=0.1276  0.07ex/s  eta=8m03s  [eta=6h48m39s total]
  [repobench-p              3/6] phrase_w64_t0  (2/6)  ex   65/100  KL=0.0349  mean=0.1262  0.08ex/s  eta=7m45s  [eta=6h48m19s total]
  [repobench-p              3/6] phrase_w64_t0  (2/6)  ex   66/100  KL=0.1592  mean=0.1267  0.07ex/s  eta=7m33s  [eta=6h48m15s total]
  [repobench-p              3/6] phrase_w64_t0  (2/6)  ex   67/100  KL=0.0401  mean=0.1254  0.07ex/s  eta=7m20s  [eta=6h48m10s total]
  [repobench-p              3/6] phrase_w64_t0  (2/6)  ex   68/100  KL=0.2091  mean=0.1267  0.07ex/s  eta=7m08s  [eta=6h48m06s total]
  [repobench-p              3/6] phrase_w64_t0  (2/6)  ex   69/100  KL=0.0123  mean=0.1250  0.07ex/s  eta=6m55s  [eta=6h48m02s total]
  [repobench-p              3/6] phrase_w64_t0  (2/6)  ex   70/100  KL=0.0052  mean=0.1233  0.08ex/s  eta=6m39s  [eta=6h47m43s total]
  [repobench-p              3/6] phrase_w64_t0  (2/6)  ex   71/100  KL=0.0286  mean=0.1220  0.08ex/s  eta=6m26s  [eta=6h47m39s total]
  [repobench-p              3/6] phrase_w64_t0  (2/6)  ex   72/100  KL=0.0179  mean=0.1205  0.08ex/s  eta=6m10s  [eta=6h47m18s total]
  [repobench-p              3/6] phrase_w64_t0  (2/6)  ex   73/100  KL=0.0290  mean=0.1193  0.08ex/s  eta=5m55s  [eta=6h47m06s total]
  [repobench-p              3/6] phrase_w64_t0  (2/6)  ex   74/100  KL=0.0290  mean=0.1180  0.08ex/s  eta=5m43s  [eta=6h47m02s total]
  [repobench-p              3/6] phrase_w64_t0  (2/6)  ex   75/100  KL=0.0040  mean=0.1165  0.08ex/s  eta=5m30s  [eta=6h46m55s total]
  [repobench-p              3/6] phrase_w64_t0  (2/6)  ex   76/100  KL=0.2858  mean=0.1187  0.08ex/s  eta=5m17s  [eta=6h46m51s total]
  [repobench-p              3/6] phrase_w64_t0  (2/6)  ex   77/100  KL=0.4578  mean=0.1231  0.08ex/s  eta=5m04s  [eta=6h46m47s total]
  [repobench-p              3/6] phrase_w64_t0  (2/6)  ex   78/100  KL=0.0467  mean=0.1222  0.08ex/s  eta=4m52s  [eta=6h46m42s total]
  [repobench-p              3/6] phrase_w64_t0  (2/6)  ex   79/100  KL=0.0209  mean=0.1209  0.08ex/s  eta=4m39s  [eta=6h46m37s total]
  [repobench-p              3/6] phrase_w64_t0  (2/6)  ex   80/100  KL=0.2673  mean=0.1227  0.08ex/s  eta=4m24s  [eta=6h46m21s total]
  [repobench-p              3/6] phrase_w64_t0  (2/6)  ex   81/100  KL=0.5688  mean=0.1282  0.08ex/s  eta=4m11s  [eta=6h46m16s total]
  [repobench-p              3/6] phrase_w64_t0  (2/6)  ex   82/100  KL=0.0294  mean=0.1270  0.08ex/s  eta=3m58s  [eta=6h46m12s total]
  [repobench-p              3/6] phrase_w64_t0  (2/6)  ex   83/100  KL=0.0131  mean=0.1256  0.08ex/s  eta=3m44s  [eta=6h45m54s total]
  [repobench-p              3/6] phrase_w64_t0  (2/6)  ex   84/100  KL=0.0285  mean=0.1245  0.08ex/s  eta=3m30s  [eta=6h45m37s total]
  [repobench-p              3/6] phrase_w64_t0  (2/6)  ex   85/100  KL=0.5400  mean=0.1294  0.08ex/s  eta=3m17s  [eta=6h45m33s total]
  [repobench-p              3/6] phrase_w64_t0  (2/6)  ex   86/100  KL=0.4748  mean=0.1334  0.08ex/s  eta=3m04s  [eta=6h45m29s total]
  [repobench-p              3/6] phrase_w64_t0  (2/6)  ex   87/100  KL=0.0435  mean=0.1324  0.08ex/s  eta=2m51s  [eta=6h45m21s total]
  [repobench-p              3/6] phrase_w64_t0  (2/6)  ex   88/100  KL=0.0236  mean=0.1311  0.08ex/s  eta=2m38s  [eta=6h45m16s total]
  [repobench-p              3/6] phrase_w64_t0  (2/6)  ex   89/100  KL=0.1770  mean=0.1316  0.08ex/s  eta=2m25s  [eta=6h45m13s total]
  [repobench-p              3/6] phrase_w64_t0  (2/6)  ex   90/100  KL=0.0249  mean=0.1305  0.08ex/s  eta=2m11s  [eta=6h44m55s total]
  [repobench-p              3/6] phrase_w64_t0  (2/6)  ex   91/100  KL=0.0309  mean=0.1294  0.08ex/s  eta=1m58s  [eta=6h44m50s total]
  [repobench-p              3/6] phrase_w64_t0  (2/6)  ex   92/100  KL=0.0363  mean=0.1283  0.08ex/s  eta=1m45s  [eta=6h44m41s total]
  [repobench-p              3/6] phrase_w64_t0  (2/6)  ex   93/100  KL=0.2293  mean=0.1294  0.08ex/s  eta=1m32s  [eta=6h44m36s total]
  [repobench-p              3/6] phrase_w64_t0  (2/6)  ex   94/100  KL=0.0291  mean=0.1284  0.08ex/s  eta=1m18s  [eta=6h44m23s total]
  [repobench-p              3/6] phrase_w64_t0  (2/6)  ex   95/100  KL=0.0200  mean=0.1272  0.08ex/s  eta=1m05s  [eta=6h44m19s total]
  [repobench-p              3/6] phrase_w64_t0  (2/6)  ex   96/100  KL=0.1492  mean=0.1275  0.08ex/s  eta=52s  [eta=6h44m14s total]
  [repobench-p              3/6] phrase_w64_t0  (2/6)  ex   97/100  KL=0.1002  mean=0.1272  0.08ex/s  eta=39s  [eta=6h43m57s total]
  [repobench-p              3/6] phrase_w64_t0  (2/6)  ex   98/100  KL=0.0727  mean=0.1266  0.08ex/s  eta=26s  [eta=6h43m52s total]
  [repobench-p              3/6] phrase_w64_t0  (2/6)  ex   99/100  KL=0.0627  mean=0.1260  0.08ex/s  eta=13s  [eta=6h43m37s total]
  [repobench-p              3/6] phrase_w64_t0  (2/6)  ex  100/100  KL=0.0662  mean=0.1254  0.08ex/s  eta=0s  [eta=6h43m32s total]
  >>> repobench-p / phrase_w64_t0:  n=100  mean_KL=0.1254  [21m50s]

  [repobench-p              3/6] phrase_w32_t50 (3/6)  ex    1/100  KL=0.0379  mean=0.0379  0.07ex/s  eta=24m51s  [eta=6h43m27s total]
  [repobench-p              3/6] phrase_w32_t50 (3/6)  ex    2/100  KL=0.0144  mean=0.0261  0.07ex/s  eta=24m42s  [eta=6h43m23s total]
  [repobench-p              3/6] phrase_w32_t50 (3/6)  ex    3/100  KL=0.0147  mean=0.0223  0.07ex/s  eta=24m30s  [eta=6h43m18s total]
  [repobench-p              3/6] phrase_w32_t50 (3/6)  ex    4/100  KL=0.0051  mean=0.0180  0.07ex/s  eta=24m14s  [eta=6h43m14s total]
  [repobench-p              3/6] phrase_w32_t50 (3/6)  ex    5/100  KL=0.0217  mean=0.0187  0.07ex/s  eta=23m59s  [eta=6h43m09s total]
  [repobench-p              3/6] phrase_w32_t50 (3/6)  ex    6/100  KL=0.0392  mean=0.0222  0.07ex/s  eta=23m48s  [eta=6h43m05s total]
  [repobench-p              3/6] phrase_w32_t50 (3/6)  ex    7/100  KL=0.0160  mean=0.0213  0.07ex/s  eta=21m31s  [eta=6h42m46s total]
  [repobench-p              3/6] phrase_w32_t50 (3/6)  ex    8/100  KL=0.1606  mean=0.0387  0.07ex/s  eta=21m32s  [eta=6h42m42s total]
  [repobench-p              3/6] phrase_w32_t50 (3/6)  ex    9/100  KL=0.0046  mean=0.0349  0.07ex/s  eta=21m32s  [eta=6h42m38s total]
  [repobench-p              3/6] phrase_w32_t50 (3/6)  ex   10/100  KL=0.0151  mean=0.0329  0.07ex/s  eta=21m28s  [eta=6h42m33s total]
  [repobench-p              3/6] phrase_w32_t50 (3/6)  ex   11/100  KL=0.0184  mean=0.0316  0.07ex/s  eta=20m11s  [eta=6h42m15s total]
  [repobench-p              3/6] phrase_w32_t50 (3/6)  ex   12/100  KL=0.0098  mean=0.0298  0.08ex/s  eta=19m32s  [eta=6h42m03s total]
  [repobench-p              3/6] phrase_w32_t50 (3/6)  ex   13/100  KL=0.0885  mean=0.0343  0.07ex/s  eta=19m29s  [eta=6h41m58s total]
  [repobench-p              3/6] phrase_w32_t50 (3/6)  ex   14/100  KL=0.0446  mean=0.0350  0.08ex/s  eta=18m53s  [eta=6h41m45s total]
  [repobench-p              3/6] phrase_w32_t50 (3/6)  ex   15/100  KL=0.0066  mean=0.0331  0.08ex/s  eta=18m51s  [eta=6h41m40s total]
  [repobench-p              3/6] phrase_w32_t50 (3/6)  ex   16/100  KL=0.0341  mean=0.0332  0.08ex/s  eta=18m18s  [eta=6h41m27s total]
  [repobench-p              3/6] phrase_w32_t50 (3/6)  ex   17/100  KL=0.0316  mean=0.0331  0.08ex/s  eta=18m15s  [eta=6h41m22s total]
  [repobench-p              3/6] phrase_w32_t50 (3/6)  ex   18/100  KL=0.0267  mean=0.0328  0.08ex/s  eta=18m11s  [eta=6h41m18s total]
  [repobench-p              3/6] phrase_w32_t50 (3/6)  ex   19/100  KL=0.0271  mean=0.0325  0.08ex/s  eta=17m48s  [eta=6h41m07s total]
  [repobench-p              3/6] phrase_w32_t50 (3/6)  ex   20/100  KL=0.0210  mean=0.0319  0.08ex/s  eta=17m06s  [eta=6h40m48s total]
  [repobench-p              3/6] phrase_w32_t50 (3/6)  ex   21/100  KL=0.0451  mean=0.0325  0.08ex/s  eta=16m58s  [eta=6h40m41s total]
  [repobench-p              3/6] phrase_w32_t50 (3/6)  ex   22/100  KL=0.0143  mean=0.0317  0.08ex/s  eta=16m53s  [eta=6h40m37s total]
  [repobench-p              3/6] phrase_w32_t50 (3/6)  ex   23/100  KL=0.1089  mean=0.0350  0.08ex/s  eta=16m47s  [eta=6h40m32s total]
  [repobench-p              3/6] phrase_w32_t50 (3/6)  ex   24/100  KL=0.0054  mean=0.0338  0.08ex/s  eta=16m41s  [eta=6h40m27s total]
  [repobench-p              3/6] phrase_w32_t50 (3/6)  ex   25/100  KL=0.0239  mean=0.0334  0.08ex/s  eta=16m37s  [eta=6h40m24s total]
  [repobench-p              3/6] phrase_w32_t50 (3/6)  ex   26/100  KL=0.0348  mean=0.0335  0.08ex/s  eta=16m24s  [eta=6h40m17s total]
  [repobench-p              3/6] phrase_w32_t50 (3/6)  ex   27/100  KL=0.0453  mean=0.0339  0.07ex/s  eta=16m16s  [eta=6h40m12s total]
  [repobench-p              3/6] phrase_w32_t50 (3/6)  ex   28/100  KL=0.0161  mean=0.0333  0.07ex/s  eta=16m08s  [eta=6h40m08s total]
  [repobench-p              3/6] phrase_w32_t50 (3/6)  ex   29/100  KL=0.0460  mean=0.0337  0.07ex/s  eta=15m58s  [eta=6h40m03s total]
  [repobench-p              3/6] phrase_w32_t50 (3/6)  ex   30/100  KL=0.0154  mean=0.0331  0.07ex/s  eta=15m42s  [eta=6h39m54s total]
  [repobench-p              3/6] phrase_w32_t50 (3/6)  ex   31/100  KL=0.0119  mean=0.0324  0.07ex/s  eta=15m32s  [eta=6h39m49s total]
  [repobench-p              3/6] phrase_w32_t50 (3/6)  ex   32/100  KL=0.0146  mean=0.0319  0.07ex/s  eta=15m07s  [eta=6h39m33s total]
  [repobench-p              3/6] phrase_w32_t50 (3/6)  ex   33/100  KL=0.0183  mean=0.0314  0.07ex/s  eta=14m57s  [eta=6h39m28s total]
  [repobench-p              3/6] phrase_w32_t50 (3/6)  ex   34/100  KL=0.0089  mean=0.0308  0.07ex/s  eta=14m48s  [eta=6h39m23s total]
  [repobench-p              3/6] phrase_w32_t50 (3/6)  ex   35/100  KL=0.0915  mean=0.0325  0.07ex/s  eta=14m38s  [eta=6h39m19s total]
  [repobench-p              3/6] phrase_w32_t50 (3/6)  ex   36/100  KL=0.0312  mean=0.0325  0.07ex/s  eta=14m27s  [eta=6h39m14s total]
  [repobench-p              3/6] phrase_w32_t50 (3/6)  ex   37/100  KL=0.0337  mean=0.0325  0.07ex/s  eta=14m03s  [eta=6h38m58s total]
  [repobench-p              3/6] phrase_w32_t50 (3/6)  ex   38/100  KL=0.0319  mean=0.0325  0.07ex/s  eta=13m52s  [eta=6h38m52s total]
  [repobench-p              3/6] phrase_w32_t50 (3/6)  ex   39/100  KL=0.0077  mean=0.0319  0.07ex/s  eta=13m42s  [eta=6h38m48s total]
  [repobench-p              3/6] phrase_w32_t50 (3/6)  ex   40/100  KL=0.0773  mean=0.0330  0.07ex/s  eta=13m24s  [eta=6h38m36s total]
  [repobench-p              3/6] phrase_w32_t50 (3/6)  ex   41/100  KL=0.0197  mean=0.0327  0.07ex/s  eta=13m09s  [eta=6h38m27s total]
  [repobench-p              3/6] phrase_w32_t50 (3/6)  ex   42/100  KL=0.0209  mean=0.0324  0.07ex/s  eta=12m58s  [eta=6h38m22s total]
  [repobench-p              3/6] phrase_w32_t50 (3/6)  ex   43/100  KL=0.0233  mean=0.0322  0.07ex/s  eta=12m47s  [eta=6h38m17s total]
  [repobench-p              3/6] phrase_w32_t50 (3/6)  ex   44/100  KL=0.0091  mean=0.0316  0.07ex/s  eta=12m36s  [eta=6h38m12s total]
  [repobench-p              3/6] phrase_w32_t50 (3/6)  ex   45/100  KL=0.0531  mean=0.0321  0.07ex/s  eta=12m25s  [eta=6h38m07s total]
  [repobench-p              3/6] phrase_w32_t50 (3/6)  ex   46/100  KL=0.0149  mean=0.0318  0.07ex/s  eta=12m13s  [eta=6h38m02s total]
  [repobench-p              3/6] phrase_w32_t50 (3/6)  ex   47/100  KL=0.0383  mean=0.0319  0.07ex/s  eta=12m02s  [eta=6h37m58s total]
  [repobench-p              3/6] phrase_w32_t50 (3/6)  ex   48/100  KL=0.0098  mean=0.0314  0.07ex/s  eta=11m50s  [eta=6h37m53s total]
  [repobench-p              3/6] phrase_w32_t50 (3/6)  ex   49/100  KL=0.0016  mean=0.0308  0.07ex/s  eta=11m38s  [eta=6h37m48s total]
  [repobench-p              3/6] phrase_w32_t50 (3/6)  ex   50/100  KL=0.0392  mean=0.0310  0.07ex/s  eta=11m19s  [eta=6h37m34s total]
  [repobench-p              3/6] phrase_w32_t50 (3/6)  ex   51/100  KL=0.0168  mean=0.0307  0.07ex/s  eta=11m07s  [eta=6h37m28s total]
  [repobench-p              3/6] phrase_w32_t50 (3/6)  ex   52/100  KL=0.0070  mean=0.0303  0.07ex/s  eta=10m48s  [eta=6h37m12s total]
  [repobench-p              3/6] phrase_w32_t50 (3/6)  ex   53/100  KL=0.0263  mean=0.0302  0.07ex/s  eta=10m32s  [eta=6h37m00s total]
  [repobench-p              3/6] phrase_w32_t50 (3/6)  ex   54/100  KL=0.0162  mean=0.0299  0.07ex/s  eta=10m19s  [eta=6h36m54s total]
  [repobench-p              3/6] phrase_w32_t50 (3/6)  ex   55/100  KL=0.0540  mean=0.0304  0.07ex/s  eta=10m07s  [eta=6h36m49s total]
  [repobench-p              3/6] phrase_w32_t50 (3/6)  ex   56/100  KL=0.0076  mean=0.0300  0.07ex/s  eta=9m55s  [eta=6h36m45s total]
  [repobench-p              3/6] phrase_w32_t50 (3/6)  ex   57/100  KL=0.0488  mean=0.0303  0.07ex/s  eta=9m43s  [eta=6h36m40s total]
  [repobench-p              3/6] phrase_w32_t50 (3/6)  ex   58/100  KL=0.0270  mean=0.0302  0.07ex/s  eta=9m26s  [eta=6h36m25s total]
  [repobench-p              3/6] phrase_w32_t50 (3/6)  ex   59/100  KL=0.0259  mean=0.0302  0.07ex/s  eta=9m14s  [eta=6h36m20s total]
  [repobench-p              3/6] phrase_w32_t50 (3/6)  ex   60/100  KL=0.0275  mean=0.0301  0.07ex/s  eta=9m01s  [eta=6h36m15s total]
  [repobench-p              3/6] phrase_w32_t50 (3/6)  ex   61/100  KL=0.0108  mean=0.0298  0.07ex/s  eta=8m49s  [eta=6h36m10s total]
  [repobench-p              3/6] phrase_w32_t50 (3/6)  ex   62/100  KL=0.0279  mean=0.0298  0.07ex/s  eta=8m36s  [eta=6h36m05s total]
  [repobench-p              3/6] phrase_w32_t50 (3/6)  ex   63/100  KL=0.0072  mean=0.0294  0.07ex/s  eta=8m24s  [eta=6h36m00s total]
  [repobench-p              3/6] phrase_w32_t50 (3/6)  ex   64/100  KL=0.0047  mean=0.0290  0.07ex/s  eta=8m05s  [eta=6h35m40s total]
  [repobench-p              3/6] phrase_w32_t50 (3/6)  ex   65/100  KL=0.0416  mean=0.0292  0.07ex/s  eta=7m48s  [eta=6h35m21s total]
  [repobench-p              3/6] phrase_w32_t50 (3/6)  ex   66/100  KL=0.0074  mean=0.0289  0.07ex/s  eta=7m35s  [eta=6h35m16s total]
  [repobench-p              3/6] phrase_w32_t50 (3/6)  ex   67/100  KL=0.0163  mean=0.0287  0.07ex/s  eta=7m23s  [eta=6h35m11s total]
  [repobench-p              3/6] phrase_w32_t50 (3/6)  ex   68/100  KL=0.2762  mean=0.0323  0.07ex/s  eta=7m10s  [eta=6h35m06s total]
  [repobench-p              3/6] phrase_w32_t50 (3/6)  ex   69/100  KL=0.0191  mean=0.0321  0.07ex/s  eta=6m58s  [eta=6h35m02s total]
  [repobench-p              3/6] phrase_w32_t50 (3/6)  ex   70/100  KL=0.0107  mean=0.0318  0.07ex/s  eta=6m41s  [eta=6h34m43s total]
  [repobench-p              3/6] phrase_w32_t50 (3/6)  ex   71/100  KL=0.0286  mean=0.0318  0.07ex/s  eta=6m29s  [eta=6h34m38s total]
  [repobench-p              3/6] phrase_w32_t50 (3/6)  ex   72/100  KL=0.0121  mean=0.0315  0.07ex/s  eta=6m13s  [eta=6h34m23s total]
  [repobench-p              3/6] phrase_w32_t50 (3/6)  ex   73/100  KL=0.0403  mean=0.0316  0.08ex/s  eta=5m59s  [eta=6h34m10s total]
  [repobench-p              3/6] phrase_w32_t50 (3/6)  ex   74/100  KL=0.0016  mean=0.0312  0.08ex/s  eta=5m46s  [eta=6h34m05s total]
  [repobench-p              3/6] phrase_w32_t50 (3/6)  ex   75/100  KL=0.0059  mean=0.0309  0.07ex/s  eta=5m33s  [eta=6h33m58s total]
  [repobench-p              3/6] phrase_w32_t50 (3/6)  ex   76/100  KL=0.0233  mean=0.0308  0.07ex/s  eta=5m20s  [eta=6h33m53s total]
  [repobench-p              3/6] phrase_w32_t50 (3/6)  ex   77/100  KL=0.1077  mean=0.0318  0.07ex/s  eta=5m07s  [eta=6h33m47s total]
  [repobench-p              3/6] phrase_w32_t50 (3/6)  ex   78/100  KL=0.0597  mean=0.0321  0.07ex/s  eta=4m55s  [eta=6h33m43s total]
  [repobench-p              3/6] phrase_w32_t50 (3/6)  ex   79/100  KL=0.0164  mean=0.0319  0.07ex/s  eta=4m41s  [eta=6h33m37s total]
  [repobench-p              3/6] phrase_w32_t50 (3/6)  ex   80/100  KL=0.0437  mean=0.0321  0.07ex/s  eta=4m27s  [eta=6h33m21s total]
  [repobench-p              3/6] phrase_w32_t50 (3/6)  ex   81/100  KL=0.0218  mean=0.0320  0.07ex/s  eta=4m14s  [eta=6h33m16s total]
  [repobench-p              3/6] phrase_w32_t50 (3/6)  ex   82/100  KL=0.0385  mean=0.0320  0.07ex/s  eta=4m01s  [eta=6h33m10s total]
  [repobench-p              3/6] phrase_w32_t50 (3/6)  ex   83/100  KL=0.0574  mean=0.0324  0.08ex/s  eta=3m46s  [eta=6h32m53s total]
  [repobench-p              3/6] phrase_w32_t50 (3/6)  ex   84/100  KL=0.0202  mean=0.0322  0.08ex/s  eta=3m32s  [eta=6h32m37s total]
  [repobench-p              3/6] phrase_w32_t50 (3/6)  ex   85/100  KL=0.0221  mean=0.0321  0.08ex/s  eta=3m19s  [eta=6h32m32s total]
  [repobench-p              3/6] phrase_w32_t50 (3/6)  ex   86/100  KL=0.0601  mean=0.0324  0.08ex/s  eta=3m06s  [eta=6h32m27s total]
  [repobench-p              3/6] phrase_w32_t50 (3/6)  ex   87/100  KL=0.1439  mean=0.0337  0.08ex/s  eta=2m52s  [eta=6h32m18s total]
  [repobench-p              3/6] phrase_w32_t50 (3/6)  ex   88/100  KL=0.0123  mean=0.0335  0.08ex/s  eta=2m39s  [eta=6h32m13s total]
  [repobench-p              3/6] phrase_w32_t50 (3/6)  ex   89/100  KL=0.0289  mean=0.0334  0.07ex/s  eta=2m26s  [eta=6h32m08s total]
  [repobench-p              3/6] phrase_w32_t50 (3/6)  ex   90/100  KL=0.0354  mean=0.0334  0.08ex/s  eta=2m12s  [eta=6h31m51s total]
  [repobench-p              3/6] phrase_w32_t50 (3/6)  ex   91/100  KL=0.4851  mean=0.0384  0.08ex/s  eta=1m59s  [eta=6h31m45s total]
  [repobench-p              3/6] phrase_w32_t50 (3/6)  ex   92/100  KL=0.0148  mean=0.0381  0.08ex/s  eta=1m46s  [eta=6h31m39s total]
  [repobench-p              3/6] phrase_w32_t50 (3/6)  ex   93/100  KL=0.0083  mean=0.0378  0.07ex/s  eta=1m33s  [eta=6h31m34s total]
  [repobench-p              3/6] phrase_w32_t50 (3/6)  ex   94/100  KL=0.1023  mean=0.0385  0.08ex/s  eta=1m19s  [eta=6h31m21s total]
  [repobench-p              3/6] phrase_w32_t50 (3/6)  ex   95/100  KL=0.0166  mean=0.0383  0.08ex/s  eta=1m06s  [eta=6h31m15s total]
  [repobench-p              3/6] phrase_w32_t50 (3/6)  ex   96/100  KL=0.0829  mean=0.0387  0.07ex/s  eta=53s  [eta=6h31m10s total]
  [repobench-p              3/6] phrase_w32_t50 (3/6)  ex   97/100  KL=0.0243  mean=0.0386  0.08ex/s  eta=39s  [eta=6h30m53s total]
  [repobench-p              3/6] phrase_w32_t50 (3/6)  ex   98/100  KL=0.0465  mean=0.0387  0.08ex/s  eta=26s  [eta=6h30m47s total]
  [repobench-p              3/6] phrase_w32_t50 (3/6)  ex   99/100  KL=0.0103  mean=0.0384  0.08ex/s  eta=13s  [eta=6h30m32s total]
  [repobench-p              3/6] phrase_w32_t50 (3/6)  ex  100/100  KL=0.0114  mean=0.0381  0.08ex/s  eta=0s  [eta=6h30m26s total]
  >>> repobench-p / phrase_w32_t50:  n=100  mean_KL=0.0381  [22m05s]

  [repobench-p              3/6] phrase_w64_t50 (4/6)  ex    1/100  KL=0.0379  mean=0.0379  0.06ex/s  eta=25m28s  [eta=6h30m21s total]
  [repobench-p              3/6] phrase_w64_t50 (4/6)  ex    2/100  KL=0.0144  mean=0.0261  0.06ex/s  eta=25m10s  [eta=6h30m16s total]
  [repobench-p              3/6] phrase_w64_t50 (4/6)  ex    3/100  KL=0.0147  mean=0.0223  0.06ex/s  eta=24m54s  [eta=6h30m11s total]
  [repobench-p              3/6] phrase_w64_t50 (4/6)  ex    4/100  KL=0.0051  mean=0.0180  0.07ex/s  eta=24m33s  [eta=6h30m05s total]
  [repobench-p              3/6] phrase_w64_t50 (4/6)  ex    5/100  KL=0.0217  mean=0.0187  0.07ex/s  eta=24m14s  [eta=6h30m00s total]
  [repobench-p              3/6] phrase_w64_t50 (4/6)  ex    6/100  KL=0.0392  mean=0.0222  0.07ex/s  eta=23m57s  [eta=6h29m54s total]
  [repobench-p              3/6] phrase_w64_t50 (4/6)  ex    7/100  KL=0.0097  mean=0.0204  0.07ex/s  eta=21m40s  [eta=6h29m36s total]
  [repobench-p              3/6] phrase_w64_t50 (4/6)  ex    8/100  KL=0.1606  mean=0.0379  0.07ex/s  eta=21m39s  [eta=6h29m30s total]
  [repobench-p              3/6] phrase_w64_t50 (4/6)  ex    9/100  KL=0.0046  mean=0.0342  0.07ex/s  eta=21m35s  [eta=6h29m24s total]
  [repobench-p              3/6] phrase_w64_t50 (4/6)  ex   10/100  KL=0.0151  mean=0.0323  0.07ex/s  eta=21m31s  [eta=6h29m19s total]
  [repobench-p              3/6] phrase_w64_t50 (4/6)  ex   11/100  KL=0.0037  mean=0.0297  0.07ex/s  eta=20m14s  [eta=6h29m02s total]
  [repobench-p              3/6] phrase_w64_t50 (4/6)  ex   12/100  KL=0.4376  mean=0.0637  0.07ex/s  eta=19m36s  [eta=6h28m49s total]
  [repobench-p              3/6] phrase_w64_t50 (4/6)  ex   13/100  KL=0.0206  mean=0.0604  0.07ex/s  eta=19m35s  [eta=6h28m44s total]
  [repobench-p              3/6] phrase_w64_t50 (4/6)  ex   14/100  KL=0.1396  mean=0.0660  0.08ex/s  eta=18m57s  [eta=6h28m30s total]
  [repobench-p              3/6] phrase_w64_t50 (4/6)  ex   15/100  KL=0.0066  mean=0.0621  0.07ex/s  eta=18m55s  [eta=6h28m25s total]
  [repobench-p              3/6] phrase_w64_t50 (4/6)  ex   16/100  KL=0.0697  mean=0.0626  0.08ex/s  eta=18m19s  [eta=6h28m11s total]
  [repobench-p              3/6] phrase_w64_t50 (4/6)  ex   17/100  KL=0.0316  mean=0.0607  0.08ex/s  eta=18m16s  [eta=6h28m05s total]
  [repobench-p              3/6] phrase_w64_t50 (4/6)  ex   18/100  KL=0.0267  mean=0.0588  0.08ex/s  eta=18m12s  [eta=6h27m59s total]
  [repobench-p              3/6] phrase_w64_t50 (4/6)  ex   19/100  KL=0.0244  mean=0.0570  0.08ex/s  eta=17m49s  [eta=6h27m48s total]
  [repobench-p              3/6] phrase_w64_t50 (4/6)  ex   20/100  KL=0.0155  mean=0.0550  0.08ex/s  eta=17m07s  [eta=6h27m29s total]
  [repobench-p              3/6] phrase_w64_t50 (4/6)  ex   21/100  KL=0.0666  mean=0.0555  0.08ex/s  eta=16m58s  [eta=6h27m22s total]
  [repobench-p              3/6] phrase_w64_t50 (4/6)  ex   22/100  KL=0.0143  mean=0.0536  0.08ex/s  eta=16m52s  [eta=6h27m16s total]
  [repobench-p              3/6] phrase_w64_t50 (4/6)  ex   23/100  KL=0.1089  mean=0.0560  0.08ex/s  eta=16m46s  [eta=6h27m10s total]
  [repobench-p              3/6] phrase_w64_t50 (4/6)  ex   24/100  KL=0.0054  mean=0.0539  0.08ex/s  eta=16m39s  [eta=6h27m04s total]
  [repobench-p              3/6] phrase_w64_t50 (4/6)  ex   25/100  KL=0.0377  mean=0.0533  0.08ex/s  eta=16m34s  [eta=6h26m59s total]
  [repobench-p              3/6] phrase_w64_t50 (4/6)  ex   26/100  KL=0.0381  mean=0.0527  0.08ex/s  eta=16m22s  [eta=6h26m51s total]
  [repobench-p              3/6] phrase_w64_t50 (4/6)  ex   27/100  KL=0.0453  mean=0.0524  0.07ex/s  eta=16m14s  [eta=6h26m45s total]
  [repobench-p              3/6] phrase_w64_t50 (4/6)  ex   28/100  KL=0.0138  mean=0.0510  0.07ex/s  eta=16m05s  [eta=6h26m40s total]
  [repobench-p              3/6] phrase_w64_t50 (4/6)  ex   29/100  KL=0.0471  mean=0.0509  0.07ex/s  eta=15m56s  [eta=6h26m34s total]
  [repobench-p              3/6] phrase_w64_t50 (4/6)  ex   30/100  KL=0.0193  mean=0.0499  0.07ex/s  eta=15m40s  [eta=6h26m25s total]
  [repobench-p              3/6] phrase_w64_t50 (4/6)  ex   31/100  KL=0.0175  mean=0.0488  0.07ex/s  eta=15m31s  [eta=6h26m19s total]
  [repobench-p              3/6] phrase_w64_t50 (4/6)  ex   32/100  KL=0.2163  mean=0.0540  0.08ex/s  eta=15m06s  [eta=6h26m03s total]
  [repobench-p              3/6] phrase_w64_t50 (4/6)  ex   33/100  KL=0.0183  mean=0.0530  0.07ex/s  eta=14m55s  [eta=6h25m57s total]
  [repobench-p              3/6] phrase_w64_t50 (4/6)  ex   34/100  KL=0.0089  mean=0.0517  0.07ex/s  eta=14m46s  [eta=6h25m51s total]
  [repobench-p              3/6] phrase_w64_t50 (4/6)  ex   35/100  KL=0.0915  mean=0.0528  0.07ex/s  eta=14m36s  [eta=6h25m46s total]
  [repobench-p              3/6] phrase_w64_t50 (4/6)  ex   36/100  KL=0.0384  mean=0.0524  0.07ex/s  eta=14m25s  [eta=6h25m40s total]
  [repobench-p              3/6] phrase_w64_t50 (4/6)  ex   37/100  KL=0.0325  mean=0.0519  0.07ex/s  eta=14m02s  [eta=6h25m23s total]
  [repobench-p              3/6] phrase_w64_t50 (4/6)  ex   38/100  KL=0.0319  mean=0.0513  0.07ex/s  eta=13m51s  [eta=6h25m17s total]
  [repobench-p              3/6] phrase_w64_t50 (4/6)  ex   39/100  KL=0.0077  mean=0.0502  0.07ex/s  eta=13m40s  [eta=6h25m11s total]
  [repobench-p              3/6] phrase_w64_t50 (4/6)  ex   40/100  KL=0.0875  mean=0.0511  0.07ex/s  eta=13m22s  [eta=6h24m59s total]
  [repobench-p              3/6] phrase_w64_t50 (4/6)  ex   41/100  KL=0.0595  mean=0.0514  0.07ex/s  eta=13m06s  [eta=6h24m48s total]
  [repobench-p              3/6] phrase_w64_t50 (4/6)  ex   42/100  KL=0.0209  mean=0.0506  0.07ex/s  eta=12m55s  [eta=6h24m42s total]
  [repobench-p              3/6] phrase_w64_t50 (4/6)  ex   43/100  KL=0.0122  mean=0.0497  0.07ex/s  eta=12m44s  [eta=6h24m37s total]
  [repobench-p              3/6] phrase_w64_t50 (4/6)  ex   44/100  KL=0.0091  mean=0.0488  0.07ex/s  eta=12m33s  [eta=6h24m30s total]
  [repobench-p              3/6] phrase_w64_t50 (4/6)  ex   45/100  KL=0.0571  mean=0.0490  0.07ex/s  eta=12m22s  [eta=6h24m24s total]
  [repobench-p              3/6] phrase_w64_t50 (4/6)  ex   46/100  KL=0.0149  mean=0.0483  0.07ex/s  eta=12m10s  [eta=6h24m19s total]
  [repobench-p              3/6] phrase_w64_t50 (4/6)  ex   47/100  KL=0.0383  mean=0.0480  0.07ex/s  eta=11m59s  [eta=6h24m13s total]
  [repobench-p              3/6] phrase_w64_t50 (4/6)  ex   48/100  KL=0.0098  mean=0.0472  0.07ex/s  eta=11m47s  [eta=6h24m07s total]
  [repobench-p              3/6] phrase_w64_t50 (4/6)  ex   49/100  KL=0.0016  mean=0.0463  0.07ex/s  eta=11m35s  [eta=6h24m01s total]
  [repobench-p              3/6] phrase_w64_t50 (4/6)  ex   50/100  KL=0.0787  mean=0.0470  0.07ex/s  eta=11m17s  [eta=6h23m47s total]
  [repobench-p              3/6] phrase_w64_t50 (4/6)  ex   51/100  KL=0.0197  mean=0.0464  0.07ex/s  eta=11m05s  [eta=6h23m40s total]
  [repobench-p              3/6] phrase_w64_t50 (4/6)  ex   52/100  KL=0.0133  mean=0.0458  0.07ex/s  eta=10m45s  [eta=6h23m24s total]
  [repobench-p              3/6] phrase_w64_t50 (4/6)  ex   53/100  KL=0.0094  mean=0.0451  0.07ex/s  eta=10m29s  [eta=6h23m12s total]
  [repobench-p              3/6] phrase_w64_t50 (4/6)  ex   54/100  KL=0.0162  mean=0.0446  0.07ex/s  eta=10m17s  [eta=6h23m06s total]
  [repobench-p              3/6] phrase_w64_t50 (4/6)  ex   55/100  KL=0.0540  mean=0.0447  0.07ex/s  eta=10m05s  [eta=6h23m00s total]
  [repobench-p              3/6] phrase_w64_t50 (4/6)  ex   56/100  KL=0.0076  mean=0.0441  0.07ex/s  eta=9m53s  [eta=6h22m53s total]
  [repobench-p              3/6] phrase_w64_t50 (4/6)  ex   57/100  KL=0.0488  mean=0.0442  0.07ex/s  eta=9m41s  [eta=6h22m47s total]
  [repobench-p              3/6] phrase_w64_t50 (4/6)  ex   58/100  KL=0.0187  mean=0.0437  0.07ex/s  eta=9m23s  [eta=6h22m32s total]
  [repobench-p              3/6] phrase_w64_t50 (4/6)  ex   59/100  KL=0.0259  mean=0.0434  0.07ex/s  eta=9m11s  [eta=6h22m26s total]
  [repobench-p              3/6] phrase_w64_t50 (4/6)  ex   60/100  KL=0.0275  mean=0.0432  0.07ex/s  eta=8m59s  [eta=6h22m20s total]
  [repobench-p              3/6] phrase_w64_t50 (4/6)  ex   61/100  KL=0.0113  mean=0.0426  0.07ex/s  eta=8m47s  [eta=6h22m14s total]
  [repobench-p              3/6] phrase_w64_t50 (4/6)  ex   62/100  KL=0.1520  mean=0.0444  0.07ex/s  eta=8m34s  [eta=6h22m07s total]
  [repobench-p              3/6] phrase_w64_t50 (4/6)  ex   63/100  KL=0.0072  mean=0.0438  0.07ex/s  eta=8m21s  [eta=6h22m01s total]
  [repobench-p              3/6] phrase_w64_t50 (4/6)  ex   64/100  KL=0.0017  mean=0.0431  0.07ex/s  eta=8m03s  [eta=6h21m42s total]
  [repobench-p              3/6] phrase_w64_t50 (4/6)  ex   65/100  KL=0.0349  mean=0.0430  0.08ex/s  eta=7m45s  [eta=6h21m23s total]
  [repobench-p              3/6] phrase_w64_t50 (4/6)  ex   66/100  KL=0.0074  mean=0.0425  0.08ex/s  eta=7m33s  [eta=6h21m16s total]
  [repobench-p              3/6] phrase_w64_t50 (4/6)  ex   67/100  KL=0.0214  mean=0.0422  0.07ex/s  eta=7m20s  [eta=6h21m10s total]
  [repobench-p              3/6] phrase_w64_t50 (4/6)  ex   68/100  KL=0.1030  mean=0.0431  0.07ex/s  eta=7m08s  [eta=6h21m04s total]
  [repobench-p              3/6] phrase_w64_t50 (4/6)  ex   69/100  KL=0.0218  mean=0.0428  0.07ex/s  eta=6m55s  [eta=6h20m57s total]
  [repobench-p              3/6] phrase_w64_t50 (4/6)  ex   70/100  KL=0.0052  mean=0.0422  0.08ex/s  eta=6m38s  [eta=6h20m39s total]
  [repobench-p              3/6] phrase_w64_t50 (4/6)  ex   71/100  KL=0.0286  mean=0.0420  0.08ex/s  eta=6m26s  [eta=6h20m33s total]
  [repobench-p              3/6] phrase_w64_t50 (4/6)  ex   72/100  KL=0.0076  mean=0.0415  0.08ex/s  eta=6m10s  [eta=6h20m18s total]
  [repobench-p              3/6] phrase_w64_t50 (4/6)  ex   73/100  KL=0.0144  mean=0.0412  0.08ex/s  eta=5m56s  [eta=6h20m05s total]
  [repobench-p              3/6] phrase_w64_t50 (4/6)  ex   74/100  KL=0.0016  mean=0.0406  0.08ex/s  eta=5m43s  [eta=6h19m58s total]
  [repobench-p              3/6] phrase_w64_t50 (4/6)  ex   75/100  KL=0.0062  mean=0.0402  0.08ex/s  eta=5m30s  [eta=6h19m50s total]
  [repobench-p              3/6] phrase_w64_t50 (4/6)  ex   76/100  KL=0.0233  mean=0.0400  0.08ex/s  eta=5m17s  [eta=6h19m43s total]
  [repobench-p              3/6] phrase_w64_t50 (4/6)  ex   77/100  KL=0.0713  mean=0.0404  0.08ex/s  eta=5m05s  [eta=6h19m37s total]
  [repobench-p              3/6] phrase_w64_t50 (4/6)  ex   78/100  KL=0.0597  mean=0.0406  0.08ex/s  eta=4m52s  [eta=6h19m30s total]
  [repobench-p              3/6] phrase_w64_t50 (4/6)  ex   79/100  KL=0.0156  mean=0.0403  0.08ex/s  eta=4m39s  [eta=6h19m23s total]
  [repobench-p              3/6] phrase_w64_t50 (4/6)  ex   80/100  KL=0.1175  mean=0.0413  0.08ex/s  eta=4m24s  [eta=6h19m07s total]
  [repobench-p              3/6] phrase_w64_t50 (4/6)  ex   81/100  KL=0.0218  mean=0.0410  0.08ex/s  eta=4m11s  [eta=6h19m00s total]
  [repobench-p              3/6] phrase_w64_t50 (4/6)  ex   82/100  KL=0.0385  mean=0.0410  0.08ex/s  eta=3m58s  [eta=6h18m54s total]
  [repobench-p              3/6] phrase_w64_t50 (4/6)  ex   83/100  KL=0.0852  mean=0.0415  0.08ex/s  eta=3m44s  [eta=6h18m37s total]
  [repobench-p              3/6] phrase_w64_t50 (4/6)  ex   84/100  KL=0.0378  mean=0.0415  0.08ex/s  eta=3m30s  [eta=6h18m21s total]
  [repobench-p              3/6] phrase_w64_t50 (4/6)  ex   85/100  KL=0.0220  mean=0.0413  0.08ex/s  eta=3m17s  [eta=6h18m14s total]
  [repobench-p              3/6] phrase_w64_t50 (4/6)  ex   86/100  KL=0.0241  mean=0.0411  0.08ex/s  eta=3m04s  [eta=6h18m07s total]
  [repobench-p              3/6] phrase_w64_t50 (4/6)  ex   87/100  KL=0.0786  mean=0.0415  0.08ex/s  eta=2m51s  [eta=6h17m56s total]
  [repobench-p              3/6] phrase_w64_t50 (4/6)  ex   88/100  KL=0.0123  mean=0.0412  0.08ex/s  eta=2m37s  [eta=6h17m49s total]
  [repobench-p              3/6] phrase_w64_t50 (4/6)  ex   89/100  KL=0.0466  mean=0.0412  0.08ex/s  eta=2m25s  [eta=6h17m42s total]
  [repobench-p              3/6] phrase_w64_t50 (4/6)  ex   90/100  KL=0.0354  mean=0.0411  0.08ex/s  eta=2m11s  [eta=6h17m25s total]
  [repobench-p              3/6] phrase_w64_t50 (4/6)  ex   91/100  KL=0.4851  mean=0.0460  0.08ex/s  eta=1m58s  [eta=6h17m17s total]
  [repobench-p              3/6] phrase_w64_t50 (4/6)  ex   92/100  KL=0.0159  mean=0.0457  0.08ex/s  eta=1m45s  [eta=6h17m09s total]
  [repobench-p              3/6] phrase_w64_t50 (4/6)  ex   93/100  KL=0.0083  mean=0.0453  0.08ex/s  eta=1m32s  [eta=6h17m02s total]
  [repobench-p              3/6] phrase_w64_t50 (4/6)  ex   94/100  KL=0.0250  mean=0.0451  0.08ex/s  eta=1m18s  [eta=6h16m48s total]
  [repobench-p              3/6] phrase_w64_t50 (4/6)  ex   95/100  KL=0.0166  mean=0.0448  0.08ex/s  eta=1m05s  [eta=6h16m40s total]
  [repobench-p              3/6] phrase_w64_t50 (4/6)  ex   96/100  KL=0.0490  mean=0.0448  0.08ex/s  eta=52s  [eta=6h16m33s total]
  [repobench-p              3/6] phrase_w64_t50 (4/6)  ex   97/100  KL=0.1008  mean=0.0454  0.08ex/s  eta=39s  [eta=6h16m16s total]
  [repobench-p              3/6] phrase_w64_t50 (4/6)  ex   98/100  KL=0.0465  mean=0.0454  0.08ex/s  eta=26s  [eta=6h16m08s total]
  [repobench-p              3/6] phrase_w64_t50 (4/6)  ex   99/100  KL=0.0093  mean=0.0450  0.08ex/s  eta=13s  [eta=6h15m52s total]
  [repobench-p              3/6] phrase_w64_t50 (4/6)  ex  100/100  KL=0.1165  mean=0.0458  0.08ex/s  eta=0s  [eta=6h15m45s total]
  >>> repobench-p / phrase_w64_t50:  n=100  mean_KL=0.0458  [21m42s]

  [repobench-p              3/6] naive_65pct    (5/6)  ex    1/100  KL=0.0379  mean=0.0379  0.07ex/s  eta=23m52s  [eta=6h15m37s total]
  [repobench-p              3/6] naive_65pct    (5/6)  ex    2/100  KL=0.0144  mean=0.0261  0.07ex/s  eta=23m21s  [eta=6h15m30s total]
  [repobench-p              3/6] naive_65pct    (5/6)  ex    3/100  KL=0.0147  mean=0.0223  0.07ex/s  eta=23m09s  [eta=6h15m22s total]
  [repobench-p              3/6] naive_65pct    (5/6)  ex    4/100  KL=0.0051  mean=0.0180  0.07ex/s  eta=22m53s  [eta=6h15m15s total]
  [repobench-p              3/6] naive_65pct    (5/6)  ex    5/100  KL=0.0217  mean=0.0187  0.07ex/s  eta=22m43s  [eta=6h15m07s total]
  [repobench-p              3/6] naive_65pct    (5/6)  ex    6/100  KL=0.0392  mean=0.0222  0.07ex/s  eta=22m30s  [eta=6h15m00s total]
  [repobench-p              3/6] naive_65pct    (5/6)  ex    7/100  KL=0.1519  mean=0.0407  0.08ex/s  eta=20m21s  [eta=6h14m42s total]
  [repobench-p              3/6] naive_65pct    (5/6)  ex    8/100  KL=0.1606  mean=0.0557  0.08ex/s  eta=20m18s  [eta=6h14m34s total]
  [repobench-p              3/6] naive_65pct    (5/6)  ex    9/100  KL=0.0046  mean=0.0500  0.07ex/s  eta=20m15s  [eta=6h14m26s total]
  [repobench-p              3/6] naive_65pct    (5/6)  ex   10/100  KL=0.0151  mean=0.0465  0.07ex/s  eta=20m11s  [eta=6h14m19s total]
  [repobench-p              3/6] naive_65pct    (5/6)  ex   11/100  KL=0.0080  mean=0.0430  0.08ex/s  eta=18m58s  [eta=6h14m01s total]
  [repobench-p              3/6] naive_65pct    (5/6)  ex   12/100  KL=0.3166  mean=0.0658  0.08ex/s  eta=18m22s  [eta=6h13m48s total]
  [repobench-p              3/6] naive_65pct    (5/6)  ex   13/100  KL=0.0783  mean=0.0668  0.08ex/s  eta=18m21s  [eta=6h13m40s total]
  [repobench-p              3/6] naive_65pct    (5/6)  ex   14/100  KL=0.0771  mean=0.0675  0.08ex/s  eta=17m47s  [eta=6h13m26s total]
  [repobench-p              3/6] naive_65pct    (5/6)  ex   15/100  KL=0.0066  mean=0.0634  0.08ex/s  eta=17m44s  [eta=6h13m19s total]
  [repobench-p              3/6] naive_65pct    (5/6)  ex   16/100  KL=0.0104  mean=0.0601  0.08ex/s  eta=17m13s  [eta=6h13m04s total]
  [repobench-p              3/6] naive_65pct    (5/6)  ex   17/100  KL=0.0316  mean=0.0584  0.08ex/s  eta=17m11s  [eta=6h12m57s total]
  [repobench-p              3/6] naive_65pct    (5/6)  ex   18/100  KL=0.0267  mean=0.0567  0.08ex/s  eta=17m05s  [eta=6h12m49s total]
  [repobench-p              3/6] naive_65pct    (5/6)  ex   19/100  KL=0.0196  mean=0.0547  0.08ex/s  eta=16m44s  [eta=6h12m37s total]
  [repobench-p              3/6] naive_65pct    (5/6)  ex   20/100  KL=0.0082  mean=0.0524  0.08ex/s  eta=16m05s  [eta=6h12m19s total]
  [repobench-p              3/6] naive_65pct    (5/6)  ex   21/100  KL=0.2312  mean=0.0609  0.08ex/s  eta=15m57s  [eta=6h12m10s total]
  [repobench-p              3/6] naive_65pct    (5/6)  ex   22/100  KL=0.0143  mean=0.0588  0.08ex/s  eta=15m52s  [eta=6h12m02s total]
  [repobench-p              3/6] naive_65pct    (5/6)  ex   23/100  KL=0.1089  mean=0.0610  0.08ex/s  eta=15m46s  [eta=6h11m54s total]
  [repobench-p              3/6] naive_65pct    (5/6)  ex   24/100  KL=0.0054  mean=0.0587  0.08ex/s  eta=15m40s  [eta=6h11m46s total]
  [repobench-p              3/6] naive_65pct    (5/6)  ex   25/100  KL=0.0178  mean=0.0570  0.08ex/s  eta=15m36s  [eta=6h11m40s total]
  [repobench-p              3/6] naive_65pct    (5/6)  ex   26/100  KL=0.0249  mean=0.0558  0.08ex/s  eta=15m25s  [eta=6h11m30s total]
  [repobench-p              3/6] naive_65pct    (5/6)  ex   27/100  KL=0.0453  mean=0.0554  0.08ex/s  eta=15m17s  [eta=6h11m23s total]
  [repobench-p              3/6] naive_65pct    (5/6)  ex   28/100  KL=0.0171  mean=0.0540  0.08ex/s  eta=15m09s  [eta=6h11m15s total]
  [repobench-p              3/6] naive_65pct    (5/6)  ex   29/100  KL=0.0458  mean=0.0538  0.08ex/s  eta=15m00s  [eta=6h11m07s total]
  [repobench-p              3/6] naive_65pct    (5/6)  ex   30/100  KL=0.0106  mean=0.0523  0.08ex/s  eta=14m45s  [eta=6h10m56s total]
  [repobench-p              3/6] naive_65pct    (5/6)  ex   31/100  KL=0.0060  mean=0.0508  0.08ex/s  eta=14m35s  [eta=6h10m48s total]
  [repobench-p              3/6] naive_65pct    (5/6)  ex   32/100  KL=0.2437  mean=0.0568  0.08ex/s  eta=14m11s  [eta=6h10m32s total]
  [repobench-p              3/6] naive_65pct    (5/6)  ex   33/100  KL=0.0183  mean=0.0557  0.08ex/s  eta=14m02s  [eta=6h10m24s total]
  [repobench-p              3/6] naive_65pct    (5/6)  ex   34/100  KL=0.0089  mean=0.0543  0.08ex/s  eta=13m53s  [eta=6h10m17s total]
  [repobench-p              3/6] naive_65pct    (5/6)  ex   35/100  KL=0.0915  mean=0.0554  0.08ex/s  eta=13m44s  [eta=6h10m10s total]
  [repobench-p              3/6] naive_65pct    (5/6)  ex   36/100  KL=0.0436  mean=0.0550  0.08ex/s  eta=13m35s  [eta=6h10m02s total]
  [repobench-p              3/6] naive_65pct    (5/6)  ex   37/100  KL=0.0301  mean=0.0544  0.08ex/s  eta=13m12s  [eta=6h09m46s total]
  [repobench-p              3/6] naive_65pct    (5/6)  ex   38/100  KL=0.0319  mean=0.0538  0.08ex/s  eta=13m02s  [eta=6h09m38s total]
  [repobench-p              3/6] naive_65pct    (5/6)  ex   39/100  KL=0.0077  mean=0.0526  0.08ex/s  eta=12m52s  [eta=6h09m30s total]
  [repobench-p              3/6] naive_65pct    (5/6)  ex   40/100  KL=0.0339  mean=0.0521  0.08ex/s  eta=12m35s  [eta=6h09m17s total]
  [repobench-p              3/6] naive_65pct    (5/6)  ex   41/100  KL=0.0255  mean=0.0515  0.08ex/s  eta=12m21s  [eta=6h09m06s total]
  [repobench-p              3/6] naive_65pct    (5/6)  ex   42/100  KL=0.0233  mean=0.0508  0.08ex/s  eta=12m11s  [eta=6h08m58s total]
  [repobench-p              3/6] naive_65pct    (5/6)  ex   43/100  KL=0.0227  mean=0.0502  0.08ex/s  eta=12m00s  [eta=6h08m50s total]
  [repobench-p              3/6] naive_65pct    (5/6)  ex   44/100  KL=0.0091  mean=0.0492  0.08ex/s  eta=11m49s  [eta=6h08m42s total]
  [repobench-p              3/6] naive_65pct    (5/6)  ex   45/100  KL=0.0106  mean=0.0484  0.08ex/s  eta=11m39s  [eta=6h08m34s total]
  [repobench-p              3/6] naive_65pct    (5/6)  ex   46/100  KL=0.0149  mean=0.0476  0.08ex/s  eta=11m28s  [eta=6h08m27s total]
  [repobench-p              3/6] naive_65pct    (5/6)  ex   47/100  KL=0.0383  mean=0.0474  0.08ex/s  eta=11m17s  [eta=6h08m19s total]
  [repobench-p              3/6] naive_65pct    (5/6)  ex   48/100  KL=0.0098  mean=0.0466  0.08ex/s  eta=11m06s  [eta=6h08m12s total]
  [repobench-p              3/6] naive_65pct    (5/6)  ex   49/100  KL=0.0016  mean=0.0457  0.08ex/s  eta=10m55s  [eta=6h08m04s total]
  [repobench-p              3/6] naive_65pct    (5/6)  ex   50/100  KL=0.0119  mean=0.0451  0.08ex/s  eta=10m38s  [eta=6h07m49s total]
  [repobench-p              3/6] naive_65pct    (5/6)  ex   51/100  KL=0.0137  mean=0.0444  0.08ex/s  eta=10m26s  [eta=6h07m41s total]
  [repobench-p              3/6] naive_65pct    (5/6)  ex   52/100  KL=0.1648  mean=0.0468  0.08ex/s  eta=10m08s  [eta=6h07m25s total]
  [repobench-p              3/6] naive_65pct    (5/6)  ex   53/100  KL=0.0054  mean=0.0460  0.08ex/s  eta=9m53s  [eta=6h07m12s total]
  [repobench-p              3/6] naive_65pct    (5/6)  ex   54/100  KL=0.0162  mean=0.0454  0.08ex/s  eta=9m42s  [eta=6h07m04s total]
  [repobench-p              3/6] naive_65pct    (5/6)  ex   55/100  KL=0.0540  mean=0.0456  0.08ex/s  eta=9m31s  [eta=6h06m56s total]
  [repobench-p              3/6] naive_65pct    (5/6)  ex   56/100  KL=0.0076  mean=0.0449  0.08ex/s  eta=9m19s  [eta=6h06m48s total]
  [repobench-p              3/6] naive_65pct    (5/6)  ex   57/100  KL=0.0488  mean=0.0450  0.08ex/s  eta=9m08s  [eta=6h06m41s total]
  [repobench-p              3/6] naive_65pct    (5/6)  ex   58/100  KL=0.0077  mean=0.0443  0.08ex/s  eta=8m51s  [eta=6h06m25s total]
  [repobench-p              3/6] naive_65pct    (5/6)  ex   59/100  KL=0.0259  mean=0.0440  0.08ex/s  eta=8m40s  [eta=6h06m18s total]
  [repobench-p              3/6] naive_65pct    (5/6)  ex   60/100  KL=0.0275  mean=0.0437  0.08ex/s  eta=8m29s  [eta=6h06m10s total]
  [repobench-p              3/6] naive_65pct    (5/6)  ex   61/100  KL=0.0108  mean=0.0432  0.08ex/s  eta=8m17s  [eta=6h06m03s total]
  [repobench-p              3/6] naive_65pct    (5/6)  ex   62/100  KL=0.1107  mean=0.0443  0.08ex/s  eta=8m05s  [eta=6h05m55s total]
  [repobench-p              3/6] naive_65pct    (5/6)  ex   63/100  KL=0.0072  mean=0.0437  0.08ex/s  eta=7m53s  [eta=6h05m47s total]
  [repobench-p              3/6] naive_65pct    (5/6)  ex   64/100  KL=0.0018  mean=0.0430  0.08ex/s  eta=7m36s  [eta=6h05m28s total]
  [repobench-p              3/6] naive_65pct    (5/6)  ex   65/100  KL=0.0110  mean=0.0426  0.08ex/s  eta=7m19s  [eta=6h05m10s total]
  [repobench-p              3/6] naive_65pct    (5/6)  ex   66/100  KL=0.0074  mean=0.0420  0.08ex/s  eta=7m08s  [eta=6h05m02s total]
  [repobench-p              3/6] naive_65pct    (5/6)  ex   67/100  KL=0.0121  mean=0.0416  0.08ex/s  eta=6m56s  [eta=6h04m54s total]
  [repobench-p              3/6] naive_65pct    (5/6)  ex   68/100  KL=0.2682  mean=0.0449  0.08ex/s  eta=6m44s  [eta=6h04m47s total]
  [repobench-p              3/6] naive_65pct    (5/6)  ex   69/100  KL=0.0075  mean=0.0444  0.08ex/s  eta=6m33s  [eta=6h04m39s total]
  [repobench-p              3/6] naive_65pct    (5/6)  ex   70/100  KL=0.0082  mean=0.0438  0.08ex/s  eta=6m17s  [eta=6h04m21s total]
  [repobench-p              3/6] naive_65pct    (5/6)  ex   71/100  KL=0.0286  mean=0.0436  0.08ex/s  eta=6m05s  [eta=6h04m13s total]
  [repobench-p              3/6] naive_65pct    (5/6)  ex   72/100  KL=0.0185  mean=0.0433  0.08ex/s  eta=5m51s  [eta=6h03m58s total]
  [repobench-p              3/6] naive_65pct    (5/6)  ex   73/100  KL=0.0551  mean=0.0434  0.08ex/s  eta=5m37s  [eta=6h03m45s total]
  [repobench-p              3/6] naive_65pct    (5/6)  ex   74/100  KL=0.0016  mean=0.0429  0.08ex/s  eta=5m25s  [eta=6h03m37s total]
  [repobench-p              3/6] naive_65pct    (5/6)  ex   75/100  KL=0.0017  mean=0.0423  0.08ex/s  eta=5m13s  [eta=6h03m28s total]
  [repobench-p              3/6] naive_65pct    (5/6)  ex   76/100  KL=0.0233  mean=0.0421  0.08ex/s  eta=5m01s  [eta=6h03m20s total]
  [repobench-p              3/6] naive_65pct    (5/6)  ex   77/100  KL=0.0311  mean=0.0419  0.08ex/s  eta=4m49s  [eta=6h03m12s total]
  [repobench-p              3/6] naive_65pct    (5/6)  ex   78/100  KL=0.0597  mean=0.0422  0.08ex/s  eta=4m37s  [eta=6h03m05s total]
  [repobench-p              3/6] naive_65pct    (5/6)  ex   79/100  KL=0.0215  mean=0.0419  0.08ex/s  eta=4m25s  [eta=6h02m56s total]
  [repobench-p              3/6] naive_65pct    (5/6)  ex   80/100  KL=0.0451  mean=0.0419  0.08ex/s  eta=4m11s  [eta=6h02m40s total]
  [repobench-p              3/6] naive_65pct    (5/6)  ex   81/100  KL=0.0218  mean=0.0417  0.08ex/s  eta=3m59s  [eta=6h02m33s total]
  [repobench-p              3/6] naive_65pct    (5/6)  ex   82/100  KL=0.0385  mean=0.0417  0.08ex/s  eta=3m46s  [eta=6h02m25s total]
  [repobench-p              3/6] naive_65pct    (5/6)  ex   83/100  KL=0.0373  mean=0.0416  0.08ex/s  eta=3m33s  [eta=6h02m08s total]
  [repobench-p              3/6] naive_65pct    (5/6)  ex   84/100  KL=0.0173  mean=0.0413  0.08ex/s  eta=3m19s  [eta=6h01m52s total]
  [repobench-p              3/6] naive_65pct    (5/6)  ex   85/100  KL=0.0240  mean=0.0411  0.08ex/s  eta=3m07s  [eta=6h01m45s total]
  [repobench-p              3/6] naive_65pct    (5/6)  ex   86/100  KL=0.0356  mean=0.0410  0.08ex/s  eta=2m55s  [eta=6h01m37s total]
  [repobench-p              3/6] naive_65pct    (5/6)  ex   87/100  KL=0.0221  mean=0.0408  0.08ex/s  eta=2m42s  [eta=6h01m27s total]
  [repobench-p              3/6] naive_65pct    (5/6)  ex   88/100  KL=0.0123  mean=0.0405  0.08ex/s  eta=2m30s  [eta=6h01m19s total]
  [repobench-p              3/6] naive_65pct    (5/6)  ex   89/100  KL=0.0328  mean=0.0404  0.08ex/s  eta=2m18s  [eta=6h01m11s total]
  [repobench-p              3/6] naive_65pct    (5/6)  ex   90/100  KL=0.0182  mean=0.0402  0.08ex/s  eta=2m04s  [eta=6h00m54s total]
  [repobench-p              3/6] naive_65pct    (5/6)  ex   91/100  KL=0.4851  mean=0.0451  0.08ex/s  eta=1m52s  [eta=6h00m46s total]
  [repobench-p              3/6] naive_65pct    (5/6)  ex   92/100  KL=0.0157  mean=0.0447  0.08ex/s  eta=1m40s  [eta=6h00m39s total]
  [repobench-p              3/6] naive_65pct    (5/6)  ex   93/100  KL=0.0083  mean=0.0443  0.08ex/s  eta=1m27s  [eta=6h00m31s total]
  [repobench-p              3/6] naive_65pct    (5/6)  ex   94/100  KL=0.0204  mean=0.0441  0.08ex/s  eta=1m15s  [eta=6h00m17s total]
  [repobench-p              3/6] naive_65pct    (5/6)  ex   95/100  KL=0.0166  mean=0.0438  0.08ex/s  eta=1m02s  [eta=6h00m09s total]
  [repobench-p              3/6] naive_65pct    (5/6)  ex   96/100  KL=0.1417  mean=0.0448  0.08ex/s  eta=50s  [eta=6h00m01s total]
  [repobench-p              3/6] naive_65pct    (5/6)  ex   97/100  KL=0.1070  mean=0.0455  0.08ex/s  eta=37s  [eta=5h59m45s total]
  [repobench-p              3/6] naive_65pct    (5/6)  ex   98/100  KL=0.0465  mean=0.0455  0.08ex/s  eta=25s  [eta=5h59m37s total]
  [repobench-p              3/6] naive_65pct    (5/6)  ex   99/100  KL=0.0132  mean=0.0451  0.08ex/s  eta=12s  [eta=5h59m22s total]
  [repobench-p              3/6] naive_65pct    (5/6)  ex  100/100  KL=0.0086  mean=0.0448  0.08ex/s  eta=0s  [eta=5h59m14s total]
  >>> repobench-p / naive_65pct:  n=100  mean_KL=0.0448  [20m49s]

  [repobench-p              3/6] snapkv         (6/6)  ex    1/100  KL=0.1061  mean=0.1061  0.08ex/s  eta=20m40s  [eta=5h59m04s total]
  [repobench-p              3/6] snapkv         (6/6)  ex    2/100  KL=0.0399  mean=0.0730  0.08ex/s  eta=20m36s  [eta=5h58m54s total]
  [repobench-p              3/6] snapkv         (6/6)  ex    3/100  KL=0.0392  mean=0.0617  0.08ex/s  eta=20m23s  [eta=5h58m44s total]
  [repobench-p              3/6] snapkv         (6/6)  ex    4/100  KL=0.0161  mean=0.0503  0.08ex/s  eta=20m11s  [eta=5h58m34s total]
  [repobench-p              3/6] snapkv         (6/6)  ex    5/100  KL=0.0616  mean=0.0526  0.08ex/s  eta=19m57s  [eta=5h58m24s total]
  [repobench-p              3/6] snapkv         (6/6)  ex    6/100  KL=0.0646  mean=0.0546  0.08ex/s  eta=19m43s  [eta=5h58m14s total]
  [repobench-p              3/6] snapkv         (6/6)  ex    7/100  KL=0.0680  mean=0.0565  0.09ex/s  eta=18m03s  [eta=5h57m57s total]
  [repobench-p              3/6] snapkv         (6/6)  ex    8/100  KL=0.2794  mean=0.0844  0.09ex/s  eta=17m57s  [eta=5h57m46s total]
  [repobench-p              3/6] snapkv         (6/6)  ex    9/100  KL=0.1457  mean=0.0912  0.08ex/s  eta=17m54s  [eta=5h57m36s total]
  [repobench-p              3/6] snapkv         (6/6)  ex   10/100  KL=0.1362  mean=0.0957  0.08ex/s  eta=17m50s  [eta=5h57m26s total]
  [repobench-p              3/6] snapkv         (6/6)  ex   11/100  KL=0.1151  mean=0.0974  0.09ex/s  eta=16m53s  [eta=5h57m10s total]
  [repobench-p              3/6] snapkv         (6/6)  ex   12/100  KL=0.0177  mean=0.0908  0.09ex/s  eta=16m24s  [eta=5h56m56s total]
  [repobench-p              3/6] snapkv         (6/6)  ex   13/100  KL=0.0520  mean=0.0878  0.09ex/s  eta=16m23s  [eta=5h56m46s total]
  [repobench-p              3/6] snapkv         (6/6)  ex   14/100  KL=0.0879  mean=0.0878  0.09ex/s  eta=15m56s  [eta=5h56m32s total]
  [repobench-p              3/6] snapkv         (6/6)  ex   15/100  KL=0.0253  mean=0.0836  0.09ex/s  eta=15m54s  [eta=5h56m22s total]
  [repobench-p              3/6] snapkv         (6/6)  ex   16/100  KL=0.0443  mean=0.0812  0.09ex/s  eta=15m28s  [eta=5h56m07s total]
  [repobench-p              3/6] snapkv         (6/6)  ex   17/100  KL=0.0358  mean=0.0785  0.09ex/s  eta=15m25s  [eta=5h55m57s total]
  [repobench-p              3/6] snapkv         (6/6)  ex   18/100  KL=0.1441  mean=0.0822  0.09ex/s  eta=15m20s  [eta=5h55m47s total]
  [repobench-p              3/6] snapkv         (6/6)  ex   19/100  KL=0.0397  mean=0.0799  0.09ex/s  eta=15m01s  [eta=5h55m34s total]
  [repobench-p              3/6] snapkv         (6/6)  ex   20/100  KL=0.0235  mean=0.0771  0.09ex/s  eta=14m29s  [eta=5h55m16s total]
  [repobench-p              3/6] snapkv         (6/6)  ex   21/100  KL=0.1588  mean=0.0810  0.09ex/s  eta=14m21s  [eta=5h55m05s total]
  [repobench-p              3/6] snapkv         (6/6)  ex   22/100  KL=0.2097  mean=0.0868  0.09ex/s  eta=14m15s  [eta=5h54m55s total]
  [repobench-p              3/6] snapkv         (6/6)  ex   23/100  KL=0.1042  mean=0.0876  0.09ex/s  eta=14m09s  [eta=5h54m45s total]
  [repobench-p              3/6] snapkv         (6/6)  ex   24/100  KL=0.0452  mean=0.0858  0.09ex/s  eta=14m03s  [eta=5h54m35s total]
  [repobench-p              3/6] snapkv         (6/6)  ex   25/100  KL=0.0519  mean=0.0845  0.09ex/s  eta=13m59s  [eta=5h54m26s total]
  [repobench-p              3/6] snapkv         (6/6)  ex   26/100  KL=0.0619  mean=0.0836  0.09ex/s  eta=13m47s  [eta=5h54m14s total]
  [repobench-p              3/6] snapkv         (6/6)  ex   27/100  KL=0.1556  mean=0.0863  0.09ex/s  eta=13m39s  [eta=5h54m04s total]
  [repobench-p              3/6] snapkv         (6/6)  ex   28/100  KL=0.0552  mean=0.0852  0.09ex/s  eta=13m32s  [eta=5h53m54s total]
  [repobench-p              3/6] snapkv         (6/6)  ex   29/100  KL=0.0552  mean=0.0841  0.09ex/s  eta=13m23s  [eta=5h53m44s total]
  [repobench-p              3/6] snapkv         (6/6)  ex   30/100  KL=0.0584  mean=0.0833  0.09ex/s  eta=13m10s  [eta=5h53m32s total]
  [repobench-p              3/6] snapkv         (6/6)  ex   31/100  KL=0.0140  mean=0.0810  0.09ex/s  eta=13m01s  [eta=5h53m21s total]
  [repobench-p              3/6] snapkv         (6/6)  ex   32/100  KL=0.0267  mean=0.0793  0.09ex/s  eta=12m41s  [eta=5h53m06s total]
  [repobench-p              3/6] snapkv         (6/6)  ex   33/100  KL=0.0315  mean=0.0779  0.09ex/s  eta=12m33s  [eta=5h52m56s total]
  [repobench-p              3/6] snapkv         (6/6)  ex   34/100  KL=0.0233  mean=0.0763  0.09ex/s  eta=12m25s  [eta=5h52m46s total]
  [repobench-p              3/6] snapkv         (6/6)  ex   35/100  KL=0.0698  mean=0.0761  0.09ex/s  eta=12m16s  [eta=5h52m36s total]
  [repobench-p              3/6] snapkv         (6/6)  ex   36/100  KL=0.2029  mean=0.0796  0.09ex/s  eta=12m07s  [eta=5h52m26s total]
  [repobench-p              3/6] snapkv         (6/6)  ex   37/100  KL=0.0429  mean=0.0786  0.09ex/s  eta=11m48s  [eta=5h52m10s total]
  [repobench-p              3/6] snapkv         (6/6)  ex   38/100  KL=0.0649  mean=0.0783  0.09ex/s  eta=11m39s  [eta=5h52m00s total]
  [repobench-p              3/6] snapkv         (6/6)  ex   39/100  KL=0.0826  mean=0.0784  0.09ex/s  eta=11m30s  [eta=5h51m50s total]
  [repobench-p              3/6] snapkv         (6/6)  ex   40/100  KL=0.0836  mean=0.0785  0.09ex/s  eta=11m15s  [eta=5h51m36s total]
  [repobench-p              3/6] snapkv         (6/6)  ex   41/100  KL=0.0316  mean=0.0774  0.09ex/s  eta=11m03s  [eta=5h51m24s total]
  [repobench-p              3/6] snapkv         (6/6)  ex   42/100  KL=0.0796  mean=0.0774  0.09ex/s  eta=10m53s  [eta=5h51m14s total]
  [repobench-p              3/6] snapkv         (6/6)  ex   43/100  KL=0.0504  mean=0.0768  0.09ex/s  eta=10m44s  [eta=5h51m04s total]
  [repobench-p              3/6] snapkv         (6/6)  ex   44/100  KL=0.0925  mean=0.0771  0.09ex/s  eta=10m34s  [eta=5h50m54s total]
  [repobench-p              3/6] snapkv         (6/6)  ex   45/100  KL=0.1108  mean=0.0779  0.09ex/s  eta=10m25s  [eta=5h50m44s total]
  [repobench-p              3/6] snapkv         (6/6)  ex   46/100  KL=0.1335  mean=0.0791  0.09ex/s  eta=10m15s  [eta=5h50m35s total]
  [repobench-p              3/6] snapkv         (6/6)  ex   47/100  KL=0.1524  mean=0.0807  0.09ex/s  eta=10m06s  [eta=5h50m25s total]
  [repobench-p              3/6] snapkv         (6/6)  ex   48/100  KL=0.1566  mean=0.0822  0.09ex/s  eta=9m56s  [eta=5h50m16s total]
  [repobench-p              3/6] snapkv         (6/6)  ex   49/100  KL=0.0332  mean=0.0812  0.09ex/s  eta=9m46s  [eta=5h50m06s total]
  [repobench-p              3/6] snapkv         (6/6)  ex   50/100  KL=0.0490  mean=0.0806  0.09ex/s  eta=9m31s  [eta=5h49m51s total]
  [repobench-p              3/6] snapkv         (6/6)  ex   51/100  KL=0.0379  mean=0.0798  0.09ex/s  eta=9m21s  [eta=5h49m41s total]
  [repobench-p              3/6] snapkv         (6/6)  ex   52/100  KL=0.0339  mean=0.0789  0.09ex/s  eta=9m05s  [eta=5h49m25s total]
  [repobench-p              3/6] snapkv         (6/6)  ex   53/100  KL=0.0227  mean=0.0778  0.09ex/s  eta=8m51s  [eta=5h49m11s total]
  [repobench-p              3/6] snapkv         (6/6)  ex   54/100  KL=0.0513  mean=0.0773  0.09ex/s  eta=8m41s  [eta=5h49m01s total]
  [repobench-p              3/6] snapkv         (6/6)  ex   55/100  KL=0.0555  mean=0.0769  0.09ex/s  eta=8m31s  [eta=5h48m51s total]
  [repobench-p              3/6] snapkv         (6/6)  ex   56/100  KL=0.0223  mean=0.0760  0.09ex/s  eta=8m20s  [eta=5h48m41s total]
  [repobench-p              3/6] snapkv         (6/6)  ex   57/100  KL=0.1149  mean=0.0766  0.09ex/s  eta=8m10s  [eta=5h48m31s total]
  [repobench-p              3/6] snapkv         (6/6)  ex   58/100  KL=0.1750  mean=0.0783  0.09ex/s  eta=7m57s  [eta=5h48m17s total]
  [repobench-p              3/6] snapkv         (6/6)  ex   59/100  KL=0.0679  mean=0.0782  0.09ex/s  eta=7m46s  [eta=5h48m07s total]
  [repobench-p              3/6] snapkv         (6/6)  ex   60/100  KL=0.0332  mean=0.0774  0.09ex/s  eta=7m36s  [eta=5h47m57s total]
  [repobench-p              3/6] snapkv         (6/6)  ex   61/100  KL=0.0992  mean=0.0778  0.09ex/s  eta=7m25s  [eta=5h47m47s total]
  [repobench-p              3/6] snapkv         (6/6)  ex   62/100  KL=0.2327  mean=0.0803  0.09ex/s  eta=7m14s  [eta=5h47m36s total]
  [repobench-p              3/6] snapkv         (6/6)  ex   63/100  KL=0.0367  mean=0.0796  0.09ex/s  eta=7m03s  [eta=5h47m26s total]
  [repobench-p              3/6] snapkv         (6/6)  ex   64/100  KL=0.0131  mean=0.0785  0.09ex/s  eta=6m48s  [eta=5h47m08s total]
  [repobench-p              3/6] snapkv         (6/6)  ex   65/100  KL=0.0231  mean=0.0777  0.09ex/s  eta=6m34s  [eta=5h46m51s total]
  [repobench-p              3/6] snapkv         (6/6)  ex   66/100  KL=0.0706  mean=0.0776  0.09ex/s  eta=6m23s  [eta=5h46m40s total]
  [repobench-p              3/6] snapkv         (6/6)  ex   67/100  KL=0.0464  mean=0.0771  0.09ex/s  eta=6m12s  [eta=5h46m30s total]
  [repobench-p              3/6] snapkv         (6/6)  ex   68/100  KL=0.1415  mean=0.0781  0.09ex/s  eta=6m01s  [eta=5h46m20s total]
  [repobench-p              3/6] snapkv         (6/6)  ex   69/100  KL=0.3277  mean=0.0817  0.09ex/s  eta=5m51s  [eta=5h46m10s total]
  [repobench-p              3/6] snapkv         (6/6)  ex   70/100  KL=0.0454  mean=0.0812  0.09ex/s  eta=5m37s  [eta=5h45m53s total]
  [repobench-p              3/6] snapkv         (6/6)  ex   71/100  KL=0.3333  mean=0.0847  0.09ex/s  eta=5m26s  [eta=5h45m43s total]
  [repobench-p              3/6] snapkv         (6/6)  ex   72/100  KL=0.0757  mean=0.0846  0.09ex/s  eta=5m13s  [eta=5h45m27s total]
  [repobench-p              3/6] snapkv         (6/6)  ex   73/100  KL=0.2523  mean=0.0869  0.09ex/s  eta=5m01s  [eta=5h45m13s total]
  [repobench-p              3/6] snapkv         (6/6)  ex   74/100  KL=0.0330  mean=0.0862  0.09ex/s  eta=4m51s  [eta=5h45m03s total]
  [repobench-p              3/6] snapkv         (6/6)  ex   75/100  KL=0.0616  mean=0.0858  0.09ex/s  eta=4m40s  [eta=5h44m52s total]
  [repobench-p              3/6] snapkv         (6/6)  ex   76/100  KL=0.0439  mean=0.0853  0.09ex/s  eta=4m29s  [eta=5h44m42s total]
  [repobench-p              3/6] snapkv         (6/6)  ex   77/100  KL=0.0871  mean=0.0853  0.09ex/s  eta=4m18s  [eta=5h44m32s total]
  [repobench-p              3/6] snapkv         (6/6)  ex   78/100  KL=0.0963  mean=0.0854  0.09ex/s  eta=4m07s  [eta=5h44m21s total]
  [repobench-p              3/6] snapkv         (6/6)  ex   79/100  KL=0.0328  mean=0.0848  0.09ex/s  eta=3m56s  [eta=5h44m11s total]
  [repobench-p              3/6] snapkv         (6/6)  ex   80/100  KL=0.1508  mean=0.0856  0.09ex/s  eta=3m44s  [eta=5h43m55s total]
  [repobench-p              3/6] snapkv         (6/6)  ex   81/100  KL=0.0784  mean=0.0855  0.09ex/s  eta=3m33s  [eta=5h43m45s total]
  [repobench-p              3/6] snapkv         (6/6)  ex   82/100  KL=0.6760  mean=0.0927  0.09ex/s  eta=3m22s  [eta=5h43m35s total]
  [repobench-p              3/6] snapkv         (6/6)  ex   83/100  KL=0.0388  mean=0.0921  0.09ex/s  eta=3m10s  [eta=5h43m19s total]
  [repobench-p              3/6] snapkv         (6/6)  ex   84/100  KL=0.0503  mean=0.0916  0.09ex/s  eta=2m58s  [eta=5h43m03s total]
  [repobench-p              3/6] snapkv         (6/6)  ex   85/100  KL=0.2244  mean=0.0931  0.09ex/s  eta=2m47s  [eta=5h42m54s total]
  [repobench-p              3/6] snapkv         (6/6)  ex   86/100  KL=0.0331  mean=0.0924  0.09ex/s  eta=2m36s  [eta=5h42m44s total]
  [repobench-p              3/6] snapkv         (6/6)  ex   87/100  KL=0.0991  mean=0.0925  0.09ex/s  eta=2m25s  [eta=5h42m32s total]
  [repobench-p              3/6] snapkv         (6/6)  ex   88/100  KL=0.0333  mean=0.0918  0.09ex/s  eta=2m14s  [eta=5h42m22s total]
  [repobench-p              3/6] snapkv         (6/6)  ex   89/100  KL=0.0455  mean=0.0913  0.09ex/s  eta=2m03s  [eta=5h42m13s total]
  [repobench-p              3/6] snapkv         (6/6)  ex   90/100  KL=0.0158  mean=0.0905  0.09ex/s  eta=1m51s  [eta=5h41m57s total]
  [repobench-p              3/6] snapkv         (6/6)  ex   91/100  KL=0.0315  mean=0.0898  0.09ex/s  eta=1m40s  [eta=5h41m46s total]
  [repobench-p              3/6] snapkv         (6/6)  ex   92/100  KL=0.0174  mean=0.0890  0.09ex/s  eta=1m29s  [eta=5h41m36s total]
  [repobench-p              3/6] snapkv         (6/6)  ex   93/100  KL=0.0327  mean=0.0884  0.09ex/s  eta=1m18s  [eta=5h41m26s total]
  [repobench-p              3/6] snapkv         (6/6)  ex   94/100  KL=0.0504  mean=0.0880  0.09ex/s  eta=1m07s  [eta=5h41m11s total]
  [repobench-p              3/6] snapkv         (6/6)  ex   95/100  KL=0.0551  mean=0.0877  0.09ex/s  eta=55s  [eta=5h41m01s total]
  [repobench-p              3/6] snapkv         (6/6)  ex   96/100  KL=0.1948  mean=0.0888  0.09ex/s  eta=44s  [eta=5h40m51s total]
  [repobench-p              3/6] snapkv         (6/6)  ex   97/100  KL=0.1237  mean=0.0892  0.09ex/s  eta=33s  [eta=5h40m35s total]
  [repobench-p              3/6] snapkv         (6/6)  ex   98/100  KL=0.1061  mean=0.0893  0.09ex/s  eta=22s  [eta=5h40m25s total]
  [repobench-p              3/6] snapkv         (6/6)  ex   99/100  KL=0.0926  mean=0.0894  0.09ex/s  eta=11s  [eta=5h40m09s total]
  [repobench-p              3/6] snapkv         (6/6)  ex  100/100  KL=0.0206  mean=0.0887  0.09ex/s  eta=0s  [eta=5h39m59s total]
  >>> repobench-p / snapkv:  n=100  mean_KL=0.0887  [18m34s]

  [triviaqa                 4/6] phrase_w32_t0  (1/6)  ex    1/100  KL=0.5420  mean=0.5420  0.11ex/s  eta=15m16s  [eta=5h39m46s total]
  [triviaqa                 4/6] phrase_w32_t0  (1/6)  ex    2/100  KL=0.0631  mean=0.3026  0.09ex/s  eta=17m46s  [eta=5h39m35s total]
  [triviaqa                 4/6] phrase_w32_t0  (1/6)  ex    3/100  KL=0.0287  mean=0.2113  0.09ex/s  eta=18m40s  [eta=5h39m26s total]
  [triviaqa                 4/6] phrase_w32_t0  (1/6)  ex    4/100  KL=0.0245  mean=0.1646  0.08ex/s  eta=19m01s  [eta=5h39m16s total]
  [triviaqa                 4/6] phrase_w32_t0  (1/6)  ex    5/100  KL=0.7668  mean=0.2850  0.08ex/s  eta=19m06s  [eta=5h39m06s total]
  [triviaqa                 4/6] phrase_w32_t0  (1/6)  ex    6/100  KL=0.0486  mean=0.2456  0.08ex/s  eta=19m05s  [eta=5h38m56s total]
  [triviaqa                 4/6] phrase_w32_t0  (1/6)  ex    7/100  KL=1.1020  mean=0.3679  0.08ex/s  eta=19m03s  [eta=5h38m46s total]
  [triviaqa                 4/6] phrase_w32_t0  (1/6)  ex    8/100  KL=0.1067  mean=0.3353  0.09ex/s  eta=17m28s  [eta=5h38m29s total]
  [triviaqa                 4/6] phrase_w32_t0  (1/6)  ex    9/100  KL=0.0622  mean=0.3049  0.09ex/s  eta=16m30s  [eta=5h38m13s total]
  [triviaqa                 4/6] phrase_w32_t0  (1/6)  ex   10/100  KL=0.0257  mean=0.2770  0.09ex/s  eta=16m36s  [eta=5h38m03s total]
  [triviaqa                 4/6] phrase_w32_t0  (1/6)  ex   11/100  KL=0.0692  mean=0.2581  0.09ex/s  eta=16m38s  [eta=5h37m53s total]
  [triviaqa                 4/6] phrase_w32_t0  (1/6)  ex   12/100  KL=0.0105  mean=0.2375  0.09ex/s  eta=16m40s  [eta=5h37m43s total]
  [triviaqa                 4/6] phrase_w32_t0  (1/6)  ex   13/100  KL=0.0948  mean=0.2265  0.09ex/s  eta=15m58s  [eta=5h37m28s total]
  [triviaqa                 4/6] phrase_w32_t0  (1/6)  ex   14/100  KL=0.0125  mean=0.2112  0.09ex/s  eta=15m58s  [eta=5h37m18s total]
  [triviaqa                 4/6] phrase_w32_t0  (1/6)  ex   15/100  KL=0.1167  mean=0.2049  0.09ex/s  eta=15m27s  [eta=5h37m03s total]
  [triviaqa                 4/6] phrase_w32_t0  (1/6)  ex   16/100  KL=1.3840  mean=0.2786  0.09ex/s  eta=15m04s  [eta=5h36m49s total]
  [triviaqa                 4/6] phrase_w32_t0  (1/6)  ex   17/100  KL=0.0648  mean=0.2661  0.09ex/s  eta=15m03s  [eta=5h36m39s total]
  [triviaqa                 4/6] phrase_w32_t0  (1/6)  ex   18/100  KL=0.0326  mean=0.2531  0.10ex/s  eta=14m17s  [eta=5h36m20s total]
  [triviaqa                 4/6] phrase_w32_t0  (1/6)  ex   19/100  KL=0.0408  mean=0.2419  0.09ex/s  eta=14m16s  [eta=5h36m10s total]
  [triviaqa                 4/6] phrase_w32_t0  (1/6)  ex   20/100  KL=0.0835  mean=0.2340  0.09ex/s  eta=14m14s  [eta=5h35m59s total]
  [triviaqa                 4/6] phrase_w32_t0  (1/6)  ex   21/100  KL=0.0307  mean=0.2243  0.09ex/s  eta=14m11s  [eta=5h35m50s total]
  [triviaqa                 4/6] phrase_w32_t0  (1/6)  ex   22/100  KL=0.0533  mean=0.2165  0.09ex/s  eta=13m50s  [eta=5h35m35s total]
  [triviaqa                 4/6] phrase_w32_t0  (1/6)  ex   23/100  KL=0.7514  mean=0.2398  0.09ex/s  eta=13m46s  [eta=5h35m25s total]
  [triviaqa                 4/6] phrase_w32_t0  (1/6)  ex   24/100  KL=0.0878  mean=0.2335  0.09ex/s  eta=13m41s  [eta=5h35m15s total]
  [triviaqa                 4/6] phrase_w32_t0  (1/6)  ex   25/100  KL=0.1359  mean=0.2296  0.09ex/s  eta=13m37s  [eta=5h35m05s total]
  [triviaqa                 4/6] phrase_w32_t0  (1/6)  ex   26/100  KL=0.0613  mean=0.2231  0.09ex/s  eta=13m31s  [eta=5h34m55s total]
  [triviaqa                 4/6] phrase_w32_t0  (1/6)  ex   27/100  KL=0.7698  mean=0.2433  0.09ex/s  eta=13m25s  [eta=5h34m45s total]
  [triviaqa                 4/6] phrase_w32_t0  (1/6)  ex   28/100  KL=0.9440  mean=0.2684  0.09ex/s  eta=13m11s  [eta=5h34m32s total]
  [triviaqa                 4/6] phrase_w32_t0  (1/6)  ex   29/100  KL=0.0441  mean=0.2606  0.09ex/s  eta=12m43s  [eta=5h34m14s total]
  [triviaqa                 4/6] phrase_w32_t0  (1/6)  ex   30/100  KL=1.0016  mean=0.2853  0.09ex/s  eta=12m37s  [eta=5h34m04s total]
  [triviaqa                 4/6] phrase_w32_t0  (1/6)  ex   31/100  KL=0.9839  mean=0.3079  0.09ex/s  eta=12m30s  [eta=5h33m54s total]
  [triviaqa                 4/6] phrase_w32_t0  (1/6)  ex   32/100  KL=0.0536  mean=0.2999  0.09ex/s  eta=12m06s  [eta=5h33m36s total]
  [triviaqa                 4/6] phrase_w32_t0  (1/6)  ex   33/100  KL=0.0526  mean=0.2924  0.09ex/s  eta=11m59s  [eta=5h33m26s total]
  [triviaqa                 4/6] phrase_w32_t0  (1/6)  ex   34/100  KL=1.0777  mean=0.3155  0.09ex/s  eta=11m52s  [eta=5h33m16s total]
  [triviaqa                 4/6] phrase_w32_t0  (1/6)  ex   35/100  KL=0.0612  mean=0.3083  0.09ex/s  eta=11m45s  [eta=5h33m06s total]
  [triviaqa                 4/6] phrase_w32_t0  (1/6)  ex   36/100  KL=0.1621  mean=0.3042  0.09ex/s  eta=11m37s  [eta=5h32m56s total]
  [triviaqa                 4/6] phrase_w32_t0  (1/6)  ex   37/100  KL=0.4335  mean=0.3077  0.09ex/s  eta=11m12s  [eta=5h32m36s total]
  [triviaqa                 4/6] phrase_w32_t0  (1/6)  ex   38/100  KL=0.0239  mean=0.3002  0.09ex/s  eta=11m04s  [eta=5h32m26s total]
  [triviaqa                 4/6] phrase_w32_t0  (1/6)  ex   39/100  KL=0.6285  mean=0.3086  0.09ex/s  eta=10m56s  [eta=5h32m16s total]
  [triviaqa                 4/6] phrase_w32_t0  (1/6)  ex   40/100  KL=0.0913  mean=0.3032  0.09ex/s  eta=10m48s  [eta=5h32m06s total]
  [triviaqa                 4/6] phrase_w32_t0  (1/6)  ex   41/100  KL=1.2433  mean=0.3261  0.09ex/s  eta=10m40s  [eta=5h31m56s total]
  [triviaqa                 4/6] phrase_w32_t0  (1/6)  ex   42/100  KL=0.0365  mean=0.3192  0.09ex/s  eta=10m32s  [eta=5h31m46s total]
  [triviaqa                 4/6] phrase_w32_t0  (1/6)  ex   43/100  KL=0.0094  mean=0.3120  0.09ex/s  eta=10m13s  [eta=5h31m28s total]
  [triviaqa                 4/6] phrase_w32_t0  (1/6)  ex   44/100  KL=0.0915  mean=0.3070  0.09ex/s  eta=10m04s  [eta=5h31m17s total]
  [triviaqa                 4/6] phrase_w32_t0  (1/6)  ex   45/100  KL=0.3298  mean=0.3075  0.09ex/s  eta=9m55s  [eta=5h31m07s total]
  [triviaqa                 4/6] phrase_w32_t0  (1/6)  ex   46/100  KL=0.7152  mean=0.3164  0.09ex/s  eta=9m47s  [eta=5h30m58s total]
  [triviaqa                 4/6] phrase_w32_t0  (1/6)  ex   47/100  KL=0.0483  mean=0.3107  0.09ex/s  eta=9m38s  [eta=5h30m48s total]
  [triviaqa                 4/6] phrase_w32_t0  (1/6)  ex   48/100  KL=0.0837  mean=0.3060  0.09ex/s  eta=9m29s  [eta=5h30m38s total]
  [triviaqa                 4/6] phrase_w32_t0  (1/6)  ex   49/100  KL=0.7810  mean=0.3156  0.09ex/s  eta=9m20s  [eta=5h30m28s total]
  [triviaqa                 4/6] phrase_w32_t0  (1/6)  ex   50/100  KL=0.7029  mean=0.3234  0.09ex/s  eta=9m11s  [eta=5h30m18s total]
  [triviaqa                 4/6] phrase_w32_t0  (1/6)  ex   51/100  KL=0.0808  mean=0.3186  0.09ex/s  eta=9m01s  [eta=5h30m08s total]
  [triviaqa                 4/6] phrase_w32_t0  (1/6)  ex   52/100  KL=0.0187  mean=0.3129  0.09ex/s  eta=8m52s  [eta=5h29m57s total]
  [triviaqa                 4/6] phrase_w32_t0  (1/6)  ex   53/100  KL=0.0668  mean=0.3082  0.09ex/s  eta=8m41s  [eta=5h29m47s total]
  [triviaqa                 4/6] phrase_w32_t0  (1/6)  ex   54/100  KL=0.0478  mean=0.3034  0.09ex/s  eta=8m32s  [eta=5h29m37s total]
  [triviaqa                 4/6] phrase_w32_t0  (1/6)  ex   55/100  KL=0.0872  mean=0.2995  0.09ex/s  eta=8m15s  [eta=5h29m18s total]
  [triviaqa                 4/6] phrase_w32_t0  (1/6)  ex   56/100  KL=0.4828  mean=0.3027  0.09ex/s  eta=8m05s  [eta=5h29m08s total]
  [triviaqa                 4/6] phrase_w32_t0  (1/6)  ex   57/100  KL=0.0256  mean=0.2979  0.09ex/s  eta=7m55s  [eta=5h28m58s total]
  [triviaqa                 4/6] phrase_w32_t0  (1/6)  ex   58/100  KL=0.0203  mean=0.2931  0.09ex/s  eta=7m45s  [eta=5h28m48s total]
  [triviaqa                 4/6] phrase_w32_t0  (1/6)  ex   59/100  KL=0.0183  mean=0.2884  0.09ex/s  eta=7m35s  [eta=5h28m38s total]
  [triviaqa                 4/6] phrase_w32_t0  (1/6)  ex   60/100  KL=0.0423  mean=0.2843  0.09ex/s  eta=7m25s  [eta=5h28m28s total]
  [triviaqa                 4/6] phrase_w32_t0  (1/6)  ex   61/100  KL=0.0325  mean=0.2802  0.09ex/s  eta=7m15s  [eta=5h28m18s total]
  [triviaqa                 4/6] phrase_w32_t0  (1/6)  ex   62/100  KL=0.0219  mean=0.2760  0.09ex/s  eta=7m05s  [eta=5h28m09s total]
  [triviaqa                 4/6] phrase_w32_t0  (1/6)  ex   63/100  KL=0.2256  mean=0.2752  0.09ex/s  eta=6m55s  [eta=5h27m59s total]
  [triviaqa                 4/6] phrase_w32_t0  (1/6)  ex   64/100  KL=0.0374  mean=0.2715  0.09ex/s  eta=6m45s  [eta=5h27m49s total]
  [triviaqa                 4/6] phrase_w32_t0  (1/6)  ex   65/100  KL=0.3527  mean=0.2728  0.09ex/s  eta=6m34s  [eta=5h27m39s total]
  [triviaqa                 4/6] phrase_w32_t0  (1/6)  ex   66/100  KL=0.7452  mean=0.2799  0.09ex/s  eta=6m19s  [eta=5h27m20s total]
  [triviaqa                 4/6] phrase_w32_t0  (1/6)  ex   67/100  KL=0.1084  mean=0.2774  0.09ex/s  eta=6m08s  [eta=5h27m09s total]
  [triviaqa                 4/6] phrase_w32_t0  (1/6)  ex   68/100  KL=0.0498  mean=0.2740  0.09ex/s  eta=5m58s  [eta=5h27m00s total]
  [triviaqa                 4/6] phrase_w32_t0  (1/6)  ex   69/100  KL=0.0143  mean=0.2703  0.09ex/s  eta=5m47s  [eta=5h26m50s total]
  [triviaqa                 4/6] phrase_w32_t0  (1/6)  ex   70/100  KL=0.0428  mean=0.2670  0.09ex/s  eta=5m37s  [eta=5h26m40s total]
  [triviaqa                 4/6] phrase_w32_t0  (1/6)  ex   71/100  KL=0.0523  mean=0.2640  0.09ex/s  eta=5m26s  [eta=5h26m30s total]
  [triviaqa                 4/6] phrase_w32_t0  (1/6)  ex   72/100  KL=0.0529  mean=0.2611  0.09ex/s  eta=5m11s  [eta=5h26m10s total]
  [triviaqa                 4/6] phrase_w32_t0  (1/6)  ex   73/100  KL=1.1322  mean=0.2730  0.09ex/s  eta=4m58s  [eta=5h25m53s total]
  [triviaqa                 4/6] phrase_w32_t0  (1/6)  ex   74/100  KL=0.0568  mean=0.2701  0.09ex/s  eta=4m48s  [eta=5h25m43s total]
  [triviaqa                 4/6] phrase_w32_t0  (1/6)  ex   75/100  KL=0.0150  mean=0.2667  0.09ex/s  eta=4m37s  [eta=5h25m33s total]
  [triviaqa                 4/6] phrase_w32_t0  (1/6)  ex   76/100  KL=0.0457  mean=0.2638  0.09ex/s  eta=4m27s  [eta=5h25m23s total]
  [triviaqa                 4/6] phrase_w32_t0  (1/6)  ex   77/100  KL=0.0218  mean=0.2606  0.09ex/s  eta=4m16s  [eta=5h25m14s total]
  [triviaqa                 4/6] phrase_w32_t0  (1/6)  ex   78/100  KL=0.0351  mean=0.2577  0.09ex/s  eta=4m05s  [eta=5h25m04s total]
  [triviaqa                 4/6] phrase_w32_t0  (1/6)  ex   79/100  KL=0.7188  mean=0.2636  0.09ex/s  eta=3m55s  [eta=5h24m54s total]
  [triviaqa                 4/6] phrase_w32_t0  (1/6)  ex   80/100  KL=0.6576  mean=0.2685  0.09ex/s  eta=3m44s  [eta=5h24m43s total]
  [triviaqa                 4/6] phrase_w32_t0  (1/6)  ex   81/100  KL=0.0721  mean=0.2661  0.09ex/s  eta=3m33s  [eta=5h24m34s total]
  [triviaqa                 4/6] phrase_w32_t0  (1/6)  ex   82/100  KL=0.8165  mean=0.2728  0.09ex/s  eta=3m22s  [eta=5h24m24s total]
  [triviaqa                 4/6] phrase_w32_t0  (1/6)  ex   83/100  KL=0.0732  mean=0.2704  0.09ex/s  eta=3m11s  [eta=5h24m14s total]
  [triviaqa                 4/6] phrase_w32_t0  (1/6)  ex   84/100  KL=0.0209  mean=0.2674  0.09ex/s  eta=2m59s  [eta=5h23m56s total]
  [triviaqa                 4/6] phrase_w32_t0  (1/6)  ex   85/100  KL=0.0101  mean=0.2644  0.09ex/s  eta=2m47s  [eta=5h23m40s total]
  [triviaqa                 4/6] phrase_w32_t0  (1/6)  ex   86/100  KL=0.5978  mean=0.2683  0.09ex/s  eta=2m36s  [eta=5h23m30s total]
  [triviaqa                 4/6] phrase_w32_t0  (1/6)  ex   87/100  KL=1.1758  mean=0.2787  0.09ex/s  eta=2m24s  [eta=5h23m15s total]
  [triviaqa                 4/6] phrase_w32_t0  (1/6)  ex   88/100  KL=0.3965  mean=0.2800  0.09ex/s  eta=2m13s  [eta=5h23m06s total]
  [triviaqa                 4/6] phrase_w32_t0  (1/6)  ex   89/100  KL=0.0284  mean=0.2772  0.09ex/s  eta=2m02s  [eta=5h22m56s total]
  [triviaqa                 4/6] phrase_w32_t0  (1/6)  ex   90/100  KL=0.0497  mean=0.2747  0.09ex/s  eta=1m51s  [eta=5h22m46s total]
  [triviaqa                 4/6] phrase_w32_t0  (1/6)  ex   91/100  KL=0.0117  mean=0.2718  0.09ex/s  eta=1m40s  [eta=5h22m30s total]
  [triviaqa                 4/6] phrase_w32_t0  (1/6)  ex   92/100  KL=1.2425  mean=0.2823  0.09ex/s  eta=1m29s  [eta=5h22m20s total]
  [triviaqa                 4/6] phrase_w32_t0  (1/6)  ex   93/100  KL=0.0215  mean=0.2795  0.09ex/s  eta=1m18s  [eta=5h22m10s total]
  [triviaqa                 4/6] phrase_w32_t0  (1/6)  ex   94/100  KL=0.0296  mean=0.2769  0.09ex/s  eta=1m07s  [eta=5h22m01s total]
  [triviaqa                 4/6] phrase_w32_t0  (1/6)  ex   95/100  KL=0.0446  mean=0.2744  0.09ex/s  eta=55s  [eta=5h21m51s total]
  [triviaqa                 4/6] phrase_w32_t0  (1/6)  ex   96/100  KL=0.8381  mean=0.2803  0.09ex/s  eta=44s  [eta=5h21m41s total]
  [triviaqa                 4/6] phrase_w32_t0  (1/6)  ex   97/100  KL=0.1544  mean=0.2790  0.09ex/s  eta=33s  [eta=5h21m31s total]
  [triviaqa                 4/6] phrase_w32_t0  (1/6)  ex   98/100  KL=0.9803  mean=0.2862  0.09ex/s  eta=22s  [eta=5h21m21s total]
  [triviaqa                 4/6] phrase_w32_t0  (1/6)  ex   99/100  KL=0.1487  mean=0.2848  0.09ex/s  eta=11s  [eta=5h21m11s total]
  [triviaqa                 4/6] phrase_w32_t0  (1/6)  ex  100/100  KL=0.1108  mean=0.2830  0.09ex/s  eta=0s  [eta=5h21m02s total]
  >>> triviaqa / phrase_w32_t0:  n=100  mean_KL=0.2830  [18m48s]

  [triviaqa                 4/6] phrase_w64_t0  (2/6)  ex    1/100  KL=0.5262  mean=0.5262  0.11ex/s  eta=15m12s  [eta=5h20m48s total]
  [triviaqa                 4/6] phrase_w64_t0  (2/6)  ex    2/100  KL=0.0485  mean=0.2873  0.09ex/s  eta=18m08s  [eta=5h20m38s total]
  [triviaqa                 4/6] phrase_w64_t0  (2/6)  ex    3/100  KL=0.0150  mean=0.1966  0.09ex/s  eta=18m59s  [eta=5h20m29s total]
  [triviaqa                 4/6] phrase_w64_t0  (2/6)  ex    4/100  KL=0.0209  mean=0.1527  0.08ex/s  eta=19m10s  [eta=5h20m19s total]
  [triviaqa                 4/6] phrase_w64_t0  (2/6)  ex    5/100  KL=0.0420  mean=0.1305  0.08ex/s  eta=19m19s  [eta=5h20m09s total]
  [triviaqa                 4/6] phrase_w64_t0  (2/6)  ex    6/100  KL=0.0298  mean=0.1137  0.08ex/s  eta=19m20s  [eta=5h19m59s total]
  [triviaqa                 4/6] phrase_w64_t0  (2/6)  ex    7/100  KL=1.0968  mean=0.2542  0.08ex/s  eta=19m15s  [eta=5h19m49s total]
  [triviaqa                 4/6] phrase_w64_t0  (2/6)  ex    8/100  KL=0.0067  mean=0.2232  0.09ex/s  eta=17m40s  [eta=5h19m32s total]
  [triviaqa                 4/6] phrase_w64_t0  (2/6)  ex    9/100  KL=0.0637  mean=0.2055  0.09ex/s  eta=16m39s  [eta=5h19m17s total]
  [triviaqa                 4/6] phrase_w64_t0  (2/6)  ex   10/100  KL=0.0382  mean=0.1888  0.09ex/s  eta=16m50s  [eta=5h19m07s total]
  [triviaqa                 4/6] phrase_w64_t0  (2/6)  ex   11/100  KL=0.0358  mean=0.1749  0.09ex/s  eta=16m55s  [eta=5h18m58s total]
  [triviaqa                 4/6] phrase_w64_t0  (2/6)  ex   12/100  KL=0.9566  mean=0.2400  0.09ex/s  eta=16m55s  [eta=5h18m48s total]
  [triviaqa                 4/6] phrase_w64_t0  (2/6)  ex   13/100  KL=0.0275  mean=0.2237  0.09ex/s  eta=16m13s  [eta=5h18m33s total]
  [triviaqa                 4/6] phrase_w64_t0  (2/6)  ex   14/100  KL=0.0164  mean=0.2089  0.09ex/s  eta=16m13s  [eta=5h18m23s total]
  [triviaqa                 4/6] phrase_w64_t0  (2/6)  ex   15/100  KL=0.0052  mean=0.1953  0.09ex/s  eta=15m42s  [eta=5h18m08s total]
  [triviaqa                 4/6] phrase_w64_t0  (2/6)  ex   16/100  KL=1.4456  mean=0.2734  0.09ex/s  eta=15m20s  [eta=5h17m55s total]
  [triviaqa                 4/6] phrase_w64_t0  (2/6)  ex   17/100  KL=0.0410  mean=0.2598  0.09ex/s  eta=15m18s  [eta=5h17m45s total]
  [triviaqa                 4/6] phrase_w64_t0  (2/6)  ex   18/100  KL=0.0147  mean=0.2461  0.09ex/s  eta=14m32s  [eta=5h17m27s total]
  [triviaqa                 4/6] phrase_w64_t0  (2/6)  ex   19/100  KL=0.0217  mean=0.2343  0.09ex/s  eta=14m31s  [eta=5h17m17s total]
  [triviaqa                 4/6] phrase_w64_t0  (2/6)  ex   20/100  KL=0.0582  mean=0.2255  0.09ex/s  eta=14m30s  [eta=5h17m07s total]
  [triviaqa                 4/6] phrase_w64_t0  (2/6)  ex   21/100  KL=0.0164  mean=0.2156  0.09ex/s  eta=14m26s  [eta=5h16m57s total]
  [triviaqa                 4/6] phrase_w64_t0  (2/6)  ex   22/100  KL=0.4607  mean=0.2267  0.09ex/s  eta=14m06s  [eta=5h16m43s total]
  [triviaqa                 4/6] phrase_w64_t0  (2/6)  ex   23/100  KL=0.7647  mean=0.2501  0.09ex/s  eta=14m02s  [eta=5h16m33s total]
  [triviaqa                 4/6] phrase_w64_t0  (2/6)  ex   24/100  KL=0.0328  mean=0.2410  0.09ex/s  eta=13m58s  [eta=5h16m23s total]
  [triviaqa                 4/6] phrase_w64_t0  (2/6)  ex   25/100  KL=0.0998  mean=0.2354  0.09ex/s  eta=13m53s  [eta=5h16m14s total]
  [triviaqa                 4/6] phrase_w64_t0  (2/6)  ex   26/100  KL=0.0354  mean=0.2277  0.09ex/s  eta=13m48s  [eta=5h16m04s total]
  [triviaqa                 4/6] phrase_w64_t0  (2/6)  ex   27/100  KL=0.0522  mean=0.2212  0.09ex/s  eta=13m42s  [eta=5h15m54s total]
  [triviaqa                 4/6] phrase_w64_t0  (2/6)  ex   28/100  KL=0.0483  mean=0.2150  0.09ex/s  eta=13m27s  [eta=5h15m42s total]
  [triviaqa                 4/6] phrase_w64_t0  (2/6)  ex   29/100  KL=0.0414  mean=0.2090  0.09ex/s  eta=13m00s  [eta=5h15m24s total]
  [triviaqa                 4/6] phrase_w64_t0  (2/6)  ex   30/100  KL=0.9269  mean=0.2330  0.09ex/s  eta=12m54s  [eta=5h15m15s total]
  [triviaqa                 4/6] phrase_w64_t0  (2/6)  ex   31/100  KL=1.1516  mean=0.2626  0.09ex/s  eta=12m48s  [eta=5h15m05s total]
  [triviaqa                 4/6] phrase_w64_t0  (2/6)  ex   32/100  KL=0.0392  mean=0.2556  0.09ex/s  eta=12m24s  [eta=5h14m48s total]
  [triviaqa                 4/6] phrase_w64_t0  (2/6)  ex   33/100  KL=0.0224  mean=0.2486  0.09ex/s  eta=12m16s  [eta=5h14m38s total]
  [triviaqa                 4/6] phrase_w64_t0  (2/6)  ex   34/100  KL=0.8499  mean=0.2662  0.09ex/s  eta=12m10s  [eta=5h14m29s total]
  [triviaqa                 4/6] phrase_w64_t0  (2/6)  ex   35/100  KL=0.0420  mean=0.2598  0.09ex/s  eta=12m02s  [eta=5h14m19s total]
  [triviaqa                 4/6] phrase_w64_t0  (2/6)  ex   36/100  KL=0.0214  mean=0.2532  0.09ex/s  eta=11m55s  [eta=5h14m09s total]
  [triviaqa                 4/6] phrase_w64_t0  (2/6)  ex   37/100  KL=0.0385  mean=0.2474  0.09ex/s  eta=11m29s  [eta=5h13m50s total]
  [triviaqa                 4/6] phrase_w64_t0  (2/6)  ex   38/100  KL=0.1368  mean=0.2445  0.09ex/s  eta=11m21s  [eta=5h13m40s total]
  [triviaqa                 4/6] phrase_w64_t0  (2/6)  ex   39/100  KL=0.0422  mean=0.2393  0.09ex/s  eta=11m13s  [eta=5h13m30s total]
  [triviaqa                 4/6] phrase_w64_t0  (2/6)  ex   40/100  KL=0.0365  mean=0.2342  0.09ex/s  eta=11m05s  [eta=5h13m20s total]
  [triviaqa                 4/6] phrase_w64_t0  (2/6)  ex   41/100  KL=1.1780  mean=0.2573  0.09ex/s  eta=10m57s  [eta=5h13m10s total]
  [triviaqa                 4/6] phrase_w64_t0  (2/6)  ex   42/100  KL=0.1321  mean=0.2543  0.09ex/s  eta=10m49s  [eta=5h13m01s total]
  [triviaqa                 4/6] phrase_w64_t0  (2/6)  ex   43/100  KL=0.0083  mean=0.2486  0.09ex/s  eta=10m30s  [eta=5h12m44s total]
  [triviaqa                 4/6] phrase_w64_t0  (2/6)  ex   44/100  KL=0.0196  mean=0.2434  0.09ex/s  eta=10m20s  [eta=5h12m34s total]
  [triviaqa                 4/6] phrase_w64_t0  (2/6)  ex   45/100  KL=0.0299  mean=0.2386  0.09ex/s  eta=10m12s  [eta=5h12m24s total]
  [triviaqa                 4/6] phrase_w64_t0  (2/6)  ex   46/100  KL=0.1169  mean=0.2360  0.09ex/s  eta=10m03s  [eta=5h12m14s total]
  [triviaqa                 4/6] phrase_w64_t0  (2/6)  ex   47/100  KL=0.0301  mean=0.2316  0.09ex/s  eta=9m54s  [eta=5h12m04s total]
  [triviaqa                 4/6] phrase_w64_t0  (2/6)  ex   48/100  KL=0.0273  mean=0.2273  0.09ex/s  eta=9m45s  [eta=5h11m55s total]
  [triviaqa                 4/6] phrase_w64_t0  (2/6)  ex   49/100  KL=0.8734  mean=0.2405  0.09ex/s  eta=9m36s  [eta=5h11m45s total]
  [triviaqa                 4/6] phrase_w64_t0  (2/6)  ex   50/100  KL=0.0137  mean=0.2360  0.09ex/s  eta=9m26s  [eta=5h11m35s total]
  [triviaqa                 4/6] phrase_w64_t0  (2/6)  ex   51/100  KL=0.0376  mean=0.2321  0.09ex/s  eta=9m17s  [eta=5h11m25s total]
  [triviaqa                 4/6] phrase_w64_t0  (2/6)  ex   52/100  KL=0.0139  mean=0.2279  0.09ex/s  eta=9m07s  [eta=5h11m15s total]
  [triviaqa                 4/6] phrase_w64_t0  (2/6)  ex   53/100  KL=0.0395  mean=0.2243  0.09ex/s  eta=8m56s  [eta=5h11m05s total]
  [triviaqa                 4/6] phrase_w64_t0  (2/6)  ex   54/100  KL=0.0270  mean=0.2207  0.09ex/s  eta=8m47s  [eta=5h10m55s total]
  [triviaqa                 4/6] phrase_w64_t0  (2/6)  ex   55/100  KL=0.0047  mean=0.2168  0.09ex/s  eta=8m29s  [eta=5h10m37s total]
  [triviaqa                 4/6] phrase_w64_t0  (2/6)  ex   56/100  KL=0.0270  mean=0.2134  0.09ex/s  eta=8m19s  [eta=5h10m28s total]
  [triviaqa                 4/6] phrase_w64_t0  (2/6)  ex   57/100  KL=0.0121  mean=0.2098  0.09ex/s  eta=8m09s  [eta=5h10m18s total]
  [triviaqa                 4/6] phrase_w64_t0  (2/6)  ex   58/100  KL=1.0699  mean=0.2247  0.09ex/s  eta=7m59s  [eta=5h10m08s total]
  [triviaqa                 4/6] phrase_w64_t0  (2/6)  ex   59/100  KL=0.0189  mean=0.2212  0.09ex/s  eta=7m48s  [eta=5h09m58s total]
  [triviaqa                 4/6] phrase_w64_t0  (2/6)  ex   60/100  KL=0.2683  mean=0.2220  0.09ex/s  eta=7m38s  [eta=5h09m49s total]
  [triviaqa                 4/6] phrase_w64_t0  (2/6)  ex   61/100  KL=1.1966  mean=0.2379  0.09ex/s  eta=7m28s  [eta=5h09m39s total]
  [triviaqa                 4/6] phrase_w64_t0  (2/6)  ex   62/100  KL=0.0142  mean=0.2343  0.09ex/s  eta=7m18s  [eta=5h09m29s total]
  [triviaqa                 4/6] phrase_w64_t0  (2/6)  ex   63/100  KL=0.0860  mean=0.2320  0.09ex/s  eta=7m07s  [eta=5h09m19s total]
  [triviaqa                 4/6] phrase_w64_t0  (2/6)  ex   64/100  KL=0.0554  mean=0.2292  0.09ex/s  eta=6m56s  [eta=5h09m10s total]
  [triviaqa                 4/6] phrase_w64_t0  (2/6)  ex   65/100  KL=0.0144  mean=0.2259  0.09ex/s  eta=6m46s  [eta=5h09m00s total]
  [triviaqa                 4/6] phrase_w64_t0  (2/6)  ex   66/100  KL=0.7476  mean=0.2338  0.09ex/s  eta=6m30s  [eta=5h08m41s total]
  [triviaqa                 4/6] phrase_w64_t0  (2/6)  ex   67/100  KL=0.0106  mean=0.2305  0.09ex/s  eta=6m19s  [eta=5h08m32s total]
  [triviaqa                 4/6] phrase_w64_t0  (2/6)  ex   68/100  KL=0.0586  mean=0.2280  0.09ex/s  eta=6m08s  [eta=5h08m22s total]
  [triviaqa                 4/6] phrase_w64_t0  (2/6)  ex   69/100  KL=0.0186  mean=0.2249  0.09ex/s  eta=5m57s  [eta=5h08m12s total]
  [triviaqa                 4/6] phrase_w64_t0  (2/6)  ex   70/100  KL=0.0152  mean=0.2219  0.09ex/s  eta=5m47s  [eta=5h08m02s total]
  [triviaqa                 4/6] phrase_w64_t0  (2/6)  ex   71/100  KL=0.0514  mean=0.2195  0.09ex/s  eta=5m36s  [eta=5h07m52s total]
  [triviaqa                 4/6] phrase_w64_t0  (2/6)  ex   72/100  KL=0.1092  mean=0.2180  0.09ex/s  eta=5m21s  [eta=5h07m34s total]
  [triviaqa                 4/6] phrase_w64_t0  (2/6)  ex   73/100  KL=1.2101  mean=0.2316  0.09ex/s  eta=5m07s  [eta=5h07m18s total]
  [triviaqa                 4/6] phrase_w64_t0  (2/6)  ex   74/100  KL=0.0080  mean=0.2286  0.09ex/s  eta=4m56s  [eta=5h07m08s total]
  [triviaqa                 4/6] phrase_w64_t0  (2/6)  ex   75/100  KL=0.5083  mean=0.2323  0.09ex/s  eta=4m45s  [eta=5h06m58s total]
  [triviaqa                 4/6] phrase_w64_t0  (2/6)  ex   76/100  KL=0.0515  mean=0.2299  0.09ex/s  eta=4m34s  [eta=5h06m48s total]
  [triviaqa                 4/6] phrase_w64_t0  (2/6)  ex   77/100  KL=0.0221  mean=0.2272  0.09ex/s  eta=4m23s  [eta=5h06m38s total]
  [triviaqa                 4/6] phrase_w64_t0  (2/6)  ex   78/100  KL=0.0346  mean=0.2247  0.09ex/s  eta=4m12s  [eta=5h06m28s total]
  [triviaqa                 4/6] phrase_w64_t0  (2/6)  ex   79/100  KL=0.6833  mean=0.2305  0.09ex/s  eta=4m01s  [eta=5h06m18s total]
  [triviaqa                 4/6] phrase_w64_t0  (2/6)  ex   80/100  KL=0.0116  mean=0.2278  0.09ex/s  eta=3m50s  [eta=5h06m08s total]
  [triviaqa                 4/6] phrase_w64_t0  (2/6)  ex   81/100  KL=0.0553  mean=0.2257  0.09ex/s  eta=3m39s  [eta=5h05m58s total]
  [triviaqa                 4/6] phrase_w64_t0  (2/6)  ex   82/100  KL=0.0222  mean=0.2232  0.09ex/s  eta=3m28s  [eta=5h05m49s total]
  [triviaqa                 4/6] phrase_w64_t0  (2/6)  ex   83/100  KL=0.0265  mean=0.2208  0.09ex/s  eta=3m17s  [eta=5h05m39s total]
  [triviaqa                 4/6] phrase_w64_t0  (2/6)  ex   84/100  KL=0.0346  mean=0.2186  0.09ex/s  eta=3m04s  [eta=5h05m22s total]
  [triviaqa                 4/6] phrase_w64_t0  (2/6)  ex   85/100  KL=0.0075  mean=0.2161  0.09ex/s  eta=2m51s  [eta=5h05m06s total]
  [triviaqa                 4/6] phrase_w64_t0  (2/6)  ex   86/100  KL=0.0258  mean=0.2139  0.09ex/s  eta=2m40s  [eta=5h04m56s total]
  [triviaqa                 4/6] phrase_w64_t0  (2/6)  ex   87/100  KL=0.0046  mean=0.2115  0.09ex/s  eta=2m28s  [eta=5h04m42s total]
  [triviaqa                 4/6] phrase_w64_t0  (2/6)  ex   88/100  KL=0.4254  mean=0.2139  0.09ex/s  eta=2m17s  [eta=5h04m32s total]
  [triviaqa                 4/6] phrase_w64_t0  (2/6)  ex   89/100  KL=0.0187  mean=0.2117  0.09ex/s  eta=2m06s  [eta=5h04m22s total]
  [triviaqa                 4/6] phrase_w64_t0  (2/6)  ex   90/100  KL=0.0098  mean=0.2095  0.09ex/s  eta=1m54s  [eta=5h04m12s total]
  [triviaqa                 4/6] phrase_w64_t0  (2/6)  ex   91/100  KL=0.0132  mean=0.2073  0.09ex/s  eta=1m42s  [eta=5h03m57s total]
  [triviaqa                 4/6] phrase_w64_t0  (2/6)  ex   92/100  KL=1.1479  mean=0.2176  0.09ex/s  eta=1m31s  [eta=5h03m47s total]
  [triviaqa                 4/6] phrase_w64_t0  (2/6)  ex   93/100  KL=0.0173  mean=0.2154  0.09ex/s  eta=1m20s  [eta=5h03m37s total]
  [triviaqa                 4/6] phrase_w64_t0  (2/6)  ex   94/100  KL=0.0320  mean=0.2135  0.09ex/s  eta=1m08s  [eta=5h03m27s total]
  [triviaqa                 4/6] phrase_w64_t0  (2/6)  ex   95/100  KL=0.0860  mean=0.2121  0.09ex/s  eta=57s  [eta=5h03m17s total]
  [triviaqa                 4/6] phrase_w64_t0  (2/6)  ex   96/100  KL=0.0363  mean=0.2103  0.09ex/s  eta=46s  [eta=5h03m07s total]
  [triviaqa                 4/6] phrase_w64_t0  (2/6)  ex   97/100  KL=0.5281  mean=0.2136  0.09ex/s  eta=34s  [eta=5h02m57s total]
  [triviaqa                 4/6] phrase_w64_t0  (2/6)  ex   98/100  KL=0.0660  mean=0.2121  0.09ex/s  eta=23s  [eta=5h02m47s total]
  [triviaqa                 4/6] phrase_w64_t0  (2/6)  ex   99/100  KL=0.1109  mean=0.2110  0.09ex/s  eta=11s  [eta=5h02m37s total]
  [triviaqa                 4/6] phrase_w64_t0  (2/6)  ex  100/100  KL=0.1473  mean=0.2104  0.09ex/s  eta=0s  [eta=5h02m27s total]
  >>> triviaqa / phrase_w64_t0:  n=100  mean_KL=0.2104  [19m16s]

  [triviaqa                 4/6] phrase_w32_t50 (3/6)  ex    1/100  KL=0.0104  mean=0.0104  0.11ex/s  eta=15m41s  [eta=5h02m15s total]
  [triviaqa                 4/6] phrase_w32_t50 (3/6)  ex    2/100  KL=0.0296  mean=0.0200  0.09ex/s  eta=18m29s  [eta=5h02m05s total]
  [triviaqa                 4/6] phrase_w32_t50 (3/6)  ex    3/100  KL=0.0109  mean=0.0170  0.08ex/s  eta=19m11s  [eta=5h01m55s total]
  [triviaqa                 4/6] phrase_w32_t50 (3/6)  ex    4/100  KL=0.0199  mean=0.0177  0.08ex/s  eta=19m32s  [eta=5h01m45s total]
  [triviaqa                 4/6] phrase_w32_t50 (3/6)  ex    5/100  KL=0.0383  mean=0.0218  0.08ex/s  eta=19m32s  [eta=5h01m35s total]
  [triviaqa                 4/6] phrase_w32_t50 (3/6)  ex    6/100  KL=0.0617  mean=0.0285  0.08ex/s  eta=19m31s  [eta=5h01m25s total]
  [triviaqa                 4/6] phrase_w32_t50 (3/6)  ex    7/100  KL=0.0467  mean=0.0311  0.08ex/s  eta=19m27s  [eta=5h01m15s total]
  [triviaqa                 4/6] phrase_w32_t50 (3/6)  ex    8/100  KL=0.0764  mean=0.0367  0.09ex/s  eta=17m51s  [eta=5h00m58s total]
  [triviaqa                 4/6] phrase_w32_t50 (3/6)  ex    9/100  KL=0.0581  mean=0.0391  0.09ex/s  eta=16m50s  [eta=5h00m44s total]
  [triviaqa                 4/6] phrase_w32_t50 (3/6)  ex   10/100  KL=0.0501  mean=0.0402  0.09ex/s  eta=16m56s  [eta=5h00m34s total]
  [triviaqa                 4/6] phrase_w32_t50 (3/6)  ex   11/100  KL=0.0402  mean=0.0402  0.09ex/s  eta=16m59s  [eta=5h00m24s total]
  [triviaqa                 4/6] phrase_w32_t50 (3/6)  ex   12/100  KL=0.0187  mean=0.0384  0.09ex/s  eta=17m00s  [eta=5h00m14s total]
  [triviaqa                 4/6] phrase_w32_t50 (3/6)  ex   13/100  KL=0.0198  mean=0.0370  0.09ex/s  eta=16m16s  [eta=4h59m59s total]
  [triviaqa                 4/6] phrase_w32_t50 (3/6)  ex   14/100  KL=0.0140  mean=0.0354  0.09ex/s  eta=16m18s  [eta=4h59m49s total]
  [triviaqa                 4/6] phrase_w32_t50 (3/6)  ex   15/100  KL=0.1670  mean=0.0441  0.09ex/s  eta=15m47s  [eta=4h59m35s total]
  [triviaqa                 4/6] phrase_w32_t50 (3/6)  ex   16/100  KL=0.0236  mean=0.0429  0.09ex/s  eta=15m23s  [eta=4h59m21s total]
  [triviaqa                 4/6] phrase_w32_t50 (3/6)  ex   17/100  KL=0.0234  mean=0.0417  0.09ex/s  eta=15m22s  [eta=4h59m11s total]
  [triviaqa                 4/6] phrase_w32_t50 (3/6)  ex   18/100  KL=0.0278  mean=0.0409  0.09ex/s  eta=14m35s  [eta=4h58m54s total]
  [triviaqa                 4/6] phrase_w32_t50 (3/6)  ex   19/100  KL=0.0162  mean=0.0396  0.09ex/s  eta=14m34s  [eta=4h58m44s total]
  [triviaqa                 4/6] phrase_w32_t50 (3/6)  ex   20/100  KL=0.0117  mean=0.0382  0.09ex/s  eta=14m32s  [eta=4h58m34s total]
  [triviaqa                 4/6] phrase_w32_t50 (3/6)  ex   21/100  KL=0.0156  mean=0.0372  0.09ex/s  eta=14m29s  [eta=4h58m24s total]
  [triviaqa                 4/6] phrase_w32_t50 (3/6)  ex   22/100  KL=0.0696  mean=0.0386  0.09ex/s  eta=14m08s  [eta=4h58m10s total]
  [triviaqa                 4/6] phrase_w32_t50 (3/6)  ex   23/100  KL=0.0353  mean=0.0385  0.09ex/s  eta=14m03s  [eta=4h58m00s total]
  [triviaqa                 4/6] phrase_w32_t50 (3/6)  ex   24/100  KL=0.1271  mean=0.0422  0.09ex/s  eta=13m59s  [eta=4h57m50s total]
  [triviaqa                 4/6] phrase_w32_t50 (3/6)  ex   25/100  KL=0.0424  mean=0.0422  0.09ex/s  eta=13m55s  [eta=4h57m40s total]
  [triviaqa                 4/6] phrase_w32_t50 (3/6)  ex   26/100  KL=0.0179  mean=0.0413  0.09ex/s  eta=13m51s  [eta=4h57m30s total]
  [triviaqa                 4/6] phrase_w32_t50 (3/6)  ex   27/100  KL=0.0333  mean=0.0410  0.09ex/s  eta=13m46s  [eta=4h57m21s total]
  [triviaqa                 4/6] phrase_w32_t50 (3/6)  ex   28/100  KL=0.0486  mean=0.0412  0.09ex/s  eta=13m31s  [eta=4h57m08s total]
  [triviaqa                 4/6] phrase_w32_t50 (3/6)  ex   29/100  KL=0.0488  mean=0.0415  0.09ex/s  eta=13m04s  [eta=4h56m52s total]
  [triviaqa                 4/6] phrase_w32_t50 (3/6)  ex   30/100  KL=0.0462  mean=0.0417  0.09ex/s  eta=12m58s  [eta=4h56m42s total]
  [triviaqa                 4/6] phrase_w32_t50 (3/6)  ex   31/100  KL=0.0235  mean=0.0411  0.09ex/s  eta=12m53s  [eta=4h56m32s total]
  [triviaqa                 4/6] phrase_w32_t50 (3/6)  ex   32/100  KL=0.0802  mean=0.0423  0.09ex/s  eta=12m28s  [eta=4h56m16s total]
  [triviaqa                 4/6] phrase_w32_t50 (3/6)  ex   33/100  KL=0.0178  mean=0.0415  0.09ex/s  eta=12m22s  [eta=4h56m06s total]
  [triviaqa                 4/6] phrase_w32_t50 (3/6)  ex   34/100  KL=0.1911  mean=0.0459  0.09ex/s  eta=12m16s  [eta=4h55m57s total]
  [triviaqa                 4/6] phrase_w32_t50 (3/6)  ex   35/100  KL=0.0415  mean=0.0458  0.09ex/s  eta=12m10s  [eta=4h55m47s total]
  [triviaqa                 4/6] phrase_w32_t50 (3/6)  ex   36/100  KL=0.2665  mean=0.0520  0.09ex/s  eta=12m03s  [eta=4h55m38s total]
  [triviaqa                 4/6] phrase_w32_t50 (3/6)  ex   37/100  KL=0.0306  mean=0.0514  0.09ex/s  eta=11m36s  [eta=4h55m20s total]
  [triviaqa                 4/6] phrase_w32_t50 (3/6)  ex   38/100  KL=0.0214  mean=0.0506  0.09ex/s  eta=11m29s  [eta=4h55m10s total]
  [triviaqa                 4/6] phrase_w32_t50 (3/6)  ex   39/100  KL=0.0560  mean=0.0507  0.09ex/s  eta=11m22s  [eta=4h55m00s total]
  [triviaqa                 4/6] phrase_w32_t50 (3/6)  ex   40/100  KL=0.0476  mean=0.0506  0.09ex/s  eta=11m14s  [eta=4h54m51s total]
  [triviaqa                 4/6] phrase_w32_t50 (3/6)  ex   41/100  KL=0.0366  mean=0.0503  0.09ex/s  eta=11m06s  [eta=4h54m41s total]
  [triviaqa                 4/6] phrase_w32_t50 (3/6)  ex   42/100  KL=0.0216  mean=0.0496  0.09ex/s  eta=10m58s  [eta=4h54m31s total]
  [triviaqa                 4/6] phrase_w32_t50 (3/6)  ex   43/100  KL=0.0340  mean=0.0493  0.09ex/s  eta=10m39s  [eta=4h54m15s total]
  [triviaqa                 4/6] phrase_w32_t50 (3/6)  ex   44/100  KL=0.0915  mean=0.0502  0.09ex/s  eta=10m30s  [eta=4h54m05s total]
  [triviaqa                 4/6] phrase_w32_t50 (3/6)  ex   45/100  KL=0.0311  mean=0.0498  0.09ex/s  eta=10m22s  [eta=4h53m56s total]
  [triviaqa                 4/6] phrase_w32_t50 (3/6)  ex   46/100  KL=0.0179  mean=0.0491  0.09ex/s  eta=10m13s  [eta=4h53m46s total]
  [triviaqa                 4/6] phrase_w32_t50 (3/6)  ex   47/100  KL=0.0528  mean=0.0492  0.09ex/s  eta=10m04s  [eta=4h53m37s total]
  [triviaqa                 4/6] phrase_w32_t50 (3/6)  ex   48/100  KL=0.0117  mean=0.0484  0.09ex/s  eta=9m55s  [eta=4h53m27s total]
  [triviaqa                 4/6] phrase_w32_t50 (3/6)  ex   49/100  KL=0.0228  mean=0.0479  0.09ex/s  eta=9m46s  [eta=4h53m17s total]
  [triviaqa                 4/6] phrase_w32_t50 (3/6)  ex   50/100  KL=0.0286  mean=0.0475  0.09ex/s  eta=9m36s  [eta=4h53m07s total]
  [triviaqa                 4/6] phrase_w32_t50 (3/6)  ex   51/100  KL=0.0194  mean=0.0469  0.09ex/s  eta=9m27s  [eta=4h52m58s total]
  [triviaqa                 4/6] phrase_w32_t50 (3/6)  ex   52/100  KL=0.0110  mean=0.0462  0.09ex/s  eta=9m17s  [eta=4h52m48s total]
  [triviaqa                 4/6] phrase_w32_t50 (3/6)  ex   53/100  KL=0.0688  mean=0.0467  0.09ex/s  eta=9m07s  [eta=4h52m38s total]
  [triviaqa                 4/6] phrase_w32_t50 (3/6)  ex   54/100  KL=0.0258  mean=0.0463  0.09ex/s  eta=8m57s  [eta=4h52m29s total]
  [triviaqa                 4/6] phrase_w32_t50 (3/6)  ex   55/100  KL=0.0872  mean=0.0470  0.09ex/s  eta=8m38s  [eta=4h52m11s total]
  [triviaqa                 4/6] phrase_w32_t50 (3/6)  ex   56/100  KL=0.0181  mean=0.0465  0.09ex/s  eta=8m28s  [eta=4h52m01s total]
  [triviaqa                 4/6] phrase_w32_t50 (3/6)  ex   57/100  KL=0.0232  mean=0.0461  0.09ex/s  eta=8m18s  [eta=4h51m52s total]
  [triviaqa                 4/6] phrase_w32_t50 (3/6)  ex   58/100  KL=0.0155  mean=0.0456  0.09ex/s  eta=8m07s  [eta=4h51m41s total]
  [triviaqa                 4/6] phrase_w32_t50 (3/6)  ex   59/100  KL=0.0160  mean=0.0451  0.09ex/s  eta=7m57s  [eta=4h51m31s total]
  [triviaqa                 4/6] phrase_w32_t50 (3/6)  ex   60/100  KL=0.0681  mean=0.0455  0.09ex/s  eta=7m46s  [eta=4h51m21s total]
  [triviaqa                 4/6] phrase_w32_t50 (3/6)  ex   61/100  KL=0.0125  mean=0.0449  0.09ex/s  eta=7m35s  [eta=4h51m11s total]
  [triviaqa                 4/6] phrase_w32_t50 (3/6)  ex   62/100  KL=0.0483  mean=0.0450  0.09ex/s  eta=7m24s  [eta=4h51m01s total]
  [triviaqa                 4/6] phrase_w32_t50 (3/6)  ex   63/100  KL=0.0210  mean=0.0446  0.09ex/s  eta=7m13s  [eta=4h50m50s total]
  [triviaqa                 4/6] phrase_w32_t50 (3/6)  ex   64/100  KL=0.0162  mean=0.0441  0.09ex/s  eta=7m01s  [eta=4h50m39s total]
  [triviaqa                 4/6] phrase_w32_t50 (3/6)  ex   65/100  KL=0.0139  mean=0.0437  0.09ex/s  eta=6m50s  [eta=4h50m29s total]
  [triviaqa                 4/6] phrase_w32_t50 (3/6)  ex   66/100  KL=0.0207  mean=0.0433  0.09ex/s  eta=6m34s  [eta=4h50m11s total]
  [triviaqa                 4/6] phrase_w32_t50 (3/6)  ex   67/100  KL=0.0259  mean=0.0431  0.09ex/s  eta=6m23s  [eta=4h50m01s total]
  [triviaqa                 4/6] phrase_w32_t50 (3/6)  ex   68/100  KL=0.0197  mean=0.0427  0.09ex/s  eta=6m11s  [eta=4h49m50s total]
  [triviaqa                 4/6] phrase_w32_t50 (3/6)  ex   69/100  KL=0.1067  mean=0.0437  0.09ex/s  eta=6m00s  [eta=4h49m40s total]
  [triviaqa                 4/6] phrase_w32_t50 (3/6)  ex   70/100  KL=0.0302  mean=0.0435  0.09ex/s  eta=5m49s  [eta=4h49m29s total]
  [triviaqa                 4/6] phrase_w32_t50 (3/6)  ex   71/100  KL=0.0401  mean=0.0434  0.09ex/s  eta=5m38s  [eta=4h49m19s total]
  [triviaqa                 4/6] phrase_w32_t50 (3/6)  ex   72/100  KL=0.0546  mean=0.0436  0.09ex/s  eta=5m22s  [eta=4h49m01s total]
  [triviaqa                 4/6] phrase_w32_t50 (3/6)  ex   73/100  KL=0.0449  mean=0.0436  0.09ex/s  eta=5m08s  [eta=4h48m45s total]
  [triviaqa                 4/6] phrase_w32_t50 (3/6)  ex   74/100  KL=0.0588  mean=0.0438  0.09ex/s  eta=4m57s  [eta=4h48m34s total]
  [triviaqa                 4/6] phrase_w32_t50 (3/6)  ex   75/100  KL=0.0317  mean=0.0436  0.09ex/s  eta=4m46s  [eta=4h48m24s total]
  [triviaqa                 4/6] phrase_w32_t50 (3/6)  ex   76/100  KL=0.0175  mean=0.0433  0.09ex/s  eta=4m35s  [eta=4h48m13s total]
  [triviaqa                 4/6] phrase_w32_t50 (3/6)  ex   77/100  KL=0.0205  mean=0.0430  0.09ex/s  eta=4m24s  [eta=4h48m03s total]
  [triviaqa                 4/6] phrase_w32_t50 (3/6)  ex   78/100  KL=0.0123  mean=0.0426  0.09ex/s  eta=4m13s  [eta=4h47m52s total]
  [triviaqa                 4/6] phrase_w32_t50 (3/6)  ex   79/100  KL=0.0312  mean=0.0425  0.09ex/s  eta=4m01s  [eta=4h47m42s total]
  [triviaqa                 4/6] phrase_w32_t50 (3/6)  ex   80/100  KL=0.0255  mean=0.0422  0.09ex/s  eta=3m50s  [eta=4h47m31s total]
  [triviaqa                 4/6] phrase_w32_t50 (3/6)  ex   81/100  KL=0.0662  mean=0.0425  0.09ex/s  eta=3m39s  [eta=4h47m21s total]
  [triviaqa                 4/6] phrase_w32_t50 (3/6)  ex   82/100  KL=0.0332  mean=0.0424  0.09ex/s  eta=3m28s  [eta=4h47m10s total]
  [triviaqa                 4/6] phrase_w32_t50 (3/6)  ex   83/100  KL=0.0294  mean=0.0423  0.09ex/s  eta=3m16s  [eta=4h47m00s total]
  [triviaqa                 4/6] phrase_w32_t50 (3/6)  ex   84/100  KL=0.0163  mean=0.0420  0.09ex/s  eta=3m03s  [eta=4h46m43s total]
  [triviaqa                 4/6] phrase_w32_t50 (3/6)  ex   85/100  KL=0.0238  mean=0.0417  0.09ex/s  eta=2m51s  [eta=4h46m28s total]
  [triviaqa                 4/6] phrase_w32_t50 (3/6)  ex   86/100  KL=0.0149  mean=0.0414  0.09ex/s  eta=2m39s  [eta=4h46m17s total]
  [triviaqa                 4/6] phrase_w32_t50 (3/6)  ex   87/100  KL=0.0136  mean=0.0411  0.09ex/s  eta=2m27s  [eta=4h46m03s total]
  [triviaqa                 4/6] phrase_w32_t50 (3/6)  ex   88/100  KL=0.0778  mean=0.0415  0.09ex/s  eta=2m16s  [eta=4h45m52s total]
  [triviaqa                 4/6] phrase_w32_t50 (3/6)  ex   89/100  KL=0.0182  mean=0.0413  0.09ex/s  eta=2m05s  [eta=4h45m42s total]
  [triviaqa                 4/6] phrase_w32_t50 (3/6)  ex   90/100  KL=0.0153  mean=0.0410  0.09ex/s  eta=1m54s  [eta=4h45m31s total]
  [triviaqa                 4/6] phrase_w32_t50 (3/6)  ex   91/100  KL=0.0135  mean=0.0407  0.09ex/s  eta=1m42s  [eta=4h45m16s total]
  [triviaqa                 4/6] phrase_w32_t50 (3/6)  ex   92/100  KL=0.0283  mean=0.0405  0.09ex/s  eta=1m30s  [eta=4h45m06s total]
  [triviaqa                 4/6] phrase_w32_t50 (3/6)  ex   93/100  KL=0.0165  mean=0.0403  0.09ex/s  eta=1m19s  [eta=4h44m55s total]
  [triviaqa                 4/6] phrase_w32_t50 (3/6)  ex   94/100  KL=0.0318  mean=0.0402  0.09ex/s  eta=1m08s  [eta=4h44m44s total]
  [triviaqa                 4/6] phrase_w32_t50 (3/6)  ex   95/100  KL=0.0811  mean=0.0406  0.09ex/s  eta=57s  [eta=4h44m34s total]
  [triviaqa                 4/6] phrase_w32_t50 (3/6)  ex   96/100  KL=0.0611  mean=0.0408  0.09ex/s  eta=45s  [eta=4h44m23s total]
  [triviaqa                 4/6] phrase_w32_t50 (3/6)  ex   97/100  KL=0.0267  mean=0.0407  0.09ex/s  eta=34s  [eta=4h44m13s total]
  [triviaqa                 4/6] phrase_w32_t50 (3/6)  ex   98/100  KL=0.1022  mean=0.0413  0.09ex/s  eta=22s  [eta=4h44m02s total]
  [triviaqa                 4/6] phrase_w32_t50 (3/6)  ex   99/100  KL=0.0921  mean=0.0418  0.09ex/s  eta=11s  [eta=4h43m52s total]
  [triviaqa                 4/6] phrase_w32_t50 (3/6)  ex  100/100  KL=0.0316  mean=0.0417  0.09ex/s  eta=0s  [eta=4h43m41s total]
  >>> triviaqa / phrase_w32_t50:  n=100  mean_KL=0.0417  [19m06s]

  [triviaqa                 4/6] phrase_w64_t50 (4/6)  ex    1/100  KL=0.0023  mean=0.0023  0.11ex/s  eta=14m55s  [eta=4h43m29s total]
  [triviaqa                 4/6] phrase_w64_t50 (4/6)  ex    2/100  KL=0.0296  mean=0.0160  0.09ex/s  eta=17m25s  [eta=4h43m18s total]
  [triviaqa                 4/6] phrase_w64_t50 (4/6)  ex    3/100  KL=0.0109  mean=0.0143  0.09ex/s  eta=18m07s  [eta=4h43m07s total]
  [triviaqa                 4/6] phrase_w64_t50 (4/6)  ex    4/100  KL=0.0199  mean=0.0157  0.09ex/s  eta=18m24s  [eta=4h42m57s total]
  [triviaqa                 4/6] phrase_w64_t50 (4/6)  ex    5/100  KL=0.0484  mean=0.0222  0.09ex/s  eta=18m30s  [eta=4h42m46s total]
  [triviaqa                 4/6] phrase_w64_t50 (4/6)  ex    6/100  KL=0.0625  mean=0.0290  0.08ex/s  eta=18m34s  [eta=4h42m36s total]
  [triviaqa                 4/6] phrase_w64_t50 (4/6)  ex    7/100  KL=0.0429  mean=0.0309  0.08ex/s  eta=18m30s  [eta=4h42m25s total]
  [triviaqa                 4/6] phrase_w64_t50 (4/6)  ex    8/100  KL=0.0297  mean=0.0308  0.09ex/s  eta=16m59s  [eta=4h42m09s total]
  [triviaqa                 4/6] phrase_w64_t50 (4/6)  ex    9/100  KL=0.0679  mean=0.0349  0.09ex/s  eta=16m02s  [eta=4h41m54s total]
  [triviaqa                 4/6] phrase_w64_t50 (4/6)  ex   10/100  KL=0.0358  mean=0.0350  0.09ex/s  eta=16m09s  [eta=4h41m44s total]
  [triviaqa                 4/6] phrase_w64_t50 (4/6)  ex   11/100  KL=0.0402  mean=0.0355  0.09ex/s  eta=16m13s  [eta=4h41m34s total]
  [triviaqa                 4/6] phrase_w64_t50 (4/6)  ex   12/100  KL=0.0155  mean=0.0338  0.09ex/s  eta=16m14s  [eta=4h41m23s total]
  [triviaqa                 4/6] phrase_w64_t50 (4/6)  ex   13/100  KL=0.0214  mean=0.0329  0.09ex/s  eta=15m34s  [eta=4h41m08s total]
  [triviaqa                 4/6] phrase_w64_t50 (4/6)  ex   14/100  KL=0.0140  mean=0.0315  0.09ex/s  eta=15m33s  [eta=4h40m58s total]
  [triviaqa                 4/6] phrase_w64_t50 (4/6)  ex   15/100  KL=0.0611  mean=0.0335  0.09ex/s  eta=15m04s  [eta=4h40m44s total]
  [triviaqa                 4/6] phrase_w64_t50 (4/6)  ex   16/100  KL=0.0219  mean=0.0328  0.10ex/s  eta=14m43s  [eta=4h40m31s total]
  [triviaqa                 4/6] phrase_w64_t50 (4/6)  ex   17/100  KL=0.0234  mean=0.0322  0.09ex/s  eta=14m42s  [eta=4h40m20s total]
  [triviaqa                 4/6] phrase_w64_t50 (4/6)  ex   18/100  KL=0.0191  mean=0.0315  0.10ex/s  eta=13m59s  [eta=4h40m03s total]
  [triviaqa                 4/6] phrase_w64_t50 (4/6)  ex   19/100  KL=0.0162  mean=0.0307  0.10ex/s  eta=13m57s  [eta=4h39m52s total]
  [triviaqa                 4/6] phrase_w64_t50 (4/6)  ex   20/100  KL=0.0117  mean=0.0297  0.10ex/s  eta=13m55s  [eta=4h39m42s total]
  [triviaqa                 4/6] phrase_w64_t50 (4/6)  ex   21/100  KL=0.0156  mean=0.0291  0.09ex/s  eta=13m52s  [eta=4h39m31s total]
  [triviaqa                 4/6] phrase_w64_t50 (4/6)  ex   22/100  KL=0.0664  mean=0.0308  0.10ex/s  eta=13m32s  [eta=4h39m18s total]
  [triviaqa                 4/6] phrase_w64_t50 (4/6)  ex   23/100  KL=0.0338  mean=0.0309  0.10ex/s  eta=13m29s  [eta=4h39m07s total]
  [triviaqa                 4/6] phrase_w64_t50 (4/6)  ex   24/100  KL=0.1240  mean=0.0348  0.09ex/s  eta=13m24s  [eta=4h38m56s total]
  [triviaqa                 4/6] phrase_w64_t50 (4/6)  ex   25/100  KL=0.0424  mean=0.0351  0.09ex/s  eta=13m19s  [eta=4h38m46s total]
  [triviaqa                 4/6] phrase_w64_t50 (4/6)  ex   26/100  KL=0.0179  mean=0.0344  0.09ex/s  eta=13m14s  [eta=4h38m35s total]
  [triviaqa                 4/6] phrase_w64_t50 (4/6)  ex   27/100  KL=0.0333  mean=0.0344  0.09ex/s  eta=13m08s  [eta=4h38m25s total]
  [triviaqa                 4/6] phrase_w64_t50 (4/6)  ex   28/100  KL=0.0255  mean=0.0341  0.09ex/s  eta=12m54s  [eta=4h38m12s total]
  [triviaqa                 4/6] phrase_w64_t50 (4/6)  ex   29/100  KL=0.0187  mean=0.0335  0.09ex/s  eta=12m27s  [eta=4h37m56s total]
  [triviaqa                 4/6] phrase_w64_t50 (4/6)  ex   30/100  KL=0.0462  mean=0.0340  0.09ex/s  eta=12m20s  [eta=4h37m45s total]
  [triviaqa                 4/6] phrase_w64_t50 (4/6)  ex   31/100  KL=0.0236  mean=0.0336  0.09ex/s  eta=12m14s  [eta=4h37m35s total]
  [triviaqa                 4/6] phrase_w64_t50 (4/6)  ex   32/100  KL=0.0425  mean=0.0339  0.10ex/s  eta=11m50s  [eta=4h37m19s total]
  [triviaqa                 4/6] phrase_w64_t50 (4/6)  ex   33/100  KL=0.0178  mean=0.0334  0.10ex/s  eta=11m44s  [eta=4h37m08s total]
  [triviaqa                 4/6] phrase_w64_t50 (4/6)  ex   34/100  KL=0.1007  mean=0.0354  0.09ex/s  eta=11m37s  [eta=4h36m57s total]
  [triviaqa                 4/6] phrase_w64_t50 (4/6)  ex   35/100  KL=0.0415  mean=0.0356  0.09ex/s  eta=11m30s  [eta=4h36m47s total]
  [triviaqa                 4/6] phrase_w64_t50 (4/6)  ex   36/100  KL=0.2665  mean=0.0420  0.09ex/s  eta=11m23s  [eta=4h36m36s total]
  [triviaqa                 4/6] phrase_w64_t50 (4/6)  ex   37/100  KL=0.0333  mean=0.0417  0.10ex/s  eta=10m58s  [eta=4h36m19s total]
  [triviaqa                 4/6] phrase_w64_t50 (4/6)  ex   38/100  KL=0.0214  mean=0.0412  0.10ex/s  eta=10m50s  [eta=4h36m08s total]
  [triviaqa                 4/6] phrase_w64_t50 (4/6)  ex   39/100  KL=0.0560  mean=0.0416  0.09ex/s  eta=10m43s  [eta=4h35m58s total]
  [triviaqa                 4/6] phrase_w64_t50 (4/6)  ex   40/100  KL=0.0403  mean=0.0416  0.09ex/s  eta=10m35s  [eta=4h35m47s total]
  [triviaqa                 4/6] phrase_w64_t50 (4/6)  ex   41/100  KL=0.0433  mean=0.0416  0.09ex/s  eta=10m27s  [eta=4h35m37s total]
  [triviaqa                 4/6] phrase_w64_t50 (4/6)  ex   42/100  KL=0.0499  mean=0.0418  0.09ex/s  eta=10m19s  [eta=4h35m26s total]
  [triviaqa                 4/6] phrase_w64_t50 (4/6)  ex   43/100  KL=0.0146  mean=0.0412  0.09ex/s  eta=10m01s  [eta=4h35m10s total]
  [triviaqa                 4/6] phrase_w64_t50 (4/6)  ex   44/100  KL=0.0170  mean=0.0406  0.09ex/s  eta=9m52s  [eta=4h34m59s total]
  [triviaqa                 4/6] phrase_w64_t50 (4/6)  ex   45/100  KL=0.0311  mean=0.0404  0.09ex/s  eta=9m44s  [eta=4h34m49s total]
  [triviaqa                 4/6] phrase_w64_t50 (4/6)  ex   46/100  KL=0.0149  mean=0.0398  0.09ex/s  eta=9m35s  [eta=4h34m38s total]
  [triviaqa                 4/6] phrase_w64_t50 (4/6)  ex   47/100  KL=0.1767  mean=0.0428  0.09ex/s  eta=9m26s  [eta=4h34m27s total]
  [triviaqa                 4/6] phrase_w64_t50 (4/6)  ex   48/100  KL=0.0117  mean=0.0421  0.09ex/s  eta=9m18s  [eta=4h34m17s total]
  [triviaqa                 4/6] phrase_w64_t50 (4/6)  ex   49/100  KL=0.0228  mean=0.0417  0.09ex/s  eta=9m09s  [eta=4h34m06s total]
  [triviaqa                 4/6] phrase_w64_t50 (4/6)  ex   50/100  KL=0.0195  mean=0.0413  0.09ex/s  eta=9m00s  [eta=4h33m56s total]
  [triviaqa                 4/6] phrase_w64_t50 (4/6)  ex   51/100  KL=0.0175  mean=0.0408  0.09ex/s  eta=8m50s  [eta=4h33m45s total]
  [triviaqa                 4/6] phrase_w64_t50 (4/6)  ex   52/100  KL=0.0117  mean=0.0403  0.09ex/s  eta=8m41s  [eta=4h33m35s total]
  [triviaqa                 4/6] phrase_w64_t50 (4/6)  ex   53/100  KL=0.0428  mean=0.0403  0.09ex/s  eta=8m31s  [eta=4h33m24s total]
  [triviaqa                 4/6] phrase_w64_t50 (4/6)  ex   54/100  KL=0.0258  mean=0.0400  0.09ex/s  eta=8m21s  [eta=4h33m13s total]
  [triviaqa                 4/6] phrase_w64_t50 (4/6)  ex   55/100  KL=0.0047  mean=0.0394  0.09ex/s  eta=8m04s  [eta=4h32m56s total]
  [triviaqa                 4/6] phrase_w64_t50 (4/6)  ex   56/100  KL=0.0181  mean=0.0390  0.09ex/s  eta=7m55s  [eta=4h32m45s total]
  [triviaqa                 4/6] phrase_w64_t50 (4/6)  ex   57/100  KL=0.0232  mean=0.0387  0.09ex/s  eta=7m45s  [eta=4h32m35s total]
  [triviaqa                 4/6] phrase_w64_t50 (4/6)  ex   58/100  KL=0.0155  mean=0.0383  0.09ex/s  eta=7m36s  [eta=4h32m24s total]
  [triviaqa                 4/6] phrase_w64_t50 (4/6)  ex   59/100  KL=0.0160  mean=0.0380  0.09ex/s  eta=7m26s  [eta=4h32m14s total]
  [triviaqa                 4/6] phrase_w64_t50 (4/6)  ex   60/100  KL=0.0681  mean=0.0385  0.09ex/s  eta=7m16s  [eta=4h32m03s total]
  [triviaqa                 4/6] phrase_w64_t50 (4/6)  ex   61/100  KL=0.0046  mean=0.0379  0.09ex/s  eta=7m06s  [eta=4h31m52s total]
  [triviaqa                 4/6] phrase_w64_t50 (4/6)  ex   62/100  KL=0.0162  mean=0.0375  0.09ex/s  eta=6m56s  [eta=4h31m42s total]
  [triviaqa                 4/6] phrase_w64_t50 (4/6)  ex   63/100  KL=0.0210  mean=0.0373  0.09ex/s  eta=6m46s  [eta=4h31m32s total]
  [triviaqa                 4/6] phrase_w64_t50 (4/6)  ex   64/100  KL=0.0162  mean=0.0370  0.09ex/s  eta=6m36s  [eta=4h31m21s total]
  [triviaqa                 4/6] phrase_w64_t50 (4/6)  ex   65/100  KL=0.0089  mean=0.0365  0.09ex/s  eta=6m26s  [eta=4h31m10s total]
  [triviaqa                 4/6] phrase_w64_t50 (4/6)  ex   66/100  KL=0.0247  mean=0.0363  0.09ex/s  eta=6m11s  [eta=4h30m54s total]
  [triviaqa                 4/6] phrase_w64_t50 (4/6)  ex   67/100  KL=0.0168  mean=0.0361  0.09ex/s  eta=6m00s  [eta=4h30m43s total]
  [triviaqa                 4/6] phrase_w64_t50 (4/6)  ex   68/100  KL=0.0176  mean=0.0358  0.09ex/s  eta=5m50s  [eta=4h30m32s total]
  [triviaqa                 4/6] phrase_w64_t50 (4/6)  ex   69/100  KL=0.0417  mean=0.0359  0.09ex/s  eta=5m40s  [eta=4h30m21s total]
  [triviaqa                 4/6] phrase_w64_t50 (4/6)  ex   70/100  KL=0.0302  mean=0.0358  0.09ex/s  eta=5m29s  [eta=4h30m11s total]
  [triviaqa                 4/6] phrase_w64_t50 (4/6)  ex   71/100  KL=0.0423  mean=0.0359  0.09ex/s  eta=5m19s  [eta=4h30m00s total]
  [triviaqa                 4/6] phrase_w64_t50 (4/6)  ex   72/100  KL=0.0596  mean=0.0362  0.09ex/s  eta=5m05s  [eta=4h29m43s total]
  [triviaqa                 4/6] phrase_w64_t50 (4/6)  ex   73/100  KL=0.0918  mean=0.0370  0.09ex/s  eta=4m52s  [eta=4h29m28s total]
  [triviaqa                 4/6] phrase_w64_t50 (4/6)  ex   74/100  KL=0.0588  mean=0.0373  0.09ex/s  eta=4m41s  [eta=4h29m17s total]
  [triviaqa                 4/6] phrase_w64_t50 (4/6)  ex   75/100  KL=0.0317  mean=0.0372  0.09ex/s  eta=4m31s  [eta=4h29m07s total]
  [triviaqa                 4/6] phrase_w64_t50 (4/6)  ex   76/100  KL=0.0175  mean=0.0369  0.09ex/s  eta=4m21s  [eta=4h28m56s total]
  [triviaqa                 4/6] phrase_w64_t50 (4/6)  ex   77/100  KL=0.0360  mean=0.0369  0.09ex/s  eta=4m10s  [eta=4h28m45s total]
  [triviaqa                 4/6] phrase_w64_t50 (4/6)  ex   78/100  KL=0.0123  mean=0.0366  0.09ex/s  eta=4m00s  [eta=4h28m35s total]
  [triviaqa                 4/6] phrase_w64_t50 (4/6)  ex   79/100  KL=0.0561  mean=0.0368  0.09ex/s  eta=3m49s  [eta=4h28m24s total]
  [triviaqa                 4/6] phrase_w64_t50 (4/6)  ex   80/100  KL=0.0255  mean=0.0367  0.09ex/s  eta=3m39s  [eta=4h28m14s total]
  [triviaqa                 4/6] phrase_w64_t50 (4/6)  ex   81/100  KL=0.0573  mean=0.0370  0.09ex/s  eta=3m28s  [eta=4h28m03s total]
  [triviaqa                 4/6] phrase_w64_t50 (4/6)  ex   82/100  KL=0.0332  mean=0.0369  0.09ex/s  eta=3m18s  [eta=4h27m53s total]
  [triviaqa                 4/6] phrase_w64_t50 (4/6)  ex   83/100  KL=0.0294  mean=0.0368  0.09ex/s  eta=3m07s  [eta=4h27m42s total]
  [triviaqa                 4/6] phrase_w64_t50 (4/6)  ex   84/100  KL=0.0392  mean=0.0369  0.09ex/s  eta=2m55s  [eta=4h27m26s total]
  [triviaqa                 4/6] phrase_w64_t50 (4/6)  ex   85/100  KL=0.0086  mean=0.0365  0.09ex/s  eta=2m43s  [eta=4h27m12s total]
  [triviaqa                 4/6] phrase_w64_t50 (4/6)  ex   86/100  KL=0.0149  mean=0.0363  0.09ex/s  eta=2m32s  [eta=4h27m01s total]
  [triviaqa                 4/6] phrase_w64_t50 (4/6)  ex   87/100  KL=0.0055  mean=0.0359  0.09ex/s  eta=2m21s  [eta=4h26m46s total]
  [triviaqa                 4/6] phrase_w64_t50 (4/6)  ex   88/100  KL=0.0391  mean=0.0360  0.09ex/s  eta=2m10s  [eta=4h26m36s total]
  [triviaqa                 4/6] phrase_w64_t50 (4/6)  ex   89/100  KL=0.0205  mean=0.0358  0.09ex/s  eta=1m59s  [eta=4h26m25s total]
  [triviaqa                 4/6] phrase_w64_t50 (4/6)  ex   90/100  KL=0.0153  mean=0.0355  0.09ex/s  eta=1m49s  [eta=4h26m15s total]
  [triviaqa                 4/6] phrase_w64_t50 (4/6)  ex   91/100  KL=0.0136  mean=0.0353  0.09ex/s  eta=1m37s  [eta=4h26m00s total]
  [triviaqa                 4/6] phrase_w64_t50 (4/6)  ex   92/100  KL=0.0424  mean=0.0354  0.09ex/s  eta=1m26s  [eta=4h25m49s total]
  [triviaqa                 4/6] phrase_w64_t50 (4/6)  ex   93/100  KL=0.0165  mean=0.0352  0.09ex/s  eta=1m16s  [eta=4h25m39s total]
  [triviaqa                 4/6] phrase_w64_t50 (4/6)  ex   94/100  KL=0.0334  mean=0.0352  0.09ex/s  eta=1m05s  [eta=4h25m29s total]
  [triviaqa                 4/6] phrase_w64_t50 (4/6)  ex   95/100  KL=0.0811  mean=0.0356  0.09ex/s  eta=54s  [eta=4h25m19s total]
  [triviaqa                 4/6] phrase_w64_t50 (4/6)  ex   96/100  KL=0.0611  mean=0.0359  0.09ex/s  eta=43s  [eta=4h25m09s total]
  [triviaqa                 4/6] phrase_w64_t50 (4/6)  ex   97/100  KL=0.0267  mean=0.0358  0.09ex/s  eta=32s  [eta=4h24m59s total]
  [triviaqa                 4/6] phrase_w64_t50 (4/6)  ex   98/100  KL=0.0401  mean=0.0359  0.09ex/s  eta=22s  [eta=4h24m49s total]
  [triviaqa                 4/6] phrase_w64_t50 (4/6)  ex   99/100  KL=0.0921  mean=0.0364  0.09ex/s  eta=11s  [eta=4h24m39s total]
  [triviaqa                 4/6] phrase_w64_t50 (4/6)  ex  100/100  KL=0.0322  mean=0.0364  0.09ex/s  eta=0s  [eta=4h24m29s total]
  >>> triviaqa / phrase_w64_t50:  n=100  mean_KL=0.0364  [18m27s]

  [triviaqa                 4/6] naive_65pct    (5/6)  ex    1/100  KL=0.0041  mean=0.0041  0.10ex/s  eta=16m04s  [eta=4h24m17s total]
  [triviaqa                 4/6] naive_65pct    (5/6)  ex    2/100  KL=0.0296  mean=0.0168  0.09ex/s  eta=19m02s  [eta=4h24m07s total]
  [triviaqa                 4/6] naive_65pct    (5/6)  ex    3/100  KL=0.0109  mean=0.0149  0.08ex/s  eta=19m57s  [eta=4h23m57s total]
  [triviaqa                 4/6] naive_65pct    (5/6)  ex    4/100  KL=0.0199  mean=0.0161  0.08ex/s  eta=20m11s  [eta=4h23m47s total]
  [triviaqa                 4/6] naive_65pct    (5/6)  ex    5/100  KL=0.0374  mean=0.0204  0.08ex/s  eta=20m20s  [eta=4h23m37s total]
  [triviaqa                 4/6] naive_65pct    (5/6)  ex    6/100  KL=0.0564  mean=0.0264  0.08ex/s  eta=20m17s  [eta=4h23m27s total]
  [triviaqa                 4/6] naive_65pct    (5/6)  ex    7/100  KL=0.0139  mean=0.0246  0.08ex/s  eta=20m13s  [eta=4h23m18s total]
  [triviaqa                 4/6] naive_65pct    (5/6)  ex    8/100  KL=0.0322  mean=0.0256  0.08ex/s  eta=18m34s  [eta=4h23m03s total]
  [triviaqa                 4/6] naive_65pct    (5/6)  ex    9/100  KL=0.0119  mean=0.0240  0.09ex/s  eta=17m31s  [eta=4h22m49s total]
  [triviaqa                 4/6] naive_65pct    (5/6)  ex   10/100  KL=0.0186  mean=0.0235  0.08ex/s  eta=17m41s  [eta=4h22m39s total]
  [triviaqa                 4/6] naive_65pct    (5/6)  ex   11/100  KL=0.0402  mean=0.0250  0.08ex/s  eta=17m43s  [eta=4h22m29s total]
  [triviaqa                 4/6] naive_65pct    (5/6)  ex   12/100  KL=0.0135  mean=0.0241  0.08ex/s  eta=17m42s  [eta=4h22m19s total]
  [triviaqa                 4/6] naive_65pct    (5/6)  ex   13/100  KL=0.0141  mean=0.0233  0.09ex/s  eta=16m57s  [eta=4h22m05s total]
  [triviaqa                 4/6] naive_65pct    (5/6)  ex   14/100  KL=0.0140  mean=0.0226  0.08ex/s  eta=16m57s  [eta=4h21m55s total]
  [triviaqa                 4/6] naive_65pct    (5/6)  ex   15/100  KL=0.0268  mean=0.0229  0.09ex/s  eta=16m24s  [eta=4h21m42s total]
  [triviaqa                 4/6] naive_65pct    (5/6)  ex   16/100  KL=0.0274  mean=0.0232  0.09ex/s  eta=16m02s  [eta=4h21m29s total]
  [triviaqa                 4/6] naive_65pct    (5/6)  ex   17/100  KL=0.0234  mean=0.0232  0.09ex/s  eta=16m01s  [eta=4h21m19s total]
  [triviaqa                 4/6] naive_65pct    (5/6)  ex   18/100  KL=0.0411  mean=0.0242  0.09ex/s  eta=15m11s  [eta=4h21m03s total]
  [triviaqa                 4/6] naive_65pct    (5/6)  ex   19/100  KL=0.0162  mean=0.0238  0.09ex/s  eta=15m11s  [eta=4h20m53s total]
  [triviaqa                 4/6] naive_65pct    (5/6)  ex   20/100  KL=0.0117  mean=0.0232  0.09ex/s  eta=15m11s  [eta=4h20m43s total]
  [triviaqa                 4/6] naive_65pct    (5/6)  ex   21/100  KL=0.0156  mean=0.0228  0.09ex/s  eta=15m07s  [eta=4h20m33s total]
  [triviaqa                 4/6] naive_65pct    (5/6)  ex   22/100  KL=0.0152  mean=0.0225  0.09ex/s  eta=14m45s  [eta=4h20m20s total]
  [triviaqa                 4/6] naive_65pct    (5/6)  ex   23/100  KL=0.0166  mean=0.0222  0.09ex/s  eta=14m41s  [eta=4h20m10s total]
  [triviaqa                 4/6] naive_65pct    (5/6)  ex   24/100  KL=0.1215  mean=0.0263  0.09ex/s  eta=14m37s  [eta=4h20m00s total]
  [triviaqa                 4/6] naive_65pct    (5/6)  ex   25/100  KL=0.0424  mean=0.0270  0.09ex/s  eta=14m31s  [eta=4h19m50s total]
  [triviaqa                 4/6] naive_65pct    (5/6)  ex   26/100  KL=0.0179  mean=0.0266  0.09ex/s  eta=14m25s  [eta=4h19m40s total]
  [triviaqa                 4/6] naive_65pct    (5/6)  ex   27/100  KL=0.0333  mean=0.0269  0.08ex/s  eta=14m19s  [eta=4h19m30s total]
  [triviaqa                 4/6] naive_65pct    (5/6)  ex   28/100  KL=0.0337  mean=0.0271  0.09ex/s  eta=14m02s  [eta=4h19m18s total]
  [triviaqa                 4/6] naive_65pct    (5/6)  ex   29/100  KL=0.0146  mean=0.0267  0.09ex/s  eta=13m33s  [eta=4h19m03s total]
  [triviaqa                 4/6] naive_65pct    (5/6)  ex   30/100  KL=0.0462  mean=0.0273  0.09ex/s  eta=13m27s  [eta=4h18m53s total]
  [triviaqa                 4/6] naive_65pct    (5/6)  ex   31/100  KL=0.0192  mean=0.0271  0.09ex/s  eta=13m20s  [eta=4h18m43s total]
  [triviaqa                 4/6] naive_65pct    (5/6)  ex   32/100  KL=0.0132  mean=0.0267  0.09ex/s  eta=12m54s  [eta=4h18m28s total]
  [triviaqa                 4/6] naive_65pct    (5/6)  ex   33/100  KL=0.0178  mean=0.0264  0.09ex/s  eta=12m46s  [eta=4h18m17s total]
  [triviaqa                 4/6] naive_65pct    (5/6)  ex   34/100  KL=0.0861  mean=0.0281  0.09ex/s  eta=12m40s  [eta=4h18m08s total]
  [triviaqa                 4/6] naive_65pct    (5/6)  ex   35/100  KL=0.0415  mean=0.0285  0.09ex/s  eta=12m32s  [eta=4h17m58s total]
  [triviaqa                 4/6] naive_65pct    (5/6)  ex   36/100  KL=0.2665  mean=0.0351  0.09ex/s  eta=12m24s  [eta=4h17m48s total]
  [triviaqa                 4/6] naive_65pct    (5/6)  ex   37/100  KL=0.0037  mean=0.0343  0.09ex/s  eta=11m57s  [eta=4h17m31s total]
  [triviaqa                 4/6] naive_65pct    (5/6)  ex   38/100  KL=0.0214  mean=0.0339  0.09ex/s  eta=11m48s  [eta=4h17m21s total]
  [triviaqa                 4/6] naive_65pct    (5/6)  ex   39/100  KL=0.0560  mean=0.0345  0.09ex/s  eta=11m41s  [eta=4h17m11s total]
  [triviaqa                 4/6] naive_65pct    (5/6)  ex   40/100  KL=0.0449  mean=0.0348  0.09ex/s  eta=11m32s  [eta=4h17m01s total]
  [triviaqa                 4/6] naive_65pct    (5/6)  ex   41/100  KL=0.0265  mean=0.0346  0.09ex/s  eta=11m24s  [eta=4h16m51s total]
  [triviaqa                 4/6] naive_65pct    (5/6)  ex   42/100  KL=0.0190  mean=0.0342  0.09ex/s  eta=11m15s  [eta=4h16m41s total]
  [triviaqa                 4/6] naive_65pct    (5/6)  ex   43/100  KL=0.0107  mean=0.0337  0.09ex/s  eta=10m56s  [eta=4h16m26s total]
  [triviaqa                 4/6] naive_65pct    (5/6)  ex   44/100  KL=0.0221  mean=0.0334  0.09ex/s  eta=10m46s  [eta=4h16m16s total]
  [triviaqa                 4/6] naive_65pct    (5/6)  ex   45/100  KL=0.0311  mean=0.0333  0.09ex/s  eta=10m37s  [eta=4h16m06s total]
  [triviaqa                 4/6] naive_65pct    (5/6)  ex   46/100  KL=0.0166  mean=0.0330  0.09ex/s  eta=10m28s  [eta=4h15m56s total]
  [triviaqa                 4/6] naive_65pct    (5/6)  ex   47/100  KL=0.0454  mean=0.0332  0.09ex/s  eta=10m18s  [eta=4h15m46s total]
  [triviaqa                 4/6] naive_65pct    (5/6)  ex   48/100  KL=0.0117  mean=0.0328  0.09ex/s  eta=10m09s  [eta=4h15m36s total]
  [triviaqa                 4/6] naive_65pct    (5/6)  ex   49/100  KL=0.0228  mean=0.0326  0.09ex/s  eta=9m59s  [eta=4h15m26s total]
  [triviaqa                 4/6] naive_65pct    (5/6)  ex   50/100  KL=0.0259  mean=0.0325  0.08ex/s  eta=9m49s  [eta=4h15m16s total]
  [triviaqa                 4/6] naive_65pct    (5/6)  ex   51/100  KL=0.0211  mean=0.0322  0.08ex/s  eta=9m39s  [eta=4h15m06s total]
  [triviaqa                 4/6] naive_65pct    (5/6)  ex   52/100  KL=0.0172  mean=0.0319  0.08ex/s  eta=9m29s  [eta=4h14m56s total]
  [triviaqa                 4/6] naive_65pct    (5/6)  ex   53/100  KL=0.0539  mean=0.0324  0.08ex/s  eta=9m19s  [eta=4h14m46s total]
  [triviaqa                 4/6] naive_65pct    (5/6)  ex   54/100  KL=0.0258  mean=0.0322  0.08ex/s  eta=9m08s  [eta=4h14m36s total]
  [triviaqa                 4/6] naive_65pct    (5/6)  ex   55/100  KL=0.0584  mean=0.0327  0.08ex/s  eta=8m49s  [eta=4h14m20s total]
  [triviaqa                 4/6] naive_65pct    (5/6)  ex   56/100  KL=0.0181  mean=0.0324  0.08ex/s  eta=8m39s  [eta=4h14m10s total]
  [triviaqa                 4/6] naive_65pct    (5/6)  ex   57/100  KL=0.0236  mean=0.0323  0.08ex/s  eta=8m29s  [eta=4h14m00s total]
  [triviaqa                 4/6] naive_65pct    (5/6)  ex   58/100  KL=0.0155  mean=0.0320  0.08ex/s  eta=8m18s  [eta=4h13m50s total]
  [triviaqa                 4/6] naive_65pct    (5/6)  ex   59/100  KL=0.0160  mean=0.0317  0.08ex/s  eta=8m07s  [eta=4h13m40s total]
  [triviaqa                 4/6] naive_65pct    (5/6)  ex   60/100  KL=0.0681  mean=0.0323  0.08ex/s  eta=7m57s  [eta=4h13m30s total]
  [triviaqa                 4/6] naive_65pct    (5/6)  ex   61/100  KL=0.0216  mean=0.0322  0.08ex/s  eta=7m46s  [eta=4h13m20s total]
  [triviaqa                 4/6] naive_65pct    (5/6)  ex   62/100  KL=0.0157  mean=0.0319  0.08ex/s  eta=7m35s  [eta=4h13m10s total]
  [triviaqa                 4/6] naive_65pct    (5/6)  ex   63/100  KL=0.0210  mean=0.0317  0.08ex/s  eta=7m24s  [eta=4h13m00s total]
  [triviaqa                 4/6] naive_65pct    (5/6)  ex   64/100  KL=0.0162  mean=0.0315  0.08ex/s  eta=7m13s  [eta=4h12m51s total]
  [triviaqa                 4/6] naive_65pct    (5/6)  ex   65/100  KL=0.0128  mean=0.0312  0.08ex/s  eta=7m02s  [eta=4h12m41s total]
  [triviaqa                 4/6] naive_65pct    (5/6)  ex   66/100  KL=0.0031  mean=0.0308  0.08ex/s  eta=6m45s  [eta=4h12m24s total]
  [triviaqa                 4/6] naive_65pct    (5/6)  ex   67/100  KL=0.0314  mean=0.0308  0.08ex/s  eta=6m34s  [eta=4h12m14s total]
  [triviaqa                 4/6] naive_65pct    (5/6)  ex   68/100  KL=0.0233  mean=0.0307  0.08ex/s  eta=6m23s  [eta=4h12m04s total]
  [triviaqa                 4/6] naive_65pct    (5/6)  ex   69/100  KL=0.0252  mean=0.0306  0.08ex/s  eta=6m12s  [eta=4h11m54s total]
  [triviaqa                 4/6] naive_65pct    (5/6)  ex   70/100  KL=0.0302  mean=0.0306  0.08ex/s  eta=6m00s  [eta=4h11m44s total]
  [triviaqa                 4/6] naive_65pct    (5/6)  ex   71/100  KL=0.0327  mean=0.0306  0.08ex/s  eta=5m49s  [eta=4h11m34s total]
  [triviaqa                 4/6] naive_65pct    (5/6)  ex   72/100  KL=0.0121  mean=0.0304  0.08ex/s  eta=5m33s  [eta=4h11m18s total]
  [triviaqa                 4/6] naive_65pct    (5/6)  ex   73/100  KL=0.0102  mean=0.0301  0.08ex/s  eta=5m19s  [eta=4h11m03s total]
  [triviaqa                 4/6] naive_65pct    (5/6)  ex   74/100  KL=0.0588  mean=0.0305  0.08ex/s  eta=5m08s  [eta=4h10m53s total]
  [triviaqa                 4/6] naive_65pct    (5/6)  ex   75/100  KL=0.0317  mean=0.0305  0.08ex/s  eta=4m56s  [eta=4h10m43s total]
  [triviaqa                 4/6] naive_65pct    (5/6)  ex   76/100  KL=0.0175  mean=0.0303  0.08ex/s  eta=4m45s  [eta=4h10m33s total]
  [triviaqa                 4/6] naive_65pct    (5/6)  ex   77/100  KL=0.0630  mean=0.0307  0.08ex/s  eta=4m34s  [eta=4h10m23s total]
  [triviaqa                 4/6] naive_65pct    (5/6)  ex   78/100  KL=0.0123  mean=0.0305  0.08ex/s  eta=4m22s  [eta=4h10m13s total]
  [triviaqa                 4/6] naive_65pct    (5/6)  ex   79/100  KL=0.1172  mean=0.0316  0.08ex/s  eta=4m11s  [eta=4h10m03s total]
  [triviaqa                 4/6] naive_65pct    (5/6)  ex   80/100  KL=0.0255  mean=0.0315  0.08ex/s  eta=3m59s  [eta=4h09m53s total]
  [triviaqa                 4/6] naive_65pct    (5/6)  ex   81/100  KL=0.0349  mean=0.0316  0.08ex/s  eta=3m48s  [eta=4h09m43s total]
  [triviaqa                 4/6] naive_65pct    (5/6)  ex   82/100  KL=0.0332  mean=0.0316  0.08ex/s  eta=3m36s  [eta=4h09m33s total]
  [triviaqa                 4/6] naive_65pct    (5/6)  ex   83/100  KL=0.0294  mean=0.0316  0.08ex/s  eta=3m24s  [eta=4h09m23s total]
  [triviaqa                 4/6] naive_65pct    (5/6)  ex   84/100  KL=0.0859  mean=0.0322  0.08ex/s  eta=3m11s  [eta=4h09m08s total]
  [triviaqa                 4/6] naive_65pct    (5/6)  ex   85/100  KL=0.0149  mean=0.0320  0.08ex/s  eta=2m58s  [eta=4h08m54s total]
  [triviaqa                 4/6] naive_65pct    (5/6)  ex   86/100  KL=0.0149  mean=0.0318  0.08ex/s  eta=2m46s  [eta=4h08m44s total]
  [triviaqa                 4/6] naive_65pct    (5/6)  ex   87/100  KL=0.0077  mean=0.0315  0.08ex/s  eta=2m34s  [eta=4h08m30s total]
  [triviaqa                 4/6] naive_65pct    (5/6)  ex   88/100  KL=0.0206  mean=0.0314  0.08ex/s  eta=2m22s  [eta=4h08m20s total]
  [triviaqa                 4/6] naive_65pct    (5/6)  ex   89/100  KL=0.0274  mean=0.0314  0.08ex/s  eta=2m11s  [eta=4h08m10s total]
  [triviaqa                 4/6] naive_65pct    (5/6)  ex   90/100  KL=0.0153  mean=0.0312  0.08ex/s  eta=1m59s  [eta=4h08m00s total]
  [triviaqa                 4/6] naive_65pct    (5/6)  ex   91/100  KL=0.0704  mean=0.0316  0.08ex/s  eta=1m46s  [eta=4h07m46s total]
  [triviaqa                 4/6] naive_65pct    (5/6)  ex   92/100  KL=0.0216  mean=0.0315  0.08ex/s  eta=1m35s  [eta=4h07m36s total]
  [triviaqa                 4/6] naive_65pct    (5/6)  ex   93/100  KL=0.0165  mean=0.0313  0.08ex/s  eta=1m23s  [eta=4h07m26s total]
  [triviaqa                 4/6] naive_65pct    (5/6)  ex   94/100  KL=0.0292  mean=0.0313  0.08ex/s  eta=1m11s  [eta=4h07m16s total]
  [triviaqa                 4/6] naive_65pct    (5/6)  ex   95/100  KL=0.0811  mean=0.0318  0.08ex/s  eta=59s  [eta=4h07m06s total]
  [triviaqa                 4/6] naive_65pct    (5/6)  ex   96/100  KL=0.0611  mean=0.0321  0.08ex/s  eta=47s  [eta=4h06m56s total]
  [triviaqa                 4/6] naive_65pct    (5/6)  ex   97/100  KL=0.0267  mean=0.0321  0.08ex/s  eta=35s  [eta=4h06m46s total]
  [triviaqa                 4/6] naive_65pct    (5/6)  ex   98/100  KL=0.0109  mean=0.0319  0.08ex/s  eta=24s  [eta=4h06m36s total]
  [triviaqa                 4/6] naive_65pct    (5/6)  ex   99/100  KL=0.0921  mean=0.0325  0.08ex/s  eta=12s  [eta=4h06m26s total]
  [triviaqa                 4/6] naive_65pct    (5/6)  ex  100/100  KL=0.0322  mean=0.0325  0.08ex/s  eta=0s  [eta=4h06m16s total]
  >>> triviaqa / naive_65pct:  n=100  mean_KL=0.0325  [20m03s]

  [triviaqa                 4/6] snapkv         (6/6)  ex    1/100  KL=0.0652  mean=0.0652  0.11ex/s  eta=14m47s  [eta=4h06m03s total]
  [triviaqa                 4/6] snapkv         (6/6)  ex    2/100  KL=0.1140  mean=0.0896  0.10ex/s  eta=17m05s  [eta=4h05m52s total]
  [triviaqa                 4/6] snapkv         (6/6)  ex    3/100  KL=0.0182  mean=0.0658  0.09ex/s  eta=17m40s  [eta=4h05m41s total]
  [triviaqa                 4/6] snapkv         (6/6)  ex    4/100  KL=0.0553  mean=0.0632  0.09ex/s  eta=17m58s  [eta=4h05m30s total]
  [triviaqa                 4/6] snapkv         (6/6)  ex    5/100  KL=0.2386  mean=0.0983  0.09ex/s  eta=18m01s  [eta=4h05m19s total]
  [triviaqa                 4/6] snapkv         (6/6)  ex    6/100  KL=0.0779  mean=0.0949  0.09ex/s  eta=18m01s  [eta=4h05m08s total]
  [triviaqa                 4/6] snapkv         (6/6)  ex    7/100  KL=0.1514  mean=0.1030  0.09ex/s  eta=17m57s  [eta=4h04m57s total]
  [triviaqa                 4/6] snapkv         (6/6)  ex    8/100  KL=0.0637  mean=0.0980  0.09ex/s  eta=16m36s  [eta=4h04m42s total]
  [triviaqa                 4/6] snapkv         (6/6)  ex    9/100  KL=0.0804  mean=0.0961  0.10ex/s  eta=15m45s  [eta=4h04m28s total]
  [triviaqa                 4/6] snapkv         (6/6)  ex   10/100  KL=0.0639  mean=0.0929  0.09ex/s  eta=15m49s  [eta=4h04m17s total]
  [triviaqa                 4/6] snapkv         (6/6)  ex   11/100  KL=0.1318  mean=0.0964  0.09ex/s  eta=15m51s  [eta=4h04m06s total]
  [triviaqa                 4/6] snapkv         (6/6)  ex   12/100  KL=0.0670  mean=0.0939  0.09ex/s  eta=15m50s  [eta=4h03m55s total]
  [triviaqa                 4/6] snapkv         (6/6)  ex   13/100  KL=0.1004  mean=0.0944  0.10ex/s  eta=15m12s  [eta=4h03m41s total]
  [triviaqa                 4/6] snapkv         (6/6)  ex   14/100  KL=0.0553  mean=0.0916  0.09ex/s  eta=15m11s  [eta=4h03m30s total]
  [triviaqa                 4/6] snapkv         (6/6)  ex   15/100  KL=0.0808  mean=0.0909  0.10ex/s  eta=14m44s  [eta=4h03m17s total]
  [triviaqa                 4/6] snapkv         (6/6)  ex   16/100  KL=0.0919  mean=0.0910  0.10ex/s  eta=14m23s  [eta=4h03m04s total]
  [triviaqa                 4/6] snapkv         (6/6)  ex   17/100  KL=0.1181  mean=0.0926  0.10ex/s  eta=14m21s  [eta=4h02m53s total]
  [triviaqa                 4/6] snapkv         (6/6)  ex   18/100  KL=0.0877  mean=0.0923  0.10ex/s  eta=13m39s  [eta=4h02m37s total]
  [triviaqa                 4/6] snapkv         (6/6)  ex   19/100  KL=0.0921  mean=0.0923  0.10ex/s  eta=13m38s  [eta=4h02m26s total]
  [triviaqa                 4/6] snapkv         (6/6)  ex   20/100  KL=0.0577  mean=0.0906  0.10ex/s  eta=13m36s  [eta=4h02m15s total]
  [triviaqa                 4/6] snapkv         (6/6)  ex   21/100  KL=0.0775  mean=0.0899  0.10ex/s  eta=13m32s  [eta=4h02m04s total]
  [triviaqa                 4/6] snapkv         (6/6)  ex   22/100  KL=0.1518  mean=0.0928  0.10ex/s  eta=13m14s  [eta=4h01m51s total]
  [triviaqa                 4/6] snapkv         (6/6)  ex   23/100  KL=0.0397  mean=0.0904  0.10ex/s  eta=13m08s  [eta=4h01m40s total]
  [triviaqa                 4/6] snapkv         (6/6)  ex   24/100  KL=0.1715  mean=0.0938  0.10ex/s  eta=13m04s  [eta=4h01m29s total]
  [triviaqa                 4/6] snapkv         (6/6)  ex   25/100  KL=0.1366  mean=0.0955  0.10ex/s  eta=12m59s  [eta=4h01m18s total]
  [triviaqa                 4/6] snapkv         (6/6)  ex   26/100  KL=0.1656  mean=0.0982  0.10ex/s  eta=12m53s  [eta=4h01m07s total]
  [triviaqa                 4/6] snapkv         (6/6)  ex   27/100  KL=0.0979  mean=0.0982  0.10ex/s  eta=12m47s  [eta=4h00m56s total]
  [triviaqa                 4/6] snapkv         (6/6)  ex   28/100  KL=0.0822  mean=0.0976  0.10ex/s  eta=12m33s  [eta=4h00m43s total]
  [triviaqa                 4/6] snapkv         (6/6)  ex   29/100  KL=0.0253  mean=0.0952  0.10ex/s  eta=12m08s  [eta=4h00m28s total]
  [triviaqa                 4/6] snapkv         (6/6)  ex   30/100  KL=0.2893  mean=0.1016  0.10ex/s  eta=12m02s  [eta=4h00m17s total]
  [triviaqa                 4/6] snapkv         (6/6)  ex   31/100  KL=0.0786  mean=0.1009  0.10ex/s  eta=11m55s  [eta=4h00m06s total]
  [triviaqa                 4/6] snapkv         (6/6)  ex   32/100  KL=0.1026  mean=0.1009  0.10ex/s  eta=11m33s  [eta=3h59m52s total]
  [triviaqa                 4/6] snapkv         (6/6)  ex   33/100  KL=0.0466  mean=0.0993  0.10ex/s  eta=11m27s  [eta=3h59m41s total]
  [triviaqa                 4/6] snapkv         (6/6)  ex   34/100  KL=0.1601  mean=0.1011  0.10ex/s  eta=11m20s  [eta=3h59m30s total]
  [triviaqa                 4/6] snapkv         (6/6)  ex   35/100  KL=0.1727  mean=0.1031  0.10ex/s  eta=11m13s  [eta=3h59m19s total]
  [triviaqa                 4/6] snapkv         (6/6)  ex   36/100  KL=0.0657  mean=0.1021  0.10ex/s  eta=11m05s  [eta=3h59m08s total]
  [triviaqa                 4/6] snapkv         (6/6)  ex   37/100  KL=0.0116  mean=0.0996  0.10ex/s  eta=10m41s  [eta=3h58m51s total]
  [triviaqa                 4/6] snapkv         (6/6)  ex   38/100  KL=0.0476  mean=0.0983  0.10ex/s  eta=10m33s  [eta=3h58m40s total]
  [triviaqa                 4/6] snapkv         (6/6)  ex   39/100  KL=0.0927  mean=0.0981  0.10ex/s  eta=10m26s  [eta=3h58m29s total]
  [triviaqa                 4/6] snapkv         (6/6)  ex   40/100  KL=0.5679  mean=0.1099  0.10ex/s  eta=10m18s  [eta=3h58m18s total]
  [triviaqa                 4/6] snapkv         (6/6)  ex   41/100  KL=0.0836  mean=0.1092  0.10ex/s  eta=10m10s  [eta=3h58m07s total]
  [triviaqa                 4/6] snapkv         (6/6)  ex   42/100  KL=0.0318  mean=0.1074  0.10ex/s  eta=10m02s  [eta=3h57m56s total]
  [triviaqa                 4/6] snapkv         (6/6)  ex   43/100  KL=0.0259  mean=0.1055  0.10ex/s  eta=9m45s  [eta=3h57m41s total]
  [triviaqa                 4/6] snapkv         (6/6)  ex   44/100  KL=0.1882  mean=0.1074  0.10ex/s  eta=9m36s  [eta=3h57m30s total]
  [triviaqa                 4/6] snapkv         (6/6)  ex   45/100  KL=0.0892  mean=0.1070  0.10ex/s  eta=9m28s  [eta=3h57m19s total]
  [triviaqa                 4/6] snapkv         (6/6)  ex   46/100  KL=0.0543  mean=0.1058  0.10ex/s  eta=9m20s  [eta=3h57m08s total]
  [triviaqa                 4/6] snapkv         (6/6)  ex   47/100  KL=0.0967  mean=0.1056  0.10ex/s  eta=9m11s  [eta=3h56m57s total]
  [triviaqa                 4/6] snapkv         (6/6)  ex   48/100  KL=0.0406  mean=0.1043  0.10ex/s  eta=9m03s  [eta=3h56m46s total]
  [triviaqa                 4/6] snapkv         (6/6)  ex   49/100  KL=0.0426  mean=0.1030  0.10ex/s  eta=8m54s  [eta=3h56m35s total]
  [triviaqa                 4/6] snapkv         (6/6)  ex   50/100  KL=0.4926  mean=0.1108  0.10ex/s  eta=8m45s  [eta=3h56m24s total]
  [triviaqa                 4/6] snapkv         (6/6)  ex   51/100  KL=0.0269  mean=0.1092  0.09ex/s  eta=8m36s  [eta=3h56m14s total]
  [triviaqa                 4/6] snapkv         (6/6)  ex   52/100  KL=0.1134  mean=0.1092  0.09ex/s  eta=8m27s  [eta=3h56m03s total]
  [triviaqa                 4/6] snapkv         (6/6)  ex   53/100  KL=0.1586  mean=0.1102  0.09ex/s  eta=8m17s  [eta=3h55m51s total]
  [triviaqa                 4/6] snapkv         (6/6)  ex   54/100  KL=0.0785  mean=0.1096  0.09ex/s  eta=8m08s  [eta=3h55m40s total]
  [triviaqa                 4/6] snapkv         (6/6)  ex   55/100  KL=0.0713  mean=0.1089  0.10ex/s  eta=7m52s  [eta=3h55m25s total]
  [triviaqa                 4/6] snapkv         (6/6)  ex   56/100  KL=0.1059  mean=0.1088  0.10ex/s  eta=7m42s  [eta=3h55m14s total]
  [triviaqa                 4/6] snapkv         (6/6)  ex   57/100  KL=0.1260  mean=0.1091  0.09ex/s  eta=7m33s  [eta=3h55m03s total]
  [triviaqa                 4/6] snapkv         (6/6)  ex   58/100  KL=0.0356  mean=0.1079  0.09ex/s  eta=7m24s  [eta=3h54m52s total]
  [triviaqa                 4/6] snapkv         (6/6)  ex   59/100  KL=0.0529  mean=0.1069  0.09ex/s  eta=7m14s  [eta=3h54m41s total]
  [triviaqa                 4/6] snapkv         (6/6)  ex   60/100  KL=0.1117  mean=0.1070  0.09ex/s  eta=7m04s  [eta=3h54m30s total]
  [triviaqa                 4/6] snapkv         (6/6)  ex   61/100  KL=0.0447  mean=0.1060  0.09ex/s  eta=6m55s  [eta=3h54m19s total]
  [triviaqa                 4/6] snapkv         (6/6)  ex   62/100  KL=0.0460  mean=0.1050  0.09ex/s  eta=6m45s  [eta=3h54m09s total]
  [triviaqa                 4/6] snapkv         (6/6)  ex   63/100  KL=0.0481  mean=0.1041  0.09ex/s  eta=6m36s  [eta=3h53m58s total]
  [triviaqa                 4/6] snapkv         (6/6)  ex   64/100  KL=0.0894  mean=0.1039  0.09ex/s  eta=6m26s  [eta=3h53m47s total]
  [triviaqa                 4/6] snapkv         (6/6)  ex   65/100  KL=0.0787  mean=0.1035  0.09ex/s  eta=6m16s  [eta=3h53m36s total]
  [triviaqa                 4/6] snapkv         (6/6)  ex   66/100  KL=0.1017  mean=0.1035  0.09ex/s  eta=6m01s  [eta=3h53m20s total]
  [triviaqa                 4/6] snapkv         (6/6)  ex   67/100  KL=0.0835  mean=0.1032  0.09ex/s  eta=5m51s  [eta=3h53m09s total]
  [triviaqa                 4/6] snapkv         (6/6)  ex   68/100  KL=0.1366  mean=0.1037  0.09ex/s  eta=5m41s  [eta=3h52m58s total]
  [triviaqa                 4/6] snapkv         (6/6)  ex   69/100  KL=0.1453  mean=0.1043  0.09ex/s  eta=5m31s  [eta=3h52m47s total]
  [triviaqa                 4/6] snapkv         (6/6)  ex   70/100  KL=0.0351  mean=0.1033  0.09ex/s  eta=5m21s  [eta=3h52m36s total]
  [triviaqa                 4/6] snapkv         (6/6)  ex   71/100  KL=0.0441  mean=0.1025  0.09ex/s  eta=5m11s  [eta=3h52m25s total]
  [triviaqa                 4/6] snapkv         (6/6)  ex   72/100  KL=0.0329  mean=0.1015  0.09ex/s  eta=4m57s  [eta=3h52m09s total]
  [triviaqa                 4/6] snapkv         (6/6)  ex   73/100  KL=0.0557  mean=0.1009  0.09ex/s  eta=4m44s  [eta=3h51m55s total]
  [triviaqa                 4/6] snapkv         (6/6)  ex   74/100  KL=0.0519  mean=0.1002  0.09ex/s  eta=4m34s  [eta=3h51m44s total]
  [triviaqa                 4/6] snapkv         (6/6)  ex   75/100  KL=0.0736  mean=0.0998  0.09ex/s  eta=4m24s  [eta=3h51m33s total]
  [triviaqa                 4/6] snapkv         (6/6)  ex   76/100  KL=0.0724  mean=0.0995  0.09ex/s  eta=4m14s  [eta=3h51m22s total]
  [triviaqa                 4/6] snapkv         (6/6)  ex   77/100  KL=0.0942  mean=0.0994  0.09ex/s  eta=4m04s  [eta=3h51m11s total]
  [triviaqa                 4/6] snapkv         (6/6)  ex   78/100  KL=0.0812  mean=0.0992  0.09ex/s  eta=3m54s  [eta=3h51m00s total]
  [triviaqa                 4/6] snapkv         (6/6)  ex   79/100  KL=0.1277  mean=0.0995  0.09ex/s  eta=3m43s  [eta=3h50m49s total]
  [triviaqa                 4/6] snapkv         (6/6)  ex   80/100  KL=0.1410  mean=0.1001  0.09ex/s  eta=3m33s  [eta=3h50m38s total]
  [triviaqa                 4/6] snapkv         (6/6)  ex   81/100  KL=0.1537  mean=0.1007  0.09ex/s  eta=3m23s  [eta=3h50m27s total]
  [triviaqa                 4/6] snapkv         (6/6)  ex   82/100  KL=0.0427  mean=0.1000  0.09ex/s  eta=3m12s  [eta=3h50m16s total]
  [triviaqa                 4/6] snapkv         (6/6)  ex   83/100  KL=0.0610  mean=0.0995  0.09ex/s  eta=3m02s  [eta=3h50m05s total]
  [triviaqa                 4/6] snapkv         (6/6)  ex   84/100  KL=0.1403  mean=0.1000  0.09ex/s  eta=2m50s  [eta=3h49m51s total]
  [triviaqa                 4/6] snapkv         (6/6)  ex   85/100  KL=0.0862  mean=0.0999  0.09ex/s  eta=2m39s  [eta=3h49m37s total]
  [triviaqa                 4/6] snapkv         (6/6)  ex   86/100  KL=0.2346  mean=0.1014  0.09ex/s  eta=2m28s  [eta=3h49m26s total]
  [triviaqa                 4/6] snapkv         (6/6)  ex   87/100  KL=0.1322  mean=0.1018  0.09ex/s  eta=2m17s  [eta=3h49m12s total]
  [triviaqa                 4/6] snapkv         (6/6)  ex   88/100  KL=0.1282  mean=0.1021  0.09ex/s  eta=2m07s  [eta=3h49m01s total]
  [triviaqa                 4/6] snapkv         (6/6)  ex   89/100  KL=0.2688  mean=0.1040  0.09ex/s  eta=1m56s  [eta=3h48m50s total]
  [triviaqa                 4/6] snapkv         (6/6)  ex   90/100  KL=0.0589  mean=0.1035  0.09ex/s  eta=1m46s  [eta=3h48m39s total]
  [triviaqa                 4/6] snapkv         (6/6)  ex   91/100  KL=0.1252  mean=0.1037  0.09ex/s  eta=1m35s  [eta=3h48m26s total]
  [triviaqa                 4/6] snapkv         (6/6)  ex   92/100  KL=0.0778  mean=0.1034  0.09ex/s  eta=1m24s  [eta=3h48m15s total]
  [triviaqa                 4/6] snapkv         (6/6)  ex   93/100  KL=0.0320  mean=0.1027  0.09ex/s  eta=1m14s  [eta=3h48m04s total]
  [triviaqa                 4/6] snapkv         (6/6)  ex   94/100  KL=0.0748  mean=0.1024  0.09ex/s  eta=1m03s  [eta=3h47m53s total]
  [triviaqa                 4/6] snapkv         (6/6)  ex   95/100  KL=0.0471  mean=0.1018  0.09ex/s  eta=53s  [eta=3h47m42s total]
  [triviaqa                 4/6] snapkv         (6/6)  ex   96/100  KL=0.0866  mean=0.1016  0.09ex/s  eta=42s  [eta=3h47m31s total]
  [triviaqa                 4/6] snapkv         (6/6)  ex   97/100  KL=0.1306  mean=0.1019  0.09ex/s  eta=32s  [eta=3h47m20s total]
  [triviaqa                 4/6] snapkv         (6/6)  ex   98/100  KL=0.0648  mean=0.1015  0.09ex/s  eta=21s  [eta=3h47m09s total]
  [triviaqa                 4/6] snapkv         (6/6)  ex   99/100  KL=0.1883  mean=0.1024  0.09ex/s  eta=10s  [eta=3h46m58s total]
  [triviaqa                 4/6] snapkv         (6/6)  ex  100/100  KL=0.2293  mean=0.1037  0.09ex/s  eta=0s  [eta=3h46m47s total]
  >>> triviaqa / snapkv:  n=100  mean_KL=0.1037  [17m53s]

  [qasper                   5/6] phrase_w32_t0  (1/6)  ex    1/100  KL=0.3131  mean=0.3131  0.09ex/s  eta=18m13s  [eta=3h46m36s total]
  [qasper                   5/6] phrase_w32_t0  (1/6)  ex    2/100  KL=0.3749  mean=0.3440  0.10ex/s  eta=16m36s  [eta=3h46m23s total]
  [qasper                   5/6] phrase_w32_t0  (1/6)  ex    3/100  KL=0.6261  mean=0.4380  0.09ex/s  eta=17m08s  [eta=3h46m12s total]
  [qasper                   5/6] phrase_w32_t0  (1/6)  ex    4/100  KL=0.3640  mean=0.4195  0.11ex/s  eta=14m26s  [eta=3h45m57s total]
  [qasper                   5/6] phrase_w32_t0  (1/6)  ex    5/100  KL=0.2193  mean=0.3795  0.10ex/s  eta=15m07s  [eta=3h45m46s total]
  [qasper                   5/6] phrase_w32_t0  (1/6)  ex    6/100  KL=0.0173  mean=0.3191  0.10ex/s  eta=16m12s  [eta=3h45m36s total]
  [qasper                   5/6] phrase_w32_t0  (1/6)  ex    7/100  KL=0.3225  mean=0.3196  0.09ex/s  eta=17m04s  [eta=3h45m27s total]
  [qasper                   5/6] phrase_w32_t0  (1/6)  ex    8/100  KL=0.1703  mean=0.3009  0.09ex/s  eta=18m00s  [eta=3h45m18s total]
  [qasper                   5/6] phrase_w32_t0  (1/6)  ex    9/100  KL=0.0253  mean=0.2703  0.09ex/s  eta=17m27s  [eta=3h45m06s total]
  [qasper                   5/6] phrase_w32_t0  (1/6)  ex   10/100  KL=0.0186  mean=0.2451  0.09ex/s  eta=17m37s  [eta=3h44m56s total]
  [qasper                   5/6] phrase_w32_t0  (1/6)  ex   11/100  KL=0.0388  mean=0.2264  0.09ex/s  eta=17m24s  [eta=3h44m45s total]
  [qasper                   5/6] phrase_w32_t0  (1/6)  ex   12/100  KL=0.0395  mean=0.2108  0.09ex/s  eta=16m51s  [eta=3h44m32s total]
  [qasper                   5/6] phrase_w32_t0  (1/6)  ex   13/100  KL=0.0961  mean=0.2020  0.09ex/s  eta=16m23s  [eta=3h44m20s total]
  [qasper                   5/6] phrase_w32_t0  (1/6)  ex   14/100  KL=0.0059  mean=0.1880  0.09ex/s  eta=16m51s  [eta=3h44m11s total]
  [qasper                   5/6] phrase_w32_t0  (1/6)  ex   15/100  KL=0.0388  mean=0.1780  0.08ex/s  eta=16m42s  [eta=3h44m01s total]
  [qasper                   5/6] phrase_w32_t0  (1/6)  ex   16/100  KL=0.0279  mean=0.1686  0.08ex/s  eta=17m04s  [eta=3h43m53s total]
  [qasper                   5/6] phrase_w32_t0  (1/6)  ex   17/100  KL=0.0094  mean=0.1593  0.08ex/s  eta=17m21s  [eta=3h43m45s total]
  [qasper                   5/6] phrase_w32_t0  (1/6)  ex   18/100  KL=0.0115  mean=0.1511  0.08ex/s  eta=17m15s  [eta=3h43m34s total]
  [qasper                   5/6] phrase_w32_t0  (1/6)  ex   19/100  KL=0.0428  mean=0.1454  0.08ex/s  eta=17m04s  [eta=3h43m24s total]
  [qasper                   5/6] phrase_w32_t0  (1/6)  ex   20/100  KL=0.0082  mean=0.1385  0.08ex/s  eta=17m05s  [eta=3h43m15s total]
  [qasper                   5/6] phrase_w32_t0  (1/6)  ex   21/100  KL=0.0180  mean=0.1328  0.08ex/s  eta=16m40s  [eta=3h43m03s total]
  [qasper                   5/6] phrase_w32_t0  (1/6)  ex   22/100  KL=0.0530  mean=0.1292  0.08ex/s  eta=16m46s  [eta=3h42m55s total]
  [qasper                   5/6] phrase_w32_t0  (1/6)  ex   23/100  KL=0.0601  mean=0.1261  0.08ex/s  eta=16m37s  [eta=3h42m44s total]
  [qasper                   5/6] phrase_w32_t0  (1/6)  ex   24/100  KL=0.1292  mean=0.1263  0.08ex/s  eta=16m27s  [eta=3h42m34s total]
  [qasper                   5/6] phrase_w32_t0  (1/6)  ex   25/100  KL=0.0361  mean=0.1227  0.08ex/s  eta=16m30s  [eta=3h42m26s total]
  [qasper                   5/6] phrase_w32_t0  (1/6)  ex   26/100  KL=0.4878  mean=0.1367  0.08ex/s  eta=16m15s  [eta=3h42m16s total]
  [qasper                   5/6] phrase_w32_t0  (1/6)  ex   27/100  KL=0.0482  mean=0.1334  0.08ex/s  eta=15m50s  [eta=3h42m03s total]
  [qasper                   5/6] phrase_w32_t0  (1/6)  ex   28/100  KL=0.0022  mean=0.1287  0.08ex/s  eta=15m50s  [eta=3h41m55s total]
  [qasper                   5/6] phrase_w32_t0  (1/6)  ex   29/100  KL=0.0774  mean=0.1270  0.08ex/s  eta=15m24s  [eta=3h41m42s total]
  [qasper                   5/6] phrase_w32_t0  (1/6)  ex   30/100  KL=0.0522  mean=0.1245  0.08ex/s  eta=15m13s  [eta=3h41m32s total]
  [qasper                   5/6] phrase_w32_t0  (1/6)  ex   31/100  KL=0.0193  mean=0.1211  0.08ex/s  eta=14m54s  [eta=3h41m20s total]
  [qasper                   5/6] phrase_w32_t0  (1/6)  ex   32/100  KL=0.1123  mean=0.1208  0.08ex/s  eta=14m39s  [eta=3h41m09s total]
  [qasper                   5/6] phrase_w32_t0  (1/6)  ex   33/100  KL=0.0546  mean=0.1188  0.08ex/s  eta=14m32s  [eta=3h41m00s total]
  [qasper                   5/6] phrase_w32_t0  (1/6)  ex   34/100  KL=0.0398  mean=0.1165  0.08ex/s  eta=14m28s  [eta=3h40m51s total]
  [qasper                   5/6] phrase_w32_t0  (1/6)  ex   35/100  KL=0.0118  mean=0.1135  0.08ex/s  eta=14m13s  [eta=3h40m41s total]
  [qasper                   5/6] phrase_w32_t0  (1/6)  ex   36/100  KL=0.0057  mean=0.1105  0.08ex/s  eta=14m09s  [eta=3h40m32s total]
  [qasper                   5/6] phrase_w32_t0  (1/6)  ex   37/100  KL=0.1429  mean=0.1114  0.08ex/s  eta=13m50s  [eta=3h40m20s total]
  [qasper                   5/6] phrase_w32_t0  (1/6)  ex   38/100  KL=0.0402  mean=0.1095  0.08ex/s  eta=13m28s  [eta=3h40m07s total]
  [qasper                   5/6] phrase_w32_t0  (1/6)  ex   39/100  KL=0.0264  mean=0.1074  0.08ex/s  eta=13m17s  [eta=3h39m57s total]
  [qasper                   5/6] phrase_w32_t0  (1/6)  ex   40/100  KL=0.0652  mean=0.1063  0.08ex/s  eta=13m07s  [eta=3h39m48s total]
  [qasper                   5/6] phrase_w32_t0  (1/6)  ex   41/100  KL=0.0167  mean=0.1041  0.08ex/s  eta=13m01s  [eta=3h39m40s total]
  [qasper                   5/6] phrase_w32_t0  (1/6)  ex   42/100  KL=0.0575  mean=0.1030  0.08ex/s  eta=12m51s  [eta=3h39m30s total]
  [qasper                   5/6] phrase_w32_t0  (1/6)  ex   43/100  KL=0.1169  mean=0.1033  0.08ex/s  eta=12m30s  [eta=3h39m17s total]
  [qasper                   5/6] phrase_w32_t0  (1/6)  ex   44/100  KL=0.0128  mean=0.1013  0.08ex/s  eta=12m11s  [eta=3h39m04s total]
  [qasper                   5/6] phrase_w32_t0  (1/6)  ex   45/100  KL=0.0660  mean=0.1005  0.08ex/s  eta=12m04s  [eta=3h38m56s total]
  [qasper                   5/6] phrase_w32_t0  (1/6)  ex   46/100  KL=0.2483  mean=0.1037  0.08ex/s  eta=11m50s  [eta=3h38m45s total]
  [qasper                   5/6] phrase_w32_t0  (1/6)  ex   47/100  KL=0.7308  mean=0.1171  0.08ex/s  eta=11m30s  [eta=3h38m32s total]
  [qasper                   5/6] phrase_w32_t0  (1/6)  ex   48/100  KL=0.0181  mean=0.1150  0.08ex/s  eta=11m15s  [eta=3h38m20s total]
  [qasper                   5/6] phrase_w32_t0  (1/6)  ex   49/100  KL=0.0458  mean=0.1136  0.08ex/s  eta=10m58s  [eta=3h38m08s total]
  [qasper                   5/6] phrase_w32_t0  (1/6)  ex   50/100  KL=0.0276  mean=0.1119  0.08ex/s  eta=10m46s  [eta=3h37m58s total]
  [qasper                   5/6] phrase_w32_t0  (1/6)  ex   51/100  KL=0.1147  mean=0.1119  0.08ex/s  eta=10m30s  [eta=3h37m46s total]
  [qasper                   5/6] phrase_w32_t0  (1/6)  ex   52/100  KL=0.0187  mean=0.1101  0.08ex/s  eta=10m20s  [eta=3h37m36s total]
  [qasper                   5/6] phrase_w32_t0  (1/6)  ex   53/100  KL=0.0814  mean=0.1096  0.08ex/s  eta=10m04s  [eta=3h37m24s total]
  [qasper                   5/6] phrase_w32_t0  (1/6)  ex   54/100  KL=0.0166  mean=0.1079  0.08ex/s  eta=9m46s  [eta=3h37m11s total]
  [qasper                   5/6] phrase_w32_t0  (1/6)  ex   55/100  KL=0.0810  mean=0.1074  0.08ex/s  eta=9m37s  [eta=3h37m02s total]
  [qasper                   5/6] phrase_w32_t0  (1/6)  ex   56/100  KL=0.6997  mean=0.1180  0.08ex/s  eta=9m25s  [eta=3h36m52s total]
  [qasper                   5/6] phrase_w32_t0  (1/6)  ex   57/100  KL=0.0189  mean=0.1162  0.08ex/s  eta=9m12s  [eta=3h36m41s total]
  [qasper                   5/6] phrase_w32_t0  (1/6)  ex   58/100  KL=0.0617  mean=0.1153  0.08ex/s  eta=9m03s  [eta=3h36m33s total]
  [qasper                   5/6] phrase_w32_t0  (1/6)  ex   59/100  KL=0.0059  mean=0.1134  0.08ex/s  eta=8m53s  [eta=3h36m24s total]
  [qasper                   5/6] phrase_w32_t0  (1/6)  ex   60/100  KL=0.0463  mean=0.1123  0.08ex/s  eta=8m37s  [eta=3h36m12s total]
  [qasper                   5/6] phrase_w32_t0  (1/6)  ex   61/100  KL=0.1767  mean=0.1134  0.08ex/s  eta=8m22s  [eta=3h35m59s total]
  [qasper                   5/6] phrase_w32_t0  (1/6)  ex   62/100  KL=0.0435  mean=0.1122  0.08ex/s  eta=8m09s  [eta=3h35m48s total]
  [qasper                   5/6] phrase_w32_t0  (1/6)  ex   63/100  KL=0.0314  mean=0.1109  0.08ex/s  eta=7m53s  [eta=3h35m36s total]
  [qasper                   5/6] phrase_w32_t0  (1/6)  ex   64/100  KL=0.0349  mean=0.1098  0.08ex/s  eta=7m41s  [eta=3h35m25s total]
  [qasper                   5/6] phrase_w32_t0  (1/6)  ex   65/100  KL=0.1350  mean=0.1101  0.08ex/s  eta=7m27s  [eta=3h35m13s total]
  [qasper                   5/6] phrase_w32_t0  (1/6)  ex   66/100  KL=0.0246  mean=0.1089  0.08ex/s  eta=7m11s  [eta=3h35m00s total]
  [qasper                   5/6] phrase_w32_t0  (1/6)  ex   67/100  KL=0.0139  mean=0.1074  0.08ex/s  eta=6m59s  [eta=3h34m50s total]
  [qasper                   5/6] phrase_w32_t0  (1/6)  ex   68/100  KL=0.0540  mean=0.1066  0.08ex/s  eta=6m49s  [eta=3h34m41s total]
  [qasper                   5/6] phrase_w32_t0  (1/6)  ex   69/100  KL=0.3314  mean=0.1099  0.08ex/s  eta=6m35s  [eta=3h34m29s total]
  [qasper                   5/6] phrase_w32_t0  (1/6)  ex   70/100  KL=0.0567  mean=0.1091  0.08ex/s  eta=6m20s  [eta=3h34m17s total]
  [qasper                   5/6] phrase_w32_t0  (1/6)  ex   71/100  KL=0.0284  mean=0.1080  0.08ex/s  eta=6m08s  [eta=3h34m07s total]
  [qasper                   5/6] phrase_w32_t0  (1/6)  ex   72/100  KL=0.0264  mean=0.1069  0.08ex/s  eta=5m53s  [eta=3h33m53s total]
  [qasper                   5/6] phrase_w32_t0  (1/6)  ex   73/100  KL=0.0344  mean=0.1059  0.08ex/s  eta=5m42s  [eta=3h33m45s total]
  [qasper                   5/6] phrase_w32_t0  (1/6)  ex   74/100  KL=0.1301  mean=0.1062  0.08ex/s  eta=5m32s  [eta=3h33m37s total]
  [qasper                   5/6] phrase_w32_t0  (1/6)  ex   75/100  KL=0.0713  mean=0.1057  0.08ex/s  eta=5m20s  [eta=3h33m27s total]
  [qasper                   5/6] phrase_w32_t0  (1/6)  ex   76/100  KL=0.0233  mean=0.1047  0.08ex/s  eta=5m06s  [eta=3h33m14s total]
  [qasper                   5/6] phrase_w32_t0  (1/6)  ex   77/100  KL=0.0486  mean=0.1039  0.08ex/s  eta=4m52s  [eta=3h33m02s total]
  [qasper                   5/6] phrase_w32_t0  (1/6)  ex   78/100  KL=0.0484  mean=0.1032  0.08ex/s  eta=4m40s  [eta=3h32m52s total]

Loading weights:   0%|          | 0/291 [00:00<?, ?it/s]
Loading weights:   0%|          | 1/291 [00:00<01:56,  2.49it/s]
Loading weights:   1%|          | 2/291 [00:00<01:05,  4.38it/s]
Loading weights:   7%|▋         | 19/291 [00:00<00:06, 44.44it/s]
Loading weights:  11%|█         | 31/291 [00:00<00:04, 62.82it/s]
Loading weights:  14%|█▍        | 41/291 [00:00<00:03, 70.76it/s]
Loading weights:  18%|█▊        | 51/291 [00:00<00:03, 77.50it/s]
Loading weights:  23%|██▎       | 67/291 [00:01<00:02, 90.28it/s]
Loading weights:  26%|██▋       | 77/291 [00:01<00:02, 87.73it/s]
Loading weights:  31%|███▏      | 91/291 [00:01<00:02, 98.34it/s]
Loading weights:  35%|███▌      | 103/291 [00:01<00:02, 88.83it/s]
Loading weights:  42%|████▏     | 121/291 [00:01<00:01, 89.48it/s]
Loading weights:  48%|████▊     | 139/291 [00:01<00:01, 103.42it/s]
Loading weights:  52%|█████▏    | 150/291 [00:01<00:01, 98.82it/s] 
Loading weights:  57%|█████▋    | 166/291 [00:02<00:01, 103.47it/s]
Loading weights:  61%|██████    | 177/291 [00:02<00:01, 99.34it/s] 
Loading weights:  66%|██████▋   | 193/291 [00:02<00:01, 96.81it/s]
Loading weights:  70%|███████   | 204/291 [00:02<00:00, 97.37it/s]
Loading weights:  76%|███████▌  | 220/291 [00:02<00:00, 104.16it/s]
Loading weights:  79%|███████▉  | 231/291 [00:02<00:00, 98.93it/s] 
Loading weights:  85%|████████▍ | 247/291 [00:02<00:00, 102.28it/s]
Loading weights:  89%|████████▊ | 258/291 [00:03<00:00, 97.73it/s] 
Loading weights:  94%|█████████▍| 274/291 [00:03<00:00, 95.22it/s]
Loading weights: 100%|██████████| 291/291 [00:03<00:00, 87.88it/s]
The following generation flags are not valid and may be ignored: ['temperature', 'top_p']. Set `TRANSFORMERS_VERBOSITY=info` for more details.
Setting `pad_token_id` to `eos_token_id`:128001 for open-end generation.
Setting `pad_token_id` to `eos_token_id`:128001 for open-end generation.
Setting `pad_token_id` to `eos_token_id`:128001 for open-end generation.
Setting `pad_token_id` to `eos_token_id`:128001 for open-end generation.
Setting `pad_token_id` to `eos_token_id`:128001 for open-end generation.
Setting `pad_token_id` to `eos_token_id`:128001 for open-end generation.
Setting `pad_token_id` to `eos_token_id`:128001 for open-end generation.
Setting `pad_token_id` to `eos_token_id`:128001 for open-end generation.
Setting `pad_token_id` to `eos_token_id`:128001 for open-end generation.
Setting `pad_token_id` to `eos_token_id`:128001 for open-end generation.
Setting `pad_token_id` to `eos_token_id`:128001 for open-end generation.
Setting `pad_token_id` to `eos_token_id`:128001 for open-end generation.
Setting `pad_token_id` to `eos_token_id`:128001 for open-end generation.
Setting `pad_token_id` to `eos_token_id`:128001 for open-end generation.
Setting `pad_token_id` to `eos_token_id`:128001 for open-end generation.
Setting `pad_token_id` to `eos_token_id`:128001 for open-end generation.
Setting `pad_token_id` to `eos_token_id`:128001 for open-end generation.
Setting `pad_token_id` to `eos_token_id`:128001 for open-end generation.
Setting `pad_token_id` to `eos_token_id`:128001 for open-end generation.
Setting `pad_token_id` to `eos_token_id`:128001 for open-end generation.
Setting `pad_token_id` to `eos_token_id`:128001 for open-end generation.
Setting `pad_token_id` to `eos_token_id`:128001 for open-end generation.
Setting `pad_token_id` to `eos_token_id`:128001 for open-end generation.
Setting `pad_token_id` to `eos_token_id`:128001 for open-end generation.
Setting `pad_token_id` to `eos_token_id`:128001 for open-end generation.
Setting `pad_token_id` to `eos_token_id`:128001 for open-end generation.
Setting `pad_token_id` to `eos_token_id`:128001 for open-end generation.
Setting `pad_token_id` to `eos_token_id`:128001 for open-end generation.
Setting `pad_token_id` to `eos_token_id`:128001 for open-end generation.
Setting `pad_token_id` to `eos_token_id`:128001 for open-end generation.
Setting `pad_token_id` to `eos_token_id`:128001 for open-end generation.
Setting `pad_token_id` to `eos_token_id`:128001 for open-end generation.
Setting `pad_token_id` to `eos_token_id`:128001 for open-end generation.
Setting `pad_token_id` to `eos_token_id`:128001 for open-end generation.
Setting `pad_token_id` to `eos_token_id`:128001 for open-end generation.
Setting `pad_token_id` to `eos_token_id`:128001 for open-end generation.
Setting `pad_token_id` to `eos_token_id`:128001 for open-end generation.
Setting `pad_token_id` to `eos_token_id`:128001 for open-end generation.
Setting `pad_token_id` to `eos_token_id`:128001 for open-end generation.
Setting `pad_token_id` to `eos_token_id`:128001 for open-end generation.
Setting `pad_token_id` to `eos_token_id`:128001 for open-end generation.
Setting `pad_token_id` to `eos_token_id`:128001 for open-end generation.
Setting `pad_token_id` to `eos_token_id`:128001 for open-end generation.
Setting `pad_token_id` to `eos_token_id`:128001 for open-end generation.
Setting `pad_token_id` to `eos_token_id`:128001 for open-end generation.
Setting `pad_token_id` to `eos_token_id`:128001 for open-end generation.
Setting `pad_token_id` to `eos_token_id`:128001 for open-end generation.
Setting `pad_token_id` to `eos_token_id`:128001 for open-end generation.
Setting `pad_token_id` to `eos_token_id`:128001 for open-end generation.
Setting `pad_token_id` to `eos_token_id`:128001 for open-end generation.
Setting `pad_token_id` to `eos_token_id`:128001 for open-end generation.
Setting `pad_token_id` to `eos_token_id`:128001 for open-end generation.
Setting `pad_token_id` to `eos_token_id`:128001 for open-end generation.
Setting `pad_token_id` to `eos_token_id`:128001 for open-end generation.
Setting `pad_token_id` to `eos_token_id`:128001 for open-end generation.
Setting `pad_token_id` to `eos_token_id`:128001 for open-end generation.
Setting `pad_token_id` to `eos_token_id`:128001 for open-end generation.
Setting `pad_token_id` to `eos_token_id`:128001 for open-end generation.
Setting `pad_token_id` to `eos_token_id`:128001 for open-end generation.
Setting `pad_token_id` to `eos_token_id`:128001 for open-end generation.
Setting `pad_token_id` to `eos_token_id`:128001 for open-end generation.
Setting `pad_token_id` to `eos_token_id`:128001 for open-end generation.
Setting `pad_token_id` to `eos_token_id`:128001 for open-end generation.
Setting `pad_token_id` to `eos_token_id`:128001 for open-end generation.
Setting `pad_token_id` to `eos_token_id`:128001 for open-end generation.
Setting `pad_token_id` to `eos_token_id`:128001 for open-end generation.
Setting `pad_token_id` to `eos_token_id`:128001 for open-end generation.
Setting `pad_token_id` to `eos_token_id`:128001 for open-end generation.
Setting `pad_token_id` to `eos_token_id`:128001 for open-end generation.
Setting `pad_token_id` to `eos_token_id`:128001 for open-end generation.
Setting `pad_token_id` to `eos_token_id`:128001 for open-end generation.
Setting `pad_token_id` to `eos_token_id`:128001 for open-end generation.
Setting `pad_token_id` to `eos_token_id`:128001 for open-end generation.
Setting `pad_token_id` to `eos_token_id`:128001 for open-end generation.
Setting `pad_token_id` to `eos_token_id`:128001 for open-end generation.
Setting `pad_token_id` to `eos_token_id`:128001 for open-end generation.
Setting `pad_token_id` to `eos_token_id`:128001 for open-end generation.
Setting `pad_token_id` to `eos_token_id`:128001 for open-end generation.
Setting `pad_token_id` to `eos_token_id`:128001 for open-end generation.
Setting `pad_token_id` to `eos_token_id`:128001 for open-end generation.
Setting `pad_token_id` to `eos_token_id`:128001 for open-end generation.
Setting `pad_token_id` to `eos_token_id`:128001 for open-end generation.
Setting `pad_token_id` to `eos_token_id`:128001 for open-end generation.
Setting `pad_token_id` to `eos_token_id`:128001 for open-end generation.
Setting `pad_token_id` to `eos_token_id`:128001 for open-end generation.
Setting `pad_token_id` to `eos_token_id`:128001 for open-end generation.
Setting `pad_token_id` to `eos_token_id`:128001 for open-end generation.
Setting `pad_token_id` to `eos_token_id`:128001 for open-end generation.
Setting `pad_token_id` to `eos_token_id`:128001 for open-end generation.
Setting `pad_token_id` to `eos_token_id`:128001 for open-end generation.
Setting `pad_token_id` to `eos_token_id`:128001 for open-end generation.
Setting `pad_token_id` to `eos_token_id`:128001 for open-end generation.
Setting `pad_token_id` to `eos_token_id`:128001 for open-end generation.
Setting `pad_token_id` to `eos_token_id`:128001 for open-end generation.
Setting `pad_token_id` to `eos_token_id`:128001 for open-end generation.
Setting `pad_token_id` to `eos_token_id`:128001 for open-end generation.
Setting `pad_token_id` to `eos_token_id`:128001 for open-end generation.
Setting `pad_token_id` to `eos_token_id`:128001 for open-end generation.
Setting `pad_token_id` to `eos_token_id`:128001 for open-end generation.
Setting `pad_token_id` to `eos_token_id`:128001 for open-end generation.
Setting `pad_token_id` to `eos_token_id`:128001 for open-end generation.
Setting `pad_token_id` to `eos_token_id`:128001 for open-end generation.
Setting `pad_token_id` to `eos_token_id`:128001 for open-end generation.
Setting `pad_token_id` to `eos_token_id`:128001 for open-end generation.
Setting `pad_token_id` to `eos_token_id`:128001 for open-end generation.
Setting `pad_token_id` to `eos_token_id`:128001 for open-end generation.
Setting `pad_token_id` to `eos_token_id`:128001 for open-end generation.
Setting `pad_token_id` to `eos_token_id`:128001 for open-end generation.
Setting `pad_token_id` to `eos_token_id`:128001 for open-end generation.
Setting `pad_token_id` to `eos_token_id`:128001 for open-end generation.
Setting `pad_token_id` to `eos_token_id`:128001 for open-end generation.
Setting `pad_token_id` to `eos_token_id`:128001 for open-end generation.
Setting `pad_token_id` to `eos_token_id`:128001 for open-end generation.
Setting `pad_token_id` to `eos_token_id`:128001 for open-end generation.
Setting `pad_token_id` to `eos_token_id`:128001 for open-end generation.
Setting `pad_token_id` to `eos_token_id`:128001 for open-end generation.
Setting `pad_token_id` to `eos_token_id`:128001 for open-end generation.
Setting `pad_token_id` to `eos_token_id`:128001 for open-end generation.
Setting `pad_token_id` to `eos_token_id`:128001 for open-end generation.
Setting `pad_token_id` to `eos_token_id`:128001 for open-end generation.
Setting `pad_token_id` to `eos_token_id`:128001 for open-end generation.
Setting `pad_token_id` to `eos_token_id`:128001 for open-end generation.
Setting `pad_token_id` to `eos_token_id`:128001 for open-end generation.
Setting `pad_token_id` to `eos_token_id`:128001 for open-end generation.
Setting `pad_token_id` to `eos_token_id`:128001 for open-end generation.
Setting `pad_token_id` to `eos_token_id`:128001 for open-end generation.
Setting `pad_token_id` to `eos_token_id`:128001 for open-end generation.
Setting `pad_token_id` to `eos_token_id`:128001 for open-end generation.
Setting `pad_token_id` to `eos_token_id`:128001 for open-end generation.
Setting `pad_token_id` to `eos_token_id`:128001 for open-end generation.
Setting `pad_token_id` to `eos_token_id`:128001 for open-end generation.
Setting `pad_token_id` to `eos_token_id`:128001 for open-end generation.
Setting `pad_token_id` to `eos_token_id`:128001 for open-end generation.
Setting `pad_token_id` to `eos_token_id`:128001 for open-end generation.
Setting `pad_token_id` to `eos_token_id`:128001 for open-end generation.
Setting `pad_token_id` to `eos_token_id`:128001 for open-end generation.
Setting `pad_token_id` to `eos_token_id`:128001 for open-end generation.
Setting `pad_token_id` to `eos_token_id`:128001 for open-end generation.
Setting `pad_token_id` to `eos_token_id`:128001 for open-end generation.
Setting `pad_token_id` to `eos_token_id`:128001 for open-end generation.
Setting `pad_token_id` to `eos_token_id`:128001 for open-end generation.
Setting `pad_token_id` to `eos_token_id`:128001 for open-end generation.
Setting `pad_token_id` to `eos_token_id`:128001 for open-end generation.
Setting `pad_token_id` to `eos_token_id`:128001 for open-end generation.
Setting `pad_token_id` to `eos_token_id`:128001 for open-end generation.
Setting `pad_token_id` to `eos_token_id`:128001 for open-end generation.
Setting `pad_token_id` to `eos_token_id`:128001 for open-end generation.
Setting `pad_token_id` to `eos_token_id`:128001 for open-end generation.
Setting `pad_token_id` to `eos_token_id`:128001 for open-end generation.
Setting `pad_token_id` to `eos_token_id`:128001 for open-end generation.
Setting `pad_token_id` to `eos_token_id`:128001 for open-end generation.
Setting `pad_token_id` to `eos_token_id`:128001 for open-end generation.
Setting `pad_token_id` to `eos_token_id`:128001 for open-end generation.
Setting `pad_token_id` to `eos_token_id`:128001 for open-end generation.
Setting `pad_token_id` to `eos_token_id`:128001 for open-end generation.
Setting `pad_token_id` to `eos_token_id`:128001 for open-end generation.
Setting `pad_token_id` to `eos_token_id`:128001 for open-end generation.
Setting `pad_token_id` to `eos_token_id`:128001 for open-end generation.
Setting `pad_token_id` to `eos_token_id`:128001 for open-end generation.
Setting `pad_token_id` to `eos_token_id`:128001 for open-end generation.
Setting `pad_token_id` to `eos_token_id`:128001 for open-end generation.
Setting `pad_token_id` to `eos_token_id`:128001 for open-end generation.
Setting `pad_token_id` to `eos_token_id`:128001 for open-end generation.
Setting `pad_token_id` to `eos_token_id`:128001 for open-end generation.
Setting `pad_token_id` to `eos_token_id`:128001 for open-end generation.
Setting `pad_token_id` to `eos_token_id`:128001 for open-end generation.
Setting `pad_token_id` to `eos_token_id`:128001 for open-end generation.
Setting `pad_token_id` to `eos_token_id`:128001 for open-end generation.
Setting `pad_token_id` to `eos_token_id`:128001 for open-end generation.
Setting `pad_token_id` to `eos_token_id`:128001 for open-end generation.
Setting `pad_token_id` to `eos_token_id`:128001 for open-end generation.
Setting `pad_token_id` to `eos_token_id`:128001 for open-end generation.
Setting `pad_token_id` to `eos_token_id`:128001 for open-end generation.
Setting `pad_token_id` to `eos_token_id`:128001 for open-end generation.
Setting `pad_token_id` to `eos_token_id`:128001 for open-end generation.
Setting `pad_token_id` to `eos_token_id`:128001 for open-end generation.
Setting `pad_token_id` to `eos_token_id`:128001 for open-end generation.
Setting `pad_token_id` to `eos_token_id`:128001 for open-end generation.
Setting `pad_token_id` to `eos_token_id`:128001 for open-end generation.
Setting `pad_token_id` to `eos_token_id`:128001 for open-end generation.
Setting `pad_token_id` to `eos_token_id`:128001 for open-end generation.
Setting `pad_token_id` to `eos_token_id`:128001 for open-end generation.
Setting `pad_token_id` to `eos_token_id`:128001 for open-end generation.
Setting `pad_token_id` to `eos_token_id`:128001 for open-end generation.
Setting `pad_token_id` to `eos_token_id`:128001 for open-end generation.
Setting `pad_token_id` to `eos_token_id`:128001 for open-end generation.
Setting `pad_token_id` to `eos_token_id`:128001 for open-end generation.
Setting `pad_token_id` to `eos_token_id`:128001 for open-end generation.
Setting `pad_token_id` to `eos_token_id`:128001 for open-end generation.
Setting `pad_token_id` to `eos_token_id`:128001 for open-end generation.
Setting `pad_token_id` to `eos_token_id`:128001 for open-end generation.
Setting `pad_token_id` to `eos_token_id`:128001 for open-end generation.
Setting `pad_token_id` to `eos_token_id`:128001 for open-end generation.
Setting `pad_token_id` to `eos_token_id`:128001 for open-end generation.
Setting `pad_token_id` to `eos_token_id`:128001 for open-end generation.
Setting `pad_token_id` to `eos_token_id`:128001 for open-end generation.
Setting `pad_token_id` to `eos_token_id`:128001 for open-end generation.
Setting `pad_token_id` to `eos_token_id`:128001 for open-end generation.
Setting `pad_token_id` to `eos_token_id`:128001 for open-end generation.
Setting `pad_token_id` to `eos_token_id`:128001 for open-end generation.
Setting `pad_token_id` to `eos_token_id`:128001 for open-end generation.
Setting `pad_token_id` to `eos_token_id`:128001 for open-end generation.
Setting `pad_token_id` to `eos_token_id`:128001 for open-end generation.
Setting `pad_token_id` to `eos_token_id`:128001 for open-end generation.
Setting `pad_token_id` to `eos_token_id`:128001 for open-end generation.
Setting `pad_token_id` to `eos_token_id`:128001 for open-end generation.
Setting `pad_token_id` to `eos_token_id`:128001 for open-end generation.
Setting `pad_token_id` to `eos_token_id`:128001 for open-end generation.
Setting `pad_token_id` to `eos_token_id`:128001 for open-end generation.
Setting `pad_token_id` to `eos_token_id`:128001 for open-end generation.
Setting `pad_token_id` to `eos_token_id`:128001 for open-end generation.
Setting `pad_token_id` to `eos_token_id`:128001 for open-end generation.
Setting `pad_token_id` to `eos_token_id`:128001 for open-end generation.
Setting `pad_token_id` to `eos_token_id`:128001 for open-end generation.
Setting `pad_token_id` to `eos_token_id`:128001 for open-end generation.
Setting `pad_token_id` to `eos_token_id`:128001 for open-end generation.
Setting `pad_token_id` to `eos_token_id`:128001 for open-end generation.
Setting `pad_token_id` to `eos_token_id`:128001 for open-end generation.
Setting `pad_token_id` to `eos_token_id`:128001 for open-end generation.
Setting `pad_token_id` to `eos_token_id`:128001 for open-end generation.
Setting `pad_token_id` to `eos_token_id`:128001 for open-end generation.
Setting `pad_token_id` to `eos_token_id`:128001 for open-end generation.
Setting `pad_token_id` to `eos_token_id`:128001 for open-end generation.
Setting `pad_token_id` to `eos_token_id`:128001 for open-end generation.
Setting `pad_token_id` to `eos_token_id`:128001 for open-end generation.
Setting `pad_token_id` to `eos_token_id`:128001 for open-end generation.
Setting `pad_token_id` to `eos_token_id`:128001 for open-end generation.
Setting `pad_token_id` to `eos_token_id`:128001 for open-end generation.
Setting `pad_token_id` to `eos_token_id`:128001 for open-end generation.
Setting `pad_token_id` to `eos_token_id`:128001 for open-end generation.
Setting `pad_token_id` to `eos_token_id`:128001 for open-end generation.
Setting `pad_token_id` to `eos_token_id`:128001 for open-end generation.
Setting `pad_token_id` to `eos_token_id`:128001 for open-end generation.
Setting `pad_token_id` to `eos_token_id`:128001 for open-end generation.
Setting `pad_token_id` to `eos_token_id`:128001 for open-end generation.
Setting `pad_token_id` to `eos_token_id`:128001 for open-end generation.
Setting `pad_token_id` to `eos_token_id`:128001 for open-end generation.
Setting `pad_token_id` to `eos_token_id`:128001 for open-end generation.
Setting `pad_token_id` to `eos_token_id`:128001 for open-end generation.
Setting `pad_token_id` to `eos_token_id`:128001 for open-end generation.
Setting `pad_token_id` to `eos_token_id`:128001 for open-end generation.
Setting `pad_token_id` to `eos_token_id`:128001 for open-end generation.
Setting `pad_token_id` to `eos_token_id`:128001 for open-end generation.
Setting `pad_token_id` to `eos_token_id`:128001 for open-end generation.
Setting `pad_token_id` to `eos_token_id`:128001 for open-end generation.
Setting `pad_token_id` to `eos_token_id`:128001 for open-end generation.
Setting `pad_token_id` to `eos_token_id`:128001 for open-end generation.
Setting `pad_token_id` to `eos_token_id`:128001 for open-end generation.
Setting `pad_token_id` to `eos_token_id`:128001 for open-end generation.
Setting `pad_token_id` to `eos_token_id`:128001 for open-end generation.
Setting `pad_token_id` to `eos_token_id`:128001 for open-end generation.
Setting `pad_token_id` to `eos_token_id`:128001 for open-end generation.
Setting `pad_token_id` to `eos_token_id`:128001 for open-end generation.
Setting `pad_token_id` to `eos_token_id`:128001 for open-end generation.
Setting `pad_token_id` to `eos_token_id`:128001 for open-end generation.
Setting `pad_token_id` to `eos_token_id`:128001 for open-end generation.
Setting `pad_token_id` to `eos_token_id`:128001 for open-end generation.
Setting `pad_token_id` to `eos_token_id`:128001 for open-end generation.
Setting `pad_token_id` to `eos_token_id`:128001 for open-end generation.
Setting `pad_token_id` to `eos_token_id`:128001 for open-end generation.
Setting `pad_token_id` to `eos_token_id`:128001 for open-end generation.
Setting `pad_token_id` to `eos_token_id`:128001 for open-end generation.
Setting `pad_token_id` to `eos_token_id`:128001 for open-end generation.
Setting `pad_token_id` to `eos_token_id`:128001 for open-end generation.
Setting `pad_token_id` to `eos_token_id`:128001 for open-end generation.
Setting `pad_token_id` to `eos_token_id`:128001 for open-end generation.
Setting `pad_token_id` to `eos_token_id`:128001 for open-end generation.
Setting `pad_token_id` to `eos_token_id`:128001 for open-end generation.
Setting `pad_token_id` to `eos_token_id`:128001 for open-end generation.
Setting `pad_token_id` to `eos_token_id`:128001 for open-end generation.
Setting `pad_token_id` to `eos_token_id`:128001 for open-end generation.
Setting `pad_token_id` to `eos_token_id`:128001 for open-end generation.
Setting `pad_token_id` to `eos_token_id`:128001 for open-end generation.
Setting `pad_token_id` to `eos_token_id`:128001 for open-end generation.
Setting `pad_token_id` to `eos_token_id`:128001 for open-end generation.
Setting `pad_token_id` to `eos_token_id`:128001 for open-end generation.
Setting `pad_token_id` to `eos_token_id`:128001 for open-end generation.
Setting `pad_token_id` to `eos_token_id`:128001 for open-end generation.
Setting `pad_token_id` to `eos_token_id`:128001 for open-end generation.
Setting `pad_token_id` to `eos_token_id`:128001 for open-end generation.
Setting `pad_token_id` to `eos_token_id`:128001 for open-end generation.
Setting `pad_token_id` to `eos_token_id`:128001 for open-end generation.
Setting `pad_token_id` to `eos_token_id`:128001 for open-end generation.
Setting `pad_token_id` to `eos_token_id`:128001 for open-end generation.
Setting `pad_token_id` to `eos_token_id`:128001 for open-end generation.
Setting `pad_token_id` to `eos_token_id`:128001 for open-end generation.
Setting `pad_token_id` to `eos_token_id`:128001 for open-end generation.
Setting `pad_token_id` to `eos_token_id`:128001 for open-end generation.
Setting `pad_token_id` to `eos_token_id`:128001 for open-end generation.
Setting `pad_token_id` to `eos_token_id`:128001 for open-end generation.
Setting `pad_token_id` to `eos_token_id`:128001 for open-end generation.
Setting `pad_token_id` to `eos_token_id`:128001 for open-end generation.
Setting `pad_token_id` to `eos_token_id`:128001 for open-end generation.
Setting `pad_token_id` to `eos_token_id`:128001 for open-end generation.
Setting `pad_token_id` to `eos_token_id`:128001 for open-end generation.
Setting `pad_token_id` to `eos_token_id`:128001 for open-end generation.
Setting `pad_token_id` to `eos_token_id`:128001 for open-end generation.
Setting `pad_token_id` to `eos_token_id`:128001 for open-end generation.
Setting `pad_token_id` to `eos_token_id`:128001 for open-end generation.
Setting `pad_token_id` to `eos_token_id`:128001 for open-end generation.
Setting `pad_token_id` to `eos_token_id`:128001 for open-end generation.
Setting `pad_token_id` to `eos_token_id`:128001 for open-end generation.
Setting `pad_token_id` to `eos_token_id`:128001 for open-end generation.
Setting `pad_token_id` to `eos_token_id`:128001 for open-end generation.
Setting `pad_token_id` to `eos_token_id`:128001 for open-end generation.
Setting `pad_token_id` to `eos_token_id`:128001 for open-end generation.
Setting `pad_token_id` to `eos_token_id`:128001 for open-end generation.
Setting `pad_token_id` to `eos_token_id`:128001 for open-end generation.
Setting `pad_token_id` to `eos_token_id`:128001 for open-end generation.
Setting `pad_token_id` to `eos_token_id`:128001 for open-end generation.
Setting `pad_token_id` to `eos_token_id`:128001 for open-end generation.
Setting `pad_token_id` to `eos_token_id`:128001 for open-end generation.
Setting `pad_token_id` to `eos_token_id`:128001 for open-end generation.
Setting `pad_token_id` to `eos_token_id`:128001 for open-end generation.
Setting `pad_token_id` to `eos_token_id`:128001 for open-end generation.
Setting `pad_token_id` to `eos_token_id`:128001 for open-end generation.
Setting `pad_token_id` to `eos_token_id`:128001 for open-end generation.
Setting `pad_token_id` to `eos_token_id`:128001 for open-end generation.
Setting `pad_token_id` to `eos_token_id`:128001 for open-end generation.
Setting `pad_token_id` to `eos_token_id`:128001 for open-end generation.
Setting `pad_token_id` to `eos_token_id`:128001 for open-end generation.
Setting `pad_token_id` to `eos_token_id`:128001 for open-end generation.
Setting `pad_token_id` to `eos_token_id`:128001 for open-end generation.
Setting `pad_token_id` to `eos_token_id`:128001 for open-end generation.
Setting `pad_token_id` to `eos_token_id`:128001 for open-end generation.
Setting `pad_token_id` to `eos_token_id`:128001 for open-end generation.
Setting `pad_token_id` to `eos_token_id`:128001 for open-end generation.
Setting `pad_token_id` to `eos_token_id`:128001 for open-end generation.
Setting `pad_token_id` to `eos_token_id`:128001 for open-end generation.
Setting `pad_token_id` to `eos_token_id`:128001 for open-end generation.
Setting `pad_token_id` to `eos_token_id`:128001 for open-end generation.
Setting `pad_token_id` to `eos_token_id`:128001 for open-end generation.
Setting `pad_token_id` to `eos_token_id`:128001 for open-end generation.
Setting `pad_token_id` to `eos_token_id`:128001 for open-end generation.
Setting `pad_token_id` to `eos_token_id`:128001 for open-end generation.
Setting `pad_token_id` to `eos_token_id`:128001 for open-end generation.
Setting `pad_token_id` to `eos_token_id`:128001 for open-end generation.
Setting `pad_token_id` to `eos_token_id`:128001 for open-end generation.
Setting `pad_token_id` to `eos_token_id`:128001 for open-end generation.
Setting `pad_token_id` to `eos_token_id`:128001 for open-end generation.
Setting `pad_token_id` to `eos_token_id`:128001 for open-end generation.
Setting `pad_token_id` to `eos_token_id`:128001 for open-end generation.
Setting `pad_token_id` to `eos_token_id`:128001 for open-end generation.
Setting `pad_token_id` to `eos_token_id`:128001 for open-end generation.
Setting `pad_token_id` to `eos_token_id`:128001 for open-end generation.
Setting `pad_token_id` to `eos_token_id`:128001 for open-end generation.
Setting `pad_token_id` to `eos_token_id`:128001 for open-end generation.
Setting `pad_token_id` to `eos_token_id`:128001 for open-end generation.
Setting `pad_token_id` to `eos_token_id`:128001 for open-end generation.
Setting `pad_token_id` to `eos_token_id`:128001 for open-end generation.
Setting `pad_token_id` to `eos_token_id`:128001 for open-end generation.
Setting `pad_token_id` to `eos_token_id`:128001 for open-end generation.
Setting `pad_token_id` to `eos_token_id`:128001 for open-end generation.
Setting `pad_token_id` to `eos_token_id`:128001 for open-end generation.
Setting `pad_token_id` to `eos_token_id`:128001 for open-end generation.
Setting `pad_token_id` to `eos_token_id`:128001 for open-end generation.
Setting `pad_token_id` to `eos_token_id`:128001 for open-end generation.
Setting `pad_token_id` to `eos_token_id`:128001 for open-end generation.
Setting `pad_token_id` to `eos_token_id`:128001 for open-end generation.
Setting `pad_token_id` to `eos_token_id`:128001 for open-end generation.
Setting `pad_token_id` to `eos_token_id`:128001 for open-end generation.
Setting `pad_token_id` to `eos_token_id`:128001 for open-end generation.
Setting `pad_token_id` to `eos_token_id`:128001 for open-end generation.
Setting `pad_token_id` to `eos_token_id`:128001 for open-end generation.
Setting `pad_token_id` to `eos_token_id`:128001 for open-end generation.
Setting `pad_token_id` to `eos_token_id`:128001 for open-end generation.
Setting `pad_token_id` to `eos_token_id`:128001 for open-end generation.
Setting `pad_token_id` to `eos_token_id`:128001 for open-end generation.
Setting `pad_token_id` to `eos_token_id`:128001 for open-end generation.
Setting `pad_token_id` to `eos_token_id`:128001 for open-end generation.
Setting `pad_token_id` to `eos_token_id`:128001 for open-end generation.
Setting `pad_token_id` to `eos_token_id`:128001 for open-end generation.
Setting `pad_token_id` to `eos_token_id`:128001 for open-end generation.
Setting `pad_token_id` to `eos_token_id`:128001 for open-end generation.
Setting `pad_token_id` to `eos_token_id`:128001 for open-end generation.
Setting `pad_token_id` to `eos_token_id`:128001 for open-end generation.
Setting `pad_token_id` to `eos_token_id`:128001 for open-end generation.
Setting `pad_token_id` to `eos_token_id`:128001 for open-end generation.
Setting `pad_token_id` to `eos_token_id`:128001 for open-end generation.
Setting `pad_token_id` to `eos_token_id`:128001 for open-end generation.
Setting `pad_token_id` to `eos_token_id`:128001 for open-end generation.
Setting `pad_token_id` to `eos_token_id`:128001 for open-end generation.
Setting `pad_token_id` to `eos_token_id`:128001 for open-end generation.
Setting `pad_token_id` to `eos_token_id`:128001 for open-end generation.
Setting `pad_token_id` to `eos_token_id`:128001 for open-end generation.
Setting `pad_token_id` to `eos_token_id`:128001 for open-end generation.
Setting `pad_token_id` to `eos_token_id`:128001 for open-end generation.
Setting `pad_token_id` to `eos_token_id`:128001 for open-end generation.
Setting `pad_token_id` to `eos_token_id`:128001 for open-end generation.
Setting `pad_token_id` to `eos_token_id`:128001 for open-end generation.
Setting `pad_token_id` to `eos_token_id`:128001 for open-end generation.
Setting `pad_token_id` to `eos_token_id`:128001 for open-end generation.
Setting `pad_token_id` to `eos_token_id`:128001 for open-end generation.
Setting `pad_token_id` to `eos_token_id`:128001 for open-end generation.
Setting `pad_token_id` to `eos_token_id`:128001 for open-end generation.
Setting `pad_token_id` to `eos_token_id`:128001 for open-end generation.
Setting `pad_token_id` to `eos_token_id`:128001 for open-end generation.
Setting `pad_token_id` to `eos_token_id`:128001 for open-end generation.
Setting `pad_token_id` to `eos_token_id`:128001 for open-end generation.
Setting `pad_token_id` to `eos_token_id`:128001 for open-end generation.
Setting `pad_token_id` to `eos_token_id`:128001 for open-end generation.
Setting `pad_token_id` to `eos_token_id`:128001 for open-end generation.
Setting `pad_token_id` to `eos_token_id`:128001 for open-end generation.
Setting `pad_token_id` to `eos_token_id`:128001 for open-end generation.
Setting `pad_token_id` to `eos_token_id`:128001 for open-end generation.
Setting `pad_token_id` to `eos_token_id`:128001 for open-end generation.
Setting `pad_token_id` to `eos_token_id`:128001 for open-end generation.
Setting `pad_token_id` to `eos_token_id`:128001 for open-end generation.
Setting `pad_token_id` to `eos_token_id`:128001 for open-end generation.
Setting `pad_token_id` to `eos_token_id`:128001 for open-end generation.
Setting `pad_token_id` to `eos_token_id`:128001 for open-end generation.
Setting `pad_token_id` to `eos_token_id`:128001 for open-end generation.
Setting `pad_token_id` to `eos_token_id`:128001 for open-end generation.
Setting `pad_token_id` to `eos_token_id`:128001 for open-end generation.
Setting `pad_token_id` to `eos_token_id`:128001 for open-end generation.
Setting `pad_token_id` to `eos_token_id`:128001 for open-end generation.
Setting `pad_token_id` to `eos_token_id`:128001 for open-end generation.
Setting `pad_token_id` to `eos_token_id`:128001 for open-end generation.
Setting `pad_token_id` to `eos_token_id`:128001 for open-end generation.
Setting `pad_token_id` to `eos_token_id`:128001 for open-end generation.
Setting `pad_token_id` to `eos_token_id`:128001 for open-end generation.
Setting `pad_token_id` to `eos_token_id`:128001 for open-end generation.
Setting `pad_token_id` to `eos_token_id`:128001 for open-end generation.
Setting `pad_token_id` to `eos_token_id`:128001 for open-end generation.
Setting `pad_token_id` to `eos_token_id`:128001 for open-end generation.
Setting `pad_token_id` to `eos_token_id`:128001 for open-end generation.
Setting `pad_token_id` to `eos_token_id`:128001 for open-end generation.
Setting `pad_token_id` to `eos_token_id`:128001 for open-end generation.
Setting `pad_token_id` to `eos_token_id`:128001 for open-end generation.
Setting `pad_token_id` to `eos_token_id`:128001 for open-end generation.
Setting `pad_token_id` to `eos_token_id`:128001 for open-end generation.
Setting `pad_token_id` to `eos_token_id`:128001 for open-end generation.
Setting `pad_token_id` to `eos_token_id`:128001 for open-end generation.
Setting `pad_token_id` to `eos_token_id`:128001 for open-end generation.
Setting `pad_token_id` to `eos_token_id`:128001 for open-end generation.
Setting `pad_token_id` to `eos_token_id`:128001 for open-end generation.
Setting `pad_token_id` to `eos_token_id`:128001 for open-end generation.
Setting `pad_token_id` to `eos_token_id`:128001 for open-end generation.
Setting `pad_token_id` to `eos_token_id`:128001 for open-end generation.
Setting `pad_token_id` to `eos_token_id`:128001 for open-end generation.
Setting `pad_token_id` to `eos_token_id`:128001 for open-end generation.
Setting `pad_token_id` to `eos_token_id`:128001 for open-end generation.
Setting `pad_token_id` to `eos_token_id`:128001 for open-end generation.
Setting `pad_token_id` to `eos_token_id`:128001 for open-end generation.
Setting `pad_token_id` to `eos_token_id`:128001 for open-end generation.
Setting `pad_token_id` to `eos_token_id`:128001 for open-end generation.
Setting `pad_token_id` to `eos_token_id`:128001 for open-end generation.
Setting `pad_token_id` to `eos_token_id`:128001 for open-end generation.
Setting `pad_token_id` to `eos_token_id`:128001 for open-end generation.
Setting `pad_token_id` to `eos_token_id`:128001 for open-end generation.
Setting `pad_token_id` to `eos_token_id`:128001 for open-end generation.
Setting `pad_token_id` to `eos_token_id`:128001 for open-end generation.
Setting `pad_token_id` to `eos_token_id`:128001 for open-end generation.
Setting `pad_token_id` to `eos_token_id`:128001 for open-end generation.
Setting `pad_token_id` to `eos_token_id`:128001 for open-end generation.
Setting `pad_token_id` to `eos_token_id`:128001 for open-end generation.
Setting `pad_token_id` to `eos_token_id`:128001 for open-end generation.
Setting `pad_token_id` to `eos_token_id`:128001 for open-end generation.
Setting `pad_token_id` to `eos_token_id`:128001 for open-end generation.
Setting `pad_token_id` to `eos_token_id`:128001 for open-end generation.
Setting `pad_token_id` to `eos_token_id`:128001 for open-end generation.
Setting `pad_token_id` to `eos_token_id`:128001 for open-end generation.
Setting `pad_token_id` to `eos_token_id`:128001 for open-end generation.
Setting `pad_token_id` to `eos_token_id`:128001 for open-end generation.
Setting `pad_token_id` to `eos_token_id`:128001 for open-end generation.
Setting `pad_token_id` to `eos_token_id`:128001 for open-end generation.
Setting `pad_token_id` to `eos_token_id`:128001 for open-end generation.
Setting `pad_token_id` to `eos_token_id`:128001 for open-end generation.
Setting `pad_token_id` to `eos_token_id`:128001 for open-end generation.
Setting `pad_token_id` to `eos_token_id`:128001 for open-end generation.
Setting `pad_token_id` to `eos_token_id`:128001 for open-end generation.
Setting `pad_token_id` to `eos_token_id`:128001 for open-end generation.
Setting `pad_token_id` to `eos_token_id`:128001 for open-end generation.
Setting `pad_token_id` to `eos_token_id`:128001 for open-end generation.
Setting `pad_token_id` to `eos_token_id`:128001 for open-end generation.
Setting `pad_token_id` to `eos_token_id`:128001 for open-end generation.
Setting `pad_token_id` to `eos_token_id`:128001 for open-end generation.
Setting `pad_token_id` to `eos_token_id`:128001 for open-end generation.
Setting `pad_token_id` to `eos_token_id`:128001 for open-end generation.
Setting `pad_token_id` to `eos_token_id`:128001 for open-end generation.
Setting `pad_token_id` to `eos_token_id`:128001 for open-end generation.
Setting `pad_token_id` to `eos_token_id`:128001 for open-end generation.
Setting `pad_token_id` to `eos_token_id`:128001 for open-end generation.
Setting `pad_token_id` to `eos_token_id`:128001 for open-end generation.
Setting `pad_token_id` to `eos_token_id`:128001 for open-end generation.
Setting `pad_token_id` to `eos_token_id`:128001 for open-end generation.
Setting `pad_token_id` to `eos_token_id`:128001 for open-end generation.
Setting `pad_token_id` to `eos_token_id`:128001 for open-end generation.
Setting `pad_token_id` to `eos_token_id`:128001 for open-end generation.
Setting `pad_token_id` to `eos_token_id`:128001 for open-end generation.
Setting `pad_token_id` to `eos_token_id`:128001 for open-end generation.
Setting `pad_token_id` to `eos_token_id`:128001 for open-end generation.
Setting `pad_token_id` to `eos_token_id`:128001 for open-end generation.
Setting `pad_token_id` to `eos_token_id`:128001 for open-end generation.
Setting `pad_token_id` to `eos_token_id`:128001 for open-end generation.
Setting `pad_token_id` to `eos_token_id`:128001 for open-end generation.
Setting `pad_token_id` to `eos_token_id`:128001 for open-end generation.
Setting `pad_token_id` to `eos_token_id`:128001 for open-end generation.
Setting `pad_token_id` to `eos_token_id`:128001 for open-end generation.
Setting `pad_token_id` to `eos_token_id`:128001 for open-end generation.
Setting `pad_token_id` to `eos_token_id`:128001 for open-end generation.
Setting `pad_token_id` to `eos_token_id`:128001 for open-end generation.
Setting `pad_token_id` to `eos_token_id`:128001 for open-end generation.
Setting `pad_token_id` to `eos_token_id`:128001 for open-end generation.
Setting `pad_token_id` to `eos_token_id`:128001 for open-end generation.
Setting `pad_token_id` to `eos_token_id`:128001 for open-end generation.
Setting `pad_token_id` to `eos_token_id`:128001 for open-end generation.
Setting `pad_token_id` to `eos_token_id`:128001 for open-end generation.
Setting `pad_token_id` to `eos_token_id`:128001 for open-end generation.
Setting `pad_token_id` to `eos_token_id`:128001 for open-end generation.
Setting `pad_token_id` to `eos_token_id`:128001 for open-end generation.
Setting `pad_token_id` to `eos_token_id`:128001 for open-end generation.
Setting `pad_token_id` to `eos_token_id`:128001 for open-end generation.
Setting `pad_token_id` to `eos_token_id`:128001 for open-end generation.
Setting `pad_token_id` to `eos_token_id`:128001 for open-end generation.
Setting `pad_token_id` to `eos_token_id`:128001 for open-end generation.
Setting `pad_token_id` to `eos_token_id`:128001 for open-end generation.
Setting `pad_token_id` to `eos_token_id`:128001 for open-end generation.
Setting `pad_token_id` to `eos_token_id`:128001 for open-end generation.
Setting `pad_token_id` to `eos_token_id`:128001 for open-end generation.
Setting `pad_token_id` to `eos_token_id`:128001 for open-end generation.
Setting `pad_token_id` to `eos_token_id`:128001 for open-end generation.
Setting `pad_token_id` to `eos_token_id`:128001 for open-end generation.
Setting `pad_token_id` to `eos_token_id`:128001 for open-end generation.
Setting `pad_token_id` to `eos_token_id`:128001 for open-end generation.
Setting `pad_token_id` to `eos_token_id`:128001 for open-end generation.
Setting `pad_token_id` to `eos_token_id`:128001 for open-end generation.
Setting `pad_token_id` to `eos_token_id`:128001 for open-end generation.
Setting `pad_token_id` to `eos_token_id`:128001 for open-end generation.
Setting `pad_token_id` to `eos_token_id`:128001 for open-end generation.
Setting `pad_token_id` to `eos_token_id`:128001 for open-end generation.
Setting `pad_token_id` to `eos_token_id`:128001 for open-end generation.
Setting `pad_token_id` to `eos_token_id`:128001 for open-end generation.
Setting `pad_token_id` to `eos_token_id`:128001 for open-end generation.
Setting `pad_token_id` to `eos_token_id`:128001 for open-end generation.
Setting `pad_token_id` to `eos_token_id`:128001 for open-end generation.
Setting `pad_token_id` to `eos_token_id`:128001 for open-end generation.
Setting `pad_token_id` to `eos_token_id`:128001 for open-end generation.
Setting `pad_token_id` to `eos_token_id`:128001 for open-end generation.
Setting `pad_token_id` to `eos_token_id`:128001 for open-end generation.
Setting `pad_token_id` to `eos_token_id`:128001 for open-end generation.
Setting `pad_token_id` to `eos_token_id`:128001 for open-end generation.
Setting `pad_token_id` to `eos_token_id`:128001 for open-end generation.
Setting `pad_token_id` to `eos_token_id`:128001 for open-end generation.
Setting `pad_token_id` to `eos_token_id`:128001 for open-end generation.
Setting `pad_token_id` to `eos_token_id`:128001 for open-end generation.
Setting `pad_token_id` to `eos_token_id`:128001 for open-end generation.
Setting `pad_token_id` to `eos_token_id`:128001 for open-end generation.
Setting `pad_token_id` to `eos_token_id`:128001 for open-end generation.
Setting `pad_token_id` to `eos_token_id`:128001 for open-end generation.
Setting `pad_token_id` to `eos_token_id`:128001 for open-end generation.
Setting `pad_token_id` to `eos_token_id`:128001 for open-end generation.
Setting `pad_token_id` to `eos_token_id`:128001 for open-end generation.
Setting `pad_token_id` to `eos_token_id`:128001 for open-end generation.
Setting `pad_token_id` to `eos_token_id`:128001 for open-end generation.
Setting `pad_token_id` to `eos_token_id`:128001 for open-end generation.
Setting `pad_token_id` to `eos_token_id`:128001 for open-end generation.
Setting `pad_token_id` to `eos_token_id`:128001 for open-end generation.
Setting `pad_token_id` to `eos_token_id`:128001 for open-end generation.
Setting `pad_token_id` to `eos_token_id`:128001 for open-end generation.
Setting `pad_token_id` to `eos_token_id`:128001 for open-end generation.
Setting `pad_token_id` to `eos_token_id`:128001 for open-end generation.
Setting `pad_token_id` to `eos_token_id`:128001 for open-end generation.
Setting `pad_token_id` to `eos_token_id`:128001 for open-end generation.
Setting `pad_token_id` to `eos_token_id`:128001 for open-end generation.
Setting `pad_token_id` to `eos_token_id`:128001 for open-end generation.
Setting `pad_token_id` to `eos_token_id`:128001 for open-end generation.
Setting `pad_token_id` to `eos_token_id`:128001 for open-end generation.
Setting `pad_token_id` to `eos_token_id`:128001 for open-end generation.
Setting `pad_token_id` to `eos_token_id`:128001 for open-end generation.
Setting `pad_token_id` to `eos_token_id`:128001 for open-end generation.
Setting `pad_token_id` to `eos_token_id`:128001 for open-end generation.
Setting `pad_token_id` to `eos_token_id`:128001 for open-end generation.
Setting `pad_token_id` to `eos_token_id`:128001 for open-end generation.
Setting `pad_token_id` to `eos_token_id`:128001 for open-end generation.
Setting `pad_token_id` to `eos_token_id`:128001 for open-end generation.
Setting `pad_token_id` to `eos_token_id`:128001 for open-end generation.
Setting `pad_token_id` to `eos_token_id`:128001 for open-end generation.
Setting `pad_token_id` to `eos_token_id`:128001 for open-end generation.
Setting `pad_token_id` to `eos_token_id`:128001 for open-end generation.
Setting `pad_token_id` to `eos_token_id`:128001 for open-end generation.
Setting `pad_token_id` to `eos_token_id`:128001 for open-end generation.
Setting `pad_token_id` to `eos_token_id`:128001 for open-end generation.
Setting `pad_token_id` to `eos_token_id`:128001 for open-end generation.
Setting `pad_token_id` to `eos_token_id`:128001 for open-end generation.
Setting `pad_token_id` to `eos_token_id`:128001 for open-end generation.
Setting `pad_token_id` to `eos_token_id`:128001 for open-end generation.
Setting `pad_token_id` to `eos_token_id`:128001 for open-end generation.
Setting `pad_token_id` to `eos_token_id`:128001 for open-end generation.
Setting `pad_token_id` to `eos_token_id`:128001 for open-end generation.
Setting `pad_token_id` to `eos_token_id`:128001 for open-end generation.
Setting `pad_token_id` to `eos_token_id`:128001 for open-end generation.
Setting `pad_token_id` to `eos_token_id`:128001 for open-end generation.
Setting `pad_token_id` to `eos_token_id`:128001 for open-end generation.
Setting `pad_token_id` to `eos_token_id`:128001 for open-end generation.
Setting `pad_token_id` to `eos_token_id`:128001 for open-end generation.
Setting `pad_token_id` to `eos_token_id`:128001 for open-end generation.
Setting `pad_token_id` to `eos_token_id`:128001 for open-end generation.
Setting `pad_token_id` to `eos_token_id`:128001 for open-end generation.
Setting `pad_token_id` to `eos_token_id`:128001 for open-end generation.
Setting `pad_token_id` to `eos_token_id`:128001 for open-end generation.
Setting `pad_token_id` to `eos_token_id`:128001 for open-end generation.
Setting `pad_token_id` to `eos_token_id`:128001 for open-end generation.
Setting `pad_token_id` to `eos_token_id`:128001 for open-end generation.
Setting `pad_token_id` to `eos_token_id`:128001 for open-end generation.
Setting `pad_token_id` to `eos_token_id`:128001 for open-end generation.
Setting `pad_token_id` to `eos_token_id`:128001 for open-end generation.
Setting `pad_token_id` to `eos_token_id`:128001 for open-end generation.
Setting `pad_token_id` to `eos_token_id`:128001 for open-end generation.
Setting `pad_token_id` to `eos_token_id`:128001 for open-end generation.
Setting `pad_token_id` to `eos_token_id`:128001 for open-end generation.
Setting `pad_token_id` to `eos_token_id`:128001 for open-end generation.
Setting `pad_token_id` to `eos_token_id`:128001 for open-end generation.
Setting `pad_token_id` to `eos_token_id`:128001 for open-end generation.
Setting `pad_token_id` to `eos_token_id`:128001 for open-end generation.
Setting `pad_token_id` to `eos_token_id`:128001 for open-end generation.
Setting `pad_token_id` to `eos_token_id`:128001 for open-end generation.
Setting `pad_token_id` to `eos_token_id`:128001 for open-end generation.
Setting `pad_token_id` to `eos_token_id`:128001 for open-end generation.
Setting `pad_token_id` to `eos_token_id`:128001 for open-end generation.
Setting `pad_token_id` to `eos_token_id`:128001 for open-end generation.
Setting `pad_token_id` to `eos_token_id`:128001 for open-end generation.
Setting `pad_token_id` to `eos_token_id`:128001 for open-end generation.
Setting `pad_token_id` to `eos_token_id`:128001 for open-end generation.
Setting `pad_token_id` to `eos_token_id`:128001 for open-end generation.
Setting `pad_token_id` to `eos_token_id`:128001 for open-end generation.
Setting `pad_token_id` to `eos_token_id`:128001 for open-end generation.
Setting `pad_token_id` to `eos_token_id`:128001 for open-end generation.
Setting `pad_token_id` to `eos_token_id`:128001 for open-end generation.
Setting `pad_token_id` to `eos_token_id`:128001 for open-end generation.
Setting `pad_token_id` to `eos_token_id`:128001 for open-end generation.
Setting `pad_token_id` to `eos_token_id`:128001 for open-end generation.
Setting `pad_token_id` to `eos_token_id`:128001 for open-end generation.
Setting `pad_token_id` to `eos_token_id`:128001 for open-end generation.
Setting `pad_token_id` to `eos_token_id`:128001 for open-end generation.
Setting `pad_token_id` to `eos_token_id`:128001 for open-end generation.
Setting `pad_token_id` to `eos_token_id`:128001 for open-end generation.
Setting `pad_token_id` to `eos_token_id`:128001 for open-end generation.
Setting `pad_token_id` to `eos_token_id`:128001 for open-end generation.
Setting `pad_token_id` to `eos_token_id`:128001 for open-end generation.
Setting `pad_token_id` to `eos_token_id`:128001 for open-end generation.
Setting `pad_token_id` to `eos_token_id`:128001 for open-end generation.
Setting `pad_token_id` to `eos_token_id`:128001 for open-end generation.
Setting `pad_token_id` to `eos_token_id`:128001 for open-end generation.
Setting `pad_token_id` to `eos_token_id`:128001 for open-end generation.
Setting `pad_token_id` to `eos_token_id`:128001 for open-end generation.
Setting `pad_token_id` to `eos_token_id`:128001 for open-end generation.
Setting `pad_token_id` to `eos_token_id`:128001 for open-end generation.
Setting `pad_token_id` to `eos_token_id`:128001 for open-end generation.
Setting `pad_token_id` to `eos_token_id`:128001 for open-end generation.
Setting `pad_token_id` to `eos_token_id`:128001 for open-end generation.
Setting `pad_token_id` to `eos_token_id`:128001 for open-end generation.
Setting `pad_token_id` to `eos_token_id`:128001 for open-end generation.
Setting `pad_token_id` to `eos_token_id`:128001 for open-end generation.
Setting `pad_token_id` to `eos_token_id`:128001 for open-end generation.
Setting `pad_token_id` to `eos_token_id`:128001 for open-end generation.
Setting `pad_token_id` to `eos_token_id`:128001 for open-end generation.
Setting `pad_token_id` to `eos_token_id`:128001 for open-end generation.
Setting `pad_token_id` to `eos_token_id`:128001 for open-end generation.
Setting `pad_token_id` to `eos_token_id`:128001 for open-end generation.
Setting `pad_token_id` to `eos_token_id`:128001 for open-end generation.
Setting `pad_token_id` to `eos_token_id`:128001 for open-end generation.
Setting `pad_token_id` to `eos_token_id`:128001 for open-end generation.
Setting `pad_token_id` to `eos_token_id`:128001 for open-end generation.
Setting `pad_token_id` to `eos_token_id`:128001 for open-end generation.
Setting `pad_token_id` to `eos_token_id`:128001 for open-end generation.
Setting `pad_token_id` to `eos_token_id`:128001 for open-end generation.
Setting `pad_token_id` to `eos_token_id`:128001 for open-end generation.
Setting `pad_token_id` to `eos_token_id`:128001 for open-end generation.
Setting `pad_token_id` to `eos_token_id`:128001 for open-end generation.
Setting `pad_token_id` to `eos_token_id`:128001 for open-end generation.
Setting `pad_token_id` to `eos_token_id`:128001 for open-end generation.
Setting `pad_token_id` to `eos_token_id`:128001 for open-end generation.
Setting `pad_token_id` to `eos_token_id`:128001 for open-end generation.
Setting `pad_token_id` to `eos_token_id`:128001 for open-end generation.
Setting `pad_token_id` to `eos_token_id`:128001 for open-end generation.
Setting `pad_token_id` to `eos_token_id`:128001 for open-end generation.
Setting `pad_token_id` to `eos_token_id`:128001 for open-end generation.
Setting `pad_token_id` to `eos_token_id`:128001 for open-end generation.
Setting `pad_token_id` to `eos_token_id`:128001 for open-end generation.
Setting `pad_token_id` to `eos_token_id`:128001 for open-end generation.
Setting `pad_token_id` to `eos_token_id`:128001 for open-end generation.
Setting `pad_token_id` to `eos_token_id`:128001 for open-end generation.
Setting `pad_token_id` to `eos_token_id`:128001 for open-end generation.
Setting `pad_token_id` to `eos_token_id`:128001 for open-end generation.
Setting `pad_token_id` to `eos_token_id`:128001 for open-end generation.
Setting `pad_token_id` to `eos_token_id`:128001 for open-end generation.
Setting `pad_token_id` to `eos_token_id`:128001 for open-end generation.
Setting `pad_token_id` to `eos_token_id`:128001 for open-end generation.
Setting `pad_token_id` to `eos_token_id`:128001 for open-end generation.
Setting `pad_token_id` to `eos_token_id`:128001 for open-end generation.
Setting `pad_token_id` to `eos_token_id`:128001 for open-end generation.
Setting `pad_token_id` to `eos_token_id`:128001 for open-end generation.
Setting `pad_token_id` to `eos_token_id`:128001 for open-end generation.
Setting `pad_token_id` to `eos_token_id`:128001 for open-end generation.
Setting `pad_token_id` to `eos_token_id`:128001 for open-end generation.
Setting `pad_token_id` to `eos_token_id`:128001 for open-end generation.
Setting `pad_token_id` to `eos_token_id`:128001 for open-end generation.
Setting `pad_token_id` to `eos_token_id`:128001 for open-end generation.
Setting `pad_token_id` to `eos_token_id`:128001 for open-end generation.
Setting `pad_token_id` to `eos_token_id`:128001 for open-end generation.
Setting `pad_token_id` to `eos_token_id`:128001 for open-end generation.
Setting `pad_token_id` to `eos_token_id`:128001 for open-end generation.
Setting `pad_token_id` to `eos_token_id`:128001 for open-end generation.
Setting `pad_token_id` to `eos_token_id`:128001 for open-end generation.
Setting `pad_token_id` to `eos_token_id`:128001 for open-end generation.
Setting `pad_token_id` to `eos_token_id`:128001 for open-end generation.
Setting `pad_token_id` to `eos_token_id`:128001 for open-end generation.
Setting `pad_token_id` to `eos_token_id`:128001 for open-end generation.
Setting `pad_token_id` to `eos_token_id`:128001 for open-end generation.
Setting `pad_token_id` to `eos_token_id`:128001 for open-end generation.
Setting `pad_token_id` to `eos_token_id`:128001 for open-end generation.
Setting `pad_token_id` to `eos_token_id`:128001 for open-end generation.
Setting `pad_token_id` to `eos_token_id`:128001 for open-end generation.
Setting `pad_token_id` to `eos_token_id`:128001 for open-end generation.
Setting `pad_token_id` to `eos_token_id`:128001 for open-end generation.
Setting `pad_token_id` to `eos_token_id`:128001 for open-end generation.
Setting `pad_token_id` to `eos_token_id`:128001 for open-end generation.
Setting `pad_token_id` to `eos_token_id`:128001 for open-end generation.
Setting `pad_token_id` to `eos_token_id`:128001 for open-end generation.
Setting `pad_token_id` to `eos_token_id`:128001 for open-end generation.
Setting `pad_token_id` to `eos_token_id`:128001 for open-end generation.
Setting `pad_token_id` to `eos_token_id`:128001 for open-end generation.
Setting `pad_token_id` to `eos_token_id`:128001 for open-end generation.
Setting `pad_token_id` to `eos_token_id`:128001 for open-end generation.
Setting `pad_token_id` to `eos_token_id`:128001 for open-end generation.
Setting `pad_token_id` to `eos_token_id`:128001 for open-end generation.
Setting `pad_token_id` to `eos_token_id`:128001 for open-end generation.
Setting `pad_token_id` to `eos_token_id`:128001 for open-end generation.
Setting `pad_token_id` to `eos_token_id`:128001 for open-end generation.
Setting `pad_token_id` to `eos_token_id`:128001 for open-end generation.
Setting `pad_token_id` to `eos_token_id`:128001 for open-end generation.
Setting `pad_token_id` to `eos_token_id`:128001 for open-end generation.
Setting `pad_token_id` to `eos_token_id`:128001 for open-end generation.
Setting `pad_token_id` to `eos_token_id`:128001 for open-end generation.
Setting `pad_token_id` to `eos_token_id`:128001 for open-end generation.
Setting `pad_token_id` to `eos_token_id`:128001 for open-end generation.
Setting `pad_token_id` to `eos_token_id`:128001 for open-end generation.
Setting `pad_token_id` to `eos_token_id`:128001 for open-end generation.
Setting `pad_token_id` to `eos_token_id`:128001 for open-end generation.
Setting `pad_token_id` to `eos_token_id`:128001 for open-end generation.
Setting `pad_token_id` to `eos_token_id`:128001 for open-end generation.
Setting `pad_token_id` to `eos_token_id`:128001 for open-end generation.
Setting `pad_token_id` to `eos_token_id`:128001 for open-end generation.
Setting `pad_token_id` to `eos_token_id`:128001 for open-end generation.
Setting `pad_token_id` to `eos_token_id`:128001 for open-end generation.
Setting `pad_token_id` to `eos_token_id`:128001 for open-end generation.
Setting `pad_token_id` to `eos_token_id`:128001 for open-end generation.
Setting `pad_token_id` to `eos_token_id`:128001 for open-end generation.
Setting `pad_token_id` to `eos_token_id`:128001 for open-end generation.
Setting `pad_token_id` to `eos_token_id`:128001 for open-end generation.
Setting `pad_token_id` to `eos_token_id`:128001 for open-end generation.
Setting `pad_token_id` to `eos_token_id`:128001 for open-end generation.
Setting `pad_token_id` to `eos_token_id`:128001 for open-end generation.
Setting `pad_token_id` to `eos_token_id`:128001 for open-end generation.
Setting `pad_token_id` to `eos_token_id`:128001 for open-end generation.
Setting `pad_token_id` to `eos_token_id`:128001 for open-end generation.
Setting `pad_token_id` to `eos_token_id`:128001 for open-end generation.
Setting `pad_token_id` to `eos_token_id`:128001 for open-end generation.
Setting `pad_token_id` to `eos_token_id`:128001 for open-end generation.
Setting `pad_token_id` to `eos_token_id`:128001 for open-end generation.
Setting `pad_token_id` to `eos_token_id`:128001 for open-end generation.
Setting `pad_token_id` to `eos_token_id`:128001 for open-end generation.
Setting `pad_token_id` to `eos_token_id`:128001 for open-end generation.
Setting `pad_token_id` to `eos_token_id`:128001 for open-end generation.
Setting `pad_token_id` to `eos_token_id`:128001 for open-end generation.
Setting `pad_token_id` to `eos_token_id`:128001 for open-end generation.
Setting `pad_token_id` to `eos_token_id`:128001 for open-end generation.
Setting `pad_token_id` to `eos_token_id`:128001 for open-end generation.
Setting `pad_token_id` to `eos_token_id`:128001 for open-end generation.
Setting `pad_token_id` to `eos_token_id`:128001 for open-end generation.
Setting `pad_token_id` to `eos_token_id`:128001 for open-end generation.
Setting `pad_token_id` to `eos_token_id`:128001 for open-end generation.
Setting `pad_token_id` to `eos_token_id`:128001 for open-end generation.
Setting `pad_token_id` to `eos_token_id`:128001 for open-end generation.
Setting `pad_token_id` to `eos_token_id`:128001 for open-end generation.
Setting `pad_token_id` to `eos_token_id`:128001 for open-end generation.
Setting `pad_token_id` to `eos_token_id`:128001 for open-end generation.
Setting `pad_token_id` to `eos_token_id`:128001 for open-end generation.
Setting `pad_token_id` to `eos_token_id`:128001 for open-end generation.
Setting `pad_token_id` to `eos_token_id`:128001 for open-end generation.
Setting `pad_token_id` to `eos_token_id`:128001 for open-end generation.
Setting `pad_token_id` to `eos_token_id`:128001 for open-end generation.
Setting `pad_token_id` to `eos_token_id`:128001 for open-end generation.
Setting `pad_token_id` to `eos_token_id`:128001 for open-end generation.
Setting `pad_token_id` to `eos_token_id`:128001 for open-end generation.
Setting `pad_token_id` to `eos_token_id`:128001 for open-end generation.
Setting `pad_token_id` to `eos_token_id`:128001 for open-end generation.
Setting `pad_token_id` to `eos_token_id`:128001 for open-end generation.
Setting `pad_token_id` to `eos_token_id`:128001 for open-end generation.
Setting `pad_token_id` to `eos_token_id`:128001 for open-end generation.
Setting `pad_token_id` to `eos_token_id`:128001 for open-end generation.
Setting `pad_token_id` to `eos_token_id`:128001 for open-end generation.
Setting `pad_token_id` to `eos_token_id`:128001 for open-end generation.
Setting `pad_token_id` to `eos_token_id`:128001 for open-end generation.
Setting `pad_token_id` to `eos_token_id`:128001 for open-end generation.
Setting `pad_token_id` to `eos_token_id`:128001 for open-end generation.
Setting `pad_token_id` to `eos_token_id`:128001 for open-end generation.
Setting `pad_token_id` to `eos_token_id`:128001 for open-end generation.
Setting `pad_token_id` to `eos_token_id`:128001 for open-end generation.
Setting `pad_token_id` to `eos_token_id`:128001 for open-end generation.
Setting `pad_token_id` to `eos_token_id`:128001 for open-end generation.
Setting `pad_token_id` to `eos_token_id`:128001 for open-end generation.
Setting `pad_token_id` to `eos_token_id`:128001 for open-end generation.
Setting `pad_token_id` to `eos_token_id`:128001 for open-end generation.
Setting `pad_token_id` to `eos_token_id`:128001 for open-end generation.
Setting `pad_token_id` to `eos_token_id`:128001 for open-end generation.
Setting `pad_token_id` to `eos_token_id`:128001 for open-end generation.
Setting `pad_token_id` to `eos_token_id`:128001 for open-end generation.
Setting `pad_token_id` to `eos_token_id`:128001 for open-end generation.
Setting `pad_token_id` to `eos_token_id`:128001 for open-end generation.
Setting `pad_token_id` to `eos_token_id`:128001 for open-end generation.
Setting `pad_token_id` to `eos_token_id`:128001 for open-end generation.
Setting `pad_token_id` to `eos_token_id`:128001 for open-end generation.
Setting `pad_token_id` to `eos_token_id`:128001 for open-end generation.
Setting `pad_token_id` to `eos_token_id`:128001 for open-end generation.
Setting `pad_token_id` to `eos_token_id`:128001 for open-end generation.
Setting `pad_token_id` to `eos_token_id`:128001 for open-end generation.
Setting `pad_token_id` to `eos_token_id`:128001 for open-end generation.
Setting `pad_token_id` to `eos_token_id`:128001 for open-end generation.
Setting `pad_token_id` to `eos_token_id`:128001 for open-end generation.
Setting `pad_token_id` to `eos_token_id`:128001 for open-end generation.
Setting `pad_token_id` to `eos_token_id`:128001 for open-end generation.
Setting `pad_token_id` to `eos_token_id`:128001 for open-end generation.
Setting `pad_token_id` to `eos_token_id`:128001 for open-end generation.
Setting `pad_token_id` to `eos_token_id`:128001 for open-end generation.
Setting `pad_token_id` to `eos_token_id`:128001 for open-end generation.
Setting `pad_token_id` to `eos_token_id`:128001 for open-end generation.
Setting `pad_token_id` to `eos_token_id`:128001 for open-end generation.
Setting `pad_token_id` to `eos_token_id`:128001 for open-end generation.
Setting `pad_token_id` to `eos_token_id`:128001 for open-end generation.
Setting `pad_token_id` to `eos_token_id`:128001 for open-end generation.
Setting `pad_token_id` to `eos_token_id`:128001 for open-end generation.
Setting `pad_token_id` to `eos_token_id`:128001 for open-end generation.
Setting `pad_token_id` to `eos_token_id`:128001 for open-end generation.
Setting `pad_token_id` to `eos_token_id`:128001 for open-end generation.
Setting `pad_token_id` to `eos_token_id`:128001 for open-end generation.
Setting `pad_token_id` to `eos_token_id`:128001 for open-end generation.
Setting `pad_token_id` to `eos_token_id`:128001 for open-end generation.
Setting `pad_token_id` to `eos_token_id`:128001 for open-end generation.
Setting `pad_token_id` to `eos_token_id`:128001 for open-end generation.
Setting `pad_token_id` to `eos_token_id`:128001 for open-end generation.
Setting `pad_token_id` to `eos_token_id`:128001 for open-end generation.
Setting `pad_token_id` to `eos_token_id`:128001 for open-end generation.
Setting `pad_token_id` to `eos_token_id`:128001 for open-end generation.
Setting `pad_token_id` to `eos_token_id`:128001 for open-end generation.
Setting `pad_token_id` to `eos_token_id`:128001 for open-end generation.
Setting `pad_token_id` to `eos_token_id`:128001 for open-end generation.
Setting `pad_token_id` to `eos_token_id`:128001 for open-end generation.
Setting `pad_token_id` to `eos_token_id`:128001 for open-end generation.
Setting `pad_token_id` to `eos_token_id`:128001 for open-end generation.
Setting `pad_token_id` to `eos_token_id`:128001 for open-end generation.
Setting `pad_token_id` to `eos_token_id`:128001 for open-end generation.
Setting `pad_token_id` to `eos_token_id`:128001 for open-end generation.
Setting `pad_token_id` to `eos_token_id`:128001 for open-end generation.
Setting `pad_token_id` to `eos_token_id`:128001 for open-end generation.
Setting `pad_token_id` to `eos_token_id`:128001 for open-end generation.
Setting `pad_token_id` to `eos_token_id`:128001 for open-end generation.
Setting `pad_token_id` to `eos_token_id`:128001 for open-end generation.
Setting `pad_token_id` to `eos_token_id`:128001 for open-end generation.
Setting `pad_token_id` to `eos_token_id`:128001 for open-end generation.
Setting `pad_token_id` to `eos_token_id`:128001 for open-end generation.
Setting `pad_token_id` to `eos_token_id`:128001 for open-end generation.
Setting `pad_token_id` to `eos_token_id`:128001 for open-end generation.
Setting `pad_token_id` to `eos_token_id`:128001 for open-end generation.
Setting `pad_token_id` to `eos_token_id`:128001 for open-end generation.
Setting `pad_token_id` to `eos_token_id`:128001 for open-end generation.
Setting `pad_token_id` to `eos_token_id`:128001 for open-end generation.
Setting `pad_token_id` to `eos_token_id`:128001 for open-end generation.
Setting `pad_token_id` to `eos_token_id`:128001 for open-end generation.
Setting `pad_token_id` to `eos_token_id`:128001 for open-end generation.
Setting `pad_token_id` to `eos_token_id`:128001 for open-end generation.
Setting `pad_token_id` to `eos_token_id`:128001 for open-end generation.
Setting `pad_token_id` to `eos_token_id`:128001 for open-end generation.
Setting `pad_token_id` to `eos_token_id`:128001 for open-end generation.
Setting `pad_token_id` to `eos_token_id`:128001 for open-end generation.
Setting `pad_token_id` to `eos_token_id`:128001 for open-end generation.
Setting `pad_token_id` to `eos_token_id`:128001 for open-end generation.
Setting `pad_token_id` to `eos_token_id`:128001 for open-end generation.
Setting `pad_token_id` to `eos_token_id`:128001 for open-end generation.
Setting `pad_token_id` to `eos_token_id`:128001 for open-end generation.
Setting `pad_token_id` to `eos_token_id`:128001 for open-end generation.
Setting `pad_token_id` to `eos_token_id`:128001 for open-end generation.
Setting `pad_token_id` to `eos_token_id`:128001 for open-end generation.
Setting `pad_token_id` to `eos_token_id`:128001 for open-end generation.
Setting `pad_token_id` to `eos_token_id`:128001 for open-end generation.
Setting `pad_token_id` to `eos_token_id`:128001 for open-end generation.
Setting `pad_token_id` to `eos_token_id`:128001 for open-end generation.
Setting `pad_token_id` to `eos_token_id`:128001 for open-end generation.
Setting `pad_token_id` to `eos_token_id`:128001 for open-end generation.
Setting `pad_token_id` to `eos_token_id`:128001 for open-end generation.
Setting `pad_token_id` to `eos_token_id`:128001 for open-end generation.
Setting `pad_token_id` to `eos_token_id`:128001 for open-end generation.
Setting `pad_token_id` to `eos_token_id`:128001 for open-end generation.
Setting `pad_token_id` to `eos_token_id`:128001 for open-end generation.
Setting `pad_token_id` to `eos_token_id`:128001 for open-end generation.
Setting `pad_token_id` to `eos_token_id`:128001 for open-end generation.
Setting `pad_token_id` to `eos_token_id`:128001 for open-end generation.
Setting `pad_token_id` to `eos_token_id`:128001 for open-end generation.
Setting `pad_token_id` to `eos_token_id`:128001 for open-end generation.
Setting `pad_token_id` to `eos_token_id`:128001 for open-end generation.
Setting `pad_token_id` to `eos_token_id`:128001 for open-end generation.
Setting `pad_token_id` to `eos_token_id`:128001 for open-end generation.
Setting `pad_token_id` to `eos_token_id`:128001 for open-end generation.
Setting `pad_token_id` to `eos_token_id`:128001 for open-end generation.
Setting `pad_token_id` to `eos_token_id`:128001 for open-end generation.
Setting `pad_token_id` to `eos_token_id`:128001 for open-end generation.
Setting `pad_token_id` to `eos_token_id`:128001 for open-end generation.
Setting `pad_token_id` to `eos_token_id`:128001 for open-end generation.
Setting `pad_token_id` to `eos_token_id`:128001 for open-end generation.
Setting `pad_token_id` to `eos_token_id`:128001 for open-end generation.
Setting `pad_token_id` to `eos_token_id`:128001 for open-end generation.
Setting `pad_token_id` to `eos_token_id`:128001 for open-end generation.
Setting `pad_token_id` to `eos_token_id`:128001 for open-end generation.
Setting `pad_token_id` to `eos_token_id`:128001 for open-end generation.
Setting `pad_token_id` to `eos_token_id`:128001 for open-end generation.
Setting `pad_token_id` to `eos_token_id`:128001 for open-end generation.
Setting `pad_token_id` to `eos_token_id`:128001 for open-end generation.
Setting `pad_token_id` to `eos_token_id`:128001 for open-end generation.
Setting `pad_token_id` to `eos_token_id`:128001 for open-end generation.
Setting `pad_token_id` to `eos_token_id`:128001 for open-end generation.
Setting `pad_token_id` to `eos_token_id`:128001 for open-end generation.
Setting `pad_token_id` to `eos_token_id`:128001 for open-end generation.
Setting `pad_token_id` to `eos_token_id`:128001 for open-end generation.
Setting `pad_token_id` to `eos_token_id`:128001 for open-end generation.
Setting `pad_token_id` to `eos_token_id`:128001 for open-end generation.
Setting `pad_token_id` to `eos_token_id`:128001 for open-end generation.
Setting `pad_token_id` to `eos_token_id`:128001 for open-end generation.
Setting `pad_token_id` to `eos_token_id`:128001 for open-end generation.
Setting `pad_token_id` to `eos_token_id`:128001 for open-end generation.
Setting `pad_token_id` to `eos_token_id`:128001 for open-end generation.
Setting `pad_token_id` to `eos_token_id`:128001 for open-end generation.
Setting `pad_token_id` to `eos_token_id`:128001 for open-end generation.
Setting `pad_token_id` to `eos_token_id`:128001 for open-end generation.
Setting `pad_token_id` to `eos_token_id`:128001 for open-end generation.
Setting `pad_token_id` to `eos_token_id`:128001 for open-end generation.
Setting `pad_token_id` to `eos_token_id`:128001 for open-end generation.
Setting `pad_token_id` to `eos_token_id`:128001 for open-end generation.
Setting `pad_token_id` to `eos_token_id`:128001 for open-end generation.
Setting `pad_token_id` to `eos_token_id`:128001 for open-end generation.
Setting `pad_token_id` to `eos_token_id`:128001 for open-end generation.
Setting `pad_token_id` to `eos_token_id`:128001 for open-end generation.
Setting `pad_token_id` to `eos_token_id`:128001 for open-end generation.
Setting `pad_token_id` to `eos_token_id`:128001 for open-end generation.
Setting `pad_token_id` to `eos_token_id`:128001 for open-end generation.
Setting `pad_token_id` to `eos_token_id`:128001 for open-end generation.
Setting `pad_token_id` to `eos_token_id`:128001 for open-end generation.
Setting `pad_token_id` to `eos_token_id`:128001 for open-end generation.
Setting `pad_token_id` to `eos_token_id`:128001 for open-end generation.
Setting `pad_token_id` to `eos_token_id`:128001 for open-end generation.
Setting `pad_token_id` to `eos_token_id`:128001 for open-end generation.
Setting `pad_token_id` to `eos_token_id`:128001 for open-end generation.
Setting `pad_token_id` to `eos_token_id`:128001 for open-end generation.
Setting `pad_token_id` to `eos_token_id`:128001 for open-end generation.
Setting `pad_token_id` to `eos_token_id`:128001 for open-end generation.
Setting `pad_token_id` to `eos_token_id`:128001 for open-end generation.
Setting `pad_token_id` to `eos_token_id`:128001 for open-end generation.
Setting `pad_token_id` to `eos_token_id`:128001 for open-end generation.
Setting `pad_token_id` to `eos_token_id`:128001 for open-end generation.
Setting `pad_token_id` to `eos_token_id`:128001 for open-end generation.
Setting `pad_token_id` to `eos_token_id`:128001 for open-end generation.
Setting `pad_token_id` to `eos_token_id`:128001 for open-end generation.
Setting `pad_token_id` to `eos_token_id`:128001 for open-end generation.
Setting `pad_token_id` to `eos_token_id`:128001 for open-end generation.
Setting `pad_token_id` to `eos_token_id`:128001 for open-end generation.
Setting `pad_token_id` to `eos_token_id`:128001 for open-end generation.
Setting `pad_token_id` to `eos_token_id`:128001 for open-end generation.
Setting `pad_token_id` to `eos_token_id`:128001 for open-end generation.
Setting `pad_token_id` to `eos_token_id`:128001 for open-end generation.
Setting `pad_token_id` to `eos_token_id`:128001 for open-end generation.
Setting `pad_token_id` to `eos_token_id`:128001 for open-end generation.
Setting `pad_token_id` to `eos_token_id`:128001 for open-end generation.
Setting `pad_token_id` to `eos_token_id`:128001 for open-end generation.
Setting `pad_token_id` to `eos_token_id`:128001 for open-end generation.
Setting `pad_token_id` to `eos_token_id`:128001 for open-end generation.
Setting `pad_token_id` to `eos_token_id`:128001 for open-end generation.
Setting `pad_token_id` to `eos_token_id`:128001 for open-end generation.
Setting `pad_token_id` to `eos_token_id`:128001 for open-end generation.
Setting `pad_token_id` to `eos_token_id`:128001 for open-end generation.
Setting `pad_token_id` to `eos_token_id`:128001 for open-end generation.
Setting `pad_token_id` to `eos_token_id`:128001 for open-end generation.
Setting `pad_token_id` to `eos_token_id`:128001 for open-end generation.
Setting `pad_token_id` to `eos_token_id`:128001 for open-end generation.
Setting `pad_token_id` to `eos_token_id`:128001 for open-end generation.
Setting `pad_token_id` to `eos_token_id`:128001 for open-end generation.
Setting `pad_token_id` to `eos_token_id`:128001 for open-end generation.
Setting `pad_token_id` to `eos_token_id`:128001 for open-end generation.
Setting `pad_token_id` to `eos_token_id`:128001 for open-end generation.
Setting `pad_token_id` to `eos_token_id`:128001 for open-end generation.
Setting `pad_token_id` to `eos_token_id`:128001 for open-end generation.
Setting `pad_token_id` to `eos_token_id`:128001 for open-end generation.
Setting `pad_token_id` to `eos_token_id`:128001 for open-end generation.
Setting `pad_token_id` to `eos_token_id`:128001 for open-end generation.
Setting `pad_token_id` to `eos_token_id`:128001 for open-end generation.
Setting `pad_token_id` to `eos_token_id`:128001 for open-end generation.
Setting `pad_token_id` to `eos_token_id`:128001 for open-end generation.
Setting `pad_token_id` to `eos_token_id`:128001 for open-end generation.
Setting `pad_token_id` to `eos_token_id`:128001 for open-end generation.
Setting `pad_token_id` to `eos_token_id`:128001 for open-end generation.
Setting `pad_token_id` to `eos_token_id`:128001 for open-end generation.
Setting `pad_token_id` to `eos_token_id`:128001 for open-end generation.
Setting `pad_token_id` to `eos_token_id`:128001 for open-end generation.
Setting `pad_token_id` to `eos_token_id`:128001 for open-end generation.
Setting `pad_token_id` to `eos_token_id`:128001 for open-end generation.
Setting `pad_token_id` to `eos_token_id`:128001 for open-end generation.
Setting `pad_token_id` to `eos_token_id`:128001 for open-end generation.
Setting `pad_token_id` to `eos_token_id`:128001 for open-end generation.
Setting `pad_token_id` to `eos_token_id`:128001 for open-end generation.
Setting `pad_token_id` to `eos_token_id`:128001 for open-end generation.
Setting `pad_token_id` to `eos_token_id`:128001 for open-end generation.
Setting `pad_token_id` to `eos_token_id`:128001 for open-end generation.
Setting `pad_token_id` to `eos_token_id`:128001 for open-end generation.
Setting `pad_token_id` to `eos_token_id`:128001 for open-end generation.
Setting `pad_token_id` to `eos_token_id`:128001 for open-end generation.
Setting `pad_token_id` to `eos_token_id`:128001 for open-end generation.
Setting `pad_token_id` to `eos_token_id`:128001 for open-end generation.
Setting `pad_token_id` to `eos_token_id`:128001 for open-end generation.
Setting `pad_token_id` to `eos_token_id`:128001 for open-end generation.
Setting `pad_token_id` to `eos_token_id`:128001 for open-end generation.
Setting `pad_token_id` to `eos_token_id`:128001 for open-end generation.
Setting `pad_token_id` to `eos_token_id`:128001 for open-end generation.
Setting `pad_token_id` to `eos_token_id`:128001 for open-end generation.
Setting `pad_token_id` to `eos_token_id`:128001 for open-end generation.
Setting `pad_token_id` to `eos_token_id`:128001 for open-end generation.
Setting `pad_token_id` to `eos_token_id`:128001 for open-end generation.
Setting `pad_token_id` to `eos_token_id`:128001 for open-end generation.
Setting `pad_token_id` to `eos_token_id`:128001 for open-end generation.
Setting `pad_token_id` to `eos_token_id`:128001 for open-end generation.
Setting `pad_token_id` to `eos_token_id`:128001 for open-end generation.
Setting `pad_token_id` to `eos_token_id`:128001 for open-end generation.
Setting `pad_token_id` to `eos_token_id`:128001 for open-end generation.
Setting `pad_token_id` to `eos_token_id`:128001 for open-end generation.
Setting `pad_token_id` to `eos_token_id`:128001 for open-end generation.
Setting `pad_token_id` to `eos_token_id`:128001 for open-end generation.
Setting `pad_token_id` to `eos_token_id`:128001 for open-end generation.
Setting `pad_token_id` to `eos_token_id`:128001 for open-end generation.
Setting `pad_token_id` to `eos_token_id`:128001 for open-end generation.
Setting `pad_token_id` to `eos_token_id`:128001 for open-end generation.
Setting `pad_token_id` to `eos_token_id`:128001 for open-end generation.
Setting `pad_token_id` to `eos_token_id`:128001 for open-end generation.
Setting `pad_token_id` to `eos_token_id`:128001 for open-end generation.
Setting `pad_token_id` to `eos_token_id`:128001 for open-end generation.
Setting `pad_token_id` to `eos_token_id`:128001 for open-end generation.
Setting `pad_token_id` to `eos_token_id`:128001 for open-end generation.
Setting `pad_token_id` to `eos_token_id`:128001 for open-end generation.
Setting `pad_token_id` to `eos_token_id`:128001 for open-end generation.
Setting `pad_token_id` to `eos_token_id`:128001 for open-end generation.
Setting `pad_token_id` to `eos_token_id`:128001 for open-end generation.
Setting `pad_token_id` to `eos_token_id`:128001 for open-end generation.
Setting `pad_token_id` to `eos_token_id`:128001 for open-end generation.
Setting `pad_token_id` to `eos_token_id`:128001 for open-end generation.
Setting `pad_token_id` to `eos_token_id`:128001 for open-end generation.
Setting `pad_token_id` to `eos_token_id`:128001 for open-end generation.
Setting `pad_token_id` to `eos_token_id`:128001 for open-end generation.
Setting `pad_token_id` to `eos_token_id`:128001 for open-end generation.
Setting `pad_token_id` to `eos_token_id`:128001 for open-end generation.
Setting `pad_token_id` to `eos_token_id`:128001 for open-end generation.
Setting `pad_token_id` to `eos_token_id`:128001 for open-end generation.
Setting `pad_token_id` to `eos_token_id`:128001 for open-end generation.
Setting `pad_token_id` to `eos_token_id`:128001 for open-end generation.
Setting `pad_token_id` to `eos_token_id`:128001 for open-end generation.
Setting `pad_token_id` to `eos_token_id`:128001 for open-end generation.
Setting `pad_token_id` to `eos_token_id`:128001 for open-end generation.
Setting `pad_token_id` to `eos_token_id`:128001 for open-end generation.
Setting `pad_token_id` to `eos_token_id`:128001 for open-end generation.
Setting `pad_token_id` to `eos_token_id`:128001 for open-end generation.
Setting `pad_token_id` to `eos_token_id`:128001 for open-end generation.
Setting `pad_token_id` to `eos_token_id`:128001 for open-end generation.
Setting `pad_token_id` to `eos_token_id`:128001 for open-end generation.
Setting `pad_token_id` to `eos_token_id`:128001 for open-end generation.
Setting `pad_token_id` to `eos_token_id`:128001 for open-end generation.
Setting `pad_token_id` to `eos_token_id`:128001 for open-end generation.
Setting `pad_token_id` to `eos_token_id`:128001 for open-end generation.
Setting `pad_token_id` to `eos_token_id`:128001 for open-end generation.
Setting `pad_token_id` to `eos_token_id`:128001 for open-end generation.
Setting `pad_token_id` to `eos_token_id`:128001 for open-end generation.
Setting `pad_token_id` to `eos_token_id`:128001 for open-end generation.
Setting `pad_token_id` to `eos_token_id`:128001 for open-end generation.
Setting `pad_token_id` to `eos_token_id`:128001 for open-end generation.
Setting `pad_token_id` to `eos_token_id`:128001 for open-end generation.
Setting `pad_token_id` to `eos_token_id`:128001 for open-end generation.
Setting `pad_token_id` to `eos_token_id`:128001 for open-end generation.
Setting `pad_token_id` to `eos_token_id`:128001 for open-end generation.
Setting `pad_token_id` to `eos_token_id`:128001 for open-end generation.
Setting `pad_token_id` to `eos_token_id`:128001 for open-end generation.
Setting `pad_token_id` to `eos_token_id`:128001 for open-end generation.
Setting `pad_token_id` to `eos_token_id`:128001 for open-end generation.
Setting `pad_token_id` to `eos_token_id`:128001 for open-end generation.
Setting `pad_token_id` to `eos_token_id`:128001 for open-end generation.
Setting `pad_token_id` to `eos_token_id`:128001 for open-end generation.
Setting `pad_token_id` to `eos_token_id`:128001 for open-end generation.
Setting `pad_token_id` to `eos_token_id`:128001 for open-end generation.
Setting `pad_token_id` to `eos_token_id`:128001 for open-end generation.
Setting `pad_token_id` to `eos_token_id`:128001 for open-end generation.
Setting `pad_token_id` to `eos_token_id`:128001 for open-end generation.
Setting `pad_token_id` to `eos_token_id`:128001 for open-end generation.
Setting `pad_token_id` to `eos_token_id`:128001 for open-end generation.
Setting `pad_token_id` to `eos_token_id`:128001 for open-end generation.
Setting `pad_token_id` to `eos_token_id`:128001 for open-end generation.
Setting `pad_token_id` to `eos_token_id`:128001 for open-end generation.
Setting `pad_token_id` to `eos_token_id`:128001 for open-end generation.
Setting `pad_token_id` to `eos_token_id`:128001 for open-end generation.
Setting `pad_token_id` to `eos_token_id`:128001 for open-end generation.
Setting `pad_token_id` to `eos_token_id`:128001 for open-end generation.
Setting `pad_token_id` to `eos_token_id`:128001 for open-end generation.
Setting `pad_token_id` to `eos_token_id`:128001 for open-end generation.
Setting `pad_token_id` to `eos_token_id`:128001 for open-end generation.
Setting `pad_token_id` to `eos_token_id`:128001 for open-end generation.
Setting `pad_token_id` to `eos_token_id`:128001 for open-end generation.
Setting `pad_token_id` to `eos_token_id`:128001 for open-end generation.
Setting `pad_token_id` to `eos_token_id`:128001 for open-end generation.
Setting `pad_token_id` to `eos_token_id`:128001 for open-end generation.
Setting `pad_token_id` to `eos_token_id`:128001 for open-end generation.
Setting `pad_token_id` to `eos_token_id`:128001 for open-end generation.
Setting `pad_token_id` to `eos_token_id`:128001 for open-end generation.
Setting `pad_token_id` to `eos_token_id`:128001 for open-end generation.
Setting `pad_token_id` to `eos_token_id`:128001 for open-end generation.
Setting `pad_token_id` to `eos_token_id`:128001 for open-end generation.
Setting `pad_token_id` to `eos_token_id`:128001 for open-end generation.
Setting `pad_token_id` to `eos_token_id`:128001 for open-end generation.
Setting `pad_token_id` to `eos_token_id`:128001 for open-end generation.
Setting `pad_token_id` to `eos_token_id`:128001 for open-end generation.
Setting `pad_token_id` to `eos_token_id`:128001 for open-end generation.
Setting `pad_token_id` to `eos_token_id`:128001 for open-end generation.
Setting `pad_token_id` to `eos_token_id`:128001 for open-end generation.
Setting `pad_token_id` to `eos_token_id`:128001 for open-end generation.
Setting `pad_token_id` to `eos_token_id`:128001 for open-end generation.
Setting `pad_token_id` to `eos_token_id`:128001 for open-end generation.
Setting `pad_token_id` to `eos_token_id`:128001 for open-end generation.
Setting `pad_token_id` to `eos_token_id`:128001 for open-end generation.
Setting `pad_token_id` to `eos_token_id`:128001 for open-end generation.
Setting `pad_token_id` to `eos_token_id`:128001 for open-end generation.
Setting `pad_token_id` to `eos_token_id`:128001 for open-end generation.
Setting `pad_token_id` to `eos_token_id`:128001 for open-end generation.
Setting `pad_token_id` to `eos_token_id`:128001 for open-end generation.
Setting `pad_token_id` to `eos_token_id`:128001 for open-end generation.
Setting `pad_token_id` to `eos_token_id`:128001 for open-end generation.
Setting `pad_token_id` to `eos_token_id`:128001 for open-end generation.
Setting `pad_token_id` to `eos_token_id`:128001 for open-end generation.
Setting `pad_token_id` to `eos_token_id`:128001 for open-end generation.
Setting `pad_token_id` to `eos_token_id`:128001 for open-end generation.
Setting `pad_token_id` to `eos_token_id`:128001 for open-end generation.
Setting `pad_token_id` to `eos_token_id`:128001 for open-end generation.
Setting `pad_token_id` to `eos_token_id`:128001 for open-end generation.
Setting `pad_token_id` to `eos_token_id`:128001 for open-end generation.
Setting `pad_token_id` to `eos_token_id`:128001 for open-end generation.
Setting `pad_token_id` to `eos_token_id`:128001 for open-end generation.
Setting `pad_token_id` to `eos_token_id`:128001 for open-end generation.
Setting `pad_token_id` to `eos_token_id`:128001 for open-end generation.
Setting `pad_token_id` to `eos_token_id`:128001 for open-end generation.
Setting `pad_token_id` to `eos_token_id`:128001 for open-end generation.
Setting `pad_token_id` to `eos_token_id`:128001 for open-end generation.
Setting `pad_token_id` to `eos_token_id`:128001 for open-end generation.
Setting `pad_token_id` to `eos_token_id`:128001 for open-end generation.
Setting `pad_token_id` to `eos_token_id`:128001 for open-end generation.
Setting `pad_token_id` to `eos_token_id`:128001 for open-end generation.
Setting `pad_token_id` to `eos_token_id`:128001 for open-end generation.
Setting `pad_token_id` to `eos_token_id`:128001 for open-end generation.
Setting `pad_token_id` to `eos_token_id`:128001 for open-end generation.
Setting `pad_token_id` to `eos_token_id`:128001 for open-end generation.
Setting `pad_token_id` to `eos_token_id`:128001 for open-end generation.
Setting `pad_token_id` to `eos_token_id`:128001 for open-end generation.
Setting `pad_token_id` to `eos_token_id`:128001 for open-end generation.
Setting `pad_token_id` to `eos_token_id`:128001 for open-end generation.
Setting `pad_token_id` to `eos_token_id`:128001 for open-end generation.
Setting `pad_token_id` to `eos_token_id`:128001 for open-end generation.
Setting `pad_token_id` to `eos_token_id`:128001 for open-end generation.
Setting `pad_token_id` to `eos_token_id`:128001 for open-end generation.
Setting `pad_token_id` to `eos_token_id`:128001 for open-end generation.
Setting `pad_token_id` to `eos_token_id`:128001 for open-end generation.
Setting `pad_token_id` to `eos_token_id`:128001 for open-end generation.
Setting `pad_token_id` to `eos_token_id`:128001 for open-end generation.
Setting `pad_token_id` to `eos_token_id`:128001 for open-end generation.
Setting `pad_token_id` to `eos_token_id`:128001 for open-end generation.
Setting `pad_token_id` to `eos_token_id`:128001 for open-end generation.
Setting `pad_token_id` to `eos_token_id`:128001 for open-end generation.
Setting `pad_token_id` to `eos_token_id`:128001 for open-end generation.
Setting `pad_token_id` to `eos_token_id`:128001 for open-end generation.
Setting `pad_token_id` to `eos_token_id`:128001 for open-end generation.
Setting `pad_token_id` to `eos_token_id`:128001 for open-end generation.
Setting `pad_token_id` to `eos_token_id`:128001 for open-end generation.
Setting `pad_token_id` to `eos_token_id`:128001 for open-end generation.
Setting `pad_token_id` to `eos_token_id`:128001 for open-end generation.
Setting `pad_token_id` to `eos_token_id`:128001 for open-end generation.
Setting `pad_token_id` to `eos_token_id`:128001 for open-end generation.
Setting `pad_token_id` to `eos_token_id`:128001 for open-end generation.
Setting `pad_token_id` to `eos_token_id`:128001 for open-end generation.
Setting `pad_token_id` to `eos_token_id`:128001 for open-end generation.
Setting `pad_token_id` to `eos_token_id`:128001 for open-end generation.
Setting `pad_token_id` to `eos_token_id`:128001 for open-end generation.
Setting `pad_token_id` to `eos_token_id`:128001 for open-end generation.
Setting `pad_token_id` to `eos_token_id`:128001 for open-end generation.
Setting `pad_token_id` to `eos_token_id`:128001 for open-end generation.
Setting `pad_token_id` to `eos_token_id`:128001 for open-end generation.
Setting `pad_token_id` to `eos_token_id`:128001 for open-end generation.
Setting `pad_token_id` to `eos_token_id`:128001 for open-end generation.
Setting `pad_token_id` to `eos_token_id`:128001 for open-end generation.
Setting `pad_token_id` to `eos_token_id`:128001 for open-end generation.
Setting `pad_token_id` to `eos_token_id`:128001 for open-end generation.
Setting `pad_token_id` to `eos_token_id`:128001 for open-end generation.
Setting `pad_token_id` to `eos_token_id`:128001 for open-end generation.
Setting `pad_token_id` to `eos_token_id`:128001 for open-end generation.
Setting `pad_token_id` to `eos_token_id`:128001 for open-end generation.
Setting `pad_token_id` to `eos_token_id`:128001 for open-end generation.
Setting `pad_token_id` to `eos_token_id`:128001 for open-end generation.
Setting `pad_token_id` to `eos_token_id`:128001 for open-end generation.
Setting `pad_token_id` to `eos_token_id`:128001 for open-end generation.
Setting `pad_token_id` to `eos_token_id`:128001 for open-end generation.
Setting `pad_token_id` to `eos_token_id`:128001 for open-end generation.
Setting `pad_token_id` to `eos_token_id`:128001 for open-end generation.
Setting `pad_token_id` to `eos_token_id`:128001 for open-end generation.
Setting `pad_token_id` to `eos_token_id`:128001 for open-end generation.
Setting `pad_token_id` to `eos_token_id`:128001 for open-end generation.
Setting `pad_token_id` to `eos_token_id`:128001 for open-end generation.
Setting `pad_token_id` to `eos_token_id`:128001 for open-end generation.
Setting `pad_token_id` to `eos_token_id`:128001 for open-end generation.
Setting `pad_token_id` to `eos_token_id`:128001 for open-end generation.
Setting `pad_token_id` to `eos_token_id`:128001 for open-end generation.
Setting `pad_token_id` to `eos_token_id`:128001 for open-end generation.
Setting `pad_token_id` to `eos_token_id`:128001 for open-end generation.
Setting `pad_token_id` to `eos_token_id`:128001 for open-end generation.
Setting `pad_token_id` to `eos_token_id`:128001 for open-end generation.
Setting `pad_token_id` to `eos_token_id`:128001 for open-end generation.
Setting `pad_token_id` to `eos_token_id`:128001 for open-end generation.
Setting `pad_token_id` to `eos_token_id`:128001 for open-end generation.
Setting `pad_token_id` to `eos_token_id`:128001 for open-end generation.
Setting `pad_token_id` to `eos_token_id`:128001 for open-end generation.
Setting `pad_token_id` to `eos_token_id`:128001 for open-end generation.
Setting `pad_token_id` to `eos_token_id`:128001 for open-end generation.
Setting `pad_token_id` to `eos_token_id`:128001 for open-end generation.
Setting `pad_token_id` to `eos_token_id`:128001 for open-end generation.
Setting `pad_token_id` to `eos_token_id`:128001 for open-end generation.
Setting `pad_token_id` to `eos_token_id`:128001 for open-end generation.
Setting `pad_token_id` to `eos_token_id`:128001 for open-end generation.
Setting `pad_token_id` to `eos_token_id`:128001 for open-end generation.
Setting `pad_token_id` to `eos_token_id`:128001 for open-end generation.
Setting `pad_token_id` to `eos_token_id`:128001 for open-end generation.
Setting `pad_token_id` to `eos_token_id`:128001 for open-end generation.
Setting `pad_token_id` to `eos_token_id`:128001 for open-end generation.
Setting `pad_token_id` to `eos_token_id`:128001 for open-end generation.
Setting `pad_token_id` to `eos_token_id`:128001 for open-end generation.
Setting `pad_token_id` to `eos_token_id`:128001 for open-end generation.
Setting `pad_token_id` to `eos_token_id`:128001 for open-end generation.
Setting `pad_token_id` to `eos_token_id`:128001 for open-end generation.
Setting `pad_token_id` to `eos_token_id`:128001 for open-end generation.
Setting `pad_token_id` to `eos_token_id`:128001 for open-end generation.
Setting `pad_token_id` to `eos_token_id`:128001 for open-end generation.
Setting `pad_token_id` to `eos_token_id`:128001 for open-end generation.
Setting `pad_token_id` to `eos_token_id`:128001 for open-end generation.
Setting `pad_token_id` to `eos_token_id`:128001 for open-end generation.
Setting `pad_token_id` to `eos_token_id`:128001 for open-end generation.
Setting `pad_token_id` to `eos_token_id`:128001 for open-end generation.
Setting `pad_token_id` to `eos_token_id`:128001 for open-end generation.
Setting `pad_token_id` to `eos_token_id`:128001 for open-end generation.
Setting `pad_token_id` to `eos_token_id`:128001 for open-end generation.
Setting `pad_token_id` to `eos_token_id`:128001 for open-end generation.
Setting `pad_token_id` to `eos_token_id`:128001 for open-end generation.
Setting `pad_token_id` to `eos_token_id`:128001 for open-end generation.
Setting `pad_token_id` to `eos_token_id`:128001 for open-end generation.
Setting `pad_token_id` to `eos_token_id`:128001 for open-end generation.
Setting `pad_token_id` to `eos_token_id`:128001 for open-end generation.
Setting `pad_token_id` to `eos_token_id`:128001 for open-end generation.
Setting `pad_token_id` to `eos_token_id`:128001 for open-end generation.
Setting `pad_token_id` to `eos_token_id`:128001 for open-end generation.
Setting `pad_token_id` to `eos_token_id`:128001 for open-end generation.
Setting `pad_token_id` to `eos_token_id`:128001 for open-end generation.
Setting `pad_token_id` to `eos_token_id`:128001 for open-end generation.
Setting `pad_token_id` to `eos_token_id`:128001 for open-end generation.
Setting `pad_token_id` to `eos_token_id`:128001 for open-end generation.
Setting `pad_token_id` to `eos_token_id`:128001 for open-end generation.
Setting `pad_token_id` to `eos_token_id`:128001 for open-end generation.
Setting `pad_token_id` to `eos_token_id`:128001 for open-end generation.
Setting `pad_token_id` to `eos_token_id`:128001 for open-end generation.
Setting `pad_token_id` to `eos_token_id`:128001 for open-end generation.
Setting `pad_token_id` to `eos_token_id`:128001 for open-end generation.
Setting `pad_token_id` to `eos_token_id`:128001 for open-end generation.
Setting `pad_token_id` to `eos_token_id`:128001 for open-end generation.
Setting `pad_token_id` to `eos_token_id`:128001 for open-end generation.
Setting `pad_token_id` to `eos_token_id`:128001 for open-end generation.
Setting `pad_token_id` to `eos_token_id`:128001 for open-end generation.
Setting `pad_token_id` to `eos_token_id`:128001 for open-end generation.
Setting `pad_token_id` to `eos_token_id`:128001 for open-end generation.
Setting `pad_token_id` to `eos_token_id`:128001 for open-end generation.
Setting `pad_token_id` to `eos_token_id`:128001 for open-end generation.
Setting `pad_token_id` to `eos_token_id`:128001 for open-end generation.
Setting `pad_token_id` to `eos_token_id`:128001 for open-end generation.
Setting `pad_token_id` to `eos_token_id`:128001 for open-end generation.
Setting `pad_token_id` to `eos_token_id`:128001 for open-end generation.
Setting `pad_token_id` to `eos_token_id`:128001 for open-end generation.
Setting `pad_token_id` to `eos_token_id`:128001 for open-end generation.
Setting `pad_token_id` to `eos_token_id`:128001 for open-end generation.
Setting `pad_token_id` to `eos_token_id`:128001 for open-end generation.
Setting `pad_token_id` to `eos_token_id`:128001 for open-end generation.
Setting `pad_token_id` to `eos_token_id`:128001 for open-end generation.
Setting `pad_token_id` to `eos_token_id`:128001 for open-end generation.
Setting `pad_token_id` to `eos_token_id`:128001 for open-end generation.
Setting `pad_token_id` to `eos_token_id`:128001 for open-end generation.
Setting `pad_token_id` to `eos_token_id`:128001 for open-end generation.
Setting `pad_token_id` to `eos_token_id`:128001 for open-end generation.
Setting `pad_token_id` to `eos_token_id`:128001 for open-end generation.
Setting `pad_token_id` to `eos_token_id`:128001 for open-end generation.
Setting `pad_token_id` to `eos_token_id`:128001 for open-end generation.
Setting `pad_token_id` to `eos_token_id`:128001 for open-end generation.
Setting `pad_token_id` to `eos_token_id`:128001 for open-end generation.
Setting `pad_token_id` to `eos_token_id`:128001 for open-end generation.
Setting `pad_token_id` to `eos_token_id`:128001 for open-end generation.
Setting `pad_token_id` to `eos_token_id`:128001 for open-end generation.
Setting `pad_token_id` to `eos_token_id`:128001 for open-end generation.
Setting `pad_token_id` to `eos_token_id`:128001 for open-end generation.
Setting `pad_token_id` to `eos_token_id`:128001 for open-end generation.
Setting `pad_token_id` to `eos_token_id`:128001 for open-end generation.
Setting `pad_token_id` to `eos_token_id`:128001 for open-end generation.
Setting `pad_token_id` to `eos_token_id`:128001 for open-end generation.
Setting `pad_token_id` to `eos_token_id`:128001 for open-end generation.
Setting `pad_token_id` to `eos_token_id`:128001 for open-end generation.
Setting `pad_token_id` to `eos_token_id`:128001 for open-end generation.
Setting `pad_token_id` to `eos_token_id`:128001 for open-end generation.
Setting `pad_token_id` to `eos_token_id`:128001 for open-end generation.
Setting `pad_token_id` to `eos_token_id`:128001 for open-end generation.
Setting `pad_token_id` to `eos_token_id`:128001 for open-end generation.
Setting `pad_token_id` to `eos_token_id`:128001 for open-end generation.
Setting `pad_token_id` to `eos_token_id`:128001 for open-end generation.
Setting `pad_token_id` to `eos_token_id`:128001 for open-end generation.
Setting `pad_token_id` to `eos_token_id`:128001 for open-end generation.
Setting `pad_token_id` to `eos_token_id`:128001 for open-end generation.
Setting `pad_token_id` to `eos_token_id`:128001 for open-end generation.
Setting `pad_token_id` to `eos_token_id`:128001 for open-end generation.
Setting `pad_token_id` to `eos_token_id`:128001 for open-end generation.
Setting `pad_token_id` to `eos_token_id`:128001 for open-end generation.
Setting `pad_token_id` to `eos_token_id`:128001 for open-end generation.
Setting `pad_token_id` to `eos_token_id`:128001 for open-end generation.
Setting `pad_token_id` to `eos_token_id`:128001 for open-end generation.
Setting `pad_token_id` to `eos_token_id`:128001 for open-end generation.
Setting `pad_token_id` to `eos_token_id`:128001 for open-end generation.
Setting `pad_token_id` to `eos_token_id`:128001 for open-end generation.
Setting `pad_token_id` to `eos_token_id`:128001 for open-end generation.
Setting `pad_token_id` to `eos_token_id`:128001 for open-end generation.
Setting `pad_token_id` to `eos_token_id`:128001 for open-end generation.
Setting `pad_token_id` to `eos_token_id`:128001 for open-end generation.
Setting `pad_token_id` to `eos_token_id`:128001 for open-end generation.
Setting `pad_token_id` to `eos_token_id`:128001 for open-end generation.
Setting `pad_token_id` to `eos_token_id`:128001 for open-end generation.
Setting `pad_token_id` to `eos_token_id`:128001 for open-end generation.
Setting `pad_token_id` to `eos_token_id`:128001 for open-end generation.
Setting `pad_token_id` to `eos_token_id`:128001 for open-end generation.
Setting `pad_token_id` to `eos_token_id`:128001 for open-end generation.
Setting `pad_token_id` to `eos_token_id`:128001 for open-end generation.
Setting `pad_token_id` to `eos_token_id`:128001 for open-end generation.
Setting `pad_token_id` to `eos_token_id`:128001 for open-end generation.
Setting `pad_token_id` to `eos_token_id`:128001 for open-end generation.
Setting `pad_token_id` to `eos_token_id`:128001 for open-end generation.
Setting `pad_token_id` to `eos_token_id`:128001 for open-end generation.
Setting `pad_token_id` to `eos_token_id`:128001 for open-end generation.
Setting `pad_token_id` to `eos_token_id`:128001 for open-end generation.
Setting `pad_token_id` to `eos_token_id`:128001 for open-end generation.
Setting `pad_token_id` to `eos_token_id`:128001 for open-end generation.
Setting `pad_token_id` to `eos_token_id`:128001 for open-end generation.
Setting `pad_token_id` to `eos_token_id`:128001 for open-end generation.
Setting `pad_token_id` to `eos_token_id`:128001 for open-end generation.
Setting `pad_token_id` to `eos_token_id`:128001 for open-end generation.
Setting `pad_token_id` to `eos_token_id`:128001 for open-end generation.
Setting `pad_token_id` to `eos_token_id`:128001 for open-end generation.
Setting `pad_token_id` to `eos_token_id`:128001 for open-end generation.
Setting `pad_token_id` to `eos_token_id`:128001 for open-end generation.
Setting `pad_token_id` to `eos_token_id`:128001 for open-end generation.
Setting `pad_token_id` to `eos_token_id`:128001 for open-end generation.
Setting `pad_token_id` to `eos_token_id`:128001 for open-end generation.
Setting `pad_token_id` to `eos_token_id`:128001 for open-end generation.
Setting `pad_token_id` to `eos_token_id`:128001 for open-end generation.
Setting `pad_token_id` to `eos_token_id`:128001 for open-end generation.
Setting `pad_token_id` to `eos_token_id`:128001 for open-end generation.
Setting `pad_token_id` to `eos_token_id`:128001 for open-end generation.
Setting `pad_token_id` to `eos_token_id`:128001 for open-end generation.
Setting `pad_token_id` to `eos_token_id`:128001 for open-end generation.
Setting `pad_token_id` to `eos_token_id`:128001 for open-end generation.
Setting `pad_token_id` to `eos_token_id`:128001 for open-end generation.
Setting `pad_token_id` to `eos_token_id`:128001 for open-end generation.
Setting `pad_token_id` to `eos_token_id`:128001 for open-end generation.
Setting `pad_token_id` to `eos_token_id`:128001 for open-end generation.
Setting `pad_token_id` to `eos_token_id`:128001 for open-end generation.
Setting `pad_token_id` to `eos_token_id`:128001 for open-end generation.
Setting `pad_token_id` to `eos_token_id`:128001 for open-end generation.
Setting `pad_token_id` to `eos_token_id`:128001 for open-end generation.
Setting `pad_token_id` to `eos_token_id`:128001 for open-end generation.
Setting `pad_token_id` to `eos_token_id`:128001 for open-end generation.
Setting `pad_token_id` to `eos_token_id`:128001 for open-end generation.
Setting `pad_token_id` to `eos_token_id`:128001 for open-end generation.
Setting `pad_token_id` to `eos_token_id`:128001 for open-end generation.
Setting `pad_token_id` to `eos_token_id`:128001 for open-end generation.
Setting `pad_token_id` to `eos_token_id`:128001 for open-end generation.
Setting `pad_token_id` to `eos_token_id`:128001 for open-end generation.
Setting `pad_token_id` to `eos_token_id`:128001 for open-end generation.
Setting `pad_token_id` to `eos_token_id`:128001 for open-end generation.
Setting `pad_token_id` to `eos_token_id`:128001 for open-end generation.
Setting `pad_token_id` to `eos_token_id`:128001 for open-end generation.
Setting `pad_token_id` to `eos_token_id`:128001 for open-end generation.
Setting `pad_token_id` to `eos_token_id`:128001 for open-end generation.
Setting `pad_token_id` to `eos_token_id`:128001 for open-end generation.
Setting `pad_token_id` to `eos_token_id`:128001 for open-end generation.
Setting `pad_token_id` to `eos_token_id`:128001 for open-end generation.
Setting `pad_token_id` to `eos_token_id`:128001 for open-end generation.
Setting `pad_token_id` to `eos_token_id`:128001 for open-end generation.
Setting `pad_token_id` to `eos_token_id`:128001 for open-end generation.
Setting `pad_token_id` to `eos_token_id`:128001 for open-end generation.
Setting `pad_token_id` to `eos_token_id`:128001 for open-end generation.
Setting `pad_token_id` to `eos_token_id`:128001 for open-end generation.
Setting `pad_token_id` to `eos_token_id`:128001 for open-end generation.
Setting `pad_token_id` to `eos_token_id`:128001 for open-end generation.
Setting `pad_token_id` to `eos_token_id`:128001 for open-end generation.
Setting `pad_token_id` to `eos_token_id`:128001 for open-end generation.
Setting `pad_token_id` to `eos_token_id`:128001 for open-end generation.
Setting `pad_token_id` to `eos_token_id`:128001 for open-end generation.
Setting `pad_token_id` to `eos_token_id`:128001 for open-end generation.
Setting `pad_token_id` to `eos_token_id`:128001 for open-end generation.
Setting `pad_token_id` to `eos_token_id`:128001 for open-end generation.
Setting `pad_token_id` to `eos_token_id`:128001 for open-end generation.
Setting `pad_token_id` to `eos_token_id`:128001 for open-end generation.
Setting `pad_token_id` to `eos_token_id`:128001 for open-end generation.
Setting `pad_token_id` to `eos_token_id`:128001 for open-end generation.
Setting `pad_token_id` to `eos_token_id`:128001 for open-end generation.
Setting `pad_token_id` to `eos_token_id`:128001 for open-end generation.
Setting `pad_token_id` to `eos_token_id`:128001 for open-end generation.
Setting `pad_token_id` to `eos_token_id`:128001 for open-end generation.
Setting `pad_token_id` to `eos_token_id`:128001 for open-end generation.
Setting `pad_token_id` to `eos_token_id`:128001 for open-end generation.
Setting `pad_token_id` to `eos_token_id`:128001 for open-end generation.
Setting `pad_token_id` to `eos_token_id`:128001 for open-end generation.
Setting `pad_token_id` to `eos_token_id`:128001 for open-end generation.
Setting `pad_token_id` to `eos_token_id`:128001 for open-end generation.
Setting `pad_token_id` to `eos_token_id`:128001 for open-end generation.
Setting `pad_token_id` to `eos_token_id`:128001 for open-end generation.
Setting `pad_token_id` to `eos_token_id`:128001 for open-end generation.
Setting `pad_token_id` to `eos_token_id`:128001 for open-end generation.
Setting `pad_token_id` to `eos_token_id`:128001 for open-end generation.
Setting `pad_token_id` to `eos_token_id`:128001 for open-end generation.
Setting `pad_token_id` to `eos_token_id`:128001 for open-end generation.
Setting `pad_token_id` to `eos_token_id`:128001 for open-end generation.
Setting `pad_token_id` to `eos_token_id`:128001 for open-end generation.
Setting `pad_token_id` to `eos_token_id`:128001 for open-end generation.
Setting `pad_token_id` to `eos_token_id`:128001 for open-end generation.
Setting `pad_token_id` to `eos_token_id`:128001 for open-end generation.
Setting `pad_token_id` to `eos_token_id`:128001 for open-end generation.
Setting `pad_token_id` to `eos_token_id`:128001 for open-end generation.
Setting `pad_token_id` to `eos_token_id`:128001 for open-end generation.
Setting `pad_token_id` to `eos_token_id`:128001 for open-end generation.
Setting `pad_token_id` to `eos_token_id`:128001 for open-end generation.
Setting `pad_token_id` to `eos_token_id`:128001 for open-end generation.
Setting `pad_token_id` to `eos_token_id`:128001 for open-end generation.
Setting `pad_token_id` to `eos_token_id`:128001 for open-end generation.
Setting `pad_token_id` to `eos_token_id`:128001 for open-end generation.
Setting `pad_token_id` to `eos_token_id`:128001 for open-end generation.
Setting `pad_token_id` to `eos_token_id`:128001 for open-end generation.
Setting `pad_token_id` to `eos_token_id`:128001 for open-end generation.
Setting `pad_token_id` to `eos_token_id`:128001 for open-end generation.
Setting `pad_token_id` to `eos_token_id`:128001 for open-end generation.
Setting `pad_token_id` to `eos_token_id`:128001 for open-end generation.
Setting `pad_token_id` to `eos_token_id`:128001 for open-end generation.
Setting `pad_token_id` to `eos_token_id`:128001 for open-end generation.
Setting `pad_token_id` to `eos_token_id`:128001 for open-end generation.
Setting `pad_token_id` to `eos_token_id`:128001 for open-end generation.
Setting `pad_token_id` to `eos_token_id`:128001 for open-end generation.
Setting `pad_token_id` to `eos_token_id`:128001 for open-end generation.
Setting `pad_token_id` to `eos_token_id`:128001 for open-end generation.
Setting `pad_token_id` to `eos_token_id`:128001 for open-end generation.
Setting `pad_token_id` to `eos_token_id`:128001 for open-end generation.
Setting `pad_token_id` to `eos_token_id`:128001 for open-end generation.
Setting `pad_token_id` to `eos_token_id`:128001 for open-end generation.
Setting `pad_token_id` to `eos_token_id`:128001 for open-end generation.
Setting `pad_token_id` to `eos_token_id`:128001 for open-end generation.
Setting `pad_token_id` to `eos_token_id`:128001 for open-end generation.
Setting `pad_token_id` to `eos_token_id`:128001 for open-end generation.
Setting `pad_token_id` to `eos_token_id`:128001 for open-end generation.
Setting `pad_token_id` to `eos_token_id`:128001 for open-end generation.
Setting `pad_token_id` to `eos_token_id`:128001 for open-end generation.
Setting `pad_token_id` to `eos_token_id`:128001 for open-end generation.
Setting `pad_token_id` to `eos_token_id`:128001 for open-end generation.
Setting `pad_token_id` to `eos_token_id`:128001 for open-end generation.
Setting `pad_token_id` to `eos_token_id`:128001 for open-end generation.
Setting `pad_token_id` to `eos_token_id`:128001 for open-end generation.
Setting `pad_token_id` to `eos_token_id`:128001 for open-end generation.
Setting `pad_token_id` to `eos_token_id`:128001 for open-end generation.
Setting `pad_token_id` to `eos_token_id`:128001 for open-end generation.
Setting `pad_token_id` to `eos_token_id`:128001 for open-end generation.
Setting `pad_token_id` to `eos_token_id`:128001 for open-end generation.
Setting `pad_token_id` to `eos_token_id`:128001 for open-end generation.
Setting `pad_token_id` to `eos_token_id`:128001 for open-end generation.
Setting `pad_token_id` to `eos_token_id`:128001 for open-end generation.
Setting `pad_token_id` to `eos_token_id`:128001 for open-end generation.
Setting `pad_token_id` to `eos_token_id`:128001 for open-end generation.
Setting `pad_token_id` to `eos_token_id`:128001 for open-end generation.
Setting `pad_token_id` to `eos_token_id`:128001 for open-end generation.
Setting `pad_token_id` to `eos_token_id`:128001 for open-end generation.
Setting `pad_token_id` to `eos_token_id`:128001 for open-end generation.
Setting `pad_token_id` to `eos_token_id`:128001 for open-end generation.
Setting `pad_token_id` to `eos_token_id`:128001 for open-end generation.
Setting `pad_token_id` to `eos_token_id`:128001 for open-end generation.
Setting `pad_token_id` to `eos_token_id`:128001 for open-end generation.
Setting `pad_token_id` to `eos_token_id`:128001 for open-end generation.
Setting `pad_token_id` to `eos_token_id`:128001 for open-end generation.
Setting `pad_token_id` to `eos_token_id`:128001 for open-end generation.
Setting `pad_token_id` to `eos_token_id`:128001 for open-end generation.
Setting `pad_token_id` to `eos_token_id`:128001 for open-end generation.
Setting `pad_token_id` to `eos_token_id`:128001 for open-end generation.
Setting `pad_token_id` to `eos_token_id`:128001 for open-end generation.
Setting `pad_token_id` to `eos_token_id`:128001 for open-end generation.
Setting `pad_token_id` to `eos_token_id`:128001 for open-end generation.
Setting `pad_token_id` to `eos_token_id`:128001 for open-end generation.
Setting `pad_token_id` to `eos_token_id`:128001 for open-end generation.
Setting `pad_token_id` to `eos_token_id`:128001 for open-end generation.
Setting `pad_token_id` to `eos_token_id`:128001 for open-end generation.
Setting `pad_token_id` to `eos_token_id`:128001 for open-end generation.
Setting `pad_token_id` to `eos_token_id`:128001 for open-end generation.
Setting `pad_token_id` to `eos_token_id`:128001 for open-end generation.
Setting `pad_token_id` to `eos_token_id`:128001 for open-end generation.
Setting `pad_token_id` to `eos_token_id`:128001 for open-end generation.
Setting `pad_token_id` to `eos_token_id`:128001 for open-end generation.
Setting `pad_token_id` to `eos_token_id`:128001 for open-end generation.
Setting `pad_token_id` to `eos_token_id`:128001 for open-end generation.
Setting `pad_token_id` to `eos_token_id`:128001 for open-end generation.
Setting `pad_token_id` to `eos_token_id`:128001 for open-end generation.
Setting `pad_token_id` to `eos_token_id`:128001 for open-end generation.
Setting `pad_token_id` to `eos_token_id`:128001 for open-end generation.
Setting `pad_token_id` to `eos_token_id`:128001 for open-end generation.
Setting `pad_token_id` to `eos_token_id`:128001 for open-end generation.
Setting `pad_token_id` to `eos_token_id`:128001 for open-end generation.
Setting `pad_token_id` to `eos_token_id`:128001 for open-end generation.
Setting `pad_token_id` to `eos_token_id`:128001 for open-end generation.
Setting `pad_token_id` to `eos_token_id`:128001 for open-end generation.
Setting `pad_token_id` to `eos_token_id`:128001 for open-end generation.
Setting `pad_token_id` to `eos_token_id`:128001 for open-end generation.
Setting `pad_token_id` to `eos_token_id`:128001 for open-end generation.
Setting `pad_token_id` to `eos_token_id`:128001 for open-end generation.
Setting `pad_token_id` to `eos_token_id`:128001 for open-end generation.
Setting `pad_token_id` to `eos_token_id`:128001 for open-end generation.
Setting `pad_token_id` to `eos_token_id`:128001 for open-end generation.
Setting `pad_token_id` to `eos_token_id`:128001 for open-end generation.
Setting `pad_token_id` to `eos_token_id`:128001 for open-end generation.
Setting `pad_token_id` to `eos_token_id`:128001 for open-end generation.
Setting `pad_token_id` to `eos_token_id`:128001 for open-end generation.
Setting `pad_token_id` to `eos_token_id`:128001 for open-end generation.
Setting `pad_token_id` to `eos_token_id`:128001 for open-end generation.
Setting `pad_token_id` to `eos_token_id`:128001 for open-end generation.
Setting `pad_token_id` to `eos_token_id`:128001 for open-end generation.
Setting `pad_token_id` to `eos_token_id`:128001 for open-end generation.
Setting `pad_token_id` to `eos_token_id`:128001 for open-end generation.
Setting `pad_token_id` to `eos_token_id`:128001 for open-end generation.
Setting `pad_token_id` to `eos_token_id`:128001 for open-end generation.
Setting `pad_token_id` to `eos_token_id`:128001 for open-end generation.
Setting `pad_token_id` to `eos_token_id`:128001 for open-end generation.
Setting `pad_token_id` to `eos_token_id`:128001 for open-end generation.
Setting `pad_token_id` to `eos_token_id`:128001 for open-end generation.
Setting `pad_token_id` to `eos_token_id`:128001 for open-end generation.
Setting `pad_token_id` to `eos_token_id`:128001 for open-end generation.
Setting `pad_token_id` to `eos_token_id`:128001 for open-end generation.
Setting `pad_token_id` to `eos_token_id`:128001 for open-end generation.
Setting `pad_token_id` to `eos_token_id`:128001 for open-end generation.
Setting `pad_token_id` to `eos_token_id`:128001 for open-end generation.
Setting `pad_token_id` to `eos_token_id`:128001 for open-end generation.
Setting `pad_token_id` to `eos_token_id`:128001 for open-end generation.
Setting `pad_token_id` to `eos_token_id`:128001 for open-end generation.
Setting `pad_token_id` to `eos_token_id`:128001 for open-end generation.
Setting `pad_token_id` to `eos_token_id`:128001 for open-end generation.
Setting `pad_token_id` to `eos_token_id`:128001 for open-end generation.
Setting `pad_token_id` to `eos_token_id`:128001 for open-end generation.
Setting `pad_token_id` to `eos_token_id`:128001 for open-end generation.
Setting `pad_token_id` to `eos_token_id`:128001 for open-end generation.
Setting `pad_token_id` to `eos_token_id`:128001 for open-end generation.
Setting `pad_token_id` to `eos_token_id`:128001 for open-end generation.
Setting `pad_token_id` to `eos_token_id`:128001 for open-end generation.
Setting `pad_token_id` to `eos_token_id`:128001 for open-end generation.
Setting `pad_token_id` to `eos_token_id`:128001 for open-end generation.
Setting `pad_token_id` to `eos_token_id`:128001 for open-end generation.
Setting `pad_token_id` to `eos_token_id`:128001 for open-end generation.
Setting `pad_token_id` to `eos_token_id`:128001 for open-end generation.
Setting `pad_token_id` to `eos_token_id`:128001 for open-end generation.
Setting `pad_token_id` to `eos_token_id`:128001 for open-end generation.
Setting `pad_token_id` to `eos_token_id`:128001 for open-end generation.
Setting `pad_token_id` to `eos_token_id`:128001 for open-end generation.
Setting `pad_token_id` to `eos_token_id`:128001 for open-end generation.
Setting `pad_token_id` to `eos_token_id`:128001 for open-end generation.
Setting `pad_token_id` to `eos_token_id`:128001 for open-end generation.
Setting `pad_token_id` to `eos_token_id`:128001 for open-end generation.
Setting `pad_token_id` to `eos_token_id`:128001 for open-end generation.
Setting `pad_token_id` to `eos_token_id`:128001 for open-end generation.
Setting `pad_token_id` to `eos_token_id`:128001 for open-end generation.
Setting `pad_token_id` to `eos_token_id`:128001 for open-end generation.
Setting `pad_token_id` to `eos_token_id`:128001 for open-end generation.
Setting `pad_token_id` to `eos_token_id`:128001 for open-end generation.
Setting `pad_token_id` to `eos_token_id`:128001 for open-end generation.
Setting `pad_token_id` to `eos_token_id`:128001 for open-end generation.
Setting `pad_token_id` to `eos_token_id`:128001 for open-end generation.
Setting `pad_token_id` to `eos_token_id`:128001 for open-end generation.
Setting `pad_token_id` to `eos_token_id`:128001 for open-end generation.
Setting `pad_token_id` to `eos_token_id`:128001 for open-end generation.
Setting `pad_token_id` to `eos_token_id`:128001 for open-end generation.
Setting `pad_token_id` to `eos_token_id`:128001 for open-end generation.
Setting `pad_token_id` to `eos_token_id`:128001 for open-end generation.
Setting `pad_token_id` to `eos_token_id`:128001 for open-end generation.
Setting `pad_token_id` to `eos_token_id`:128001 for open-end generation.
Setting `pad_token_id` to `eos_token_id`:128001 for open-end generation.
Setting `pad_token_id` to `eos_token_id`:128001 for open-end generation.
Setting `pad_token_id` to `eos_token_id`:128001 for open-end generation.
Setting `pad_token_id` to `eos_token_id`:128001 for open-end generation.
Setting `pad_token_id` to `eos_token_id`:128001 for open-end generation.
Setting `pad_token_id` to `eos_token_id`:128001 for open-end generation.
Setting `pad_token_id` to `eos_token_id`:128001 for open-end generation.
Setting `pad_token_id` to `eos_token_id`:128001 for open-end generation.
Setting `pad_token_id` to `eos_token_id`:128001 for open-end generation.
Setting `pad_token_id` to `eos_token_id`:128001 for open-end generation.
Setting `pad_token_id` to `eos_token_id`:128001 for open-end generation.
Setting `pad_token_id` to `eos_token_id`:128001 for open-end generation.
Setting `pad_token_id` to `eos_token_id`:128001 for open-end generation.
Setting `pad_token_id` to `eos_token_id`:128001 for open-end generation.
Setting `pad_token_id` to `eos_token_id`:128001 for open-end generation.
Setting `pad_token_id` to `eos_token_id`:128001 for open-end generation.
Setting `pad_token_id` to `eos_token_id`:128001 for open-end generation.
Setting `pad_token_id` to `eos_token_id`:128001 for open-end generation.
Setting `pad_token_id` to `eos_token_id`:128001 for open-end generation.
Setting `pad_token_id` to `eos_token_id`:128001 for open-end generation.
Setting `pad_token_id` to `eos_token_id`:128001 for open-end generation.
Setting `pad_token_id` to `eos_token_id`:128001 for open-end generation.
Setting `pad_token_id` to `eos_token_id`:128001 for open-end generation.
Setting `pad_token_id` to `eos_token_id`:128001 for open-end generation.
Setting `pad_token_id` to `eos_token_id`:128001 for open-end generation.
Setting `pad_token_id` to `eos_token_id`:128001 for open-end generation.
Setting `pad_token_id` to `eos_token_id`:128001 for open-end generation.
Setting `pad_token_id` to `eos_token_id`:128001 for open-end generation.
Setting `pad_token_id` to `eos_token_id`:128001 for open-end generation.
Setting `pad_token_id` to `eos_token_id`:128001 for open-end generation.
Setting `pad_token_id` to `eos_token_id`:128001 for open-end generation.
Setting `pad_token_id` to `eos_token_id`:128001 for open-end generation.
Setting `pad_token_id` to `eos_token_id`:128001 for open-end generation.
Setting `pad_token_id` to `eos_token_id`:128001 for open-end generation.
Setting `pad_token_id` to `eos_token_id`:128001 for open-end generation.
Setting `pad_token_id` to `eos_token_id`:128001 for open-end generation.
Setting `pad_token_id` to `eos_token_id`:128001 for open-end generation.
Setting `pad_token_id` to `eos_token_id`:128001 for open-end generation.
Setting `pad_token_id` to `eos_token_id`:128001 for open-end generation.
Setting `pad_token_id` to `eos_token_id`:128001 for open-end generation.
Setting `pad_token_id` to `eos_token_id`:128001 for open-end generation.
Setting `pad_token_id` to `eos_token_id`:128001 for open-end generation.
Setting `pad_token_id` to `eos_token_id`:128001 for open-end generation.
Setting `pad_token_id` to `eos_token_id`:128001 for open-end generation.
Setting `pad_token_id` to `eos_token_id`:128001 for open-end generation.
Setting `pad_token_id` to `eos_token_id`:128001 for open-end generation.
Setting `pad_token_id` to `eos_token_id`:128001 for open-end generation.
Setting `pad_token_id` to `eos_token_id`:128001 for open-end generation.
Setting `pad_token_id` to `eos_token_id`:128001 for open-end generation.
Setting `pad_token_id` to `eos_token_id`:128001 for open-end generation.
Setting `pad_token_id` to `eos_token_id`:128001 for open-end generation.
Setting `pad_token_id` to `eos_token_id`:128001 for open-end generation.
Setting `pad_token_id` to `eos_token_id`:128001 for open-end generation.
Setting `pad_token_id` to `eos_token_id`:128001 for open-end generation.
Setting `pad_token_id` to `eos_token_id`:128001 for open-end generation.
Setting `pad_token_id` to `eos_token_id`:128001 for open-end generation.
Setting `pad_token_id` to `eos_token_id`:128001 for open-end generation.
Setting `pad_token_id` to `eos_token_id`:128001 for open-end generation.
Setting `pad_token_id` to `eos_token_id`:128001 for open-end generation.
Setting `pad_token_id` to `eos_token_id`:128001 for open-end generation.
Setting `pad_token_id` to `eos_token_id`:128001 for open-end generation.
Setting `pad_token_id` to `eos_token_id`:128001 for open-end generation.
Setting `pad_token_id` to `eos_token_id`:128001 for open-end generation.
Setting `pad_token_id` to `eos_token_id`:128001 for open-end generation.
Setting `pad_token_id` to `eos_token_id`:128001 for open-end generation.
Setting `pad_token_id` to `eos_token_id`:128001 for open-end generation.
Setting `pad_token_id` to `eos_token_id`:128001 for open-end generation.
Setting `pad_token_id` to `eos_token_id`:128001 for open-end generation.
Setting `pad_token_id` to `eos_token_id`:128001 for open-end generation.
Setting `pad_token_id` to `eos_token_id`:128001 for open-end generation.
Setting `pad_token_id` to `eos_token_id`:128001 for open-end generation.
Setting `pad_token_id` to `eos_token_id`:128001 for open-end generation.
Setting `pad_token_id` to `eos_token_id`:128001 for open-end generation.
Setting `pad_token_id` to `eos_token_id`:128001 for open-end generation.
Setting `pad_token_id` to `eos_token_id`:128001 for open-end generation.
Setting `pad_token_id` to `eos_token_id`:128001 for open-end generation.
Setting `pad_token_id` to `eos_token_id`:128001 for open-end generation.
Setting `pad_token_id` to `eos_token_id`:128001 for open-end generation.
Setting `pad_token_id` to `eos_token_id`:128001 for open-end generation.
Setting `pad_token_id` to `eos_token_id`:128001 for open-end generation.
Setting `pad_token_id` to `eos_token_id`:128001 for open-end generation.
Setting `pad_token_id` to `eos_token_id`:128001 for open-end generation.
Setting `pad_token_id` to `eos_token_id`:128001 for open-end generation.
Setting `pad_token_id` to `eos_token_id`:128001 for open-end generation.
Setting `pad_token_id` to `eos_token_id`:128001 for open-end generation.
Setting `pad_token_id` to `eos_token_id`:128001 for open-end generation.
Setting `pad_token_id` to `eos_token_id`:128001 for open-end generation.
Setting `pad_token_id` to `eos_token_id`:128001 for open-end generation.
Setting `pad_token_id` to `eos_token_id`:128001 for open-end generation.
Setting `pad_token_id` to `eos_token_id`:128001 for open-end generation.
Setting `pad_token_id` to `eos_token_id`:128001 for open-end generation.
Setting `pad_token_id` to `eos_token_id`:128001 for open-end generation.
Setting `pad_token_id` to `eos_token_id`:128001 for open-end generation.
Setting `pad_token_id` to `eos_token_id`:128001 for open-end generation.
Setting `pad_token_id` to `eos_token_id`:128001 for open-end generation.
Setting `pad_token_id` to `eos_token_id`:128001 for open-end generation.
Setting `pad_token_id` to `eos_token_id`:128001 for open-end generation.
Setting `pad_token_id` to `eos_token_id`:128001 for open-end generation.
Setting `pad_token_id` to `eos_token_id`:128001 for open-end generation.
Setting `pad_token_id` to `eos_token_id`:128001 for open-end generation.
Setting `pad_token_id` to `eos_token_id`:128001 for open-end generation.
Setting `pad_token_id` to `eos_token_id`:128001 for open-end generation.
Setting `pad_token_id` to `eos_token_id`:128001 for open-end generation.
Setting `pad_token_id` to `eos_token_id`:128001 for open-end generation.
Setting `pad_token_id` to `eos_token_id`:128001 for open-end generation.
Setting `pad_token_id` to `eos_token_id`:128001 for open-end generation.
Setting `pad_token_id` to `eos_token_id`:128001 for open-end generation.
Setting `pad_token_id` to `eos_token_id`:128001 for open-end generation.
Setting `pad_token_id` to `eos_token_id`:128001 for open-end generation.
Setting `pad_token_id` to `eos_token_id`:128001 for open-end generation.
Setting `pad_token_id` to `eos_token_id`:128001 for open-end generation.
Setting `pad_token_id` to `eos_token_id`:128001 for open-end generation.
Setting `pad_token_id` to `eos_token_id`:128001 for open-end generation.
Setting `pad_token_id` to `eos_token_id`:128001 for open-end generation.
Setting `pad_token_id` to `eos_token_id`:128001 for open-end generation.
Setting `pad_token_id` to `eos_token_id`:128001 for open-end generation.
Setting `pad_token_id` to `eos_token_id`:128001 for open-end generation.
Setting `pad_token_id` to `eos_token_id`:128001 for open-end generation.
Setting `pad_token_id` to `eos_token_id`:128001 for open-end generation.
Setting `pad_token_id` to `eos_token_id`:128001 for open-end generation.
Setting `pad_token_id` to `eos_token_id`:128001 for open-end generation.
Setting `pad_token_id` to `eos_token_id`:128001 for open-end generation.
Setting `pad_token_id` to `eos_token_id`:128001 for open-end generation.
Setting `pad_token_id` to `eos_token_id`:128001 for open-end generation.
Setting `pad_token_id` to `eos_token_id`:128001 for open-end generation.
Setting `pad_token_id` to `eos_token_id`:128001 for open-end generation.
Setting `pad_token_id` to `eos_token_id`:128001 for open-end generation.
Setting `pad_token_id` to `eos_token_id`:128001 for open-end generation.
Setting `pad_token_id` to `eos_token_id`:128001 for open-end generation.
Setting `pad_token_id` to `eos_token_id`:128001 for open-end generation.
Setting `pad_token_id` to `eos_token_id`:128001 for open-end generation.
Setting `pad_token_id` to `eos_token_id`:128001 for open-end generation.
Setting `pad_token_id` to `eos_token_id`:128001 for open-end generation.
Setting `pad_token_id` to `eos_token_id`:128001 for open-end generation.
Setting `pad_token_id` to `eos_token_id`:128001 for open-end generation.
Setting `pad_token_id` to `eos_token_id`:128001 for open-end generation.
Setting `pad_token_id` to `eos_token_id`:128001 for open-end generation.
Setting `pad_token_id` to `eos_token_id`:128001 for open-end generation.
Setting `pad_token_id` to `eos_token_id`:128001 for open-end generation.
Setting `pad_token_id` to `eos_token_id`:128001 for open-end generation.
Setting `pad_token_id` to `eos_token_id`:128001 for open-end generation.
Setting `pad_token_id` to `eos_token_id`:128001 for open-end generation.
Setting `pad_token_id` to `eos_token_id`:128001 for open-end generation.
Setting `pad_token_id` to `eos_token_id`:128001 for open-end generation.
Setting `pad_token_id` to `eos_token_id`:128001 for open-end generation.
Setting `pad_token_id` to `eos_token_id`:128001 for open-end generation.
Setting `pad_token_id` to `eos_token_id`:128001 for open-end generation.
Setting `pad_token_id` to `eos_token_id`:128001 for open-end generation.
Setting `pad_token_id` to `eos_token_id`:128001 for open-end generation.
Setting `pad_token_id` to `eos_token_id`:128001 for open-end generation.
Setting `pad_token_id` to `eos_token_id`:128001 for open-end generation.
Setting `pad_token_id` to `eos_token_id`:128001 for open-end generation.
Setting `pad_token_id` to `eos_token_id`:128001 for open-end generation.
Setting `pad_token_id` to `eos_token_id`:128001 for open-end generation.
Setting `pad_token_id` to `eos_token_id`:128001 for open-end generation.
Setting `pad_token_id` to `eos_token_id`:128001 for open-end generation.
Setting `pad_token_id` to `eos_token_id`:128001 for open-end generation.
Setting `pad_token_id` to `eos_token_id`:128001 for open-end generation.
Setting `pad_token_id` to `eos_token_id`:128001 for open-end generation.
Setting `pad_token_id` to `eos_token_id`:128001 for open-end generation.
Setting `pad_token_id` to `eos_token_id`:128001 for open-end generation.
Setting `pad_token_id` to `eos_token_id`:128001 for open-end generation.
Setting `pad_token_id` to `eos_token_id`:128001 for open-end generation.
Setting `pad_token_id` to `eos_token_id`:128001 for open-end generation.
Setting `pad_token_id` to `eos_token_id`:128001 for open-end generation.
Setting `pad_token_id` to `eos_token_id`:128001 for open-end generation.
Setting `pad_token_id` to `eos_token_id`:128001 for open-end generation.
Setting `pad_token_id` to `eos_token_id`:128001 for open-end generation.
Setting `pad_token_id` to `eos_token_id`:128001 for open-end generation.
Setting `pad_token_id` to `eos_token_id`:128001 for open-end generation.
Setting `pad_token_id` to `eos_token_id`:128001 for open-end generation.
Setting `pad_token_id` to `eos_token_id`:128001 for open-end generation.
Setting `pad_token_id` to `eos_token_id`:128001 for open-end generation.
Setting `pad_token_id` to `eos_token_id`:128001 for open-end generation.
Setting `pad_token_id` to `eos_token_id`:128001 for open-end generation.
Setting `pad_token_id` to `eos_token_id`:128001 for open-end generation.
Setting `pad_token_id` to `eos_token_id`:128001 for open-end generation.
Setting `pad_token_id` to `eos_token_id`:128001 for open-end generation.
Setting `pad_token_id` to `eos_token_id`:128001 for open-end generation.
Setting `pad_token_id` to `eos_token_id`:128001 for open-end generation.
Setting `pad_token_id` to `eos_token_id`:128001 for open-end generation.
Setting `pad_token_id` to `eos_token_id`:128001 for open-end generation.
Setting `pad_token_id` to `eos_token_id`:128001 for open-end generation.
Setting `pad_token_id` to `eos_token_id`:128001 for open-end generation.
Setting `pad_token_id` to `eos_token_id`:128001 for open-end generation.
Setting `pad_token_id` to `eos_token_id`:128001 for open-end generation.
Setting `pad_token_id` to `eos_token_id`:128001 for open-end generation.
Setting `pad_token_id` to `eos_token_id`:128001 for open-end generation.
Setting `pad_token_id` to `eos_token_id`:128001 for open-end generation.
Setting `pad_token_id` to `eos_token_id`:128001 for open-end generation.
Setting `pad_token_id` to `eos_token_id`:128001 for open-end generation.
Setting `pad_token_id` to `eos_token_id`:128001 for open-end generation.
Setting `pad_token_id` to `eos_token_id`:128001 for open-end generation.
Setting `pad_token_id` to `eos_token_id`:128001 for open-end generation.
Setting `pad_token_id` to `eos_token_id`:128001 for open-end generation.
Setting `pad_token_id` to `eos_token_id`:128001 for open-end generation.
Setting `pad_token_id` to `eos_token_id`:128001 for open-end generation.
Setting `pad_token_id` to `eos_token_id`:128001 for open-end generation.
Setting `pad_token_id` to `eos_token_id`:128001 for open-end generation.
Setting `pad_token_id` to `eos_token_id`:128001 for open-end generation.
Setting `pad_token_id` to `eos_token_id`:128001 for open-end generation.
Setting `pad_token_id` to `eos_token_id`:128001 for open-end generation.
Setting `pad_token_id` to `eos_token_id`:128001 for open-end generation.
Setting `pad_token_id` to `eos_token_id`:128001 for open-end generation.
Setting `pad_token_id` to `eos_token_id`:128001 for open-end generation.
Setting `pad_token_id` to `eos_token_id`:128001 for open-end generation.
Setting `pad_token_id` to `eos_token_id`:128001 for open-end generation.
Setting `pad_token_id` to `eos_token_id`:128001 for open-end generation.
Setting `pad_token_id` to `eos_token_id`:128001 for open-end generation.
Setting `pad_token_id` to `eos_token_id`:128001 for open-end generation.
Setting `pad_token_id` to `eos_token_id`:128001 for open-end generation.
Setting `pad_token_id` to `eos_token_id`:128001 for open-end generation.
Setting `pad_token_id` to `eos_token_id`:128001 for open-end generation.
Setting `pad_token_id` to `eos_token_id`:128001 for open-end generation.
Setting `pad_token_id` to `eos_token_id`:128001 for open-end generation.
Setting `pad_token_id` to `eos_token_id`:128001 for open-end generation.
Setting `pad_token_id` to `eos_token_id`:128001 for open-end generation.
Setting `pad_token_id` to `eos_token_id`:128001 for open-end generation.
Setting `pad_token_id` to `eos_token_id`:128001 for open-end generation.
Setting `pad_token_id` to `eos_token_id`:128001 for open-end generation.
Setting `pad_token_id` to `eos_token_id`:128001 for open-end generation.
Setting `pad_token_id` to `eos_token_id`:128001 for open-end generation.
Setting `pad_token_id` to `eos_token_id`:128001 for open-end generation.
Setting `pad_token_id` to `eos_token_id`:128001 for open-end generation.
Setting `pad_token_id` to `eos_token_id`:128001 for open-end generation.
Setting `pad_token_id` to `eos_token_id`:128001 for open-end generation.
Setting `pad_token_id` to `eos_token_id`:128001 for open-end generation.
Setting `pad_token_id` to `eos_token_id`:128001 for open-end generation.
Setting `pad_token_id` to `eos_token_id`:128001 for open-end generation.
Setting `pad_token_id` to `eos_token_id`:128001 for open-end generation.
Setting `pad_token_id` to `eos_token_id`:128001 for open-end generation.
Setting `pad_token_id` to `eos_token_id`:128001 for open-end generation.
Setting `pad_token_id` to `eos_token_id`:128001 for open-end generation.
Setting `pad_token_id` to `eos_token_id`:128001 for open-end generation.
Setting `pad_token_id` to `eos_token_id`:128001 for open-end generation.
Setting `pad_token_id` to `eos_token_id`:128001 for open-end generation.
Setting `pad_token_id` to `eos_token_id`:128001 for open-end generation.
Setting `pad_token_id` to `eos_token_id`:128001 for open-end generation.
Setting `pad_token_id` to `eos_token_id`:128001 for open-end generation.
Setting `pad_token_id` to `eos_token_id`:128001 for open-end generation.
Setting `pad_token_id` to `eos_token_id`:128001 for open-end generation.
Setting `pad_token_id` to `eos_token_id`:128001 for open-end generation.
Setting `pad_token_id` to `eos_token_id`:128001 for open-end generation.
Setting `pad_token_id` to `eos_token_id`:128001 for open-end generation.
Setting `pad_token_id` to `eos_token_id`:128001 for open-end generation.
Setting `pad_token_id` to `eos_token_id`:128001 for open-end generation.
Setting `pad_token_id` to `eos_token_id`:128001 for open-end generation.
Setting `pad_token_id` to `eos_token_id`:128001 for open-end generation.
Setting `pad_token_id` to `eos_token_id`:128001 for open-end generation.
Setting `pad_token_id` to `eos_token_id`:128001 for open-end generation.
Setting `pad_token_id` to `eos_token_id`:128001 for open-end generation.
Setting `pad_token_id` to `eos_token_id`:128001 for open-end generation.
Setting `pad_token_id` to `eos_token_id`:128001 for open-end generation.
Setting `pad_token_id` to `eos_token_id`:128001 for open-end generation.
Setting `pad_token_id` to `eos_token_id`:128001 for open-end generation.
Setting `pad_token_id` to `eos_token_id`:128001 for open-end generation.
Setting `pad_token_id` to `eos_token_id`:128001 for open-end generation.
Setting `pad_token_id` to `eos_token_id`:128001 for open-end generation.
Setting `pad_token_id` to `eos_token_id`:128001 for open-end generation.
Setting `pad_token_id` to `eos_token_id`:128001 for open-end generation.
Setting `pad_token_id` to `eos_token_id`:128001 for open-end generation.
Setting `pad_token_id` to `eos_token_id`:128001 for open-end generation.
Setting `pad_token_id` to `eos_token_id`:128001 for open-end generation.
Setting `pad_token_id` to `eos_token_id`:128001 for open-end generation.
Setting `pad_token_id` to `eos_token_id`:128001 for open-end generation.
Setting `pad_token_id` to `eos_token_id`:128001 for open-end generation.
Setting `pad_token_id` to `eos_token_id`:128001 for open-end generation.
Setting `pad_token_id` to `eos_token_id`:128001 for open-end generation.
Setting `pad_token_id` to `eos_token_id`:128001 for open-end generation.
Setting `pad_token_id` to `eos_token_id`:128001 for open-end generation.
Setting `pad_token_id` to `eos_token_id`:128001 for open-end generation.
Setting `pad_token_id` to `eos_token_id`:128001 for open-end generation.
Setting `pad_token_id` to `eos_token_id`:128001 for open-end generation.
Setting `pad_token_id` to `eos_token_id`:128001 for open-end generation.
Setting `pad_token_id` to `eos_token_id`:128001 for open-end generation.
Setting `pad_token_id` to `eos_token_id`:128001 for open-end generation.
Setting `pad_token_id` to `eos_token_id`:128001 for open-end generation.
Setting `pad_token_id` to `eos_token_id`:128001 for open-end generation.
Setting `pad_token_id` to `eos_token_id`:128001 for open-end generation.
Setting `pad_token_id` to `eos_token_id`:128001 for open-end generation.
Setting `pad_token_id` to `eos_token_id`:128001 for open-end generation.
Setting `pad_token_id` to `eos_token_id`:128001 for open-end generation.
Setting `pad_token_id` to `eos_token_id`:128001 for open-end generation.
Setting `pad_token_id` to `eos_token_id`:128001 for open-end generation.
Setting `pad_token_id` to `eos_token_id`:128001 for open-end generation.
Setting `pad_token_id` to `eos_token_id`:128001 for open-end generation.
Setting `pad_token_id` to `eos_token_id`:128001 for open-end generation.
Setting `pad_token_id` to `eos_token_id`:128001 for open-end generation.
Setting `pad_token_id` to `eos_token_id`:128001 for open-end generation.
Setting `pad_token_id` to `eos_token_id`:128001 for open-end generation.
Setting `pad_token_id` to `eos_token_id`:128001 for open-end generation.
Setting `pad_token_id` to `eos_token_id`:128001 for open-end generation.
Setting `pad_token_id` to `eos_token_id`:128001 for open-end generation.
Setting `pad_token_id` to `eos_token_id`:128001 for open-end generation.
Setting `pad_token_id` to `eos_token_id`:128001 for open-end generation.
Setting `pad_token_id` to `eos_token_id`:128001 for open-end generation.
Setting `pad_token_id` to `eos_token_id`:128001 for open-end generation.
Setting `pad_token_id` to `eos_token_id`:128001 for open-end generation.
Setting `pad_token_id` to `eos_token_id`:128001 for open-end generation.
Setting `pad_token_id` to `eos_token_id`:128001 for open-end generation.
Setting `pad_token_id` to `eos_token_id`:128001 for open-end generation.
Setting `pad_token_id` to `eos_token_id`:128001 for open-end generation.
Setting `pad_token_id` to `eos_token_id`:128001 for open-end generation.
Setting `pad_token_id` to `eos_token_id`:128001 for open-end generation.
Setting `pad_token_id` to `eos_token_id`:128001 for open-end generation.
Setting `pad_token_id` to `eos_token_id`:128001 for open-end generation.
Setting `pad_token_id` to `eos_token_id`:128001 for open-end generation.
Setting `pad_token_id` to `eos_token_id`:128001 for open-end generation.
Setting `pad_token_id` to `eos_token_id`:128001 for open-end generation.
Setting `pad_token_id` to `eos_token_id`:128001 for open-end generation.
Setting `pad_token_id` to `eos_token_id`:128001 for open-end generation.
Setting `pad_token_id` to `eos_token_id`:128001 for open-end generation.
Setting `pad_token_id` to `eos_token_id`:128001 for open-end generation.
Setting `pad_token_id` to `eos_token_id`:128001 for open-end generation.
Setting `pad_token_id` to `eos_token_id`:128001 for open-end generation.
Setting `pad_token_id` to `eos_token_id`:128001 for open-end generation.
Setting `pad_token_id` to `eos_token_id`:128001 for open-end generation.
Setting `pad_token_id` to `eos_token_id`:128001 for open-end generation.
Setting `pad_token_id` to `eos_token_id`:128001 for open-end generation.
Setting `pad_token_id` to `eos_token_id`:128001 for open-end generation.
Setting `pad_token_id` to `eos_token_id`:128001 for open-end generation.
Setting `pad_token_id` to `eos_token_id`:128001 for open-end generation.
Setting `pad_token_id` to `eos_token_id`:128001 for open-end generation.
Setting `pad_token_id` to `eos_token_id`:128001 for open-end generation.
Setting `pad_token_id` to `eos_token_id`:128001 for open-end generation.
Setting `pad_token_id` to `eos_token_id`:128001 for open-end generation.
Setting `pad_token_id` to `eos_token_id`:128001 for open-end generation.
Setting `pad_token_id` to `eos_token_id`:128001 for open-end generation.
Setting `pad_token_id` to `eos_token_id`:128001 for open-end generation.
Setting `pad_token_id` to `eos_token_id`:128001 for open-end generation.
Setting `pad_token_id` to `eos_token_id`:128001 for open-end generation.
Setting `pad_token_id` to `eos_token_id`:128001 for open-end generation.
Setting `pad_token_id` to `eos_token_id`:128001 for open-end generation.
Setting `pad_token_id` to `eos_token_id`:128001 for open-end generation.
Setting `pad_token_id` to `eos_token_id`:128001 for open-end generation.
Setting `pad_token_id` to `eos_token_id`:128001 for open-end generation.
Setting `pad_token_id` to `eos_token_id`:128001 for open-end generation.
Setting `pad_token_id` to `eos_token_id`:128001 for open-end generation.
Setting `pad_token_id` to `eos_token_id`:128001 for open-end generation.
Setting `pad_token_id` to `eos_token_id`:128001 for open-end generation.
Setting `pad_token_id` to `eos_token_id`:128001 for open-end generation.
Setting `pad_token_id` to `eos_token_id`:128001 for open-end generation.
Setting `pad_token_id` to `eos_token_id`:128001 for open-end generation.
Setting `pad_token_id` to `eos_token_id`:128001 for open-end generation.
Setting `pad_token_id` to `eos_token_id`:128001 for open-end generation.
Setting `pad_token_id` to `eos_token_id`:128001 for open-end generation.
Setting `pad_token_id` to `eos_token_id`:128001 for open-end generation.
Setting `pad_token_id` to `eos_token_id`:128001 for open-end generation.
Setting `pad_token_id` to `eos_token_id`:128001 for open-end generation.
Setting `pad_token_id` to `eos_token_id`:128001 for open-end generation.
Setting `pad_token_id` to `eos_token_id`:128001 for open-end generation.
Setting `pad_token_id` to `eos_token_id`:128001 for open-end generation.
Setting `pad_token_id` to `eos_token_id`:128001 for open-end generation.
Setting `pad_token_id` to `eos_token_id`:128001 for open-end generation.
Setting `pad_token_id` to `eos_token_id`:128001 for open-end generation.
Setting `pad_token_id` to `eos_token_id`:128001 for open-end generation.
Setting `pad_token_id` to `eos_token_id`:128001 for open-end generation.
Setting `pad_token_id` to `eos_token_id`:128001 for open-end generation.
Setting `pad_token_id` to `eos_token_id`:128001 for open-end generation.
Setting `pad_token_id` to `eos_token_id`:128001 for open-end generation.
Setting `pad_token_id` to `eos_token_id`:128001 for open-end generation.
Setting `pad_token_id` to `eos_token_id`:128001 for open-end generation.
Setting `pad_token_id` to `eos_token_id`:128001 for open-end generation.
Setting `pad_token_id` to `eos_token_id`:128001 for open-end generation.
Setting `pad_token_id` to `eos_token_id`:128001 for open-end generation.
Setting `pad_token_id` to `eos_token_id`:128001 for open-end generation.
Setting `pad_token_id` to `eos_token_id`:128001 for open-end generation.
Setting `pad_token_id` to `eos_token_id`:128001 for open-end generation.
Setting `pad_token_id` to `eos_token_id`:128001 for open-end generation.
Setting `pad_token_id` to `eos_token_id`:128001 for open-end generation.
Setting `pad_token_id` to `eos_token_id`:128001 for open-end generation.
Setting `pad_token_id` to `eos_token_id`:128001 for open-end generation.
Setting `pad_token_id` to `eos_token_id`:128001 for open-end generation.
Setting `pad_token_id` to `eos_token_id`:128001 for open-end generation.
Setting `pad_token_id` to `eos_token_id`:128001 for open-end generation.
Setting `pad_token_id` to `eos_token_id`:128001 for open-end generation.
Setting `pad_token_id` to `eos_token_id`:128001 for open-end generation.
Setting `pad_token_id` to `eos_token_id`:128001 for open-end generation.
Setting `pad_token_id` to `eos_token_id`:128001 for open-end generation.
Setting `pad_token_id` to `eos_token_id`:128001 for open-end generation.
Setting `pad_token_id` to `eos_token_id`:128001 for open-end generation.
Setting `pad_token_id` to `eos_token_id`:128001 for open-end generation.
Setting `pad_token_id` to `eos_token_id`:128001 for open-end generation.
Setting `pad_token_id` to `eos_token_id`:128001 for open-end generation.
Setting `pad_token_id` to `eos_token_id`:128001 for open-end generation.
Setting `pad_token_id` to `eos_token_id`:128001 for open-end generation.
Setting `pad_token_id` to `eos_token_id`:128001 for open-end generation.
Setting `pad_token_id` to `eos_token_id`:128001 for open-end generation.
Setting `pad_token_id` to `eos_token_id`:128001 for open-end generation.
Setting `pad_token_id` to `eos_token_id`:128001 for open-end generation.
Setting `pad_token_id` to `eos_token_id`:128001 for open-end generation.
Setting `pad_token_id` to `eos_token_id`:128001 for open-end generation.
Setting `pad_token_id` to `eos_token_id`:128001 for open-end generation.
Setting `pad_token_id` to `eos_token_id`:128001 for open-end generation.
Setting `pad_token_id` to `eos_token_id`:128001 for open-end generation.
Setting `pad_token_id` to `eos_token_id`:128001 for open-end generation.
Setting `pad_token_id` to `eos_token_id`:128001 for open-end generation.
Setting `pad_token_id` to `eos_token_id`:128001 for open-end generation.
Setting `pad_token_id` to `eos_token_id`:128001 for open-end generation.
Setting `pad_token_id` to `eos_token_id`:128001 for open-end generation.
Setting `pad_token_id` to `eos_token_id`:128001 for open-end generation.
Setting `pad_token_id` to `eos_token_id`:128001 for open-end generation.
Setting `pad_token_id` to `eos_token_id`:128001 for open-end generation.
Setting `pad_token_id` to `eos_token_id`:128001 for open-end generation.
Setting `pad_token_id` to `eos_token_id`:128001 for open-end generation.
Setting `pad_token_id` to `eos_token_id`:128001 for open-end generation.
Setting `pad_token_id` to `eos_token_id`:128001 for open-end generation.
Setting `pad_token_id` to `eos_token_id`:128001 for open-end generation.
Setting `pad_token_id` to `eos_token_id`:128001 for open-end generation.
Setting `pad_token_id` to `eos_token_id`:128001 for open-end generation.
Setting `pad_token_id` to `eos_token_id`:128001 for open-end generation.
Setting `pad_token_id` to `eos_token_id`:128001 for open-end generation.
Setting `pad_token_id` to `eos_token_id`:128001 for open-end generation.
Setting `pad_token_id` to `eos_token_id`:128001 for open-end generation.
Setting `pad_token_id` to `eos_token_id`:128001 for open-end generation.
Setting `pad_token_id` to `eos_token_id`:128001 for open-end generation.
Setting `pad_token_id` to `eos_token_id`:128001 for open-end generation.
Setting `pad_token_id` to `eos_token_id`:128001 for open-end generation.
Setting `pad_token_id` to `eos_token_id`:128001 for open-end generation.
Setting `pad_token_id` to `eos_token_id`:128001 for open-end generation.
Setting `pad_token_id` to `eos_token_id`:128001 for open-end generation.
Setting `pad_token_id` to `eos_token_id`:128001 for open-end generation.
Setting `pad_token_id` to `eos_token_id`:128001 for open-end generation.
Setting `pad_token_id` to `eos_token_id`:128001 for open-end generation.
Setting `pad_token_id` to `eos_token_id`:128001 for open-end generation.
Setting `pad_token_id` to `eos_token_id`:128001 for open-end generation.
Setting `pad_token_id` to `eos_token_id`:128001 for open-end generation.
Setting `pad_token_id` to `eos_token_id`:128001 for open-end generation.
Setting `pad_token_id` to `eos_token_id`:128001 for open-end generation.
Setting `pad_token_id` to `eos_token_id`:128001 for open-end generation.
Setting `pad_token_id` to `eos_token_id`:128001 for open-end generation.
Setting `pad_token_id` to `eos_token_id`:128001 for open-end generation.
Setting `pad_token_id` to `eos_token_id`:128001 for open-end generation.
Setting `pad_token_id` to `eos_token_id`:128001 for open-end generation.
Setting `pad_token_id` to `eos_token_id`:128001 for open-end generation.
Setting `pad_token_id` to `eos_token_id`:128001 for open-end generation.
Setting `pad_token_id` to `eos_token_id`:128001 for open-end generation.
Setting `pad_token_id` to `eos_token_id`:128001 for open-end generation.
Setting `pad_token_id` to `eos_token_id`:128001 for open-end generation.
Setting `pad_token_id` to `eos_token_id`:128001 for open-end generation.
Setting `pad_token_id` to `eos_token_id`:128001 for open-end generation.
Setting `pad_token_id` to `eos_token_id`:128001 for open-end generation.
Setting `pad_token_id` to `eos_token_id`:128001 for open-end generation.
Setting `pad_token_id` to `eos_token_id`:128001 for open-end generation.
Setting `pad_token_id` to `eos_token_id`:128001 for open-end generation.
Setting `pad_token_id` to `eos_token_id`:128001 for open-end generation.
Setting `pad_token_id` to `eos_token_id`:128001 for open-end generation.
Setting `pad_token_id` to `eos_token_id`:128001 for open-end generation.
Setting `pad_token_id` to `eos_token_id`:128001 for open-end generation.
Setting `pad_token_id` to `eos_token_id`:128001 for open-end generation.
Setting `pad_token_id` to `eos_token_id`:128001 for open-end generation.
Setting `pad_token_id` to `eos_token_id`:128001 for open-end generation.
Setting `pad_token_id` to `eos_token_id`:128001 for open-end generation.
Setting `pad_token_id` to `eos_token_id`:128001 for open-end generation.
Setting `pad_token_id` to `eos_token_id`:128001 for open-end generation.
Setting `pad_token_id` to `eos_token_id`:128001 for open-end generation.
Setting `pad_token_id` to `eos_token_id`:128001 for open-end generation.
Setting `pad_token_id` to `eos_token_id`:128001 for open-end generation.
Setting `pad_token_id` to `eos_token_id`:128001 for open-end generation.
Setting `pad_token_id` to `eos_token_id`:128001 for open-end generation.
Setting `pad_token_id` to `eos_token_id`:128001 for open-end generation.
Setting `pad_token_id` to `eos_token_id`:128001 for open-end generation.
Setting `pad_token_id` to `eos_token_id`:128001 for open-end generation.
Setting `pad_token_id` to `eos_token_id`:128001 for open-end generation.
Setting `pad_token_id` to `eos_token_id`:128001 for open-end generation.
Setting `pad_token_id` to `eos_token_id`:128001 for open-end generation.
Setting `pad_token_id` to `eos_token_id`:128001 for open-end generation.
Setting `pad_token_id` to `eos_token_id`:128001 for open-end generation.
Setting `pad_token_id` to `eos_token_id`:128001 for open-end generation.
Setting `pad_token_id` to `eos_token_id`:128001 for open-end generation.
Setting `pad_token_id` to `eos_token_id`:128001 for open-end generation.
Setting `pad_token_id` to `eos_token_id`:128001 for open-end generation.
Setting `pad_token_id` to `eos_token_id`:128001 for open-end generation.
Setting `pad_token_id` to `eos_token_id`:128001 for open-end generation.
Setting `pad_token_id` to `eos_token_id`:128001 for open-end generation.
Setting `pad_token_id` to `eos_token_id`:128001 for open-end generation.
Setting `pad_token_id` to `eos_token_id`:128001 for open-end generation.
Setting `pad_token_id` to `eos_token_id`:128001 for open-end generation.
Setting `pad_token_id` to `eos_token_id`:128001 for open-end generation.
Setting `pad_token_id` to `eos_token_id`:128001 for open-end generation.
Setting `pad_token_id` to `eos_token_id`:128001 for open-end generation.
Setting `pad_token_id` to `eos_token_id`:128001 for open-end generation.
Setting `pad_token_id` to `eos_token_id`:128001 for open-end generation.
Setting `pad_token_id` to `eos_token_id`:128001 for open-end generation.
Setting `pad_token_id` to `eos_token_id`:128001 for open-end generation.
Setting `pad_token_id` to `eos_token_id`:128001 for open-end generation.
Setting `pad_token_id` to `eos_token_id`:128001 for open-end generation.
Setting `pad_token_id` to `eos_token_id`:128001 for open-end generation.
Setting `pad_token_id` to `eos_token_id`:128001 for open-end generation.
Setting `pad_token_id` to `eos_token_id`:128001 for open-end generation.
Setting `pad_token_id` to `eos_token_id`:128001 for open-end generation.
Setting `pad_token_id` to `eos_token_id`:128001 for open-end generation.
Setting `pad_token_id` to `eos_token_id`:128001 for open-end generation.
Setting `pad_token_id` to `eos_token_id`:128001 for open-end generation.
Setting `pad_token_id` to `eos_token_id`:128001 for open-end generation.
Setting `pad_token_id` to `eos_token_id`:128001 for open-end generation.
Setting `pad_token_id` to `eos_token_id`:128001 for open-end generation.
Setting `pad_token_id` to `eos_token_id`:128001 for open-end generation.
Setting `pad_token_id` to `eos_token_id`:128001 for open-end generation.
Setting `pad_token_id` to `eos_token_id`:128001 for open-end generation.
Setting `pad_token_id` to `eos_token_id`:128001 for open-end generation.
Setting `pad_token_id` to `eos_token_id`:128001 for open-end generation.
Setting `pad_token_id` to `eos_token_id`:128001 for open-end generation.
Setting `pad_token_id` to `eos_token_id`:128001 for open-end generation.
Setting `pad_token_id` to `eos_token_id`:128001 for open-end generation.
Setting `pad_token_id` to `eos_token_id`:128001 for open-end generation.
Setting `pad_token_id` to `eos_token_id`:128001 for open-end generation.
Setting `pad_token_id` to `eos_token_id`:128001 for open-end generation.
Setting `pad_token_id` to `eos_token_id`:128001 for open-end generation.
Setting `pad_token_id` to `eos_token_id`:128001 for open-end generation.
Setting `pad_token_id` to `eos_token_id`:128001 for open-end generation.
Setting `pad_token_id` to `eos_token_id`:128001 for open-end generation.
Setting `pad_token_id` to `eos_token_id`:128001 for open-end generation.
Setting `pad_token_id` to `eos_token_id`:128001 for open-end generation.
Setting `pad_token_id` to `eos_token_id`:128001 for open-end generation.
Setting `pad_token_id` to `eos_token_id`:128001 for open-end generation.
Setting `pad_token_id` to `eos_token_id`:128001 for open-end generation.
Setting `pad_token_id` to `eos_token_id`:128001 for open-end generation.
Setting `pad_token_id` to `eos_token_id`:128001 for open-end generation.
Setting `pad_token_id` to `eos_token_id`:128001 for open-end generation.
Setting `pad_token_id` to `eos_token_id`:128001 for open-end generation.
Setting `pad_token_id` to `eos_token_id`:128001 for open-end generation.
Setting `pad_token_id` to `eos_token_id`:128001 for open-end generation.
Setting `pad_token_id` to `eos_token_id`:128001 for open-end generation.
Setting `pad_token_id` to `eos_token_id`:128001 for open-end generation.
Setting `pad_token_id` to `eos_token_id`:128001 for open-end generation.
Setting `pad_token_id` to `eos_token_id`:128001 for open-end generation.
Setting `pad_token_id` to `eos_token_id`:128001 for open-end generation.
Setting `pad_token_id` to `eos_token_id`:128001 for open-end generation.
Setting `pad_token_id` to `eos_token_id`:128001 for open-end generation.
Setting `pad_token_id` to `eos_token_id`:128001 for open-end generation.
Setting `pad_token_id` to `eos_token_id`:128001 for open-end generation.
Setting `pad_token_id` to `eos_token_id`:128001 for open-end generation.
Setting `pad_token_id` to `eos_token_id`:128001 for open-end generation.
Setting `pad_token_id` to `eos_token_id`:128001 for open-end generation.
Setting `pad_token_id` to `eos_token_id`:128001 for open-end generation.
Setting `pad_token_id` to `eos_token_id`:128001 for open-end generation.
Setting `pad_token_id` to `eos_token_id`:128001 for open-end generation.
Setting `pad_token_id` to `eos_token_id`:128001 for open-end generation.
Setting `pad_token_id` to `eos_token_id`:128001 for open-end generation.
Setting `pad_token_id` to `eos_token_id`:128001 for open-end generation.
Setting `pad_token_id` to `eos_token_id`:128001 for open-end generation.
Setting `pad_token_id` to `eos_token_id`:128001 for open-end generation.
Setting `pad_token_id` to `eos_token_id`:128001 for open-end generation.
Setting `pad_token_id` to `eos_token_id`:128001 for open-end generation.
Setting `pad_token_id` to `eos_token_id`:128001 for open-end generation.
Setting `pad_token_id` to `eos_token_id`:128001 for open-end generation.
Setting `pad_token_id` to `eos_token_id`:128001 for open-end generation.
Setting `pad_token_id` to `eos_token_id`:128001 for open-end generation.
Setting `pad_token_id` to `eos_token_id`:128001 for open-end generation.
Setting `pad_token_id` to `eos_token_id`:128001 for open-end generation.
Setting `pad_token_id` to `eos_token_id`:128001 for open-end generation.
Setting `pad_token_id` to `eos_token_id`:128001 for open-end generation.
Setting `pad_token_id` to `eos_token_id`:128001 for open-end generation.
Setting `pad_token_id` to `eos_token_id`:128001 for open-end generation.
Setting `pad_token_id` to `eos_token_id`:128001 for open-end generation.
Setting `pad_token_id` to `eos_token_id`:128001 for open-end generation.
Setting `pad_token_id` to `eos_token_id`:128001 for open-end generation.
Setting `pad_token_id` to `eos_token_id`:128001 for open-end generation.
Setting `pad_token_id` to `eos_token_id`:128001 for open-end generation.
Setting `pad_token_id` to `eos_token_id`:128001 for open-end generation.
Setting `pad_token_id` to `eos_token_id`:128001 for open-end generation.
Setting `pad_token_id` to `eos_token_id`:128001 for open-end generation.
Setting `pad_token_id` to `eos_token_id`:128001 for open-end generation.
Setting `pad_token_id` to `eos_token_id`:128001 for open-end generation.
Setting `pad_token_id` to `eos_token_id`:128001 for open-end generation.
Setting `pad_token_id` to `eos_token_id`:128001 for open-end generation.
Setting `pad_token_id` to `eos_token_id`:128001 for open-end generation.
Setting `pad_token_id` to `eos_token_id`:128001 for open-end generation.
Setting `pad_token_id` to `eos_token_id`:128001 for open-end generation.
Setting `pad_token_id` to `eos_token_id`:128001 for open-end generation.
Setting `pad_token_id` to `eos_token_id`:128001 for open-end generation.
Setting `pad_token_id` to `eos_token_id`:128001 for open-end generation.
Setting `pad_token_id` to `eos_token_id`:128001 for open-end generation.
Setting `pad_token_id` to `eos_token_id`:128001 for open-end generation.
Setting `pad_token_id` to `eos_token_id`:128001 for open-end generation.
Setting `pad_token_id` to `eos_token_id`:128001 for open-end generation.
Setting `pad_token_id` to `eos_token_id`:128001 for open-end generation.
Setting `pad_token_id` to `eos_token_id`:128001 for open-end generation.
Setting `pad_token_id` to `eos_token_id`:128001 for open-end generation.
Setting `pad_token_id` to `eos_token_id`:128001 for open-end generation.
Setting `pad_token_id` to `eos_token_id`:128001 for open-end generation.
Setting `pad_token_id` to `eos_token_id`:128001 for open-end generation.
Setting `pad_token_id` to `eos_token_id`:128001 for open-end generation.
Setting `pad_token_id` to `eos_token_id`:128001 for open-end generation.
Setting `pad_token_id` to `eos_token_id`:128001 for open-end generation.
Setting `pad_token_id` to `eos_token_id`:128001 for open-end generation.
Setting `pad_token_id` to `eos_token_id`:128001 for open-end generation.
Setting `pad_token_id` to `eos_token_id`:128001 for open-end generation.
Setting `pad_token_id` to `eos_token_id`:128001 for open-end generation.
Setting `pad_token_id` to `eos_token_id`:128001 for open-end generation.
Setting `pad_token_id` to `eos_token_id`:128001 for open-end generation.
Setting `pad_token_id` to `eos_token_id`:128001 for open-end generation.
Setting `pad_token_id` to `eos_token_id`:128001 for open-end generation.
Setting `pad_token_id` to `eos_token_id`:128001 for open-end generation.
Setting `pad_token_id` to `eos_token_id`:128001 for open-end generation.
Setting `pad_token_id` to `eos_token_id`:128001 for open-end generation.
Setting `pad_token_id` to `eos_token_id`:128001 for open-end generation.
Setting `pad_token_id` to `eos_token_id`:128001 for open-end generation.
Setting `pad_token_id` to `eos_token_id`:128001 for open-end generation.
Setting `pad_token_id` to `eos_token_id`:128001 for open-end generation.
Setting `pad_token_id` to `eos_token_id`:128001 for open-end generation.
Setting `pad_token_id` to `eos_token_id`:128001 for open-end generation.
Setting `pad_token_id` to `eos_token_id`:128001 for open-end generation.
Setting `pad_token_id` to `eos_token_id`:128001 for open-end generation.
Setting `pad_token_id` to `eos_token_id`:128001 for open-end generation.
Setting `pad_token_id` to `eos_token_id`:128001 for open-end generation.
Setting `pad_token_id` to `eos_token_id`:128001 for open-end generation.
Setting `pad_token_id` to `eos_token_id`:128001 for open-end generation.
Setting `pad_token_id` to `eos_token_id`:128001 for open-end generation.
Setting `pad_token_id` to `eos_token_id`:128001 for open-end generation.
Setting `pad_token_id` to `eos_token_id`:128001 for open-end generation.
Setting `pad_token_id` to `eos_token_id`:128001 for open-end generation.
Setting `pad_token_id` to `eos_token_id`:128001 for open-end generation.
Setting `pad_token_id` to `eos_token_id`:128001 for open-end generation.
Setting `pad_token_id` to `eos_token_id`:128001 for open-end generation.
Setting `pad_token_id` to `eos_token_id`:128001 for open-end generation.
Setting `pad_token_id` to `eos_token_id`:128001 for open-end generation.
Setting `pad_token_id` to `eos_token_id`:128001 for open-end generation.
Setting `pad_token_id` to `eos_token_id`:128001 for open-end generation.
Setting `pad_token_id` to `eos_token_id`:128001 for open-end generation.
Setting `pad_token_id` to `eos_token_id`:128001 for open-end generation.
Setting `pad_token_id` to `eos_token_id`:128001 for open-end generation.
Setting `pad_token_id` to `eos_token_id`:128001 for open-end generation.
Setting `pad_token_id` to `eos_token_id`:128001 for open-end generation.
Setting `pad_token_id` to `eos_token_id`:128001 for open-end generation.
Setting `pad_token_id` to `eos_token_id`:128001 for open-end generation.
Setting `pad_token_id` to `eos_token_id`:128001 for open-end generation.
Setting `pad_token_id` to `eos_token_id`:128001 for open-end generation.
Setting `pad_token_id` to `eos_token_id`:128001 for open-end generation.
Setting `pad_token_id` to `eos_token_id`:128001 for open-end generation.
Setting `pad_token_id` to `eos_token_id`:128001 for open-end generation.
Setting `pad_token_id` to `eos_token_id`:128001 for open-end generation.
Setting `pad_token_id` to `eos_token_id`:128001 for open-end generation.
Setting `pad_token_id` to `eos_token_id`:128001 for open-end generation.
Setting `pad_token_id` to `eos_token_id`:128001 for open-end generation.
Setting `pad_token_id` to `eos_token_id`:128001 for open-end generation.
Setting `pad_token_id` to `eos_token_id`:128001 for open-end generation.
Setting `pad_token_id` to `eos_token_id`:128001 for open-end generation.
Setting `pad_token_id` to `eos_token_id`:128001 for open-end generation.
Setting `pad_token_id` to `eos_token_id`:128001 for open-end generation.
Setting `pad_token_id` to `eos_token_id`:128001 for open-end generation.
Setting `pad_token_id` to `eos_token_id`:128001 for open-end generation.
Setting `pad_token_id` to `eos_token_id`:128001 for open-end generation.
Setting `pad_token_id` to `eos_token_id`:128001 for open-end generation.
Setting `pad_token_id` to `eos_token_id`:128001 for open-end generation.
Setting `pad_token_id` to `eos_token_id`:128001 for open-end generation.
Setting `pad_token_id` to `eos_token_id`:128001 for open-end generation.
Setting `pad_token_id` to `eos_token_id`:128001 for open-end generation.
Setting `pad_token_id` to `eos_token_id`:128001 for open-end generation.
Setting `pad_token_id` to `eos_token_id`:128001 for open-end generation.
Setting `pad_token_id` to `eos_token_id`:128001 for open-end generation.
Setting `pad_token_id` to `eos_token_id`:128001 for open-end generation.
Setting `pad_token_id` to `eos_token_id`:128001 for open-end generation.
Setting `pad_token_id` to `eos_token_id`:128001 for open-end generation.
Setting `pad_token_id` to `eos_token_id`:128001 for open-end generation.
Setting `pad_token_id` to `eos_token_id`:128001 for open-end generation.
Setting `pad_token_id` to `eos_token_id`:128001 for open-end generation.
Setting `pad_token_id` to `eos_token_id`:128001 for open-end generation.
Setting `pad_token_id` to `eos_token_id`:128001 for open-end generation.
Setting `pad_token_id` to `eos_token_id`:128001 for open-end generation.
Setting `pad_token_id` to `eos_token_id`:128001 for open-end generation.
Setting `pad_token_id` to `eos_token_id`:128001 for open-end generation.
Setting `pad_token_id` to `eos_token_id`:128001 for open-end generation.
Setting `pad_token_id` to `eos_token_id`:128001 for open-end generation.
Setting `pad_token_id` to `eos_token_id`:128001 for open-end generation.
Setting `pad_token_id` to `eos_token_id`:128001 for open-end generation.
Setting `pad_token_id` to `eos_token_id`:128001 for open-end generation.
Setting `pad_token_id` to `eos_token_id`:128001 for open-end generation.
Setting `pad_token_id` to `eos_token_id`:128001 for open-end generation.
Setting `pad_token_id` to `eos_token_id`:128001 for open-end generation.
Setting `pad_token_id` to `eos_token_id`:128001 for open-end generation.
Setting `pad_token_id` to `eos_token_id`:128001 for open-end generation.
Setting `pad_token_id` to `eos_token_id`:128001 for open-end generation.
Setting `pad_token_id` to `eos_token_id`:128001 for open-end generation.
Setting `pad_token_id` to `eos_token_id`:128001 for open-end generation.
Setting `pad_token_id` to `eos_token_id`:128001 for open-end generation.
Setting `pad_token_id` to `eos_token_id`:128001 for open-end generation.
Setting `pad_token_id` to `eos_token_id`:128001 for open-end generation.
Setting `pad_token_id` to `eos_token_id`:128001 for open-end generation.
Setting `pad_token_id` to `eos_token_id`:128001 for open-end generation.
Setting `pad_token_id` to `eos_token_id`:128001 for open-end generation.
Setting `pad_token_id` to `eos_token_id`:128001 for open-end generation.
Setting `pad_token_id` to `eos_token_id`:128001 for open-end generation.
Setting `pad_token_id` to `eos_token_id`:128001 for open-end generation.
Setting `pad_token_id` to `eos_token_id`:128001 for open-end generation.
Setting `pad_token_id` to `eos_token_id`:128001 for open-end generation.
Setting `pad_token_id` to `eos_token_id`:128001 for open-end generation.
Setting `pad_token_id` to `eos_token_id`:128001 for open-end generation.
Setting `pad_token_id` to `eos_token_id`:128001 for open-end generation.
Setting `pad_token_id` to `eos_token_id`:128001 for open-end generation.
Setting `pad_token_id` to `eos_token_id`:128001 for open-end generation.
Setting `pad_token_id` to `eos_token_id`:128001 for open-end generation.
Setting `pad_token_id` to `eos_token_id`:128001 for open-end generation.
Setting `pad_token_id` to `eos_token_id`:128001 for open-end generation.
Setting `pad_token_id` to `eos_token_id`:128001 for open-end generation.
Setting `pad_token_id` to `eos_token_id`:128001 for open-end generation.
Setting `pad_token_id` to `eos_token_id`:128001 for open-end generation.
Setting `pad_token_id` to `eos_token_id`:128001 for open-end generation.
Setting `pad_token_id` to `eos_token_id`:128001 for open-end generation.
Setting `pad_token_id` to `eos_token_id`:128001 for open-end generation.
Setting `pad_token_id` to `eos_token_id`:128001 for open-end generation.
Setting `pad_token_id` to `eos_token_id`:128001 for open-end generation.
Setting `pad_token_id` to `eos_token_id`:128001 for open-end generation.
Setting `pad_token_id` to `eos_token_id`:128001 for open-end generation.
Setting `pad_token_id` to `eos_token_id`:128001 for open-end generation.
Setting `pad_token_id` to `eos_token_id`:128001 for open-end generation.
Setting `pad_token_id` to `eos_token_id`:128001 for open-end generation.
Setting `pad_token_id` to `eos_token_id`:128001 for open-end generation.
Setting `pad_token_id` to `eos_token_id`:128001 for open-end generation.
Setting `pad_token_id` to `eos_token_id`:128001 for open-end generation.
Setting `pad_token_id` to `eos_token_id`:128001 for open-end generation.
Setting `pad_token_id` to `eos_token_id`:128001 for open-end generation.
Setting `pad_token_id` to `eos_token_id`:128001 for open-end generation.
Setting `pad_token_id` to `eos_token_id`:128001 for open-end generation.
Setting `pad_token_id` to `eos_token_id`:128001 for open-end generation.
Setting `pad_token_id` to `eos_token_id`:128001 for open-end generation.
Setting `pad_token_id` to `eos_token_id`:128001 for open-end generation.
Setting `pad_token_id` to `eos_token_id`:128001 for open-end generation.
Setting `pad_token_id` to `eos_token_id`:128001 for open-end generation.
Setting `pad_token_id` to `eos_token_id`:128001 for open-end generation.
Setting `pad_token_id` to `eos_token_id`:128001 for open-end generation.
Setting `pad_token_id` to `eos_token_id`:128001 for open-end generation.
Setting `pad_token_id` to `eos_token_id`:128001 for open-end generation.
Setting `pad_token_id` to `eos_token_id`:128001 for open-end generation.
Setting `pad_token_id` to `eos_token_id`:128001 for open-end generation.
Setting `pad_token_id` to `eos_token_id`:128001 for open-end generation.
Setting `pad_token_id` to `eos_token_id`:128001 for open-end generation.
Setting `pad_token_id` to `eos_token_id`:128001 for open-end generation.
Setting `pad_token_id` to `eos_token_id`:128001 for open-end generation.
Setting `pad_token_id` to `eos_token_id`:128001 for open-end generation.
Setting `pad_token_id` to `eos_token_id`:128001 for open-end generation.
Setting `pad_token_id` to `eos_token_id`:128001 for open-end generation.
Setting `pad_token_id` to `eos_token_id`:128001 for open-end generation.
Setting `pad_token_id` to `eos_token_id`:128001 for open-end generation.
Setting `pad_token_id` to `eos_token_id`:128001 for open-end generation.
Setting `pad_token_id` to `eos_token_id`:128001 for open-end generation.
Setting `pad_token_id` to `eos_token_id`:128001 for open-end generation.
Setting `pad_token_id` to `eos_token_id`:128001 for open-end generation.
Setting `pad_token_id` to `eos_token_id`:128001 for open-end generation.
Setting `pad_token_id` to `eos_token_id`:128001 for open-end generation.
Setting `pad_token_id` to `eos_token_id`:128001 for open-end generation.
Setting `pad_token_id` to `eos_token_id`:128001 for open-end generation.
Setting `pad_token_id` to `eos_token_id`:128001 for open-end generation.
Setting `pad_token_id` to `eos_token_id`:128001 for open-end generation.
Setting `pad_token_id` to `eos_token_id`:128001 for open-end generation.
Setting `pad_token_id` to `eos_token_id`:128001 for open-end generation.
Setting `pad_token_id` to `eos_token_id`:128001 for open-end generation.
Setting `pad_token_id` to `eos_token_id`:128001 for open-end generation.
Setting `pad_token_id` to `eos_token_id`:128001 for open-end generation.
Setting `pad_token_id` to `eos_token_id`:128001 for open-end generation.
Setting `pad_token_id` to `eos_token_id`:128001 for open-end generation.
Setting `pad_token_id` to `eos_token_id`:128001 for open-end generation.
Setting `pad_token_id` to `eos_token_id`:128001 for open-end generation.
Setting `pad_token_id` to `eos_token_id`:128001 for open-end generation.
Setting `pad_token_id` to `eos_token_id`:128001 for open-end generation.
Setting `pad_token_id` to `eos_token_id`:128001 for open-end generation.
Setting `pad_token_id` to `eos_token_id`:128001 for open-end generation.
Setting `pad_token_id` to `eos_token_id`:128001 for open-end generation.
Setting `pad_token_id` to `eos_token_id`:128001 for open-end generation.
Setting `pad_token_id` to `eos_token_id`:128001 for open-end generation.
Setting `pad_token_id` to `eos_token_id`:128001 for open-end generation.
Setting `pad_token_id` to `eos_token_id`:128001 for open-end generation.
Setting `pad_token_id` to `eos_token_id`:128001 for open-end generation.
Setting `pad_token_id` to `eos_token_id`:128001 for open-end generation.
Setting `pad_token_id` to `eos_token_id`:128001 for open-end generation.
Setting `pad_token_id` to `eos_token_id`:128001 for open-end generation.
Setting `pad_token_id` to `eos_token_id`:128001 for open-end generation.
Setting `pad_token_id` to `eos_token_id`:128001 for open-end generation.
Setting `pad_token_id` to `eos_token_id`:128001 for open-end generation.
Setting `pad_token_id` to `eos_token_id`:128001 for open-end generation.
Setting `pad_token_id` to `eos_token_id`:128001 for open-end generation.
Setting `pad_token_id` to `eos_token_id`:128001 for open-end generation.
Setting `pad_token_id` to `eos_token_id`:128001 for open-end generation.
Setting `pad_token_id` to `eos_token_id`:128001 for open-end generation.
Setting `pad_token_id` to `eos_token_id`:128001 for open-end generation.
Setting `pad_token_id` to `eos_token_id`:128001 for open-end generation.
Setting `pad_token_id` to `eos_token_id`:128001 for open-end generation.
Setting `pad_token_id` to `eos_token_id`:128001 for open-end generation.
Setting `pad_token_id` to `eos_token_id`:128001 for open-end generation.
Setting `pad_token_id` to `eos_token_id`:128001 for open-end generation.
Setting `pad_token_id` to `eos_token_id`:128001 for open-end generation.
Setting `pad_token_id` to `eos_token_id`:128001 for open-end generation.
Setting `pad_token_id` to `eos_token_id`:128001 for open-end generation.
Setting `pad_token_id` to `eos_token_id`:128001 for open-end generation.
Setting `pad_token_id` to `eos_token_id`:128001 for open-end generation.
Setting `pad_token_id` to `eos_token_id`:128001 for open-end generation.
Setting `pad_token_id` to `eos_token_id`:128001 for open-end generation.
Setting `pad_token_id` to `eos_token_id`:128001 for open-end generation.
Setting `pad_token_id` to `eos_token_id`:128001 for open-end generation.
Setting `pad_token_id` to `eos_token_id`:128001 for open-end generation.
Setting `pad_token_id` to `eos_token_id`:128001 for open-end generation.
Setting `pad_token_id` to `eos_token_id`:128001 for open-end generation.
Setting `pad_token_id` to `eos_token_id`:128001 for open-end generation.
Setting `pad_token_id` to `eos_token_id`:128001 for open-end generation.
Setting `pad_token_id` to `eos_token_id`:128001 for open-end generation.
Setting `pad_token_id` to `eos_token_id`:128001 for open-end generation.
Setting `pad_token_id` to `eos_token_id`:128001 for open-end generation.
Setting `pad_token_id` to `eos_token_id`:128001 for open-end generation.
Setting `pad_token_id` to `eos_token_id`:128001 for open-end generation.
Setting `pad_token_id` to `eos_token_id`:128001 for open-end generation.
Setting `pad_token_id` to `eos_token_id`:128001 for open-end generation.
Setting `pad_token_id` to `eos_token_id`:128001 for open-end generation.
Setting `pad_token_id` to `eos_token_id`:128001 for open-end generation.
Setting `pad_token_id` to `eos_token_id`:128001 for open-end generation.
Setting `pad_token_id` to `eos_token_id`:128001 for open-end generation.
Setting `pad_token_id` to `eos_token_id`:128001 for open-end generation.
Setting `pad_token_id` to `eos_token_id`:128001 for open-end generation.
Setting `pad_token_id` to `eos_token_id`:128001 for open-end generation.
Setting `pad_token_id` to `eos_token_id`:128001 for open-end generation.
Setting `pad_token_id` to `eos_token_id`:128001 for open-end generation.
Setting `pad_token_id` to `eos_token_id`:128001 for open-end generation.
Setting `pad_token_id` to `eos_token_id`:128001 for open-end generation.
Setting `pad_token_id` to `eos_token_id`:128001 for open-end generation.
Setting `pad_token_id` to `eos_token_id`:128001 for open-end generation.
Setting `pad_token_id` to `eos_token_id`:128001 for open-end generation.
Setting `pad_token_id` to `eos_token_id`:128001 for open-end generation.
Setting `pad_token_id` to `eos_token_id`:128001 for open-end generation.
Setting `pad_token_id` to `eos_token_id`:128001 for open-end generation.
Setting `pad_token_id` to `eos_token_id`:128001 for open-end generation.
Setting `pad_token_id` to `eos_token_id`:128001 for open-end generation.
Setting `pad_token_id` to `eos_token_id`:128001 for open-end generation.
Setting `pad_token_id` to `eos_token_id`:128001 for open-end generation.
Setting `pad_token_id` to `eos_token_id`:128001 for open-end generation.
Setting `pad_token_id` to `eos_token_id`:128001 for open-end generation.
Setting `pad_token_id` to `eos_token_id`:128001 for open-end generation.
Setting `pad_token_id` to `eos_token_id`:128001 for open-end generation.
Setting `pad_token_id` to `eos_token_id`:128001 for open-end generation.
Setting `pad_token_id` to `eos_token_id`:128001 for open-end generation.
Setting `pad_token_id` to `eos_token_id`:128001 for open-end generation.
Setting `pad_token_id` to `eos_token_id`:128001 for open-end generation.
Setting `pad_token_id` to `eos_token_id`:128001 for open-end generation.
Setting `pad_token_id` to `eos_token_id`:128001 for open-end generation.
Setting `pad_token_id` to `eos_token_id`:128001 for open-end generation.
Setting `pad_token_id` to `eos_token_id`:128001 for open-end generation.
Setting `pad_token_id` to `eos_token_id`:128001 for open-end generation.
Setting `pad_token_id` to `eos_token_id`:128001 for open-end generation.
Setting `pad_token_id` to `eos_token_id`:128001 for open-end generation.
Setting `pad_token_id` to `eos_token_id`:128001 for open-end generation.
Setting `pad_token_id` to `eos_token_id`:128001 for open-end generation.
Setting `pad_token_id` to `eos_token_id`:128001 for open-end generation.
Setting `pad_token_id` to `eos_token_id`:128001 for open-end generation.
Setting `pad_token_id` to `eos_token_id`:128001 for open-end generation.
Setting `pad_token_id` to `eos_token_id`:128001 for open-end generation.
Setting `pad_token_id` to `eos_token_id`:128001 for open-end generation.
Setting `pad_token_id` to `eos_token_id`:128001 for open-end generation.
Setting `pad_token_id` to `eos_token_id`:128001 for open-end generation.
Setting `pad_token_id` to `eos_token_id`:128001 for open-end generation.
Setting `pad_token_id` to `eos_token_id`:128001 for open-end generation.
Setting `pad_token_id` to `eos_token_id`:128001 for open-end generation.
Setting `pad_token_id` to `eos_token_id`:128001 for open-end generation.
Setting `pad_token_id` to `eos_token_id`:128001 for open-end generation.
Setting `pad_token_id` to `eos_token_id`:128001 for open-end generation.
Setting `pad_token_id` to `eos_token_id`:128001 for open-end generation.
Setting `pad_token_id` to `eos_token_id`:128001 for open-end generation.
Setting `pad_token_id` to `eos_token_id`:128001 for open-end generation.
Setting `pad_token_id` to `eos_token_id`:128001 for open-end generation.
Setting `pad_token_id` to `eos_token_id`:128001 for open-end generation.
Setting `pad_token_id` to `eos_token_id`:128001 for open-end generation.
Setting `pad_token_id` to `eos_token_id`:128001 for open-end generation.
Setting `pad_token_id` to `eos_token_id`:128001 for open-end generation.
Setting `pad_token_id` to `eos_token_id`:128001 for open-end generation.
Setting `pad_token_id` to `eos_token_id`:128001 for open-end generation.
Setting `pad_token_id` to `eos_token_id`:128001 for open-end generation.
Setting `pad_token_id` to `eos_token_id`:128001 for open-end generation.
Setting `pad_token_id` to `eos_token_id`:128001 for open-end generation.
Setting `pad_token_id` to `eos_token_id`:128001 for open-end generation.
Setting `pad_token_id` to `eos_token_id`:128001 for open-end generation.
Setting `pad_token_id` to `eos_token_id`:128001 for open-end generation.
Setting `pad_token_id` to `eos_token_id`:128001 for open-end generation.
Setting `pad_token_id` to `eos_token_id`:128001 for open-end generation.
Setting `pad_token_id` to `eos_token_id`:128001 for open-end generation.
Setting `pad_token_id` to `eos_token_id`:128001 for open-end generation.
Setting `pad_token_id` to `eos_token_id`:128001 for open-end generation.
Setting `pad_token_id` to `eos_token_id`:128001 for open-end generation.
Setting `pad_token_id` to `eos_token_id`:128001 for open-end generation.
Setting `pad_token_id` to `eos_token_id`:128001 for open-end generation.
Setting `pad_token_id` to `eos_token_id`:128001 for open-end generation.
Setting `pad_token_id` to `eos_token_id`:128001 for open-end generation.
Setting `pad_token_id` to `eos_token_id`:128001 for open-end generation.
Terminated

ERROR conda.cli.main_run:execute(125): `conda run python kl_faith_eval.py --model meta-llama/Llama-3.1-8B --data_dir lb_data_raw/data --output lb_results_base/kl_phrase_sweep.json --methods phrase_w32_t0,phrase_w64_t0,phrase_w32_t50,phrase_w64_t50,naive_65pct,snapkv --tasks 2wikimqa,multifieldqa_en,repobench-p,triviaqa,qasper,qmsum --n 100` failed. (See above for error)

