Loading meta-llama/Llama-3.1-8B ...

========================================================================
KL faithfulness evaluation
  Tasks  : 16  (narrativeqa, qasper, multifieldqa_en, hotpotqa...)
  Methods: 16  (kq_pre_d070, kq_pre_d080, kq_pre_d090, kq_pre_d095, kq_post_d070, kq_post_d080, kq_post_d090, kq_post_d095, snapkv_d070, snapkv_d080, snapkv_d090, snapkv_d095, naive_65pct, snapkv, kq_only, kq_post_rope)
  N/task : 20
  Total  : 5120 examples  (1841 already done)
========================================================================

  [narrativeqa              1/16] kq_pre_d070    (1/16)  ex    1/20  KL=0.2529  mean=0.2529  0.17ex/s  eta=1m52s  [eta=5h26m01s total]
  [narrativeqa              1/16] kq_pre_d070    (1/16)  ex    2/20  KL=1.2191  mean=0.7360  0.17ex/s  eta=1m45s  [eta=5h20m40s total]
  [narrativeqa              1/16] kq_pre_d070    (1/16)  ex    3/20  KL=0.2255  mean=0.5658  0.17ex/s  eta=1m39s  [eta=5h21m24s total]
  [narrativeqa              1/16] kq_pre_d070    (1/16)  ex    4/20  KL=0.1206  mean=0.4545  0.17ex/s  eta=1m35s  [eta=5h27m53s total]
  [narrativeqa              1/16] kq_pre_d070    (1/16)  ex    5/20  KL=0.5018  mean=0.4640  0.16ex/s  eta=1m31s  [eta=5h33m25s total]
  [narrativeqa              1/16] kq_pre_d070    (1/16)  ex    6/20  KL=0.4237  mean=0.4573  0.16ex/s  eta=1m26s  [eta=5h38m18s total]
  [narrativeqa              1/16] kq_pre_d070    (1/16)  ex    7/20  KL=0.1503  mean=0.4134  0.16ex/s  eta=1m21s  [eta=5h41m44s total]
  [narrativeqa              1/16] kq_pre_d070    (1/16)  ex    8/20  KL=2.8225  mean=0.7146  0.16ex/s  eta=1m15s  [eta=5h44m21s total]
  [narrativeqa              1/16] kq_pre_d070    (1/16)  ex    9/20  KL=0.2820  mean=0.6665  0.16ex/s  eta=1m09s  [eta=5h45m56s total]
  [narrativeqa              1/16] kq_pre_d070    (1/16)  ex   10/20  KL=0.1056  mean=0.6104  0.16ex/s  eta=1m03s  [eta=5h47m16s total]
  [narrativeqa              1/16] kq_pre_d070    (1/16)  ex   11/20  KL=5.4790  mean=1.0530  0.16ex/s  eta=57s  [eta=5h49m33s total]
  [narrativeqa              1/16] kq_pre_d070    (1/16)  ex   12/20  KL=3.2314  mean=1.2345  0.16ex/s  eta=51s  [eta=5h50m36s total]
  [narrativeqa              1/16] kq_pre_d070    (1/16)  ex   13/20  KL=4.1128  mean=1.4559  0.16ex/s  eta=45s  [eta=5h50m57s total]
  [narrativeqa              1/16] kq_pre_d070    (1/16)  ex   14/20  KL=3.5279  mean=1.6039  0.15ex/s  eta=38s  [eta=5h51m59s total]
  [narrativeqa              1/16] kq_pre_d070    (1/16)  ex   15/20  KL=0.3230  mean=1.5185  0.15ex/s  eta=32s  [eta=5h52m07s total]
  [narrativeqa              1/16] kq_pre_d070    (1/16)  ex   16/20  KL=3.3592  mean=1.6336  0.15ex/s  eta=25s  [eta=5h52m49s total]
  [narrativeqa              1/16] kq_pre_d070    (1/16)  ex   17/20  KL=4.1220  mean=1.7800  0.15ex/s  eta=19s  [eta=5h53m58s total]
  [narrativeqa              1/16] kq_pre_d070    (1/16)  ex   18/20  KL=5.4790  mean=1.9855  0.15ex/s  eta=13s  [eta=5h54m20s total]
  [narrativeqa              1/16] kq_pre_d070    (1/16)  ex   19/20  KL=3.1960  mean=2.0492  0.15ex/s  eta=6s  [eta=5h54m34s total]
  [narrativeqa              1/16] kq_pre_d070    (1/16)  ex   20/20  KL=0.2906  mean=1.9613  0.15ex/s  eta=0s  [eta=5h55m17s total]
  >>> narrativeqa / kq_pre_d070:  n=20  mean_KL=1.9613  [2m10s]

  [narrativeqa              1/16] kq_pre_d080    (2/16)  ex    1/20  KL=0.2073  mean=0.2073  0.14ex/s  eta=2m11s  [eta=5h56m07s total]
  [narrativeqa              1/16] kq_pre_d080    (2/16)  ex    2/20  KL=0.1779  mean=0.1926  0.15ex/s  eta=2m01s  [eta=5h56m00s total]
  [narrativeqa              1/16] kq_pre_d080    (2/16)  ex    3/20  KL=0.1932  mean=0.1928  0.15ex/s  eta=1m54s  [eta=5h56m08s total]
  [narrativeqa              1/16] kq_pre_d080    (2/16)  ex    4/20  KL=0.1891  mean=0.1919  0.15ex/s  eta=1m47s  [eta=5h56m22s total]
  [narrativeqa              1/16] kq_pre_d080    (2/16)  ex    5/20  KL=0.9078  mean=0.3351  0.15ex/s  eta=1m40s  [eta=5h56m28s total]
  [narrativeqa              1/16] kq_pre_d080    (2/16)  ex    6/20  KL=1.5338  mean=0.5348  0.15ex/s  eta=1m34s  [eta=5h56m53s total]
  [narrativeqa              1/16] kq_pre_d080    (2/16)  ex    7/20  KL=0.8290  mean=0.5769  0.15ex/s  eta=1m27s  [eta=5h56m44s total]
  [narrativeqa              1/16] kq_pre_d080    (2/16)  ex    8/20  KL=2.6188  mean=0.8321  0.15ex/s  eta=1m20s  [eta=5h56m46s total]
  [narrativeqa              1/16] kq_pre_d080    (2/16)  ex    9/20  KL=0.2332  mean=0.7656  0.15ex/s  eta=1m13s  [eta=5h57m02s total]
  [narrativeqa              1/16] kq_pre_d080    (2/16)  ex   10/20  KL=0.1230  mean=0.7013  0.15ex/s  eta=1m07s  [eta=5h57m14s total]
  [narrativeqa              1/16] kq_pre_d080    (2/16)  ex   11/20  KL=4.1245  mean=1.0125  0.15ex/s  eta=1m00s  [eta=5h57m42s total]
  [narrativeqa              1/16] kq_pre_d080    (2/16)  ex   12/20  KL=2.9693  mean=1.1756  0.15ex/s  eta=53s  [eta=5h57m50s total]
  [narrativeqa              1/16] kq_pre_d080    (2/16)  ex   13/20  KL=1.7539  mean=1.2201  0.15ex/s  eta=47s  [eta=5h57m59s total]
  [narrativeqa              1/16] kq_pre_d080    (2/16)  ex   14/20  KL=6.8366  mean=1.6212  0.15ex/s  eta=40s  [eta=5h57m46s total]
  [narrativeqa              1/16] kq_pre_d080    (2/16)  ex   15/20  KL=0.2590  mean=1.5304  0.15ex/s  eta=33s  [eta=5h57m42s total]
  [narrativeqa              1/16] kq_pre_d080    (2/16)  ex   16/20  KL=3.2034  mean=1.6350  0.15ex/s  eta=26s  [eta=5h57m52s total]
  [narrativeqa              1/16] kq_pre_d080    (2/16)  ex   17/20  KL=4.3199  mean=1.7929  0.15ex/s  eta=20s  [eta=5h57m49s total]
  [narrativeqa              1/16] kq_pre_d080    (2/16)  ex   18/20  KL=4.1245  mean=1.9224  0.15ex/s  eta=13s  [eta=5h58m04s total]
  [narrativeqa              1/16] kq_pre_d080    (2/16)  ex   19/20  KL=1.1654  mean=1.8826  0.15ex/s  eta=6s  [eta=5h57m55s total]
  [narrativeqa              1/16] kq_pre_d080    (2/16)  ex   20/20  KL=0.1487  mean=1.7959  0.15ex/s  eta=0s  [eta=5h58m07s total]
  >>> narrativeqa / kq_pre_d080:  n=20  mean_KL=1.7959  [2m14s]

  [narrativeqa              1/16] kq_pre_d090    (3/16)  ex    1/20  KL=0.2622  mean=0.2622  0.15ex/s  eta=2m09s  [eta=5h58m17s total]
  [narrativeqa              1/16] kq_pre_d090    (3/16)  ex    2/20  KL=0.0951  mean=0.1786  0.15ex/s  eta=2m02s  [eta=5h58m20s total]
  [narrativeqa              1/16] kq_pre_d090    (3/16)  ex    3/20  KL=0.1950  mean=0.1841  0.15ex/s  eta=1m54s  [eta=5h58m13s total]
  [narrativeqa              1/16] kq_pre_d090    (3/16)  ex    4/20  KL=0.1405  mean=0.1732  0.15ex/s  eta=1m47s  [eta=5h58m09s total]
  [narrativeqa              1/16] kq_pre_d090    (3/16)  ex    5/20  KL=3.0001  mean=0.7386  0.15ex/s  eta=1m41s  [eta=5h58m13s total]
  [narrativeqa              1/16] kq_pre_d090    (3/16)  ex    6/20  KL=1.8328  mean=0.9210  0.15ex/s  eta=1m34s  [eta=5h58m11s total]
  [narrativeqa              1/16] kq_pre_d090    (3/16)  ex    7/20  KL=0.7451  mean=0.8958  0.15ex/s  eta=1m27s  [eta=5h58m12s total]
  [narrativeqa              1/16] kq_pre_d090    (3/16)  ex    8/20  KL=1.5198  mean=0.9738  0.15ex/s  eta=1m21s  [eta=5h58m17s total]
  [narrativeqa              1/16] kq_pre_d090    (3/16)  ex    9/20  KL=0.2842  mean=0.8972  0.15ex/s  eta=1m14s  [eta=5h58m24s total]
  [narrativeqa              1/16] kq_pre_d090    (3/16)  ex   10/20  KL=0.1191  mean=0.8194  0.15ex/s  eta=1m07s  [eta=5h58m34s total]
  [narrativeqa              1/16] kq_pre_d090    (3/16)  ex   11/20  KL=2.3362  mean=0.9573  0.15ex/s  eta=1m01s  [eta=5h58m36s total]
  [narrativeqa              1/16] kq_pre_d090    (3/16)  ex   12/20  KL=2.5928  mean=1.0936  0.15ex/s  eta=54s  [eta=5h58m23s total]
  [narrativeqa              1/16] kq_pre_d090    (3/16)  ex   13/20  KL=0.9799  mean=1.0848  0.15ex/s  eta=47s  [eta=5h58m11s total]
  [narrativeqa              1/16] kq_pre_d090    (3/16)  ex   14/20  KL=7.1195  mean=1.5159  0.15ex/s  eta=40s  [eta=5h58m19s total]
  [narrativeqa              1/16] kq_pre_d090    (3/16)  ex   15/20  KL=0.3598  mean=1.4388  0.15ex/s  eta=33s  [eta=5h58m08s total]
  [narrativeqa              1/16] kq_pre_d090    (3/16)  ex   16/20  KL=4.6961  mean=1.6424  0.15ex/s  eta=27s  [eta=5h58m12s total]
  [narrativeqa              1/16] kq_pre_d090    (3/16)  ex   17/20  KL=4.3999  mean=1.8046  0.15ex/s  eta=20s  [eta=5h57m59s total]
  [narrativeqa              1/16] kq_pre_d090    (3/16)  ex   18/20  KL=2.3362  mean=1.8341  0.15ex/s  eta=13s  [eta=5h57m49s total]
  [narrativeqa              1/16] kq_pre_d090    (3/16)  ex   19/20  KL=0.4843  mean=1.7631  0.15ex/s  eta=6s  [eta=5h57m46s total]
  [narrativeqa              1/16] kq_pre_d090    (3/16)  ex   20/20  KL=0.1699  mean=1.6834  0.15ex/s  eta=0s  [eta=5h57m46s total]
  >>> narrativeqa / kq_pre_d090:  n=20  mean_KL=1.6834  [2m14s]

  [narrativeqa              1/16] kq_pre_d095    (4/16)  ex    1/20  KL=0.2119  mean=0.2119  0.14ex/s  eta=2m12s  [eta=5h57m54s total]
  [narrativeqa              1/16] kq_pre_d095    (4/16)  ex    2/20  KL=0.1066  mean=0.1592  0.14ex/s  eta=2m05s  [eta=5h58m02s total]
  [narrativeqa              1/16] kq_pre_d095    (4/16)  ex    3/20  KL=0.1723  mean=0.1636  0.14ex/s  eta=1m57s  [eta=5h58m03s total]
  [narrativeqa              1/16] kq_pre_d095    (4/16)  ex    4/20  KL=0.5739  mean=0.2662  0.15ex/s  eta=1m49s  [eta=5h57m59s total]
  [narrativeqa              1/16] kq_pre_d095    (4/16)  ex    5/20  KL=1.4155  mean=0.4960  0.15ex/s  eta=1m42s  [eta=5h57m59s total]
  [narrativeqa              1/16] kq_pre_d095    (4/16)  ex    6/20  KL=1.8861  mean=0.7277  0.15ex/s  eta=1m35s  [eta=5h57m52s total]
  [narrativeqa              1/16] kq_pre_d095    (4/16)  ex    7/20  KL=0.1533  mean=0.6457  0.15ex/s  eta=1m28s  [eta=5h57m48s total]
  [narrativeqa              1/16] kq_pre_d095    (4/16)  ex    8/20  KL=0.9868  mean=0.6883  0.15ex/s  eta=1m21s  [eta=5h57m53s total]
  [narrativeqa              1/16] kq_pre_d095    (4/16)  ex    9/20  KL=0.2846  mean=0.6435  0.15ex/s  eta=1m14s  [eta=5h57m42s total]
  [narrativeqa              1/16] kq_pre_d095    (4/16)  ex   10/20  KL=0.0862  mean=0.5877  0.15ex/s  eta=1m08s  [eta=5h57m48s total]
  [narrativeqa              1/16] kq_pre_d095    (4/16)  ex   11/20  KL=1.5984  mean=0.6796  0.15ex/s  eta=1m01s  [eta=5h57m52s total]
  [narrativeqa              1/16] kq_pre_d095    (4/16)  ex   12/20  KL=2.7407  mean=0.8514  0.15ex/s  eta=54s  [eta=5h57m55s total]
  [narrativeqa              1/16] kq_pre_d095    (4/16)  ex   13/20  KL=0.9151  mean=0.8563  0.15ex/s  eta=47s  [eta=5h57m53s total]
  [narrativeqa              1/16] kq_pre_d095    (4/16)  ex   14/20  KL=7.0904  mean=1.3016  0.15ex/s  eta=41s  [eta=5h57m52s total]
  [narrativeqa              1/16] kq_pre_d095    (4/16)  ex   15/20  KL=1.0687  mean=1.2860  0.15ex/s  eta=34s  [eta=5h57m43s total]
  [narrativeqa              1/16] kq_pre_d095    (4/16)  ex   16/20  KL=4.1247  mean=1.4634  0.15ex/s  eta=27s  [eta=5h57m41s total]
  [narrativeqa              1/16] kq_pre_d095    (4/16)  ex   17/20  KL=4.0154  mean=1.6136  0.15ex/s  eta=20s  [eta=5h57m30s total]
  [narrativeqa              1/16] kq_pre_d095    (4/16)  ex   18/20  KL=1.5984  mean=1.6127  0.15ex/s  eta=13s  [eta=5h57m40s total]
  [narrativeqa              1/16] kq_pre_d095    (4/16)  ex   19/20  KL=4.6454  mean=1.7723  0.15ex/s  eta=6s  [eta=5h57m28s total]
  [narrativeqa              1/16] kq_pre_d095    (4/16)  ex   20/20  KL=0.1503  mean=1.6912  0.15ex/s  eta=0s  [eta=5h57m21s total]
  >>> narrativeqa / kq_pre_d095:  n=20  mean_KL=1.6912  [2m16s]

  [narrativeqa              1/16] kq_post_d070   (5/16)  ex    1/20  KL=0.8952  mean=0.8952  0.15ex/s  eta=2m06s  [eta=5h57m12s total]
  [narrativeqa              1/16] kq_post_d070   (5/16)  ex    2/20  KL=1.5134  mean=1.2043  0.15ex/s  eta=2m02s  [eta=5h57m15s total]
  [narrativeqa              1/16] kq_post_d070   (5/16)  ex    3/20  KL=0.5770  mean=0.9952  0.15ex/s  eta=1m54s  [eta=5h57m06s total]
  [narrativeqa              1/16] kq_post_d070   (5/16)  ex    4/20  KL=0.6063  mean=0.8980  0.15ex/s  eta=1m48s  [eta=5h57m04s total]
  [narrativeqa              1/16] kq_post_d070   (5/16)  ex    5/20  KL=0.9348  mean=0.9053  0.15ex/s  eta=1m41s  [eta=5h56m59s total]
  [narrativeqa              1/16] kq_post_d070   (5/16)  ex    6/20  KL=0.6253  mean=0.8587  0.15ex/s  eta=1m34s  [eta=5h56m52s total]
  [narrativeqa              1/16] kq_post_d070   (5/16)  ex    7/20  KL=0.3626  mean=0.7878  0.15ex/s  eta=1m27s  [eta=5h56m44s total]
  [narrativeqa              1/16] kq_post_d070   (5/16)  ex    8/20  KL=1.5444  mean=0.8824  0.15ex/s  eta=1m20s  [eta=5h56m35s total]
  [narrativeqa              1/16] kq_post_d070   (5/16)  ex    9/20  KL=0.7482  mean=0.8675  0.15ex/s  eta=1m14s  [eta=5h56m35s total]
  [narrativeqa              1/16] kq_post_d070   (5/16)  ex   10/20  KL=0.7445  mean=0.8552  0.15ex/s  eta=1m07s  [eta=5h56m25s total]
  [narrativeqa              1/16] kq_post_d070   (5/16)  ex   11/20  KL=1.4832  mean=0.9123  0.15ex/s  eta=1m00s  [eta=5h56m18s total]
  [narrativeqa              1/16] kq_post_d070   (5/16)  ex   12/20  KL=0.4958  mean=0.8776  0.15ex/s  eta=53s  [eta=5h56m09s total]
  [narrativeqa              1/16] kq_post_d070   (5/16)  ex   13/20  KL=0.9276  mean=0.8814  0.15ex/s  eta=47s  [eta=5h56m09s total]
  [narrativeqa              1/16] kq_post_d070   (5/16)  ex   14/20  KL=1.5304  mean=0.9278  0.15ex/s  eta=40s  [eta=5h56m11s total]
  [narrativeqa              1/16] kq_post_d070   (5/16)  ex   15/20  KL=1.1113  mean=0.9400  0.15ex/s  eta=33s  [eta=5h56m03s total]
  [narrativeqa              1/16] kq_post_d070   (5/16)  ex   16/20  KL=1.1929  mean=0.9558  0.15ex/s  eta=27s  [eta=5h56m06s total]
  [narrativeqa              1/16] kq_post_d070   (5/16)  ex   17/20  KL=1.4287  mean=0.9836  0.15ex/s  eta=20s  [eta=5h55m57s total]
  [narrativeqa              1/16] kq_post_d070   (5/16)  ex   18/20  KL=1.4832  mean=1.0114  0.15ex/s  eta=13s  [eta=5h55m51s total]
  [narrativeqa              1/16] kq_post_d070   (5/16)  ex   19/20  KL=0.7751  mean=0.9989  0.15ex/s  eta=6s  [eta=5h55m41s total]
  [narrativeqa              1/16] kq_post_d070   (5/16)  ex   20/20  KL=0.3966  mean=0.9688  0.15ex/s  eta=0s  [eta=5h55m31s total]
  >>> narrativeqa / kq_post_d070:  n=20  mean_KL=0.9688  [2m14s]

  [narrativeqa              1/16] kq_post_d080   (6/16)  ex    1/20  KL=0.8437  mean=0.8437  0.15ex/s  eta=2m06s  [eta=5h55m22s total]
  [narrativeqa              1/16] kq_post_d080   (6/16)  ex    2/20  KL=1.7663  mean=1.3050  0.15ex/s  eta=1m59s  [eta=5h55m12s total]
  [narrativeqa              1/16] kq_post_d080   (6/16)  ex    3/20  KL=0.5411  mean=1.0504  0.15ex/s  eta=1m53s  [eta=5h55m07s total]
  [narrativeqa              1/16] kq_post_d080   (6/16)  ex    4/20  KL=0.6158  mean=0.9417  0.15ex/s  eta=1m46s  [eta=5h55m01s total]
  [narrativeqa              1/16] kq_post_d080   (6/16)  ex    5/20  KL=0.9109  mean=0.9356  0.15ex/s  eta=1m40s  [eta=5h54m53s total]
  [narrativeqa              1/16] kq_post_d080   (6/16)  ex    6/20  KL=0.5984  mean=0.8794  0.15ex/s  eta=1m33s  [eta=5h54m43s total]
  [narrativeqa              1/16] kq_post_d080   (6/16)  ex    7/20  KL=0.3302  mean=0.8009  0.15ex/s  eta=1m26s  [eta=5h54m35s total]
  [narrativeqa              1/16] kq_post_d080   (6/16)  ex    8/20  KL=1.5041  mean=0.8888  0.15ex/s  eta=1m20s  [eta=5h54m32s total]
  [narrativeqa              1/16] kq_post_d080   (6/16)  ex    9/20  KL=0.7787  mean=0.8766  0.15ex/s  eta=1m13s  [eta=5h54m29s total]
  [narrativeqa              1/16] kq_post_d080   (6/16)  ex   10/20  KL=0.7808  mean=0.8670  0.15ex/s  eta=1m06s  [eta=5h54m20s total]
  [narrativeqa              1/16] kq_post_d080   (6/16)  ex   11/20  KL=1.5338  mean=0.9276  0.15ex/s  eta=1m00s  [eta=5h54m14s total]
  [narrativeqa              1/16] kq_post_d080   (6/16)  ex   12/20  KL=0.5124  mean=0.8930  0.15ex/s  eta=53s  [eta=5h54m02s total]
  [narrativeqa              1/16] kq_post_d080   (6/16)  ex   13/20  KL=0.9201  mean=0.8951  0.15ex/s  eta=46s  [eta=5h53m54s total]
  [narrativeqa              1/16] kq_post_d080   (6/16)  ex   14/20  KL=1.6564  mean=0.9495  0.15ex/s  eta=40s  [eta=5h53m47s total]
  [narrativeqa              1/16] kq_post_d080   (6/16)  ex   15/20  KL=1.1474  mean=0.9627  0.15ex/s  eta=33s  [eta=5h53m44s total]
  [narrativeqa              1/16] kq_post_d080   (6/16)  ex   16/20  KL=1.2348  mean=0.9797  0.15ex/s  eta=26s  [eta=5h53m40s total]
  [narrativeqa              1/16] kq_post_d080   (6/16)  ex   17/20  KL=1.5835  mean=1.0152  0.15ex/s  eta=20s  [eta=5h53m39s total]
  [narrativeqa              1/16] kq_post_d080   (6/16)  ex   18/20  KL=1.5338  mean=1.0440  0.15ex/s  eta=13s  [eta=5h53m29s total]
  [narrativeqa              1/16] kq_post_d080   (6/16)  ex   19/20  KL=1.0466  mean=1.0441  0.15ex/s  eta=6s  [eta=5h53m20s total]
  [narrativeqa              1/16] kq_post_d080   (6/16)  ex   20/20  KL=0.4599  mean=1.0149  0.15ex/s  eta=0s  [eta=5h53m11s total]
  >>> narrativeqa / kq_post_d080:  n=20  mean_KL=1.0149  [2m14s]

  [narrativeqa              1/16] kq_post_d090   (7/16)  ex    1/20  KL=0.9643  mean=0.9643  0.15ex/s  eta=2m05s  [eta=5h53m01s total]
  [narrativeqa              1/16] kq_post_d090   (7/16)  ex    2/20  KL=1.6705  mean=1.3174  0.15ex/s  eta=2m00s  [eta=5h52m56s total]
  [narrativeqa              1/16] kq_post_d090   (7/16)  ex    3/20  KL=0.5621  mean=1.0656  0.15ex/s  eta=1m53s  [eta=5h52m50s total]
  [narrativeqa              1/16] kq_post_d090   (7/16)  ex    4/20  KL=0.6923  mean=0.9723  0.15ex/s  eta=1m47s  [eta=5h52m46s total]
  [narrativeqa              1/16] kq_post_d090   (7/16)  ex    5/20  KL=0.7959  mean=0.9370  0.15ex/s  eta=1m40s  [eta=5h52m39s total]
  [narrativeqa              1/16] kq_post_d090   (7/16)  ex    6/20  KL=0.8633  mean=0.9247  0.15ex/s  eta=1m34s  [eta=5h52m36s total]
  [narrativeqa              1/16] kq_post_d090   (7/16)  ex    7/20  KL=0.3504  mean=0.8427  0.15ex/s  eta=1m27s  [eta=5h52m30s total]
  [narrativeqa              1/16] kq_post_d090   (7/16)  ex    8/20  KL=1.8063  mean=0.9631  0.15ex/s  eta=1m20s  [eta=5h52m24s total]
  [narrativeqa              1/16] kq_post_d090   (7/16)  ex    9/20  KL=0.8097  mean=0.9461  0.15ex/s  eta=1m14s  [eta=5h52m16s total]
  [narrativeqa              1/16] kq_post_d090   (7/16)  ex   10/20  KL=0.7989  mean=0.9314  0.15ex/s  eta=1m07s  [eta=5h52m08s total]
  [narrativeqa              1/16] kq_post_d090   (7/16)  ex   11/20  KL=1.5061  mean=0.9836  0.15ex/s  eta=1m00s  [eta=5h52m05s total]
  [narrativeqa              1/16] kq_post_d090   (7/16)  ex   12/20  KL=0.5609  mean=0.9484  0.15ex/s  eta=53s  [eta=5h51m56s total]
  [narrativeqa              1/16] kq_post_d090   (7/16)  ex   13/20  KL=0.9780  mean=0.9507  0.15ex/s  eta=47s  [eta=5h51m50s total]
  [narrativeqa              1/16] kq_post_d090   (7/16)  ex   14/20  KL=1.5541  mean=0.9938  0.15ex/s  eta=40s  [eta=5h51m45s total]
  [narrativeqa              1/16] kq_post_d090   (7/16)  ex   15/20  KL=1.2418  mean=1.0103  0.15ex/s  eta=33s  [eta=5h51m36s total]
  [narrativeqa              1/16] kq_post_d090   (7/16)  ex   16/20  KL=1.1472  mean=1.0189  0.15ex/s  eta=26s  [eta=5h51m27s total]
  [narrativeqa              1/16] kq_post_d090   (7/16)  ex   17/20  KL=2.1900  mean=1.0877  0.15ex/s  eta=20s  [eta=5h51m19s total]
  [narrativeqa              1/16] kq_post_d090   (7/16)  ex   18/20  KL=1.5061  mean=1.1110  0.15ex/s  eta=13s  [eta=5h51m15s total]
  [narrativeqa              1/16] kq_post_d090   (7/16)  ex   19/20  KL=1.0281  mean=1.1066  0.15ex/s  eta=6s  [eta=5h51m05s total]
  [narrativeqa              1/16] kq_post_d090   (7/16)  ex   20/20  KL=0.4803  mean=1.0753  0.15ex/s  eta=0s  [eta=5h50m57s total]
  >>> narrativeqa / kq_post_d090:  n=20  mean_KL=1.0753  [2m14s]

  [narrativeqa              1/16] kq_post_d095   (8/16)  ex    1/20  KL=0.9217  mean=0.9217  0.15ex/s  eta=2m09s  [eta=5h50m53s total]
  [narrativeqa              1/16] kq_post_d095   (8/16)  ex    2/20  KL=1.8028  mean=1.3622  0.15ex/s  eta=2m02s  [eta=5h50m49s total]
  [narrativeqa              1/16] kq_post_d095   (8/16)  ex    3/20  KL=0.6305  mean=1.1183  0.15ex/s  eta=1m55s  [eta=5h50m42s total]
  [narrativeqa              1/16] kq_post_d095   (8/16)  ex    4/20  KL=0.6631  mean=1.0045  0.15ex/s  eta=1m48s  [eta=5h50m36s total]
  [narrativeqa              1/16] kq_post_d095   (8/16)  ex    5/20  KL=0.6992  mean=0.9435  0.15ex/s  eta=1m41s  [eta=5h50m29s total]
  [narrativeqa              1/16] kq_post_d095   (8/16)  ex    6/20  KL=0.7012  mean=0.9031  0.15ex/s  eta=1m34s  [eta=5h50m22s total]
  [narrativeqa              1/16] kq_post_d095   (8/16)  ex    7/20  KL=0.3544  mean=0.8247  0.15ex/s  eta=1m27s  [eta=5h50m16s total]
  [narrativeqa              1/16] kq_post_d095   (8/16)  ex    8/20  KL=2.0184  mean=0.9739  0.15ex/s  eta=1m20s  [eta=5h50m10s total]
  [narrativeqa              1/16] kq_post_d095   (8/16)  ex    9/20  KL=0.7894  mean=0.9534  0.15ex/s  eta=1m13s  [eta=5h49m59s total]
  [narrativeqa              1/16] kq_post_d095   (8/16)  ex   10/20  KL=0.7627  mean=0.9343  0.15ex/s  eta=1m07s  [eta=5h49m53s total]
  [narrativeqa              1/16] kq_post_d095   (8/16)  ex   11/20  KL=1.4337  mean=0.9797  0.15ex/s  eta=1m00s  [eta=5h49m43s total]
  [narrativeqa              1/16] kq_post_d095   (8/16)  ex   12/20  KL=0.5872  mean=0.9470  0.15ex/s  eta=53s  [eta=5h49m36s total]
  [narrativeqa              1/16] kq_post_d095   (8/16)  ex   13/20  KL=0.9660  mean=0.9485  0.15ex/s  eta=47s  [eta=5h49m32s total]
  [narrativeqa              1/16] kq_post_d095   (8/16)  ex   14/20  KL=1.5922  mean=0.9945  0.15ex/s  eta=40s  [eta=5h49m26s total]
  [narrativeqa              1/16] kq_post_d095   (8/16)  ex   15/20  KL=1.2020  mean=1.0083  0.15ex/s  eta=33s  [eta=5h49m21s total]
  [narrativeqa              1/16] kq_post_d095   (8/16)  ex   16/20  KL=1.1608  mean=1.0178  0.15ex/s  eta=26s  [eta=5h49m14s total]
  [narrativeqa              1/16] kq_post_d095   (8/16)  ex   17/20  KL=2.2686  mean=1.0914  0.15ex/s  eta=20s  [eta=5h49m12s total]
  [narrativeqa              1/16] kq_post_d095   (8/16)  ex   18/20  KL=1.4337  mean=1.1104  0.15ex/s  eta=13s  [eta=5h49m13s total]
  [narrativeqa              1/16] kq_post_d095   (8/16)  ex   19/20  KL=1.1870  mean=1.1144  0.15ex/s  eta=6s  [eta=5h49m11s total]
  [narrativeqa              1/16] kq_post_d095   (8/16)  ex   20/20  KL=0.4847  mean=1.0830  0.15ex/s  eta=0s  [eta=5h49m06s total]
  >>> narrativeqa / kq_post_d095:  n=20  mean_KL=1.0830  [2m15s]

  [narrativeqa              1/16] snapkv_d070    (9/16)  ex    1/20  KL=0.5205  mean=0.5205  0.15ex/s  eta=2m06s  [eta=5h48m58s total]
  [narrativeqa              1/16] snapkv_d070    (9/16)  ex    2/20  KL=0.2598  mean=0.3901  0.15ex/s  eta=2m00s  [eta=5h48m51s total]
  [narrativeqa              1/16] snapkv_d070    (9/16)  ex    3/20  KL=0.5685  mean=0.4496  0.15ex/s  eta=1m53s  [eta=5h48m43s total]
  [narrativeqa              1/16] snapkv_d070    (9/16)  ex    4/20  KL=3.3622  mean=1.1777  0.15ex/s  eta=1m47s  [eta=5h48m40s total]
  [narrativeqa              1/16] snapkv_d070    (9/16)  ex    5/20  KL=3.3753  mean=1.6173  0.15ex/s  eta=1m41s  [eta=5h48m34s total]
  [narrativeqa              1/16] snapkv_d070    (9/16)  ex    6/20  KL=0.4277  mean=1.4190  0.15ex/s  eta=1m34s  [eta=5h48m29s total]
  [narrativeqa              1/16] snapkv_d070    (9/16)  ex    7/20  KL=0.1999  mean=1.2448  0.15ex/s  eta=1m27s  [eta=5h48m25s total]
  [narrativeqa              1/16] snapkv_d070    (9/16)  ex    8/20  KL=0.6755  mean=1.1737  0.15ex/s  eta=1m21s  [eta=5h48m22s total]
  [narrativeqa              1/16] snapkv_d070    (9/16)  ex    9/20  KL=0.3572  mean=1.0830  0.15ex/s  eta=1m14s  [eta=5h48m13s total]
  [narrativeqa              1/16] snapkv_d070    (9/16)  ex   10/20  KL=0.4731  mean=1.0220  0.15ex/s  eta=1m07s  [eta=5h48m04s total]
  [narrativeqa              1/16] snapkv_d070    (9/16)  ex   11/20  KL=0.2474  mean=0.9516  0.15ex/s  eta=1m00s  [eta=5h47m54s total]
  [narrativeqa              1/16] snapkv_d070    (9/16)  ex   12/20  KL=0.2401  mean=0.8923  0.15ex/s  eta=53s  [eta=5h47m46s total]
  [narrativeqa              1/16] snapkv_d070    (9/16)  ex   13/20  KL=0.5238  mean=0.8639  0.15ex/s  eta=47s  [eta=5h47m39s total]
  [narrativeqa              1/16] snapkv_d070    (9/16)  ex   14/20  KL=0.9027  mean=0.8667  0.15ex/s  eta=40s  [eta=5h47m39s total]
  [narrativeqa              1/16] snapkv_d070    (9/16)  ex   15/20  KL=0.7073  mean=0.8561  0.15ex/s  eta=33s  [eta=5h47m30s total]
  [narrativeqa              1/16] snapkv_d070    (9/16)  ex   16/20  KL=0.6644  mean=0.8441  0.15ex/s  eta=26s  [eta=5h47m22s total]
  [narrativeqa              1/16] snapkv_d070    (9/16)  ex   17/20  KL=0.5092  mean=0.8244  0.15ex/s  eta=20s  [eta=5h47m18s total]
  [narrativeqa              1/16] snapkv_d070    (9/16)  ex   18/20  KL=0.2474  mean=0.7923  0.15ex/s  eta=13s  [eta=5h47m15s total]
  [narrativeqa              1/16] snapkv_d070    (9/16)  ex   19/20  KL=0.4034  mean=0.7719  0.15ex/s  eta=6s  [eta=5h47m08s total]
  [narrativeqa              1/16] snapkv_d070    (9/16)  ex   20/20  KL=3.0645  mean=0.8865  0.15ex/s  eta=0s  [eta=5h47m06s total]
  >>> narrativeqa / snapkv_d070:  n=20  mean_KL=0.8865  [2m15s]

  [narrativeqa              1/16] snapkv_d080    (10/16)  ex    1/20  KL=0.4653  mean=0.4653  0.15ex/s  eta=2m05s  [eta=5h46m58s total]
  [narrativeqa              1/16] snapkv_d080    (10/16)  ex    2/20  KL=0.2948  mean=0.3801  0.15ex/s  eta=2m00s  [eta=5h46m52s total]
  [narrativeqa              1/16] snapkv_d080    (10/16)  ex    3/20  KL=0.5751  mean=0.4451  0.15ex/s  eta=1m53s  [eta=5h46m45s total]
  [narrativeqa              1/16] snapkv_d080    (10/16)  ex    4/20  KL=2.5327  mean=0.9670  0.15ex/s  eta=1m48s  [eta=5h46m42s total]
  [narrativeqa              1/16] snapkv_d080    (10/16)  ex    5/20  KL=3.3626  mean=1.4461  0.15ex/s  eta=1m41s  [eta=5h46m37s total]
  [narrativeqa              1/16] snapkv_d080    (10/16)  ex    6/20  KL=0.4254  mean=1.2760  0.15ex/s  eta=1m34s  [eta=5h46m30s total]
  [narrativeqa              1/16] snapkv_d080    (10/16)  ex    7/20  KL=0.2669  mean=1.1318  0.15ex/s  eta=1m27s  [eta=5h46m24s total]
  [narrativeqa              1/16] snapkv_d080    (10/16)  ex    8/20  KL=0.7420  mean=1.0831  0.15ex/s  eta=1m21s  [eta=5h46m20s total]
  [narrativeqa              1/16] snapkv_d080    (10/16)  ex    9/20  KL=0.3720  mean=1.0041  0.15ex/s  eta=1m14s  [eta=5h46m17s total]
  [narrativeqa              1/16] snapkv_d080    (10/16)  ex   10/20  KL=0.4449  mean=0.9482  0.15ex/s  eta=1m07s  [eta=5h46m11s total]
  [narrativeqa              1/16] snapkv_d080    (10/16)  ex   11/20  KL=0.1603  mean=0.8766  0.15ex/s  eta=1m01s  [eta=5h46m10s total]
  [narrativeqa              1/16] snapkv_d080    (10/16)  ex   12/20  KL=0.2258  mean=0.8223  0.15ex/s  eta=54s  [eta=5h46m01s total]
  [narrativeqa              1/16] snapkv_d080    (10/16)  ex   13/20  KL=0.5414  mean=0.8007  0.15ex/s  eta=47s  [eta=5h45m57s total]
  [narrativeqa              1/16] snapkv_d080    (10/16)  ex   14/20  KL=0.9052  mean=0.8082  0.15ex/s  eta=40s  [eta=5h45m51s total]
  [narrativeqa              1/16] snapkv_d080    (10/16)  ex   15/20  KL=0.6927  mean=0.8005  0.15ex/s  eta=34s  [eta=5h45m47s total]
  [narrativeqa              1/16] snapkv_d080    (10/16)  ex   16/20  KL=0.6515  mean=0.7912  0.15ex/s  eta=27s  [eta=5h45m39s total]
  [narrativeqa              1/16] snapkv_d080    (10/16)  ex   17/20  KL=0.5031  mean=0.7742  0.15ex/s  eta=20s  [eta=5h45m33s total]
  [narrativeqa              1/16] snapkv_d080    (10/16)  ex   18/20  KL=0.1603  mean=0.7401  0.15ex/s  eta=13s  [eta=5h45m28s total]
  [narrativeqa              1/16] snapkv_d080    (10/16)  ex   19/20  KL=0.4387  mean=0.7243  0.15ex/s  eta=6s  [eta=5h45m27s total]
  [narrativeqa              1/16] snapkv_d080    (10/16)  ex   20/20  KL=3.0909  mean=0.8426  0.15ex/s  eta=0s  [eta=5h45m22s total]
  >>> narrativeqa / snapkv_d080:  n=20  mean_KL=0.8426  [2m16s]

  [narrativeqa              1/16] snapkv_d090    (11/16)  ex    1/20  KL=0.3665  mean=0.3665  0.15ex/s  eta=2m09s  [eta=5h45m16s total]
  [narrativeqa              1/16] snapkv_d090    (11/16)  ex    2/20  KL=0.3140  mean=0.3402  0.15ex/s  eta=2m03s  [eta=5h45m12s total]
  [narrativeqa              1/16] snapkv_d090    (11/16)  ex    3/20  KL=0.3912  mean=0.3572  0.15ex/s  eta=1m56s  [eta=5h45m06s total]
  [narrativeqa              1/16] snapkv_d090    (11/16)  ex    4/20  KL=2.5636  mean=0.9088  0.15ex/s  eta=1m48s  [eta=5h44m58s total]
  [narrativeqa              1/16] snapkv_d090    (11/16)  ex    5/20  KL=3.3601  mean=1.3991  0.15ex/s  eta=1m41s  [eta=5h44m51s total]
  [narrativeqa              1/16] snapkv_d090    (11/16)  ex    6/20  KL=0.4113  mean=1.2344  0.15ex/s  eta=1m34s  [eta=5h44m45s total]
  [narrativeqa              1/16] snapkv_d090    (11/16)  ex    7/20  KL=0.2190  mean=1.0894  0.15ex/s  eta=1m27s  [eta=5h44m38s total]
  [narrativeqa              1/16] snapkv_d090    (11/16)  ex    8/20  KL=0.7199  mean=1.0432  0.15ex/s  eta=1m21s  [eta=5h44m34s total]
  [narrativeqa              1/16] snapkv_d090    (11/16)  ex    9/20  KL=0.3678  mean=0.9682  0.15ex/s  eta=1m14s  [eta=5h44m28s total]
  [narrativeqa              1/16] snapkv_d090    (11/16)  ex   10/20  KL=0.4832  mean=0.9197  0.15ex/s  eta=1m08s  [eta=5h44m26s total]
  [narrativeqa              1/16] snapkv_d090    (11/16)  ex   11/20  KL=0.1569  mean=0.8503  0.15ex/s  eta=1m01s  [eta=5h44m21s total]
  [narrativeqa              1/16] snapkv_d090    (11/16)  ex   12/20  KL=0.2327  mean=0.7989  0.15ex/s  eta=54s  [eta=5h44m17s total]
  [narrativeqa              1/16] snapkv_d090    (11/16)  ex   13/20  KL=0.5504  mean=0.7797  0.15ex/s  eta=47s  [eta=5h44m12s total]
  [narrativeqa              1/16] snapkv_d090    (11/16)  ex   14/20  KL=0.9054  mean=0.7887  0.15ex/s  eta=40s  [eta=5h44m05s total]
  [narrativeqa              1/16] snapkv_d090    (11/16)  ex   15/20  KL=0.7194  mean=0.7841  0.15ex/s  eta=34s  [eta=5h44m00s total]
  [narrativeqa              1/16] snapkv_d090    (11/16)  ex   16/20  KL=0.6164  mean=0.7736  0.15ex/s  eta=27s  [eta=5h43m56s total]
  [narrativeqa              1/16] snapkv_d090    (11/16)  ex   17/20  KL=0.5099  mean=0.7581  0.15ex/s  eta=20s  [eta=5h43m54s total]
  [narrativeqa              1/16] snapkv_d090    (11/16)  ex   18/20  KL=0.1569  mean=0.7247  0.15ex/s  eta=13s  [eta=5h43m46s total]
  [narrativeqa              1/16] snapkv_d090    (11/16)  ex   19/20  KL=0.4227  mean=0.7088  0.15ex/s  eta=6s  [eta=5h43m40s total]
  [narrativeqa              1/16] snapkv_d090    (11/16)  ex   20/20  KL=3.1121  mean=0.8290  0.15ex/s  eta=0s  [eta=5h43m36s total]
  >>> narrativeqa / snapkv_d090:  n=20  mean_KL=0.8290  [2m16s]

  [narrativeqa              1/16] snapkv_d095    (12/16)  ex    1/20  KL=0.3609  mean=0.3609  0.14ex/s  eta=2m11s  [eta=5h43m32s total]
  [narrativeqa              1/16] snapkv_d095    (12/16)  ex    2/20  KL=0.2744  mean=0.3177  0.15ex/s  eta=2m02s  [eta=5h43m25s total]
  [narrativeqa              1/16] snapkv_d095    (12/16)  ex    3/20  KL=0.3787  mean=0.3380  0.15ex/s  eta=1m55s  [eta=5h43m19s total]
  [narrativeqa              1/16] snapkv_d095    (12/16)  ex    4/20  KL=2.5672  mean=0.8953  0.15ex/s  eta=1m49s  [eta=5h43m16s total]
  [narrativeqa              1/16] snapkv_d095    (12/16)  ex    5/20  KL=3.3571  mean=1.3877  0.15ex/s  eta=1m42s  [eta=5h43m10s total]
  [narrativeqa              1/16] snapkv_d095    (12/16)  ex    6/20  KL=0.4250  mean=1.2272  0.15ex/s  eta=1m35s  [eta=5h43m05s total]
  [narrativeqa              1/16] snapkv_d095    (12/16)  ex    7/20  KL=0.2027  mean=1.0809  0.15ex/s  eta=1m28s  [eta=5h42m59s total]
  [narrativeqa              1/16] snapkv_d095    (12/16)  ex    8/20  KL=0.7001  mean=1.0333  0.15ex/s  eta=1m22s  [eta=5h42m54s total]
  [narrativeqa              1/16] snapkv_d095    (12/16)  ex    9/20  KL=0.3536  mean=0.9577  0.15ex/s  eta=1m15s  [eta=5h42m47s total]
  [narrativeqa              1/16] snapkv_d095    (12/16)  ex   10/20  KL=0.5104  mean=0.9130  0.15ex/s  eta=1m08s  [eta=5h42m43s total]
  [narrativeqa              1/16] snapkv_d095    (12/16)  ex   11/20  KL=0.1571  mean=0.8443  0.15ex/s  eta=1m01s  [eta=5h42m36s total]
  [narrativeqa              1/16] snapkv_d095    (12/16)  ex   12/20  KL=0.2334  mean=0.7934  0.15ex/s  eta=54s  [eta=5h42m32s total]
  [narrativeqa              1/16] snapkv_d095    (12/16)  ex   13/20  KL=0.5476  mean=0.7745  0.15ex/s  eta=47s  [eta=5h42m26s total]
  [narrativeqa              1/16] snapkv_d095    (12/16)  ex   14/20  KL=0.9065  mean=0.7839  0.15ex/s  eta=41s  [eta=5h42m19s total]
  [narrativeqa              1/16] snapkv_d095    (12/16)  ex   15/20  KL=0.6977  mean=0.7782  0.15ex/s  eta=34s  [eta=5h42m15s total]
  [narrativeqa              1/16] snapkv_d095    (12/16)  ex   16/20  KL=0.6202  mean=0.7683  0.15ex/s  eta=27s  [eta=5h42m08s total]
  [narrativeqa              1/16] snapkv_d095    (12/16)  ex   17/20  KL=0.5143  mean=0.7534  0.15ex/s  eta=20s  [eta=5h42m06s total]
  [narrativeqa              1/16] snapkv_d095    (12/16)  ex   18/20  KL=0.1571  mean=0.7202  0.15ex/s  eta=13s  [eta=5h42m01s total]
  [narrativeqa              1/16] snapkv_d095    (12/16)  ex   19/20  KL=0.4134  mean=0.7041  0.15ex/s  eta=6s  [eta=5h41m58s total]
  [narrativeqa              1/16] snapkv_d095    (12/16)  ex   20/20  KL=3.1295  mean=0.8253  0.15ex/s  eta=0s  [eta=5h41m51s total]
  >>> narrativeqa / snapkv_d095:  n=20  mean_KL=0.8253  [2m17s]

[narrativeqa              1/16] naive_65pct    (13/16)  SKIP — already done  n=20  mean_KL=0.0214
[narrativeqa              1/16] snapkv         (14/16)  SKIP — already done  n=20  mean_KL=0.0759
[narrativeqa              1/16] kq_only        (15/16)  SKIP — already done  n=20  mean_KL=0.1210
[narrativeqa              1/16] kq_post_rope   (16/16)  SKIP — already done  n=20  mean_KL=1.0753
  [qasper                   2/16] kq_pre_d070    (1/16)  ex    1/20  KL=0.7027  mean=0.7027  0.21ex/s  eta=1m29s  [eta=4h09m30s total]
  [qasper                   2/16] kq_pre_d070    (1/16)  ex    2/20  KL=0.5505  mean=0.6266  0.24ex/s  eta=1m15s  [eta=4h09m13s total]
  [qasper                   2/16] kq_pre_d070    (1/16)  ex    3/20  KL=4.2008  mean=1.8180  0.22ex/s  eta=1m18s  [eta=4h09m11s total]
  [qasper                   2/16] kq_pre_d070    (1/16)  ex    4/20  KL=3.6077  mean=2.2654  0.24ex/s  eta=1m06s  [eta=4h08m46s total]
  [qasper                   2/16] kq_pre_d070    (1/16)  ex    5/20  KL=3.7457  mean=2.5615  0.22ex/s  eta=1m07s  [eta=4h08m46s total]
  [qasper                   2/16] kq_pre_d070    (1/16)  ex    6/20  KL=0.1419  mean=2.1582  0.20ex/s  eta=1m09s  [eta=4h09m01s total]
  [qasper                   2/16] kq_pre_d070    (1/16)  ex    7/20  KL=1.8769  mean=2.1180  0.18ex/s  eta=1m10s  [eta=4h09m25s total]
  [qasper                   2/16] kq_pre_d070    (1/16)  ex    8/20  KL=0.2750  mean=1.8876  0.17ex/s  eta=1m11s  [eta=4h10m05s total]
  [qasper                   2/16] kq_pre_d070    (1/16)  ex    9/20  KL=0.7044  mean=1.7562  0.17ex/s  eta=1m03s  [eta=4h09m48s total]
  [qasper                   2/16] kq_pre_d070    (1/16)  ex   10/20  KL=3.8366  mean=1.9642  0.17ex/s  eta=58s  [eta=4h10m02s total]
  [qasper                   2/16] kq_pre_d070    (1/16)  ex   11/20  KL=0.2592  mean=1.8092  0.17ex/s  eta=52s  [eta=4h10m02s total]
  [qasper                   2/16] kq_pre_d070    (1/16)  ex   12/20  KL=8.4221  mean=2.3603  0.18ex/s  eta=45s  [eta=4h09m45s total]
  [qasper                   2/16] kq_pre_d070    (1/16)  ex   13/20  KL=6.1574  mean=2.6524  0.18ex/s  eta=38s  [eta=4h09m29s total]
  [qasper                   2/16] kq_pre_d070    (1/16)  ex   14/20  KL=2.2654  mean=2.6247  0.17ex/s  eta=35s  [eta=4h10m23s total]
  [qasper                   2/16] kq_pre_d070    (1/16)  ex   15/20  KL=4.7486  mean=2.7663  0.17ex/s  eta=29s  [eta=4h10m25s total]
  [qasper                   2/16] kq_pre_d070    (1/16)  ex   16/20  KL=0.4562  mean=2.6219  0.16ex/s  eta=25s  [eta=4h11m16s total]
  [qasper                   2/16] kq_pre_d070    (1/16)  ex   17/20  KL=5.4364  mean=2.7875  0.15ex/s  eta=19s  [eta=4h12m06s total]
  [qasper                   2/16] kq_pre_d070    (1/16)  ex   18/20  KL=5.4123  mean=2.9333  0.15ex/s  eta=13s  [eta=4h12m13s total]
  [qasper                   2/16] kq_pre_d070    (1/16)  ex   19/20  KL=0.2073  mean=2.7899  0.15ex/s  eta=6s  [eta=4h12m18s total]
  [qasper                   2/16] kq_pre_d070    (1/16)  ex   20/20  KL=0.8910  mean=2.6949  0.15ex/s  eta=0s  [eta=4h12m40s total]
  >>> qasper / kq_pre_d070:  n=20  mean_KL=2.6949  [2m13s]

  [qasper                   2/16] kq_pre_d080    (2/16)  ex    1/20  KL=0.7123  mean=0.7123  0.21ex/s  eta=1m29s  [eta=4h12m31s total]
  [qasper                   2/16] kq_pre_d080    (2/16)  ex    2/20  KL=0.4949  mean=0.6036  0.24ex/s  eta=1m15s  [eta=4h12m13s total]
  [qasper                   2/16] kq_pre_d080    (2/16)  ex    3/20  KL=4.7148  mean=1.9740  0.22ex/s  eta=1m18s  [eta=4h12m10s total]
  [qasper                   2/16] kq_pre_d080    (2/16)  ex    4/20  KL=3.0001  mean=2.2305  0.24ex/s  eta=1m07s  [eta=4h11m47s total]
  [qasper                   2/16] kq_pre_d080    (2/16)  ex    5/20  KL=3.5398  mean=2.4924  0.23ex/s  eta=1m06s  [eta=4h11m43s total]
  [qasper                   2/16] kq_pre_d080    (2/16)  ex    6/20  KL=0.9731  mean=2.2392  0.20ex/s  eta=1m08s  [eta=4h11m55s total]
  [qasper                   2/16] kq_pre_d080    (2/16)  ex    7/20  KL=2.3129  mean=2.2497  0.19ex/s  eta=1m09s  [eta=4h12m14s total]
  [qasper                   2/16] kq_pre_d080    (2/16)  ex    8/20  KL=0.4408  mean=2.0236  0.17ex/s  eta=1m10s  [eta=4h12m48s total]
  [qasper                   2/16] kq_pre_d080    (2/16)  ex    9/20  KL=1.7990  mean=1.9986  0.18ex/s  eta=1m02s  [eta=4h12m33s total]
  [qasper                   2/16] kq_pre_d080    (2/16)  ex   10/20  KL=3.9355  mean=2.1923  0.17ex/s  eta=58s  [eta=4h12m46s total]
  [qasper                   2/16] kq_pre_d080    (2/16)  ex   11/20  KL=1.0498  mean=2.0885  0.17ex/s  eta=52s  [eta=4h12m47s total]
  [qasper                   2/16] kq_pre_d080    (2/16)  ex   12/20  KL=8.5330  mean=2.6255  0.18ex/s  eta=45s  [eta=4h12m28s total]
  [qasper                   2/16] kq_pre_d080    (2/16)  ex   13/20  KL=5.3309  mean=2.8336  0.18ex/s  eta=38s  [eta=4h12m11s total]
  [qasper                   2/16] kq_pre_d080    (2/16)  ex   14/20  KL=4.8503  mean=2.9777  0.17ex/s  eta=35s  [eta=4h13m01s total]
  [qasper                   2/16] kq_pre_d080    (2/16)  ex   15/20  KL=3.5125  mean=3.0133  0.17ex/s  eta=29s  [eta=4h13m00s total]
  [qasper                   2/16] kq_pre_d080    (2/16)  ex   16/20  KL=0.7208  mean=2.8700  0.16ex/s  eta=25s  [eta=4h13m48s total]
  [qasper                   2/16] kq_pre_d080    (2/16)  ex   17/20  KL=5.1883  mean=3.0064  0.15ex/s  eta=19s  [eta=4h14m35s total]
  [qasper                   2/16] kq_pre_d080    (2/16)  ex   18/20  KL=5.3207  mean=3.1350  0.15ex/s  eta=13s  [eta=4h14m42s total]
  [qasper                   2/16] kq_pre_d080    (2/16)  ex   19/20  KL=0.2404  mean=2.9826  0.15ex/s  eta=6s  [eta=4h14m47s total]
  [qasper                   2/16] kq_pre_d080    (2/16)  ex   20/20  KL=1.1311  mean=2.8901  0.15ex/s  eta=0s  [eta=4h15m08s total]
  >>> qasper / kq_pre_d080:  n=20  mean_KL=2.8901  [2m14s]

  [qasper                   2/16] kq_pre_d090    (3/16)  ex    1/20  KL=0.2313  mean=0.2313  0.21ex/s  eta=1m29s  [eta=4h14m59s total]
  [qasper                   2/16] kq_pre_d090    (3/16)  ex    2/20  KL=2.5506  mean=1.3910  0.24ex/s  eta=1m15s  [eta=4h14m41s total]
  [qasper                   2/16] kq_pre_d090    (3/16)  ex    3/20  KL=4.3658  mean=2.3826  0.22ex/s  eta=1m18s  [eta=4h14m38s total]
  [qasper                   2/16] kq_pre_d090    (3/16)  ex    4/20  KL=3.9674  mean=2.7788  0.24ex/s  eta=1m07s  [eta=4h14m15s total]
  [qasper                   2/16] kq_pre_d090    (3/16)  ex    5/20  KL=3.3027  mean=2.8836  0.22ex/s  eta=1m06s  [eta=4h14m10s total]
  [qasper                   2/16] kq_pre_d090    (3/16)  ex    6/20  KL=1.2246  mean=2.6071  0.20ex/s  eta=1m08s  [eta=4h14m20s total]
  [qasper                   2/16] kq_pre_d090    (3/16)  ex    7/20  KL=2.0345  mean=2.5253  0.19ex/s  eta=1m09s  [eta=4h14m36s total]
  [qasper                   2/16] kq_pre_d090    (3/16)  ex    8/20  KL=0.2586  mean=2.2419  0.17ex/s  eta=1m10s  [eta=4h15m09s total]
  [qasper                   2/16] kq_pre_d090    (3/16)  ex    9/20  KL=2.5267  mean=2.2736  0.18ex/s  eta=1m02s  [eta=4h14m53s total]
  [qasper                   2/16] kq_pre_d090    (3/16)  ex   10/20  KL=3.0527  mean=2.3515  0.17ex/s  eta=58s  [eta=4h15m04s total]
  [qasper                   2/16] kq_pre_d090    (3/16)  ex   11/20  KL=2.7914  mean=2.3915  0.17ex/s  eta=52s  [eta=4h14m59s total]
  [qasper                   2/16] kq_pre_d090    (3/16)  ex   12/20  KL=8.4458  mean=2.8960  0.18ex/s  eta=45s  [eta=4h14m42s total]
  [qasper                   2/16] kq_pre_d090    (3/16)  ex   13/20  KL=5.7504  mean=3.1156  0.18ex/s  eta=38s  [eta=4h14m27s total]
  [qasper                   2/16] kq_pre_d090    (3/16)  ex   14/20  KL=2.9124  mean=3.1011  0.17ex/s  eta=35s  [eta=4h15m13s total]
  [qasper                   2/16] kq_pre_d090    (3/16)  ex   15/20  KL=4.8559  mean=3.2181  0.17ex/s  eta=29s  [eta=4h15m08s total]
  [qasper                   2/16] kq_pre_d090    (3/16)  ex   16/20  KL=0.6808  mean=3.0595  0.16ex/s  eta=25s  [eta=4h15m56s total]
  [qasper                   2/16] kq_pre_d090    (3/16)  ex   17/20  KL=4.1313  mean=3.1225  0.15ex/s  eta=19s  [eta=4h16m39s total]
  [qasper                   2/16] kq_pre_d090    (3/16)  ex   18/20  KL=5.2704  mean=3.2419  0.15ex/s  eta=13s  [eta=4h16m46s total]
  [qasper                   2/16] kq_pre_d090    (3/16)  ex   19/20  KL=0.2405  mean=3.0839  0.15ex/s  eta=6s  [eta=4h16m51s total]
  [qasper                   2/16] kq_pre_d090    (3/16)  ex   20/20  KL=1.2662  mean=2.9930  0.15ex/s  eta=0s  [eta=4h17m08s total]
  >>> qasper / kq_pre_d090:  n=20  mean_KL=2.9930  [2m14s]

  [qasper                   2/16] kq_pre_d095    (4/16)  ex    1/20  KL=0.2191  mean=0.2191  0.22ex/s  eta=1m28s  [eta=4h16m57s total]
  [qasper                   2/16] kq_pre_d095    (4/16)  ex    2/20  KL=2.7788  mean=1.4989  0.24ex/s  eta=1m13s  [eta=4h16m38s total]
  [qasper                   2/16] kq_pre_d095    (4/16)  ex    3/20  KL=4.6333  mean=2.5437  0.22ex/s  eta=1m18s  [eta=4h16m35s total]
  [qasper                   2/16] kq_pre_d095    (4/16)  ex    4/20  KL=4.0396  mean=2.9177  0.24ex/s  eta=1m07s  [eta=4h16m13s total]
  [qasper                   2/16] kq_pre_d095    (4/16)  ex    5/20  KL=3.4542  mean=3.0250  0.23ex/s  eta=1m06s  [eta=4h16m07s total]
  [qasper                   2/16] kq_pre_d095    (4/16)  ex    6/20  KL=1.1358  mean=2.7101  0.20ex/s  eta=1m09s  [eta=4h16m19s total]
  [qasper                   2/16] kq_pre_d095    (4/16)  ex    7/20  KL=1.1034  mean=2.4806  0.19ex/s  eta=1m10s  [eta=4h16m34s total]
  [qasper                   2/16] kq_pre_d095    (4/16)  ex    8/20  KL=0.2631  mean=2.2034  0.17ex/s  eta=1m11s  [eta=4h17m04s total]
  [qasper                   2/16] kq_pre_d095    (4/16)  ex    9/20  KL=3.8306  mean=2.3842  0.17ex/s  eta=1m03s  [eta=4h16m49s total]
  [qasper                   2/16] kq_pre_d095    (4/16)  ex   10/20  KL=2.4428  mean=2.3901  0.17ex/s  eta=59s  [eta=4h16m59s total]
  [qasper                   2/16] kq_pre_d095    (4/16)  ex   11/20  KL=4.4041  mean=2.5732  0.17ex/s  eta=53s  [eta=4h16m57s total]
  [qasper                   2/16] kq_pre_d095    (4/16)  ex   12/20  KL=8.4687  mean=3.0645  0.17ex/s  eta=45s  [eta=4h16m39s total]
  [qasper                   2/16] kq_pre_d095    (4/16)  ex   13/20  KL=5.2532  mean=3.2328  0.18ex/s  eta=39s  [eta=4h16m23s total]
  [qasper                   2/16] kq_pre_d095    (4/16)  ex   14/20  KL=3.1561  mean=3.2273  0.17ex/s  eta=36s  [eta=4h17m06s total]
  [qasper                   2/16] kq_pre_d095    (4/16)  ex   15/20  KL=4.8502  mean=3.3355  0.17ex/s  eta=30s  [eta=4h17m05s total]
  [qasper                   2/16] kq_pre_d095    (4/16)  ex   16/20  KL=3.3840  mean=3.3386  0.16ex/s  eta=25s  [eta=4h17m49s total]
  [qasper                   2/16] kq_pre_d095    (4/16)  ex   17/20  KL=4.6463  mean=3.4155  0.15ex/s  eta=20s  [eta=4h18m29s total]
  [qasper                   2/16] kq_pre_d095    (4/16)  ex   18/20  KL=5.3225  mean=3.5214  0.15ex/s  eta=13s  [eta=4h18m34s total]
  [qasper                   2/16] kq_pre_d095    (4/16)  ex   19/20  KL=0.2387  mean=3.3487  0.15ex/s  eta=6s  [eta=4h18m37s total]
  [qasper                   2/16] kq_pre_d095    (4/16)  ex   20/20  KL=1.0383  mean=3.2331  0.15ex/s  eta=0s  [eta=4h18m54s total]
  >>> qasper / kq_pre_d095:  n=20  mean_KL=3.2331  [2m16s]

  [qasper                   2/16] kq_post_d070   (5/16)  ex    1/20  KL=0.6358  mean=0.6358  0.21ex/s  eta=1m30s  [eta=4h18m44s total]
  [qasper                   2/16] kq_post_d070   (5/16)  ex    2/20  KL=0.0836  mean=0.3597  0.24ex/s  eta=1m15s  [eta=4h18m26s total]
  [qasper                   2/16] kq_post_d070   (5/16)  ex    3/20  KL=0.4755  mean=0.3983  0.21ex/s  eta=1m20s  [eta=4h18m24s total]
  [qasper                   2/16] kq_post_d070   (5/16)  ex    4/20  KL=0.6504  mean=0.4613  0.23ex/s  eta=1m09s  [eta=4h18m02s total]
  [qasper                   2/16] kq_post_d070   (5/16)  ex    5/20  KL=0.7289  mean=0.5148  0.22ex/s  eta=1m08s  [eta=4h17m58s total]
  [qasper                   2/16] kq_post_d070   (5/16)  ex    6/20  KL=0.9453  mean=0.5866  0.20ex/s  eta=1m10s  [eta=4h18m08s total]
  [qasper                   2/16] kq_post_d070   (5/16)  ex    7/20  KL=1.7891  mean=0.7584  0.18ex/s  eta=1m10s  [eta=4h18m19s total]
  [qasper                   2/16] kq_post_d070   (5/16)  ex    8/20  KL=1.2542  mean=0.8204  0.17ex/s  eta=1m12s  [eta=4h18m46s total]
  [qasper                   2/16] kq_post_d070   (5/16)  ex    9/20  KL=0.2489  mean=0.7569  0.17ex/s  eta=1m03s  [eta=4h18m30s total]
  [qasper                   2/16] kq_post_d070   (5/16)  ex   10/20  KL=0.4023  mean=0.7214  0.17ex/s  eta=59s  [eta=4h18m38s total]
  [qasper                   2/16] kq_post_d070   (5/16)  ex   11/20  KL=0.4316  mean=0.6951  0.17ex/s  eta=53s  [eta=4h18m33s total]
  [qasper                   2/16] kq_post_d070   (5/16)  ex   12/20  KL=0.6496  mean=0.6913  0.18ex/s  eta=45s  [eta=4h18m15s total]
  [qasper                   2/16] kq_post_d070   (5/16)  ex   13/20  KL=1.2006  mean=0.7305  0.18ex/s  eta=38s  [eta=4h17m59s total]
  [qasper                   2/16] kq_post_d070   (5/16)  ex   14/20  KL=0.0828  mean=0.6842  0.17ex/s  eta=36s  [eta=4h18m40s total]
  [qasper                   2/16] kq_post_d070   (5/16)  ex   15/20  KL=0.6434  mean=0.6815  0.17ex/s  eta=30s  [eta=4h18m38s total]
  [qasper                   2/16] kq_post_d070   (5/16)  ex   16/20  KL=0.5986  mean=0.6763  0.16ex/s  eta=25s  [eta=4h19m17s total]
  [qasper                   2/16] kq_post_d070   (5/16)  ex   17/20  KL=0.5188  mean=0.6670  0.15ex/s  eta=20s  [eta=4h19m54s total]
  [qasper                   2/16] kq_post_d070   (5/16)  ex   18/20  KL=0.2275  mean=0.6426  0.15ex/s  eta=13s  [eta=4h20m00s total]
  [qasper                   2/16] kq_post_d070   (5/16)  ex   19/20  KL=0.3352  mean=0.6264  0.15ex/s  eta=6s  [eta=4h20m02s total]
  [qasper                   2/16] kq_post_d070   (5/16)  ex   20/20  KL=0.4495  mean=0.6176  0.15ex/s  eta=0s  [eta=4h20m16s total]
  >>> qasper / kq_post_d070:  n=20  mean_KL=0.6176  [2m15s]

  [qasper                   2/16] kq_post_d080   (6/16)  ex    1/20  KL=0.8561  mean=0.8561  0.21ex/s  eta=1m32s  [eta=4h20m07s total]
  [qasper                   2/16] kq_post_d080   (6/16)  ex    2/20  KL=0.0997  mean=0.4779  0.24ex/s  eta=1m15s  [eta=4h19m48s total]
  [qasper                   2/16] kq_post_d080   (6/16)  ex    3/20  KL=0.4958  mean=0.4838  0.22ex/s  eta=1m17s  [eta=4h19m42s total]
  [qasper                   2/16] kq_post_d080   (6/16)  ex    4/20  KL=0.7885  mean=0.5600  0.24ex/s  eta=1m07s  [eta=4h19m20s total]
  [qasper                   2/16] kq_post_d080   (6/16)  ex    5/20  KL=0.7170  mean=0.5914  0.23ex/s  eta=1m06s  [eta=4h19m14s total]
  [qasper                   2/16] kq_post_d080   (6/16)  ex    6/20  KL=0.9241  mean=0.6469  0.20ex/s  eta=1m09s  [eta=4h19m22s total]
  [qasper                   2/16] kq_post_d080   (6/16)  ex    7/20  KL=1.8544  mean=0.8194  0.19ex/s  eta=1m09s  [eta=4h19m34s total]
  [qasper                   2/16] kq_post_d080   (6/16)  ex    8/20  KL=1.1386  mean=0.8593  0.17ex/s  eta=1m10s  [eta=4h19m57s total]
  [qasper                   2/16] kq_post_d080   (6/16)  ex    9/20  KL=0.2388  mean=0.7903  0.18ex/s  eta=1m02s  [eta=4h19m41s total]
  [qasper                   2/16] kq_post_d080   (6/16)  ex   10/20  KL=0.4131  mean=0.7526  0.17ex/s  eta=58s  [eta=4h19m49s total]
  [qasper                   2/16] kq_post_d080   (6/16)  ex   11/20  KL=0.3869  mean=0.7194  0.17ex/s  eta=52s  [eta=4h19m41s total]
  [qasper                   2/16] kq_post_d080   (6/16)  ex   12/20  KL=0.8779  mean=0.7326  0.18ex/s  eta=45s  [eta=4h19m25s total]
  [qasper                   2/16] kq_post_d080   (6/16)  ex   13/20  KL=1.0006  mean=0.7532  0.18ex/s  eta=38s  [eta=4h19m10s total]
  [qasper                   2/16] kq_post_d080   (6/16)  ex   14/20  KL=0.0936  mean=0.7061  0.17ex/s  eta=35s  [eta=4h19m48s total]
  [qasper                   2/16] kq_post_d080   (6/16)  ex   15/20  KL=0.6775  mean=0.7042  0.17ex/s  eta=29s  [eta=4h19m44s total]
  [qasper                   2/16] kq_post_d080   (6/16)  ex   16/20  KL=0.6058  mean=0.6980  0.16ex/s  eta=25s  [eta=4h20m20s total]
  [qasper                   2/16] kq_post_d080   (6/16)  ex   17/20  KL=0.5350  mean=0.6884  0.15ex/s  eta=19s  [eta=4h20m54s total]
  [qasper                   2/16] kq_post_d080   (6/16)  ex   18/20  KL=0.3110  mean=0.6675  0.15ex/s  eta=13s  [eta=4h20m58s total]
  [qasper                   2/16] kq_post_d080   (6/16)  ex   19/20  KL=0.2968  mean=0.6480  0.15ex/s  eta=6s  [eta=4h21m00s total]
  [qasper                   2/16] kq_post_d080   (6/16)  ex   20/20  KL=0.4562  mean=0.6384  0.15ex/s  eta=0s  [eta=4h21m14s total]
  >>> qasper / kq_post_d080:  n=20  mean_KL=0.6384  [2m15s]

  [qasper                   2/16] kq_post_d090   (7/16)  ex    1/20  KL=0.8188  mean=0.8188  0.21ex/s  eta=1m28s  [eta=4h21m03s total]
  [qasper                   2/16] kq_post_d090   (7/16)  ex    2/20  KL=0.0949  mean=0.4568  0.24ex/s  eta=1m14s  [eta=4h20m45s total]
  [qasper                   2/16] kq_post_d090   (7/16)  ex    3/20  KL=0.4962  mean=0.4700  0.22ex/s  eta=1m18s  [eta=4h20m40s total]
  [qasper                   2/16] kq_post_d090   (7/16)  ex    4/20  KL=0.7695  mean=0.5449  0.24ex/s  eta=1m07s  [eta=4h20m19s total]
  [qasper                   2/16] kq_post_d090   (7/16)  ex    5/20  KL=0.6629  mean=0.5685  0.23ex/s  eta=1m06s  [eta=4h20m11s total]
  [qasper                   2/16] kq_post_d090   (7/16)  ex    6/20  KL=0.9106  mean=0.6255  0.20ex/s  eta=1m09s  [eta=4h20m20s total]
  [qasper                   2/16] kq_post_d090   (7/16)  ex    7/20  KL=1.9407  mean=0.8134  0.19ex/s  eta=1m10s  [eta=4h20m29s total]
  [qasper                   2/16] kq_post_d090   (7/16)  ex    8/20  KL=0.9256  mean=0.8274  0.17ex/s  eta=1m10s  [eta=4h20m49s total]
  [qasper                   2/16] kq_post_d090   (7/16)  ex    9/20  KL=0.1906  mean=0.7566  0.18ex/s  eta=1m02s  [eta=4h20m33s total]
  [qasper                   2/16] kq_post_d090   (7/16)  ex   10/20  KL=0.4249  mean=0.7235  0.17ex/s  eta=59s  [eta=4h20m43s total]
  [qasper                   2/16] kq_post_d090   (7/16)  ex   11/20  KL=0.3926  mean=0.6934  0.17ex/s  eta=52s  [eta=4h20m38s total]
  [qasper                   2/16] kq_post_d090   (7/16)  ex   12/20  KL=0.7472  mean=0.6979  0.18ex/s  eta=45s  [eta=4h20m20s total]
  [qasper                   2/16] kq_post_d090   (7/16)  ex   13/20  KL=1.1363  mean=0.7316  0.18ex/s  eta=38s  [eta=4h20m06s total]
  [qasper                   2/16] kq_post_d090   (7/16)  ex   14/20  KL=0.1725  mean=0.6917  0.17ex/s  eta=36s  [eta=4h20m39s total]
  [qasper                   2/16] kq_post_d090   (7/16)  ex   15/20  KL=1.0365  mean=0.7146  0.17ex/s  eta=29s  [eta=4h20m31s total]
  [qasper                   2/16] kq_post_d090   (7/16)  ex   16/20  KL=0.6119  mean=0.7082  0.16ex/s  eta=25s  [eta=4h21m08s total]
  [qasper                   2/16] kq_post_d090   (7/16)  ex   17/20  KL=0.4962  mean=0.6957  0.15ex/s  eta=20s  [eta=4h21m41s total]
  [qasper                   2/16] kq_post_d090   (7/16)  ex   18/20  KL=0.2904  mean=0.6732  0.15ex/s  eta=13s  [eta=4h21m43s total]
  [qasper                   2/16] kq_post_d090   (7/16)  ex   19/20  KL=0.3173  mean=0.6545  0.15ex/s  eta=6s  [eta=4h21m44s total]
  [qasper                   2/16] kq_post_d090   (7/16)  ex   20/20  KL=0.4102  mean=0.6423  0.15ex/s  eta=0s  [eta=4h21m55s total]
  >>> qasper / kq_post_d090:  n=20  mean_KL=0.6423  [2m15s]

  [qasper                   2/16] kq_post_d095   (8/16)  ex    1/20  KL=0.7363  mean=0.7363  0.21ex/s  eta=1m29s  [eta=4h21m44s total]
  [qasper                   2/16] kq_post_d095   (8/16)  ex    2/20  KL=0.1908  mean=0.4636  0.24ex/s  eta=1m14s  [eta=4h21m27s total]
  [qasper                   2/16] kq_post_d095   (8/16)  ex    3/20  KL=0.5244  mean=0.4838  0.22ex/s  eta=1m18s  [eta=4h21m21s total]
  [qasper                   2/16] kq_post_d095   (8/16)  ex    4/20  KL=0.7347  mean=0.5465  0.24ex/s  eta=1m07s  [eta=4h21m00s total]
  [qasper                   2/16] kq_post_d095   (8/16)  ex    5/20  KL=0.7052  mean=0.5783  0.23ex/s  eta=1m06s  [eta=4h20m52s total]
  [qasper                   2/16] kq_post_d095   (8/16)  ex    6/20  KL=0.8926  mean=0.6307  0.20ex/s  eta=1m08s  [eta=4h20m58s total]
  [qasper                   2/16] kq_post_d095   (8/16)  ex    7/20  KL=1.9803  mean=0.8235  0.19ex/s  eta=1m10s  [eta=4h21m08s total]
  [qasper                   2/16] kq_post_d095   (8/16)  ex    8/20  KL=0.9735  mean=0.8422  0.17ex/s  eta=1m10s  [eta=4h21m25s total]
  [qasper                   2/16] kq_post_d095   (8/16)  ex    9/20  KL=0.2055  mean=0.7715  0.18ex/s  eta=1m02s  [eta=4h21m09s total]
  [qasper                   2/16] kq_post_d095   (8/16)  ex   10/20  KL=0.3963  mean=0.7340  0.17ex/s  eta=58s  [eta=4h21m14s total]
  [qasper                   2/16] kq_post_d095   (8/16)  ex   11/20  KL=0.3752  mean=0.7013  0.17ex/s  eta=52s  [eta=4h21m11s total]
  [qasper                   2/16] kq_post_d095   (8/16)  ex   12/20  KL=0.9791  mean=0.7245  0.18ex/s  eta=45s  [eta=4h20m54s total]
  [qasper                   2/16] kq_post_d095   (8/16)  ex   13/20  KL=1.2108  mean=0.7619  0.18ex/s  eta=38s  [eta=4h20m38s total]
  [qasper                   2/16] kq_post_d095   (8/16)  ex   14/20  KL=0.1610  mean=0.7190  0.17ex/s  eta=35s  [eta=4h21m10s total]
  [qasper                   2/16] kq_post_d095   (8/16)  ex   15/20  KL=1.1321  mean=0.7465  0.17ex/s  eta=29s  [eta=4h21m05s total]
  [qasper                   2/16] kq_post_d095   (8/16)  ex   16/20  KL=0.6197  mean=0.7386  0.16ex/s  eta=25s  [eta=4h21m34s total]
  [qasper                   2/16] kq_post_d095   (8/16)  ex   17/20  KL=0.5180  mean=0.7256  0.15ex/s  eta=19s  [eta=4h22m05s total]
  [qasper                   2/16] kq_post_d095   (8/16)  ex   18/20  KL=0.3051  mean=0.7023  0.15ex/s  eta=13s  [eta=4h22m06s total]
  [qasper                   2/16] kq_post_d095   (8/16)  ex   19/20  KL=0.3027  mean=0.6812  0.15ex/s  eta=6s  [eta=4h22m04s total]
  [qasper                   2/16] kq_post_d095   (8/16)  ex   20/20  KL=0.4207  mean=0.6682  0.15ex/s  eta=0s  [eta=4h22m15s total]
  >>> qasper / kq_post_d095:  n=20  mean_KL=0.6682  [2m14s]

  [qasper                   2/16] snapkv_d070    (9/16)  ex    1/20  KL=0.1081  mean=0.1081  0.22ex/s  eta=1m27s  [eta=4h22m04s total]
  [qasper                   2/16] snapkv_d070    (9/16)  ex    2/20  KL=0.2656  mean=0.1869  0.25ex/s  eta=1m12s  [eta=4h21m46s total]
  [qasper                   2/16] snapkv_d070    (9/16)  ex    3/20  KL=0.0574  mean=0.1437  0.23ex/s  eta=1m15s  [eta=4h21m38s total]
  [qasper                   2/16] snapkv_d070    (9/16)  ex    4/20  KL=0.5945  mean=0.2564  0.25ex/s  eta=1m04s  [eta=4h21m16s total]
  [qasper                   2/16] snapkv_d070    (9/16)  ex    5/20  KL=0.3274  mean=0.2706  0.23ex/s  eta=1m05s  [eta=4h21m10s total]
  [qasper                   2/16] snapkv_d070    (9/16)  ex    6/20  KL=0.9105  mean=0.3773  0.21ex/s  eta=1m08s  [eta=4h21m15s total]
  [qasper                   2/16] snapkv_d070    (9/16)  ex    7/20  KL=8.3101  mean=1.5105  0.19ex/s  eta=1m09s  [eta=4h21m24s total]
  [qasper                   2/16] snapkv_d070    (9/16)  ex    8/20  KL=1.2724  mean=1.4808  0.17ex/s  eta=1m10s  [eta=4h21m43s total]
  [qasper                   2/16] snapkv_d070    (9/16)  ex    9/20  KL=0.3144  mean=1.3512  0.18ex/s  eta=1m02s  [eta=4h21m27s total]
  [qasper                   2/16] snapkv_d070    (9/16)  ex   10/20  KL=0.4881  mean=1.2649  0.17ex/s  eta=58s  [eta=4h21m30s total]
  [qasper                   2/16] snapkv_d070    (9/16)  ex   11/20  KL=0.2377  mean=1.1715  0.17ex/s  eta=52s  [eta=4h21m24s total]
  [qasper                   2/16] snapkv_d070    (9/16)  ex   12/20  KL=0.2160  mean=1.0919  0.18ex/s  eta=44s  [eta=4h21m07s total]
  [qasper                   2/16] snapkv_d070    (9/16)  ex   13/20  KL=0.3907  mean=1.0379  0.18ex/s  eta=38s  [eta=4h20m51s total]
  [qasper                   2/16] snapkv_d070    (9/16)  ex   14/20  KL=0.3288  mean=0.9873  0.17ex/s  eta=35s  [eta=4h21m20s total]
  [qasper                   2/16] snapkv_d070    (9/16)  ex   15/20  KL=0.5657  mean=0.9592  0.17ex/s  eta=29s  [eta=4h21m12s total]
  [qasper                   2/16] snapkv_d070    (9/16)  ex   16/20  KL=0.5546  mean=0.9339  0.16ex/s  eta=24s  [eta=4h21m42s total]
  [qasper                   2/16] snapkv_d070    (9/16)  ex   17/20  KL=0.6442  mean=0.9168  0.15ex/s  eta=19s  [eta=4h22m11s total]
  [qasper                   2/16] snapkv_d070    (9/16)  ex   18/20  KL=1.4130  mean=0.9444  0.15ex/s  eta=13s  [eta=4h22m12s total]
  [qasper                   2/16] snapkv_d070    (9/16)  ex   19/20  KL=0.3810  mean=0.9147  0.15ex/s  eta=6s  [eta=4h22m12s total]
  [qasper                   2/16] snapkv_d070    (9/16)  ex   20/20  KL=0.5150  mean=0.8948  0.15ex/s  eta=0s  [eta=4h22m22s total]
  >>> qasper / snapkv_d070:  n=20  mean_KL=0.8948  [2m13s]

  [qasper                   2/16] snapkv_d080    (10/16)  ex    1/20  KL=0.0977  mean=0.0977  0.21ex/s  eta=1m32s  [eta=4h22m11s total]
  [qasper                   2/16] snapkv_d080    (10/16)  ex    2/20  KL=0.2431  mean=0.1704  0.23ex/s  eta=1m16s  [eta=4h21m55s total]
  [qasper                   2/16] snapkv_d080    (10/16)  ex    3/20  KL=3.6839  mean=1.3416  0.21ex/s  eta=1m19s  [eta=4h21m49s total]
  [qasper                   2/16] snapkv_d080    (10/16)  ex    4/20  KL=0.1929  mean=1.0544  0.23ex/s  eta=1m08s  [eta=4h21m29s total]
  [qasper                   2/16] snapkv_d080    (10/16)  ex    5/20  KL=0.4372  mean=0.9310  0.22ex/s  eta=1m07s  [eta=4h21m21s total]
  [qasper                   2/16] snapkv_d080    (10/16)  ex    6/20  KL=0.8617  mean=0.9194  0.20ex/s  eta=1m10s  [eta=4h21m26s total]
  [qasper                   2/16] snapkv_d080    (10/16)  ex    7/20  KL=1.9314  mean=1.0640  0.18ex/s  eta=1m10s  [eta=4h21m34s total]
  [qasper                   2/16] snapkv_d080    (10/16)  ex    8/20  KL=1.2672  mean=1.0894  0.17ex/s  eta=1m12s  [eta=4h21m52s total]
  [qasper                   2/16] snapkv_d080    (10/16)  ex    9/20  KL=0.3167  mean=1.0035  0.17ex/s  eta=1m03s  [eta=4h21m37s total]
  [qasper                   2/16] snapkv_d080    (10/16)  ex   10/20  KL=0.4646  mean=0.9496  0.17ex/s  eta=59s  [eta=4h21m41s total]
  [qasper                   2/16] snapkv_d080    (10/16)  ex   11/20  KL=0.2363  mean=0.8848  0.17ex/s  eta=53s  [eta=4h21m33s total]
  [qasper                   2/16] snapkv_d080    (10/16)  ex   12/20  KL=0.2181  mean=0.8292  0.17ex/s  eta=45s  [eta=4h21m17s total]
  [qasper                   2/16] snapkv_d080    (10/16)  ex   13/20  KL=0.3803  mean=0.7947  0.18ex/s  eta=39s  [eta=4h21m03s total]
  [qasper                   2/16] snapkv_d080    (10/16)  ex   14/20  KL=0.3602  mean=0.7637  0.17ex/s  eta=36s  [eta=4h21m32s total]
  [qasper                   2/16] snapkv_d080    (10/16)  ex   15/20  KL=0.5735  mean=0.7510  0.17ex/s  eta=30s  [eta=4h21m25s total]
  [qasper                   2/16] snapkv_d080    (10/16)  ex   16/20  KL=0.5424  mean=0.7379  0.16ex/s  eta=25s  [eta=4h21m56s total]
  [qasper                   2/16] snapkv_d080    (10/16)  ex   17/20  KL=0.7476  mean=0.7385  0.15ex/s  eta=20s  [eta=4h22m23s total]
  [qasper                   2/16] snapkv_d080    (10/16)  ex   18/20  KL=1.4231  mean=0.7766  0.15ex/s  eta=13s  [eta=4h22m24s total]
  [qasper                   2/16] snapkv_d080    (10/16)  ex   19/20  KL=0.3870  mean=0.7561  0.15ex/s  eta=6s  [eta=4h22m24s total]
  [qasper                   2/16] snapkv_d080    (10/16)  ex   20/20  KL=0.5310  mean=0.7448  0.15ex/s  eta=0s  [eta=4h22m34s total]
  >>> qasper / snapkv_d080:  n=20  mean_KL=0.7448  [2m16s]

  [qasper                   2/16] snapkv_d090    (11/16)  ex    1/20  KL=0.0968  mean=0.0968  0.20ex/s  eta=1m33s  [eta=4h22m24s total]
  [qasper                   2/16] snapkv_d090    (11/16)  ex    2/20  KL=0.2255  mean=0.1611  0.23ex/s  eta=1m16s  [eta=4h22m07s total]
  [qasper                   2/16] snapkv_d090    (11/16)  ex    3/20  KL=3.6839  mean=1.3354  0.22ex/s  eta=1m18s  [eta=4h22m00s total]
  [qasper                   2/16] snapkv_d090    (11/16)  ex    4/20  KL=0.2273  mean=1.0584  0.23ex/s  eta=1m08s  [eta=4h21m42s total]
  [qasper                   2/16] snapkv_d090    (11/16)  ex    5/20  KL=0.3985  mean=0.9264  0.22ex/s  eta=1m06s  [eta=4h21m32s total]
  [qasper                   2/16] snapkv_d090    (11/16)  ex    6/20  KL=0.8696  mean=0.9169  0.20ex/s  eta=1m09s  [eta=4h21m36s total]
  [qasper                   2/16] snapkv_d090    (11/16)  ex    7/20  KL=1.8974  mean=1.0570  0.18ex/s  eta=1m10s  [eta=4h21m45s total]
  [qasper                   2/16] snapkv_d090    (11/16)  ex    8/20  KL=1.4812  mean=1.1100  0.17ex/s  eta=1m12s  [eta=4h22m03s total]
  [qasper                   2/16] snapkv_d090    (11/16)  ex    9/20  KL=0.3208  mean=1.0223  0.17ex/s  eta=1m04s  [eta=4h21m48s total]
  [qasper                   2/16] snapkv_d090    (11/16)  ex   10/20  KL=0.4492  mean=0.9650  0.17ex/s  eta=59s  [eta=4h21m51s total]
  [qasper                   2/16] snapkv_d090    (11/16)  ex   11/20  KL=0.2527  mean=0.9003  0.17ex/s  eta=53s  [eta=4h21m46s total]
  [qasper                   2/16] snapkv_d090    (11/16)  ex   12/20  KL=0.2186  mean=0.8435  0.17ex/s  eta=46s  [eta=4h21m30s total]
  [qasper                   2/16] snapkv_d090    (11/16)  ex   13/20  KL=2.0669  mean=0.9376  0.18ex/s  eta=39s  [eta=4h21m16s total]
  [qasper                   2/16] snapkv_d090    (11/16)  ex   14/20  KL=0.3390  mean=0.8948  0.16ex/s  eta=36s  [eta=4h21m43s total]
  [qasper                   2/16] snapkv_d090    (11/16)  ex   15/20  KL=0.5307  mean=0.8705  0.16ex/s  eta=30s  [eta=4h21m40s total]
  [qasper                   2/16] snapkv_d090    (11/16)  ex   16/20  KL=0.5474  mean=0.8503  0.15ex/s  eta=25s  [eta=4h22m07s total]
  [qasper                   2/16] snapkv_d090    (11/16)  ex   17/20  KL=0.7222  mean=0.8428  0.15ex/s  eta=20s  [eta=4h22m33s total]
  [qasper                   2/16] snapkv_d090    (11/16)  ex   18/20  KL=1.4404  mean=0.8760  0.15ex/s  eta=13s  [eta=4h22m34s total]
  [qasper                   2/16] snapkv_d090    (11/16)  ex   19/20  KL=0.3922  mean=0.8505  0.15ex/s  eta=6s  [eta=4h22m32s total]
  [qasper                   2/16] snapkv_d090    (11/16)  ex   20/20  KL=0.5374  mean=0.8349  0.14ex/s  eta=0s  [eta=4h22m41s total]
  >>> qasper / snapkv_d090:  n=20  mean_KL=0.8349  [2m18s]

  [qasper                   2/16] snapkv_d095    (12/16)  ex    1/20  KL=0.0910  mean=0.0910  0.21ex/s  eta=1m29s  [eta=4h22m30s total]
  [qasper                   2/16] snapkv_d095    (12/16)  ex    2/20  KL=0.1939  mean=0.1425  0.24ex/s  eta=1m15s  [eta=4h22m14s total]
  [qasper                   2/16] snapkv_d095    (12/16)  ex    3/20  KL=3.6829  mean=1.3226  0.21ex/s  eta=1m20s  [eta=4h22m09s total]
  [qasper                   2/16] snapkv_d095    (12/16)  ex    4/20  KL=0.1924  mean=1.0400  0.23ex/s  eta=1m10s  [eta=4h21m50s total]
  [qasper                   2/16] snapkv_d095    (12/16)  ex    5/20  KL=0.3789  mean=0.9078  0.22ex/s  eta=1m09s  [eta=4h21m44s total]
  [qasper                   2/16] snapkv_d095    (12/16)  ex    6/20  KL=0.8632  mean=0.9004  0.20ex/s  eta=1m11s  [eta=4h21m47s total]
  [qasper                   2/16] snapkv_d095    (12/16)  ex    7/20  KL=1.4348  mean=0.9767  0.18ex/s  eta=1m12s  [eta=4h21m53s total]
  [qasper                   2/16] snapkv_d095    (12/16)  ex    8/20  KL=1.4747  mean=1.0390  0.16ex/s  eta=1m13s  [eta=4h22m11s total]
  [qasper                   2/16] snapkv_d095    (12/16)  ex    9/20  KL=0.3185  mean=0.9589  0.17ex/s  eta=1m05s  [eta=4h21m57s total]
  [qasper                   2/16] snapkv_d095    (12/16)  ex   10/20  KL=0.4522  mean=0.9082  0.16ex/s  eta=1m00s  [eta=4h21m59s total]
  [qasper                   2/16] snapkv_d095    (12/16)  ex   11/20  KL=0.2605  mean=0.8494  0.17ex/s  eta=54s  [eta=4h21m53s total]
  [qasper                   2/16] snapkv_d095    (12/16)  ex   12/20  KL=0.2154  mean=0.7965  0.17ex/s  eta=46s  [eta=4h21m37s total]
  [qasper                   2/16] snapkv_d095    (12/16)  ex   13/20  KL=1.9582  mean=0.8859  0.18ex/s  eta=39s  [eta=4h21m22s total]
  [qasper                   2/16] snapkv_d095    (12/16)  ex   14/20  KL=0.3280  mean=0.8460  0.16ex/s  eta=36s  [eta=4h21m47s total]
  [qasper                   2/16] snapkv_d095    (12/16)  ex   15/20  KL=0.5251  mean=0.8246  0.16ex/s  eta=30s  [eta=4h21m44s total]
  [qasper                   2/16] snapkv_d095    (12/16)  ex   16/20  KL=0.5390  mean=0.8068  0.15ex/s  eta=26s  [eta=4h22m08s total]
  [qasper                   2/16] snapkv_d095    (12/16)  ex   17/20  KL=0.7333  mean=0.8025  0.15ex/s  eta=20s  [eta=4h22m32s total]
  [qasper                   2/16] snapkv_d095    (12/16)  ex   18/20  KL=3.1719  mean=0.9341  0.15ex/s  eta=13s  [eta=4h22m33s total]
  [qasper                   2/16] snapkv_d095    (12/16)  ex   19/20  KL=0.3941  mean=0.9057  0.15ex/s  eta=6s  [eta=4h22m32s total]
  [qasper                   2/16] snapkv_d095    (12/16)  ex   20/20  KL=0.5335  mean=0.8871  0.14ex/s  eta=0s  [eta=4h22m39s total]
  >>> qasper / snapkv_d095:  n=20  mean_KL=0.8871  [2m18s]

[qasper                   2/16] naive_65pct    (13/16)  SKIP — already done  n=20  mean_KL=0.0873
[qasper                   2/16] snapkv         (14/16)  SKIP — already done  n=20  mean_KL=0.1622
[qasper                   2/16] kq_only        (15/16)  SKIP — already done  n=20  mean_KL=0.1268
[qasper                   2/16] kq_post_rope   (16/16)  SKIP — already done  n=20  mean_KL=0.6894
  [multifieldqa_en          3/16] kq_pre_d070    (1/16)  ex    1/20  KL=0.1744  mean=0.1744  0.95ex/s  eta=19s  [eta=3h42m42s total]
  [multifieldqa_en          3/16] kq_pre_d070    (1/16)  ex    2/20  KL=0.1394  mean=0.1569  0.16ex/s  eta=1m55s  [eta=3h43m05s total]
  [multifieldqa_en          3/16] kq_pre_d070    (1/16)  ex    3/20  KL=0.1959  mean=0.1699  0.12ex/s  eta=2m19s  [eta=3h43m27s total]
  [multifieldqa_en          3/16] kq_pre_d070    (1/16)  ex    4/20  KL=1.6868  mean=0.5491  0.11ex/s  eta=2m24s  [eta=3h43m48s total]
  [multifieldqa_en          3/16] kq_pre_d070    (1/16)  ex    5/20  KL=3.9245  mean=1.2242  0.10ex/s  eta=2m24s  [eta=3h44m11s total]
  [multifieldqa_en          3/16] kq_pre_d070    (1/16)  ex    6/20  KL=4.8598  mean=1.8301  0.10ex/s  eta=2m18s  [eta=3h44m32s total]
  [multifieldqa_en          3/16] kq_pre_d070    (1/16)  ex    7/20  KL=1.5909  mean=1.7960  0.10ex/s  eta=2m11s  [eta=3h44m53s total]
  [multifieldqa_en          3/16] kq_pre_d070    (1/16)  ex    8/20  KL=5.9214  mean=2.3116  0.11ex/s  eta=1m51s  [eta=3h44m39s total]
  [multifieldqa_en          3/16] kq_pre_d070    (1/16)  ex    9/20  KL=0.7888  mean=2.1424  0.12ex/s  eta=1m32s  [eta=3h44m19s total]
  [multifieldqa_en          3/16] kq_pre_d070    (1/16)  ex   10/20  KL=0.4063  mean=1.9688  0.11ex/s  eta=1m27s  [eta=3h44m41s total]
  [multifieldqa_en          3/16] kq_pre_d070    (1/16)  ex   11/20  KL=0.3161  mean=1.8186  0.11ex/s  eta=1m21s  [eta=3h45m03s total]
  [multifieldqa_en          3/16] kq_pre_d070    (1/16)  ex   12/20  KL=3.4006  mean=1.9504  0.11ex/s  eta=1m13s  [eta=3h45m25s total]
  [multifieldqa_en          3/16] kq_pre_d070    (1/16)  ex   13/20  KL=0.3105  mean=1.8243  0.11ex/s  eta=1m05s  [eta=3h45m45s total]
  [multifieldqa_en          3/16] kq_pre_d070    (1/16)  ex   14/20  KL=4.1047  mean=1.9872  0.10ex/s  eta=57s  [eta=3h46m05s total]
  [multifieldqa_en          3/16] kq_pre_d070    (1/16)  ex   15/20  KL=2.5181  mean=2.0226  0.10ex/s  eta=48s  [eta=3h46m26s total]
  [multifieldqa_en          3/16] kq_pre_d070    (1/16)  ex   16/20  KL=10.7923  mean=2.5707  0.11ex/s  eta=37s  [eta=3h46m10s total]
  [multifieldqa_en          3/16] kq_pre_d070    (1/16)  ex   17/20  KL=1.0903  mean=2.4836  0.11ex/s  eta=28s  [eta=3h46m31s total]
  [multifieldqa_en          3/16] kq_pre_d070    (1/16)  ex   18/20  KL=0.4184  mean=2.3689  0.10ex/s  eta=19s  [eta=3h46m52s total]
  [multifieldqa_en          3/16] kq_pre_d070    (1/16)  ex   19/20  KL=3.3109  mean=2.4184  0.10ex/s  eta=9s  [eta=3h47m12s total]
  [multifieldqa_en          3/16] kq_pre_d070    (1/16)  ex   20/20  KL=4.7671  mean=2.5359  0.11ex/s  eta=0s  [eta=3h47m04s total]
  >>> multifieldqa_en / kq_pre_d070:  n=20  mean_KL=2.5359  [3m07s]

  [multifieldqa_en          3/16] kq_pre_d080    (2/16)  ex    1/20  KL=0.0504  mean=0.0504  0.88ex/s  eta=21s  [eta=3h46m42s total]
  [multifieldqa_en          3/16] kq_pre_d080    (2/16)  ex    2/20  KL=0.0632  mean=0.0568  0.15ex/s  eta=1m56s  [eta=3h47m04s total]
  [multifieldqa_en          3/16] kq_pre_d080    (2/16)  ex    3/20  KL=1.7183  mean=0.6106  0.12ex/s  eta=2m21s  [eta=3h47m25s total]
  [multifieldqa_en          3/16] kq_pre_d080    (2/16)  ex    4/20  KL=3.0916  mean=1.2309  0.11ex/s  eta=2m26s  [eta=3h47m45s total]
  [multifieldqa_en          3/16] kq_pre_d080    (2/16)  ex    5/20  KL=3.0360  mean=1.5919  0.10ex/s  eta=2m24s  [eta=3h48m05s total]
  [multifieldqa_en          3/16] kq_pre_d080    (2/16)  ex    6/20  KL=4.8262  mean=2.1310  0.10ex/s  eta=2m19s  [eta=3h48m25s total]
  [multifieldqa_en          3/16] kq_pre_d080    (2/16)  ex    7/20  KL=2.2667  mean=2.1504  0.10ex/s  eta=2m12s  [eta=3h48m44s total]
  [multifieldqa_en          3/16] kq_pre_d080    (2/16)  ex    8/20  KL=0.5317  mean=1.9480  0.11ex/s  eta=1m51s  [eta=3h48m30s total]
  [multifieldqa_en          3/16] kq_pre_d080    (2/16)  ex    9/20  KL=1.1660  mean=1.8611  0.12ex/s  eta=1m32s  [eta=3h48m10s total]
  [multifieldqa_en          3/16] kq_pre_d080    (2/16)  ex   10/20  KL=0.4359  mean=1.7186  0.11ex/s  eta=1m28s  [eta=3h48m32s total]
  [multifieldqa_en          3/16] kq_pre_d080    (2/16)  ex   11/20  KL=0.3869  mean=1.5975  0.11ex/s  eta=1m21s  [eta=3h48m51s total]
  [multifieldqa_en          3/16] kq_pre_d080    (2/16)  ex   12/20  KL=3.6894  mean=1.7719  0.11ex/s  eta=1m14s  [eta=3h49m10s total]
  [multifieldqa_en          3/16] kq_pre_d080    (2/16)  ex   13/20  KL=0.3636  mean=1.6635  0.11ex/s  eta=1m06s  [eta=3h49m30s total]
  [multifieldqa_en          3/16] kq_pre_d080    (2/16)  ex   14/20  KL=5.6856  mean=1.9508  0.10ex/s  eta=57s  [eta=3h49m49s total]
  [multifieldqa_en          3/16] kq_pre_d080    (2/16)  ex   15/20  KL=2.3134  mean=1.9750  0.10ex/s  eta=48s  [eta=3h50m08s total]
  [multifieldqa_en          3/16] kq_pre_d080    (2/16)  ex   16/20  KL=11.1415  mean=2.5479  0.11ex/s  eta=37s  [eta=3h49m52s total]
  [multifieldqa_en          3/16] kq_pre_d080    (2/16)  ex   17/20  KL=1.2131  mean=2.4694  0.11ex/s  eta=28s  [eta=3h50m11s total]
  [multifieldqa_en          3/16] kq_pre_d080    (2/16)  ex   18/20  KL=0.4429  mean=2.3568  0.10ex/s  eta=19s  [eta=3h50m31s total]
  [multifieldqa_en          3/16] kq_pre_d080    (2/16)  ex   19/20  KL=4.9977  mean=2.4958  0.10ex/s  eta=9s  [eta=3h50m50s total]
  [multifieldqa_en          3/16] kq_pre_d080    (2/16)  ex   20/20  KL=2.5800  mean=2.5000  0.11ex/s  eta=0s  [eta=3h50m41s total]
  >>> multifieldqa_en / kq_pre_d080:  n=20  mean_KL=2.5000  [3m08s]

  [multifieldqa_en          3/16] kq_pre_d090    (3/16)  ex    1/20  KL=0.0840  mean=0.0840  0.88ex/s  eta=21s  [eta=3h50m20s total]
  [multifieldqa_en          3/16] kq_pre_d090    (3/16)  ex    2/20  KL=0.0925  mean=0.0883  0.16ex/s  eta=1m55s  [eta=3h50m39s total]
  [multifieldqa_en          3/16] kq_pre_d090    (3/16)  ex    3/20  KL=0.2240  mean=0.1335  0.12ex/s  eta=2m19s  [eta=3h50m58s total]
  [multifieldqa_en          3/16] kq_pre_d090    (3/16)  ex    4/20  KL=2.7302  mean=0.7827  0.11ex/s  eta=2m25s  [eta=3h51m17s total]
  [multifieldqa_en          3/16] kq_pre_d090    (3/16)  ex    5/20  KL=2.9649  mean=1.2191  0.10ex/s  eta=2m23s  [eta=3h51m35s total]
  [multifieldqa_en          3/16] kq_pre_d090    (3/16)  ex    6/20  KL=4.0885  mean=1.6974  0.10ex/s  eta=2m18s  [eta=3h51m53s total]
  [multifieldqa_en          3/16] kq_pre_d090    (3/16)  ex    7/20  KL=2.0203  mean=1.7435  0.10ex/s  eta=2m12s  [eta=3h52m12s total]
  [multifieldqa_en          3/16] kq_pre_d090    (3/16)  ex    8/20  KL=7.8097  mean=2.5018  0.11ex/s  eta=1m51s  [eta=3h51m58s total]
  [multifieldqa_en          3/16] kq_pre_d090    (3/16)  ex    9/20  KL=0.4851  mean=2.2777  0.12ex/s  eta=1m32s  [eta=3h51m38s total]
  [multifieldqa_en          3/16] kq_pre_d090    (3/16)  ex   10/20  KL=0.3813  mean=2.0880  0.11ex/s  eta=1m27s  [eta=3h51m57s total]
  [multifieldqa_en          3/16] kq_pre_d090    (3/16)  ex   11/20  KL=0.3498  mean=1.9300  0.11ex/s  eta=1m21s  [eta=3h52m16s total]
  [multifieldqa_en          3/16] kq_pre_d090    (3/16)  ex   12/20  KL=5.0483  mean=2.1899  0.11ex/s  eta=1m14s  [eta=3h52m33s total]
  [multifieldqa_en          3/16] kq_pre_d090    (3/16)  ex   13/20  KL=0.4923  mean=2.0593  0.11ex/s  eta=1m06s  [eta=3h52m51s total]
  [multifieldqa_en          3/16] kq_pre_d090    (3/16)  ex   14/20  KL=4.2433  mean=2.2153  0.10ex/s  eta=57s  [eta=3h53m10s total]
  [multifieldqa_en          3/16] kq_pre_d090    (3/16)  ex   15/20  KL=3.0898  mean=2.2736  0.10ex/s  eta=48s  [eta=3h53m28s total]
  [multifieldqa_en          3/16] kq_pre_d090    (3/16)  ex   16/20  KL=10.7755  mean=2.8050  0.11ex/s  eta=37s  [eta=3h53m12s total]
  [multifieldqa_en          3/16] kq_pre_d090    (3/16)  ex   17/20  KL=2.2596  mean=2.7729  0.11ex/s  eta=28s  [eta=3h53m30s total]
  [multifieldqa_en          3/16] kq_pre_d090    (3/16)  ex   18/20  KL=0.4379  mean=2.6432  0.10ex/s  eta=19s  [eta=3h53m49s total]
  [multifieldqa_en          3/16] kq_pre_d090    (3/16)  ex   19/20  KL=4.9187  mean=2.7629  0.10ex/s  eta=9s  [eta=3h54m06s total]
  [multifieldqa_en          3/16] kq_pre_d090    (3/16)  ex   20/20  KL=2.5921  mean=2.7544  0.11ex/s  eta=0s  [eta=3h53m57s total]
  >>> multifieldqa_en / kq_pre_d090:  n=20  mean_KL=2.7544  [3m08s]

  [multifieldqa_en          3/16] kq_pre_d095    (4/16)  ex    1/20  KL=1.1224  mean=1.1224  0.83ex/s  eta=22s  [eta=3h53m36s total]
  [multifieldqa_en          3/16] kq_pre_d095    (4/16)  ex    2/20  KL=0.0984  mean=0.6104  0.15ex/s  eta=1m58s  [eta=3h53m54s total]
  [multifieldqa_en          3/16] kq_pre_d095    (4/16)  ex    3/20  KL=0.2429  mean=0.4879  0.12ex/s  eta=2m21s  [eta=3h54m13s total]
  [multifieldqa_en          3/16] kq_pre_d095    (4/16)  ex    4/20  KL=2.8926  mean=1.0891  0.11ex/s  eta=2m26s  [eta=3h54m30s total]
  [multifieldqa_en          3/16] kq_pre_d095    (4/16)  ex    5/20  KL=0.1537  mean=0.9020  0.10ex/s  eta=2m25s  [eta=3h54m48s total]
  [multifieldqa_en          3/16] kq_pre_d095    (4/16)  ex    6/20  KL=4.0323  mean=1.4237  0.10ex/s  eta=2m21s  [eta=3h55m06s total]
  [multifieldqa_en          3/16] kq_pre_d095    (4/16)  ex    7/20  KL=3.3567  mean=1.6999  0.10ex/s  eta=2m13s  [eta=3h55m22s total]
  [multifieldqa_en          3/16] kq_pre_d095    (4/16)  ex    8/20  KL=4.8416  mean=2.0926  0.11ex/s  eta=1m52s  [eta=3h55m07s total]
  [multifieldqa_en          3/16] kq_pre_d095    (4/16)  ex    9/20  KL=0.4442  mean=1.9094  0.12ex/s  eta=1m33s  [eta=3h54m47s total]
  [multifieldqa_en          3/16] kq_pre_d095    (4/16)  ex   10/20  KL=0.8864  mean=1.8071  0.11ex/s  eta=1m28s  [eta=3h55m04s total]
  [multifieldqa_en          3/16] kq_pre_d095    (4/16)  ex   11/20  KL=0.3687  mean=1.6763  0.11ex/s  eta=1m21s  [eta=3h55m23s total]
  [multifieldqa_en          3/16] kq_pre_d095    (4/16)  ex   12/20  KL=5.5097  mean=1.9958  0.11ex/s  eta=1m14s  [eta=3h55m40s total]
  [multifieldqa_en          3/16] kq_pre_d095    (4/16)  ex   13/20  KL=0.4077  mean=1.8736  0.11ex/s  eta=1m06s  [eta=3h55m57s total]
  [multifieldqa_en          3/16] kq_pre_d095    (4/16)  ex   14/20  KL=3.0608  mean=1.9584  0.10ex/s  eta=57s  [eta=3h56m13s total]
  [multifieldqa_en          3/16] kq_pre_d095    (4/16)  ex   15/20  KL=3.2045  mean=2.0415  0.10ex/s  eta=49s  [eta=3h56m30s total]
  [multifieldqa_en          3/16] kq_pre_d095    (4/16)  ex   16/20  KL=3.7947  mean=2.1511  0.11ex/s  eta=37s  [eta=3h56m14s total]
  [multifieldqa_en          3/16] kq_pre_d095    (4/16)  ex   17/20  KL=2.2315  mean=2.1558  0.11ex/s  eta=28s  [eta=3h56m31s total]
  [multifieldqa_en          3/16] kq_pre_d095    (4/16)  ex   18/20  KL=0.4037  mean=2.0585  0.10ex/s  eta=19s  [eta=3h56m48s total]
  [multifieldqa_en          3/16] kq_pre_d095    (4/16)  ex   19/20  KL=5.0773  mean=2.2173  0.10ex/s  eta=9s  [eta=3h57m04s total]
  [multifieldqa_en          3/16] kq_pre_d095    (4/16)  ex   20/20  KL=2.4161  mean=2.2273  0.11ex/s  eta=0s  [eta=3h56m54s total]
  >>> multifieldqa_en / kq_pre_d095:  n=20  mean_KL=2.2273  [3m09s]

  [multifieldqa_en          3/16] kq_post_d070   (5/16)  ex    1/20  KL=3.4139  mean=3.4139  0.87ex/s  eta=21s  [eta=3h56m33s total]
  [multifieldqa_en          3/16] kq_post_d070   (5/16)  ex    2/20  KL=0.4638  mean=1.9389  0.15ex/s  eta=1m56s  [eta=3h56m50s total]
  [multifieldqa_en          3/16] kq_post_d070   (5/16)  ex    3/20  KL=5.5392  mean=3.1390  0.12ex/s  eta=2m20s  [eta=3h57m06s total]
  [multifieldqa_en          3/16] kq_post_d070   (5/16)  ex    4/20  KL=1.3127  mean=2.6824  0.11ex/s  eta=2m26s  [eta=3h57m23s total]
  [multifieldqa_en          3/16] kq_post_d070   (5/16)  ex    5/20  KL=0.5720  mean=2.2603  0.10ex/s  eta=2m25s  [eta=3h57m40s total]
  [multifieldqa_en          3/16] kq_post_d070   (5/16)  ex    6/20  KL=0.4123  mean=1.9523  0.10ex/s  eta=2m20s  [eta=3h57m56s total]
  [multifieldqa_en          3/16] kq_post_d070   (5/16)  ex    7/20  KL=0.2855  mean=1.7142  0.10ex/s  eta=2m13s  [eta=3h58m11s total]
  [multifieldqa_en          3/16] kq_post_d070   (5/16)  ex    8/20  KL=1.3036  mean=1.6629  0.11ex/s  eta=1m52s  [eta=3h57m57s total]
  [multifieldqa_en          3/16] kq_post_d070   (5/16)  ex    9/20  KL=0.8206  mean=1.5693  0.12ex/s  eta=1m33s  [eta=3h57m37s total]
  [multifieldqa_en          3/16] kq_post_d070   (5/16)  ex   10/20  KL=6.1641  mean=2.0288  0.11ex/s  eta=1m28s  [eta=3h57m54s total]
  [multifieldqa_en          3/16] kq_post_d070   (5/16)  ex   11/20  KL=0.6472  mean=1.9032  0.11ex/s  eta=1m22s  [eta=3h58m10s total]
  [multifieldqa_en          3/16] kq_post_d070   (5/16)  ex   12/20  KL=1.0211  mean=1.8297  0.11ex/s  eta=1m14s  [eta=3h58m25s total]
  [multifieldqa_en          3/16] kq_post_d070   (5/16)  ex   13/20  KL=0.4253  mean=1.7217  0.11ex/s  eta=1m06s  [eta=3h58m41s total]
  [multifieldqa_en          3/16] kq_post_d070   (5/16)  ex   14/20  KL=0.5113  mean=1.6352  0.10ex/s  eta=57s  [eta=3h58m55s total]
  [multifieldqa_en          3/16] kq_post_d070   (5/16)  ex   15/20  KL=0.4889  mean=1.5588  0.10ex/s  eta=48s  [eta=3h59m11s total]
  [multifieldqa_en          3/16] kq_post_d070   (5/16)  ex   16/20  KL=0.7601  mean=1.5089  0.11ex/s  eta=37s  [eta=3h58m55s total]
  [multifieldqa_en          3/16] kq_post_d070   (5/16)  ex   17/20  KL=0.9174  mean=1.4741  0.11ex/s  eta=28s  [eta=3h59m11s total]
  [multifieldqa_en          3/16] kq_post_d070   (5/16)  ex   18/20  KL=0.2036  mean=1.4035  0.10ex/s  eta=19s  [eta=3h59m26s total]
  [multifieldqa_en          3/16] kq_post_d070   (5/16)  ex   19/20  KL=0.5962  mean=1.3610  0.10ex/s  eta=9s  [eta=3h59m41s total]
  [multifieldqa_en          3/16] kq_post_d070   (5/16)  ex   20/20  KL=0.8123  mean=1.3336  0.11ex/s  eta=0s  [eta=3h59m32s total]
  >>> multifieldqa_en / kq_post_d070:  n=20  mean_KL=1.3336  [3m09s]

  [multifieldqa_en          3/16] kq_post_d080   (6/16)  ex    1/20  KL=4.9404  mean=4.9404  0.85ex/s  eta=22s  [eta=3h59m11s total]
  [multifieldqa_en          3/16] kq_post_d080   (6/16)  ex    2/20  KL=0.3986  mean=2.6695  0.15ex/s  eta=2m00s  [eta=3h59m27s total]
  [multifieldqa_en          3/16] kq_post_d080   (6/16)  ex    3/20  KL=6.7112  mean=4.0167  0.12ex/s  eta=2m22s  [eta=3h59m42s total]
  [multifieldqa_en          3/16] kq_post_d080   (6/16)  ex    4/20  KL=1.0745  mean=3.2812  0.11ex/s  eta=2m27s  [eta=3h59m57s total]
  [multifieldqa_en          3/16] kq_post_d080   (6/16)  ex    5/20  KL=0.6559  mean=2.7561  0.10ex/s  eta=2m25s  [eta=4h00m12s total]
  [multifieldqa_en          3/16] kq_post_d080   (6/16)  ex    6/20  KL=0.3501  mean=2.3551  0.10ex/s  eta=2m21s  [eta=4h00m28s total]
  [multifieldqa_en          3/16] kq_post_d080   (6/16)  ex    7/20  KL=0.2668  mean=2.0568  0.10ex/s  eta=2m14s  [eta=4h00m43s total]
  [multifieldqa_en          3/16] kq_post_d080   (6/16)  ex    8/20  KL=1.3887  mean=1.9733  0.11ex/s  eta=1m52s  [eta=4h00m28s total]
  [multifieldqa_en          3/16] kq_post_d080   (6/16)  ex    9/20  KL=0.7210  mean=1.8341  0.12ex/s  eta=1m33s  [eta=4h00m08s total]
  [multifieldqa_en          3/16] kq_post_d080   (6/16)  ex   10/20  KL=6.8032  mean=2.3310  0.11ex/s  eta=1m28s  [eta=4h00m24s total]
  [multifieldqa_en          3/16] kq_post_d080   (6/16)  ex   11/20  KL=0.6161  mean=2.1751  0.11ex/s  eta=1m22s  [eta=4h00m39s total]
  [multifieldqa_en          3/16] kq_post_d080   (6/16)  ex   12/20  KL=1.1864  mean=2.0927  0.11ex/s  eta=1m14s  [eta=4h00m53s total]
  [multifieldqa_en          3/16] kq_post_d080   (6/16)  ex   13/20  KL=0.4239  mean=1.9644  0.10ex/s  eta=1m06s  [eta=4h01m08s total]
  [multifieldqa_en          3/16] kq_post_d080   (6/16)  ex   14/20  KL=0.5100  mean=1.8605  0.10ex/s  eta=58s  [eta=4h01m22s total]
  [multifieldqa_en          3/16] kq_post_d080   (6/16)  ex   15/20  KL=0.4637  mean=1.7674  0.10ex/s  eta=49s  [eta=4h01m36s total]
  [multifieldqa_en          3/16] kq_post_d080   (6/16)  ex   16/20  KL=1.0324  mean=1.7214  0.11ex/s  eta=37s  [eta=4h01m20s total]
  [multifieldqa_en          3/16] kq_post_d080   (6/16)  ex   17/20  KL=0.8215  mean=1.6685  0.10ex/s  eta=28s  [eta=4h01m35s total]
  [multifieldqa_en          3/16] kq_post_d080   (6/16)  ex   18/20  KL=0.4263  mean=1.5995  0.10ex/s  eta=19s  [eta=4h01m49s total]
  [multifieldqa_en          3/16] kq_post_d080   (6/16)  ex   19/20  KL=0.5989  mean=1.5468  0.10ex/s  eta=9s  [eta=4h02m04s total]
  [multifieldqa_en          3/16] kq_post_d080   (6/16)  ex   20/20  KL=0.9894  mean=1.5189  0.11ex/s  eta=0s  [eta=4h01m53s total]
  >>> multifieldqa_en / kq_post_d080:  n=20  mean_KL=1.5189  [3m10s]

  [multifieldqa_en          3/16] kq_post_d090   (7/16)  ex    1/20  KL=8.5909  mean=8.5909  0.89ex/s  eta=21s  [eta=4h01m32s total]
  [multifieldqa_en          3/16] kq_post_d090   (7/16)  ex    2/20  KL=0.4142  mean=4.5026  0.15ex/s  eta=1m57s  [eta=4h01m47s total]
  [multifieldqa_en          3/16] kq_post_d090   (7/16)  ex    3/20  KL=7.8091  mean=5.6047  0.12ex/s  eta=2m21s  [eta=4h02m01s total]
  [multifieldqa_en          3/16] kq_post_d090   (7/16)  ex    4/20  KL=1.0414  mean=4.4639  0.11ex/s  eta=2m26s  [eta=4h02m15s total]
  [multifieldqa_en          3/16] kq_post_d090   (7/16)  ex    5/20  KL=0.7203  mean=3.7152  0.10ex/s  eta=2m25s  [eta=4h02m29s total]
  [multifieldqa_en          3/16] kq_post_d090   (7/16)  ex    6/20  KL=0.3341  mean=3.1517  0.10ex/s  eta=2m20s  [eta=4h02m43s total]
  [multifieldqa_en          3/16] kq_post_d090   (7/16)  ex    7/20  KL=0.2614  mean=2.7388  0.10ex/s  eta=2m14s  [eta=4h02m57s total]
  [multifieldqa_en          3/16] kq_post_d090   (7/16)  ex    8/20  KL=1.4347  mean=2.5758  0.11ex/s  eta=1m52s  [eta=4h02m42s total]
  [multifieldqa_en          3/16] kq_post_d090   (7/16)  ex    9/20  KL=0.6873  mean=2.3659  0.12ex/s  eta=1m33s  [eta=4h02m22s total]
  [multifieldqa_en          3/16] kq_post_d090   (7/16)  ex   10/20  KL=7.2917  mean=2.8585  0.11ex/s  eta=1m28s  [eta=4h02m37s total]
  [multifieldqa_en          3/16] kq_post_d090   (7/16)  ex   11/20  KL=0.6493  mean=2.6577  0.11ex/s  eta=1m22s  [eta=4h02m52s total]
  [multifieldqa_en          3/16] kq_post_d090   (7/16)  ex   12/20  KL=1.0912  mean=2.5271  0.11ex/s  eta=1m15s  [eta=4h03m06s total]
  [multifieldqa_en          3/16] kq_post_d090   (7/16)  ex   13/20  KL=0.7299  mean=2.3889  0.10ex/s  eta=1m07s  [eta=4h03m19s total]
  [multifieldqa_en          3/16] kq_post_d090   (7/16)  ex   14/20  KL=0.4568  mean=2.2509  0.10ex/s  eta=58s  [eta=4h03m33s total]
  [multifieldqa_en          3/16] kq_post_d090   (7/16)  ex   15/20  KL=0.4625  mean=2.1316  0.10ex/s  eta=49s  [eta=4h03m46s total]
  [multifieldqa_en          3/16] kq_post_d090   (7/16)  ex   16/20  KL=0.9264  mean=2.0563  0.11ex/s  eta=37s  [eta=4h03m29s total]
  [multifieldqa_en          3/16] kq_post_d090   (7/16)  ex   17/20  KL=0.8928  mean=1.9879  0.10ex/s  eta=28s  [eta=4h03m43s total]
  [multifieldqa_en          3/16] kq_post_d090   (7/16)  ex   18/20  KL=0.4467  mean=1.9023  0.10ex/s  eta=19s  [eta=4h03m56s total]
  [multifieldqa_en          3/16] kq_post_d090   (7/16)  ex   19/20  KL=0.6678  mean=1.8373  0.10ex/s  eta=9s  [eta=4h04m09s total]
  [multifieldqa_en          3/16] kq_post_d090   (7/16)  ex   20/20  KL=1.1181  mean=1.8013  0.11ex/s  eta=0s  [eta=4h03m59s total]
  >>> multifieldqa_en / kq_post_d090:  n=20  mean_KL=1.8013  [3m10s]

  [multifieldqa_en          3/16] kq_post_d095   (8/16)  ex    1/20  KL=7.2538  mean=7.2538  0.89ex/s  eta=21s  [eta=4h03m38s total]
  [multifieldqa_en          3/16] kq_post_d095   (8/16)  ex    2/20  KL=0.4161  mean=3.8350  0.15ex/s  eta=1m59s  [eta=4h03m52s total]
  [multifieldqa_en          3/16] kq_post_d095   (8/16)  ex    3/20  KL=8.0341  mean=5.2347  0.12ex/s  eta=2m22s  [eta=4h04m05s total]
  [multifieldqa_en          3/16] kq_post_d095   (8/16)  ex    4/20  KL=1.0541  mean=4.1895  0.11ex/s  eta=2m28s  [eta=4h04m19s total]
  [multifieldqa_en          3/16] kq_post_d095   (8/16)  ex    5/20  KL=0.6901  mean=3.4896  0.10ex/s  eta=2m26s  [eta=4h04m32s total]
  [multifieldqa_en          3/16] kq_post_d095   (8/16)  ex    6/20  KL=0.3953  mean=2.9739  0.10ex/s  eta=2m21s  [eta=4h04m44s total]
  [multifieldqa_en          3/16] kq_post_d095   (8/16)  ex    7/20  KL=0.2763  mean=2.5885  0.10ex/s  eta=2m14s  [eta=4h04m58s total]
  [multifieldqa_en          3/16] kq_post_d095   (8/16)  ex    8/20  KL=1.5073  mean=2.4534  0.11ex/s  eta=1m53s  [eta=4h04m43s total]
  [multifieldqa_en          3/16] kq_post_d095   (8/16)  ex    9/20  KL=0.6279  mean=2.2506  0.12ex/s  eta=1m34s  [eta=4h04m23s total]
  [multifieldqa_en          3/16] kq_post_d095   (8/16)  ex   10/20  KL=7.2385  mean=2.7494  0.11ex/s  eta=1m29s  [eta=4h04m37s total]
  [multifieldqa_en          3/16] kq_post_d095   (8/16)  ex   11/20  KL=0.6737  mean=2.5607  0.11ex/s  eta=1m22s  [eta=4h04m50s total]
  [multifieldqa_en          3/16] kq_post_d095   (8/16)  ex   12/20  KL=1.1259  mean=2.4411  0.11ex/s  eta=1m15s  [eta=4h05m02s total]
  [multifieldqa_en          3/16] kq_post_d095   (8/16)  ex   13/20  KL=1.4182  mean=2.3624  0.10ex/s  eta=1m07s  [eta=4h05m14s total]
  [multifieldqa_en          3/16] kq_post_d095   (8/16)  ex   14/20  KL=0.4854  mean=2.2283  0.10ex/s  eta=58s  [eta=4h05m27s total]
  [multifieldqa_en          3/16] kq_post_d095   (8/16)  ex   15/20  KL=0.5138  mean=2.1140  0.10ex/s  eta=49s  [eta=4h05m39s total]
  [multifieldqa_en          3/16] kq_post_d095   (8/16)  ex   16/20  KL=1.4634  mean=2.0734  0.11ex/s  eta=37s  [eta=4h05m22s total]
  [multifieldqa_en          3/16] kq_post_d095   (8/16)  ex   17/20  KL=0.8227  mean=1.9998  0.10ex/s  eta=28s  [eta=4h05m35s total]
  [multifieldqa_en          3/16] kq_post_d095   (8/16)  ex   18/20  KL=0.3839  mean=1.9100  0.10ex/s  eta=19s  [eta=4h05m48s total]
  [multifieldqa_en          3/16] kq_post_d095   (8/16)  ex   19/20  KL=0.7089  mean=1.8468  0.10ex/s  eta=9s  [eta=4h06m00s total]
  [multifieldqa_en          3/16] kq_post_d095   (8/16)  ex   20/20  KL=1.1773  mean=1.8133  0.10ex/s  eta=0s  [eta=4h05m50s total]
  >>> multifieldqa_en / kq_post_d095:  n=20  mean_KL=1.8133  [3m10s]

  [multifieldqa_en          3/16] snapkv_d070    (9/16)  ex    1/20  KL=0.1632  mean=0.1632  0.88ex/s  eta=21s  [eta=4h05m29s total]
  [multifieldqa_en          3/16] snapkv_d070    (9/16)  ex    2/20  KL=0.3552  mean=0.2592  0.15ex/s  eta=1m57s  [eta=4h05m41s total]
  [multifieldqa_en          3/16] snapkv_d070    (9/16)  ex    3/20  KL=0.6369  mean=0.3851  0.12ex/s  eta=2m21s  [eta=4h05m54s total]
  [multifieldqa_en          3/16] snapkv_d070    (9/16)  ex    4/20  KL=0.8374  mean=0.4982  0.11ex/s  eta=2m27s  [eta=4h06m06s total]
  [multifieldqa_en          3/16] snapkv_d070    (9/16)  ex    5/20  KL=0.7588  mean=0.5503  0.10ex/s  eta=2m25s  [eta=4h06m18s total]
  [multifieldqa_en          3/16] snapkv_d070    (9/16)  ex    6/20  KL=0.2534  mean=0.5008  0.10ex/s  eta=2m20s  [eta=4h06m29s total]
  [multifieldqa_en          3/16] snapkv_d070    (9/16)  ex    7/20  KL=0.3015  mean=0.4723  0.10ex/s  eta=2m13s  [eta=4h06m41s total]
  [multifieldqa_en          3/16] snapkv_d070    (9/16)  ex    8/20  KL=0.3313  mean=0.4547  0.11ex/s  eta=1m52s  [eta=4h06m26s total]
  [multifieldqa_en          3/16] snapkv_d070    (9/16)  ex    9/20  KL=0.2807  mean=0.4354  0.12ex/s  eta=1m33s  [eta=4h06m07s total]
  [multifieldqa_en          3/16] snapkv_d070    (9/16)  ex   10/20  KL=2.0493  mean=0.5968  0.11ex/s  eta=1m28s  [eta=4h06m18s total]
  [multifieldqa_en          3/16] snapkv_d070    (9/16)  ex   11/20  KL=0.4971  mean=0.5877  0.11ex/s  eta=1m22s  [eta=4h06m30s total]
  [multifieldqa_en          3/16] snapkv_d070    (9/16)  ex   12/20  KL=0.3658  mean=0.5692  0.11ex/s  eta=1m14s  [eta=4h06m42s total]
  [multifieldqa_en          3/16] snapkv_d070    (9/16)  ex   13/20  KL=0.1597  mean=0.5377  0.10ex/s  eta=1m06s  [eta=4h06m54s total]
  [multifieldqa_en          3/16] snapkv_d070    (9/16)  ex   14/20  KL=0.5973  mean=0.5420  0.10ex/s  eta=58s  [eta=4h07m06s total]
  [multifieldqa_en          3/16] snapkv_d070    (9/16)  ex   15/20  KL=0.9005  mean=0.5659  0.10ex/s  eta=49s  [eta=4h07m17s total]
  [multifieldqa_en          3/16] snapkv_d070    (9/16)  ex   16/20  KL=0.5742  mean=0.5664  0.11ex/s  eta=37s  [eta=4h07m00s total]
  [multifieldqa_en          3/16] snapkv_d070    (9/16)  ex   17/20  KL=0.8542  mean=0.5833  0.10ex/s  eta=28s  [eta=4h07m12s total]
  [multifieldqa_en          3/16] snapkv_d070    (9/16)  ex   18/20  KL=0.5685  mean=0.5825  0.10ex/s  eta=19s  [eta=4h07m23s total]
  [multifieldqa_en          3/16] snapkv_d070    (9/16)  ex   19/20  KL=0.3425  mean=0.5699  0.10ex/s  eta=9s  [eta=4h07m35s total]
  [multifieldqa_en          3/16] snapkv_d070    (9/16)  ex   20/20  KL=2.1699  mean=0.6499  0.11ex/s  eta=0s  [eta=4h07m24s total]
  >>> multifieldqa_en / snapkv_d070:  n=20  mean_KL=0.6499  [3m10s]

  [multifieldqa_en          3/16] snapkv_d080    (10/16)  ex    1/20  KL=0.1528  mean=0.1528  0.87ex/s  eta=21s  [eta=4h07m04s total]
  [multifieldqa_en          3/16] snapkv_d080    (10/16)  ex    2/20  KL=0.3457  mean=0.2492  0.15ex/s  eta=1m57s  [eta=4h07m15s total]
  [multifieldqa_en          3/16] snapkv_d080    (10/16)  ex    3/20  KL=0.6133  mean=0.3706  0.12ex/s  eta=2m21s  [eta=4h07m26s total]
  [multifieldqa_en          3/16] snapkv_d080    (10/16)  ex    4/20  KL=0.8288  mean=0.4851  0.11ex/s  eta=2m26s  [eta=4h07m37s total]
  [multifieldqa_en          3/16] snapkv_d080    (10/16)  ex    5/20  KL=0.7390  mean=0.5359  0.10ex/s  eta=2m24s  [eta=4h07m48s total]
  [multifieldqa_en          3/16] snapkv_d080    (10/16)  ex    6/20  KL=0.2519  mean=0.4886  0.10ex/s  eta=2m20s  [eta=4h07m59s total]
  [multifieldqa_en          3/16] snapkv_d080    (10/16)  ex    7/20  KL=0.2755  mean=0.4581  0.10ex/s  eta=2m13s  [eta=4h08m10s total]
  [multifieldqa_en          3/16] snapkv_d080    (10/16)  ex    8/20  KL=0.3281  mean=0.4419  0.11ex/s  eta=1m52s  [eta=4h07m55s total]
  [multifieldqa_en          3/16] snapkv_d080    (10/16)  ex    9/20  KL=0.3085  mean=0.4271  0.12ex/s  eta=1m33s  [eta=4h07m35s total]
  [multifieldqa_en          3/16] snapkv_d080    (10/16)  ex   10/20  KL=1.2640  mean=0.5108  0.11ex/s  eta=1m28s  [eta=4h07m48s total]
  [multifieldqa_en          3/16] snapkv_d080    (10/16)  ex   11/20  KL=0.5352  mean=0.5130  0.11ex/s  eta=1m22s  [eta=4h08m00s total]
  [multifieldqa_en          3/16] snapkv_d080    (10/16)  ex   12/20  KL=0.3526  mean=0.4996  0.11ex/s  eta=1m15s  [eta=4h08m12s total]
  [multifieldqa_en          3/16] snapkv_d080    (10/16)  ex   13/20  KL=0.4337  mean=0.4945  0.10ex/s  eta=1m07s  [eta=4h08m22s total]
  [multifieldqa_en          3/16] snapkv_d080    (10/16)  ex   14/20  KL=0.5645  mean=0.4995  0.10ex/s  eta=58s  [eta=4h08m33s total]
  [multifieldqa_en          3/16] snapkv_d080    (10/16)  ex   15/20  KL=0.7933  mean=0.5191  0.10ex/s  eta=49s  [eta=4h08m44s total]
  [multifieldqa_en          3/16] snapkv_d080    (10/16)  ex   16/20  KL=0.5229  mean=0.5194  0.11ex/s  eta=37s  [eta=4h08m28s total]
  [multifieldqa_en          3/16] snapkv_d080    (10/16)  ex   17/20  KL=0.8692  mean=0.5399  0.10ex/s  eta=28s  [eta=4h08m39s total]
  [multifieldqa_en          3/16] snapkv_d080    (10/16)  ex   18/20  KL=0.5467  mean=0.5403  0.10ex/s  eta=19s  [eta=4h08m50s total]
  [multifieldqa_en          3/16] snapkv_d080    (10/16)  ex   19/20  KL=0.3332  mean=0.5294  0.10ex/s  eta=9s  [eta=4h09m01s total]
  [multifieldqa_en          3/16] snapkv_d080    (10/16)  ex   20/20  KL=2.1073  mean=0.6083  0.10ex/s  eta=0s  [eta=4h08m49s total]
  >>> multifieldqa_en / snapkv_d080:  n=20  mean_KL=0.6083  [3m11s]

  [multifieldqa_en          3/16] snapkv_d090    (11/16)  ex    1/20  KL=0.1442  mean=0.1442  0.90ex/s  eta=21s  [eta=4h08m29s total]
  [multifieldqa_en          3/16] snapkv_d090    (11/16)  ex    2/20  KL=0.3610  mean=0.2526  0.15ex/s  eta=1m59s  [eta=4h08m40s total]
  [multifieldqa_en          3/16] snapkv_d090    (11/16)  ex    3/20  KL=0.6073  mean=0.3708  0.12ex/s  eta=2m23s  [eta=4h08m51s total]
  [multifieldqa_en          3/16] snapkv_d090    (11/16)  ex    4/20  KL=0.9309  mean=0.5108  0.11ex/s  eta=2m28s  [eta=4h09m01s total]
  [multifieldqa_en          3/16] snapkv_d090    (11/16)  ex    5/20  KL=0.7643  mean=0.5615  0.10ex/s  eta=2m26s  [eta=4h09m12s total]
  [multifieldqa_en          3/16] snapkv_d090    (11/16)  ex    6/20  KL=0.2438  mean=0.5086  0.10ex/s  eta=2m21s  [eta=4h09m22s total]
  [multifieldqa_en          3/16] snapkv_d090    (11/16)  ex    7/20  KL=0.2665  mean=0.4740  0.10ex/s  eta=2m14s  [eta=4h09m32s total]
  [multifieldqa_en          3/16] snapkv_d090    (11/16)  ex    8/20  KL=0.4295  mean=0.4684  0.11ex/s  eta=1m53s  [eta=4h09m16s total]
  [multifieldqa_en          3/16] snapkv_d090    (11/16)  ex    9/20  KL=0.2662  mean=0.4459  0.12ex/s  eta=1m33s  [eta=4h08m57s total]
  [multifieldqa_en          3/16] snapkv_d090    (11/16)  ex   10/20  KL=1.2619  mean=0.5275  0.11ex/s  eta=1m29s  [eta=4h09m08s total]
  [multifieldqa_en          3/16] snapkv_d090    (11/16)  ex   11/20  KL=0.5037  mean=0.5254  0.11ex/s  eta=1m22s  [eta=4h09m19s total]
  [multifieldqa_en          3/16] snapkv_d090    (11/16)  ex   12/20  KL=0.3544  mean=0.5111  0.11ex/s  eta=1m15s  [eta=4h09m30s total]
  [multifieldqa_en          3/16] snapkv_d090    (11/16)  ex   13/20  KL=3.2908  mean=0.7250  0.10ex/s  eta=1m07s  [eta=4h09m40s total]
  [multifieldqa_en          3/16] snapkv_d090    (11/16)  ex   14/20  KL=0.5298  mean=0.7110  0.10ex/s  eta=58s  [eta=4h09m50s total]
  [multifieldqa_en          3/16] snapkv_d090    (11/16)  ex   15/20  KL=0.7605  mean=0.7143  0.10ex/s  eta=49s  [eta=4h10m00s total]
  [multifieldqa_en          3/16] snapkv_d090    (11/16)  ex   16/20  KL=0.4655  mean=0.6988  0.11ex/s  eta=37s  [eta=4h09m43s total]
  [multifieldqa_en          3/16] snapkv_d090    (11/16)  ex   17/20  KL=0.9304  mean=0.7124  0.10ex/s  eta=28s  [eta=4h09m54s total]
  [multifieldqa_en          3/16] snapkv_d090    (11/16)  ex   18/20  KL=0.5020  mean=0.7007  0.10ex/s  eta=19s  [eta=4h10m04s total]
  [multifieldqa_en          3/16] snapkv_d090    (11/16)  ex   19/20  KL=0.3360  mean=0.6815  0.10ex/s  eta=9s  [eta=4h10m14s total]
  [multifieldqa_en          3/16] snapkv_d090    (11/16)  ex   20/20  KL=2.1160  mean=0.7532  0.10ex/s  eta=0s  [eta=4h10m03s total]
  >>> multifieldqa_en / snapkv_d090:  n=20  mean_KL=0.7532  [3m12s]

  [multifieldqa_en          3/16] snapkv_d095    (12/16)  ex    1/20  KL=0.1417  mean=0.1417  0.90ex/s  eta=21s  [eta=4h09m43s total]
  [multifieldqa_en          3/16] snapkv_d095    (12/16)  ex    2/20  KL=0.3663  mean=0.2540  0.15ex/s  eta=1m59s  [eta=4h09m53s total]
  [multifieldqa_en          3/16] snapkv_d095    (12/16)  ex    3/20  KL=0.5973  mean=0.3685  0.12ex/s  eta=2m22s  [eta=4h10m03s total]
  [multifieldqa_en          3/16] snapkv_d095    (12/16)  ex    4/20  KL=0.9300  mean=0.5089  0.11ex/s  eta=2m29s  [eta=4h10m13s total]
  [multifieldqa_en          3/16] snapkv_d095    (12/16)  ex    5/20  KL=0.7918  mean=0.5655  0.10ex/s  eta=2m27s  [eta=4h10m23s total]
  [multifieldqa_en          3/16] snapkv_d095    (12/16)  ex    6/20  KL=0.2390  mean=0.5110  0.10ex/s  eta=2m22s  [eta=4h10m33s total]
  [multifieldqa_en          3/16] snapkv_d095    (12/16)  ex    7/20  KL=0.2676  mean=0.4763  0.10ex/s  eta=2m15s  [eta=4h10m42s total]
  [multifieldqa_en          3/16] snapkv_d095    (12/16)  ex    8/20  KL=0.4495  mean=0.4729  0.11ex/s  eta=1m53s  [eta=4h10m26s total]
  [multifieldqa_en          3/16] snapkv_d095    (12/16)  ex    9/20  KL=0.2916  mean=0.4528  0.12ex/s  eta=1m34s  [eta=4h10m06s total]
  [multifieldqa_en          3/16] snapkv_d095    (12/16)  ex   10/20  KL=1.2787  mean=0.5354  0.11ex/s  eta=1m29s  [eta=4h10m17s total]
  [multifieldqa_en          3/16] snapkv_d095    (12/16)  ex   11/20  KL=0.5203  mean=0.5340  0.11ex/s  eta=1m23s  [eta=4h10m27s total]
  [multifieldqa_en          3/16] snapkv_d095    (12/16)  ex   12/20  KL=0.3576  mean=0.5193  0.11ex/s  eta=1m15s  [eta=4h10m36s total]
  [multifieldqa_en          3/16] snapkv_d095    (12/16)  ex   13/20  KL=3.2791  mean=0.7316  0.10ex/s  eta=1m07s  [eta=4h10m45s total]
  [multifieldqa_en          3/16] snapkv_d095    (12/16)  ex   14/20  KL=0.5263  mean=0.7169  0.10ex/s  eta=58s  [eta=4h10m54s total]
  [multifieldqa_en          3/16] snapkv_d095    (12/16)  ex   15/20  KL=0.8964  mean=0.7289  0.10ex/s  eta=49s  [eta=4h11m03s total]
  [multifieldqa_en          3/16] snapkv_d095    (12/16)  ex   16/20  KL=0.4605  mean=0.7121  0.11ex/s  eta=37s  [eta=4h10m47s total]
  [multifieldqa_en          3/16] snapkv_d095    (12/16)  ex   17/20  KL=0.8405  mean=0.7197  0.10ex/s  eta=28s  [eta=4h10m57s total]
  [multifieldqa_en          3/16] snapkv_d095    (12/16)  ex   18/20  KL=0.1757  mean=0.6895  0.10ex/s  eta=19s  [eta=4h11m05s total]
  [multifieldqa_en          3/16] snapkv_d095    (12/16)  ex   19/20  KL=0.3653  mean=0.6724  0.10ex/s  eta=9s  [eta=4h11m14s total]
  [multifieldqa_en          3/16] snapkv_d095    (12/16)  ex   20/20  KL=2.1257  mean=0.7451  0.10ex/s  eta=0s  [eta=4h11m03s total]
  >>> multifieldqa_en / snapkv_d095:  n=20  mean_KL=0.7451  [3m11s]

[multifieldqa_en          3/16] naive_65pct    (13/16)  SKIP — already done  n=20  mean_KL=0.0637
[multifieldqa_en          3/16] snapkv         (14/16)  SKIP — already done  n=20  mean_KL=0.1208
[multifieldqa_en          3/16] kq_only        (15/16)  SKIP — already done  n=20  mean_KL=0.1685
[multifieldqa_en          3/16] kq_post_rope   (16/16)  SKIP — already done  n=20  mean_KL=1.7260
  [hotpotqa                 4/16] kq_pre_d070    (1/16)  ex    1/20  KL=0.0959  mean=0.0959  0.08ex/s  eta=3m56s  [eta=3h42m38s total]
  [hotpotqa                 4/16] kq_pre_d070    (1/16)  ex    2/20  KL=0.3700  mean=0.2330  0.08ex/s  eta=3m38s  [eta=3h42m47s total]
  [hotpotqa                 4/16] kq_pre_d070    (1/16)  ex    3/20  KL=7.3784  mean=2.6148  0.08ex/s  eta=3m24s  [eta=3h42m55s total]
  [hotpotqa                 4/16] kq_pre_d070    (1/16)  ex    4/20  KL=7.4669  mean=3.8278  0.08ex/s  eta=3m11s  [eta=3h43m04s total]
  [hotpotqa                 4/16] kq_pre_d070    (1/16)  ex    5/20  KL=8.9775  mean=4.8577  0.08ex/s  eta=2m59s  [eta=3h43m13s total]
  [hotpotqa                 4/16] kq_pre_d070    (1/16)  ex    6/20  KL=11.2640  mean=5.9255  0.08ex/s  eta=2m47s  [eta=3h43m22s total]
  [hotpotqa                 4/16] kq_pre_d070    (1/16)  ex    7/20  KL=3.5683  mean=5.5887  0.08ex/s  eta=2m35s  [eta=3h43m31s total]
  [hotpotqa                 4/16] kq_pre_d070    (1/16)  ex    8/20  KL=6.4884  mean=5.7012  0.09ex/s  eta=2m08s  [eta=3h43m15s total]
  [hotpotqa                 4/16] kq_pre_d070    (1/16)  ex    9/20  KL=0.1767  mean=5.0873  0.09ex/s  eta=1m59s  [eta=3h43m25s total]
  [hotpotqa                 4/16] kq_pre_d070    (1/16)  ex   10/20  KL=4.8947  mean=5.0681  0.09ex/s  eta=1m49s  [eta=3h43m34s total]
  [hotpotqa                 4/16] kq_pre_d070    (1/16)  ex   11/20  KL=5.0229  mean=5.0640  0.09ex/s  eta=1m39s  [eta=3h43m42s total]
  [hotpotqa                 4/16] kq_pre_d070    (1/16)  ex   12/20  KL=11.8146  mean=5.6265  0.09ex/s  eta=1m29s  [eta=3h43m51s total]
  [hotpotqa                 4/16] kq_pre_d070    (1/16)  ex   13/20  KL=6.1209  mean=5.6646  0.09ex/s  eta=1m18s  [eta=3h43m59s total]
  [hotpotqa                 4/16] kq_pre_d070    (1/16)  ex   14/20  KL=0.8008  mean=5.3171  0.09ex/s  eta=1m07s  [eta=3h44m08s total]
  [hotpotqa                 4/16] kq_pre_d070    (1/16)  ex   15/20  KL=3.8174  mean=5.2172  0.09ex/s  eta=56s  [eta=3h44m16s total]
  [hotpotqa                 4/16] kq_pre_d070    (1/16)  ex   16/20  KL=0.8630  mean=4.9450  0.09ex/s  eta=45s  [eta=3h44m24s total]
  [hotpotqa                 4/16] kq_pre_d070    (1/16)  ex   17/20  KL=3.7495  mean=4.8747  0.09ex/s  eta=33s  [eta=3h44m26s total]
  [hotpotqa                 4/16] kq_pre_d070    (1/16)  ex   18/20  KL=17.3498  mean=5.5678  0.09ex/s  eta=22s  [eta=3h44m34s total]
  [hotpotqa                 4/16] kq_pre_d070    (1/16)  ex   19/20  KL=4.5052  mean=5.5118  0.09ex/s  eta=11s  [eta=3h44m43s total]
  [hotpotqa                 4/16] kq_pre_d070    (1/16)  ex   20/20  KL=5.6288  mean=5.5177  0.09ex/s  eta=0s  [eta=3h44m51s total]
  >>> hotpotqa / kq_pre_d070:  n=20  mean_KL=5.5177  [3m45s]

  [hotpotqa                 4/16] kq_pre_d080    (2/16)  ex    1/20  KL=0.0581  mean=0.0581  0.08ex/s  eta=3m48s  [eta=3h45m00s total]
  [hotpotqa                 4/16] kq_pre_d080    (2/16)  ex    2/20  KL=1.7838  mean=0.9210  0.08ex/s  eta=3m34s  [eta=3h45m08s total]
  [hotpotqa                 4/16] kq_pre_d080    (2/16)  ex    3/20  KL=7.2647  mean=3.0356  0.08ex/s  eta=3m20s  [eta=3h45m15s total]
  [hotpotqa                 4/16] kq_pre_d080    (2/16)  ex    4/20  KL=7.2836  mean=4.0976  0.08ex/s  eta=3m10s  [eta=3h45m24s total]
  [hotpotqa                 4/16] kq_pre_d080    (2/16)  ex    5/20  KL=8.3328  mean=4.9446  0.08ex/s  eta=2m58s  [eta=3h45m32s total]
  [hotpotqa                 4/16] kq_pre_d080    (2/16)  ex    6/20  KL=11.3959  mean=6.0198  0.08ex/s  eta=2m47s  [eta=3h45m41s total]
  [hotpotqa                 4/16] kq_pre_d080    (2/16)  ex    7/20  KL=3.4993  mean=5.6598  0.08ex/s  eta=2m35s  [eta=3h45m49s total]
  [hotpotqa                 4/16] kq_pre_d080    (2/16)  ex    8/20  KL=1.2585  mean=5.1096  0.09ex/s  eta=2m08s  [eta=3h45m34s total]
  [hotpotqa                 4/16] kq_pre_d080    (2/16)  ex    9/20  KL=0.4077  mean=4.5872  0.09ex/s  eta=1m59s  [eta=3h45m42s total]
  [hotpotqa                 4/16] kq_pre_d080    (2/16)  ex   10/20  KL=3.4639  mean=4.4748  0.09ex/s  eta=1m49s  [eta=3h45m51s total]
  [hotpotqa                 4/16] kq_pre_d080    (2/16)  ex   11/20  KL=5.5048  mean=4.5685  0.09ex/s  eta=1m39s  [eta=3h45m59s total]
  [hotpotqa                 4/16] kq_pre_d080    (2/16)  ex   12/20  KL=10.7313  mean=5.0820  0.09ex/s  eta=1m29s  [eta=3h46m06s total]
  [hotpotqa                 4/16] kq_pre_d080    (2/16)  ex   13/20  KL=2.1445  mean=4.8561  0.09ex/s  eta=1m18s  [eta=3h46m14s total]
  [hotpotqa                 4/16] kq_pre_d080    (2/16)  ex   14/20  KL=1.4435  mean=4.6123  0.09ex/s  eta=1m07s  [eta=3h46m22s total]
  [hotpotqa                 4/16] kq_pre_d080    (2/16)  ex   15/20  KL=3.3520  mean=4.5283  0.09ex/s  eta=56s  [eta=3h46m30s total]
  [hotpotqa                 4/16] kq_pre_d080    (2/16)  ex   16/20  KL=1.0669  mean=4.3120  0.09ex/s  eta=45s  [eta=3h46m37s total]
  [hotpotqa                 4/16] kq_pre_d080    (2/16)  ex   17/20  KL=9.6742  mean=4.6274  0.09ex/s  eta=33s  [eta=3h46m38s total]
  [hotpotqa                 4/16] kq_pre_d080    (2/16)  ex   18/20  KL=14.2010  mean=5.1593  0.09ex/s  eta=22s  [eta=3h46m46s total]
  [hotpotqa                 4/16] kq_pre_d080    (2/16)  ex   19/20  KL=4.2401  mean=5.1109  0.09ex/s  eta=11s  [eta=3h46m54s total]
  [hotpotqa                 4/16] kq_pre_d080    (2/16)  ex   20/20  KL=9.1429  mean=5.3125  0.09ex/s  eta=0s  [eta=3h47m01s total]
  >>> hotpotqa / kq_pre_d080:  n=20  mean_KL=5.3125  [3m45s]

  [hotpotqa                 4/16] kq_pre_d090    (3/16)  ex    1/20  KL=0.0330  mean=0.0330  0.08ex/s  eta=3m50s  [eta=3h47m09s total]
  [hotpotqa                 4/16] kq_pre_d090    (3/16)  ex    2/20  KL=1.7248  mean=0.8789  0.08ex/s  eta=3m34s  [eta=3h47m16s total]
  [hotpotqa                 4/16] kq_pre_d090    (3/16)  ex    3/20  KL=8.2677  mean=3.3418  0.08ex/s  eta=3m21s  [eta=3h47m23s total]
  [hotpotqa                 4/16] kq_pre_d090    (3/16)  ex    4/20  KL=7.0916  mean=4.2793  0.08ex/s  eta=3m09s  [eta=3h47m30s total]
  [hotpotqa                 4/16] kq_pre_d090    (3/16)  ex    5/20  KL=7.6689  mean=4.9572  0.08ex/s  eta=2m57s  [eta=3h47m37s total]
  [hotpotqa                 4/16] kq_pre_d090    (3/16)  ex    6/20  KL=11.2119  mean=5.9996  0.08ex/s  eta=2m45s  [eta=3h47m44s total]
  [hotpotqa                 4/16] kq_pre_d090    (3/16)  ex    7/20  KL=3.5253  mean=5.6462  0.08ex/s  eta=2m33s  [eta=3h47m51s total]
  [hotpotqa                 4/16] kq_pre_d090    (3/16)  ex    8/20  KL=0.9250  mean=5.0560  0.09ex/s  eta=2m07s  [eta=3h47m36s total]
  [hotpotqa                 4/16] kq_pre_d090    (3/16)  ex    9/20  KL=1.4574  mean=4.6562  0.09ex/s  eta=1m58s  [eta=3h47m44s total]
  [hotpotqa                 4/16] kq_pre_d090    (3/16)  ex   10/20  KL=4.9516  mean=4.6857  0.09ex/s  eta=1m48s  [eta=3h47m51s total]
  [hotpotqa                 4/16] kq_pre_d090    (3/16)  ex   11/20  KL=7.7683  mean=4.9659  0.09ex/s  eta=1m38s  [eta=3h47m58s total]
  [hotpotqa                 4/16] kq_pre_d090    (3/16)  ex   12/20  KL=10.5545  mean=5.4317  0.09ex/s  eta=1m28s  [eta=3h48m05s total]
  [hotpotqa                 4/16] kq_pre_d090    (3/16)  ex   13/20  KL=6.9200  mean=5.5461  0.09ex/s  eta=1m17s  [eta=3h48m13s total]
  [hotpotqa                 4/16] kq_pre_d090    (3/16)  ex   14/20  KL=3.4574  mean=5.3969  0.09ex/s  eta=1m07s  [eta=3h48m20s total]
  [hotpotqa                 4/16] kq_pre_d090    (3/16)  ex   15/20  KL=1.0186  mean=5.1051  0.09ex/s  eta=56s  [eta=3h48m27s total]
  [hotpotqa                 4/16] kq_pre_d090    (3/16)  ex   16/20  KL=2.5017  mean=4.9423  0.09ex/s  eta=45s  [eta=3h48m34s total]
  [hotpotqa                 4/16] kq_pre_d090    (3/16)  ex   17/20  KL=9.5384  mean=5.2127  0.09ex/s  eta=33s  [eta=3h48m35s total]
  [hotpotqa                 4/16] kq_pre_d090    (3/16)  ex   18/20  KL=15.7316  mean=5.7971  0.09ex/s  eta=22s  [eta=3h48m42s total]
  [hotpotqa                 4/16] kq_pre_d090    (3/16)  ex   19/20  KL=6.0641  mean=5.8111  0.09ex/s  eta=11s  [eta=3h48m48s total]
  [hotpotqa                 4/16] kq_pre_d090    (3/16)  ex   20/20  KL=9.3345  mean=5.9873  0.09ex/s  eta=0s  [eta=3h48m55s total]
  >>> hotpotqa / kq_pre_d090:  n=20  mean_KL=5.9873  [3m45s]

  [hotpotqa                 4/16] kq_pre_d095    (4/16)  ex    1/20  KL=0.0309  mean=0.0309  0.08ex/s  eta=3m47s  [eta=3h49m02s total]
  [hotpotqa                 4/16] kq_pre_d095    (4/16)  ex    2/20  KL=2.6908  mean=1.3609  0.08ex/s  eta=3m35s  [eta=3h49m09s total]
  [hotpotqa                 4/16] kq_pre_d095    (4/16)  ex    3/20  KL=7.3480  mean=3.3566  0.08ex/s  eta=3m23s  [eta=3h49m16s total]
  [hotpotqa                 4/16] kq_pre_d095    (4/16)  ex    4/20  KL=7.1570  mean=4.3067  0.08ex/s  eta=3m11s  [eta=3h49m22s total]
  [hotpotqa                 4/16] kq_pre_d095    (4/16)  ex    5/20  KL=7.5468  mean=4.9547  0.08ex/s  eta=2m58s  [eta=3h49m29s total]
  [hotpotqa                 4/16] kq_pre_d095    (4/16)  ex    6/20  KL=11.5530  mean=6.0544  0.08ex/s  eta=2m46s  [eta=3h49m35s total]
  [hotpotqa                 4/16] kq_pre_d095    (4/16)  ex    7/20  KL=3.5898  mean=5.7023  0.08ex/s  eta=2m34s  [eta=3h49m41s total]
  [hotpotqa                 4/16] kq_pre_d095    (4/16)  ex    8/20  KL=10.0869  mean=6.2504  0.09ex/s  eta=2m07s  [eta=3h49m26s total]
  [hotpotqa                 4/16] kq_pre_d095    (4/16)  ex    9/20  KL=1.4297  mean=5.7148  0.09ex/s  eta=1m58s  [eta=3h49m33s total]
  [hotpotqa                 4/16] kq_pre_d095    (4/16)  ex   10/20  KL=5.8309  mean=5.7264  0.09ex/s  eta=1m49s  [eta=3h49m39s total]
  [hotpotqa                 4/16] kq_pre_d095    (4/16)  ex   11/20  KL=7.8068  mean=5.9155  0.09ex/s  eta=1m38s  [eta=3h49m45s total]
  [hotpotqa                 4/16] kq_pre_d095    (4/16)  ex   12/20  KL=10.6706  mean=6.3118  0.09ex/s  eta=1m28s  [eta=3h49m52s total]
  [hotpotqa                 4/16] kq_pre_d095    (4/16)  ex   13/20  KL=6.0409  mean=6.2909  0.09ex/s  eta=1m17s  [eta=3h49m57s total]
  [hotpotqa                 4/16] kq_pre_d095    (4/16)  ex   14/20  KL=2.2257  mean=6.0006  0.09ex/s  eta=1m06s  [eta=3h50m03s total]
  [hotpotqa                 4/16] kq_pre_d095    (4/16)  ex   15/20  KL=1.0704  mean=5.6719  0.09ex/s  eta=55s  [eta=3h50m10s total]
  [hotpotqa                 4/16] kq_pre_d095    (4/16)  ex   16/20  KL=3.3033  mean=5.5238  0.09ex/s  eta=44s  [eta=3h50m16s total]
  [hotpotqa                 4/16] kq_pre_d095    (4/16)  ex   17/20  KL=9.5018  mean=5.7578  0.09ex/s  eta=33s  [eta=3h50m16s total]
  [hotpotqa                 4/16] kq_pre_d095    (4/16)  ex   18/20  KL=13.9076  mean=6.2106  0.09ex/s  eta=22s  [eta=3h50m23s total]
  [hotpotqa                 4/16] kq_pre_d095    (4/16)  ex   19/20  KL=6.5090  mean=6.2263  0.09ex/s  eta=11s  [eta=3h50m29s total]
  [hotpotqa                 4/16] kq_pre_d095    (4/16)  ex   20/20  KL=9.3499  mean=6.3825  0.09ex/s  eta=0s  [eta=3h50m35s total]
  >>> hotpotqa / kq_pre_d095:  n=20  mean_KL=6.3825  [3m44s]

  [hotpotqa                 4/16] kq_post_d070   (5/16)  ex    1/20  KL=0.4037  mean=0.4037  0.08ex/s  eta=3m46s  [eta=3h50m41s total]
  [hotpotqa                 4/16] kq_post_d070   (5/16)  ex    2/20  KL=1.2158  mean=0.8097  0.08ex/s  eta=3m34s  [eta=3h50m47s total]
  [hotpotqa                 4/16] kq_post_d070   (5/16)  ex    3/20  KL=3.3718  mean=1.6637  0.08ex/s  eta=3m22s  [eta=3h50m53s total]
  [hotpotqa                 4/16] kq_post_d070   (5/16)  ex    4/20  KL=0.3953  mean=1.3466  0.08ex/s  eta=3m10s  [eta=3h50m59s total]
  [hotpotqa                 4/16] kq_post_d070   (5/16)  ex    5/20  KL=0.7411  mean=1.2255  0.08ex/s  eta=2m58s  [eta=3h51m05s total]
  [hotpotqa                 4/16] kq_post_d070   (5/16)  ex    6/20  KL=1.7491  mean=1.3128  0.08ex/s  eta=2m46s  [eta=3h51m11s total]
  [hotpotqa                 4/16] kq_post_d070   (5/16)  ex    7/20  KL=2.4718  mean=1.4784  0.08ex/s  eta=2m34s  [eta=3h51m17s total]
  [hotpotqa                 4/16] kq_post_d070   (5/16)  ex    8/20  KL=0.2180  mean=1.3208  0.09ex/s  eta=2m07s  [eta=3h51m01s total]
  [hotpotqa                 4/16] kq_post_d070   (5/16)  ex    9/20  KL=0.1668  mean=1.1926  0.09ex/s  eta=1m58s  [eta=3h51m07s total]
  [hotpotqa                 4/16] kq_post_d070   (5/16)  ex   10/20  KL=0.5387  mean=1.1272  0.09ex/s  eta=1m48s  [eta=3h51m13s total]
  [hotpotqa                 4/16] kq_post_d070   (5/16)  ex   11/20  KL=1.1091  mean=1.1256  0.09ex/s  eta=1m38s  [eta=3h51m19s total]
  [hotpotqa                 4/16] kq_post_d070   (5/16)  ex   12/20  KL=5.4719  mean=1.4878  0.09ex/s  eta=1m28s  [eta=3h51m24s total]
  [hotpotqa                 4/16] kq_post_d070   (5/16)  ex   13/20  KL=1.7132  mean=1.5051  0.09ex/s  eta=1m17s  [eta=3h51m29s total]
  [hotpotqa                 4/16] kq_post_d070   (5/16)  ex   14/20  KL=9.0793  mean=2.0461  0.09ex/s  eta=1m06s  [eta=3h51m35s total]
  [hotpotqa                 4/16] kq_post_d070   (5/16)  ex   15/20  KL=0.5715  mean=1.9478  0.09ex/s  eta=55s  [eta=3h51m41s total]
  [hotpotqa                 4/16] kq_post_d070   (5/16)  ex   16/20  KL=0.5708  mean=1.8617  0.09ex/s  eta=44s  [eta=3h51m46s total]
  [hotpotqa                 4/16] kq_post_d070   (5/16)  ex   17/20  KL=0.8742  mean=1.8037  0.09ex/s  eta=33s  [eta=3h51m45s total]
  [hotpotqa                 4/16] kq_post_d070   (5/16)  ex   18/20  KL=1.4900  mean=1.7862  0.09ex/s  eta=22s  [eta=3h51m50s total]
  [hotpotqa                 4/16] kq_post_d070   (5/16)  ex   19/20  KL=2.7211  mean=1.8354  0.09ex/s  eta=11s  [eta=3h51m56s total]
  [hotpotqa                 4/16] kq_post_d070   (5/16)  ex   20/20  KL=1.7141  mean=1.8294  0.09ex/s  eta=0s  [eta=3h52m02s total]
  >>> hotpotqa / kq_post_d070:  n=20  mean_KL=1.8294  [3m44s]

  [hotpotqa                 4/16] kq_post_d080   (6/16)  ex    1/20  KL=0.3831  mean=0.3831  0.08ex/s  eta=3m48s  [eta=3h52m08s total]
  [hotpotqa                 4/16] kq_post_d080   (6/16)  ex    2/20  KL=1.2142  mean=0.7986  0.08ex/s  eta=3m35s  [eta=3h52m13s total]
  [hotpotqa                 4/16] kq_post_d080   (6/16)  ex    3/20  KL=3.3620  mean=1.6531  0.08ex/s  eta=3m21s  [eta=3h52m18s total]
  [hotpotqa                 4/16] kq_post_d080   (6/16)  ex    4/20  KL=0.4138  mean=1.3433  0.08ex/s  eta=3m09s  [eta=3h52m23s total]
  [hotpotqa                 4/16] kq_post_d080   (6/16)  ex    5/20  KL=0.9704  mean=1.2687  0.08ex/s  eta=2m57s  [eta=3h52m29s total]
  [hotpotqa                 4/16] kq_post_d080   (6/16)  ex    6/20  KL=1.6239  mean=1.3279  0.08ex/s  eta=2m45s  [eta=3h52m33s total]
  [hotpotqa                 4/16] kq_post_d080   (6/16)  ex    7/20  KL=2.6461  mean=1.5162  0.08ex/s  eta=2m33s  [eta=3h52m38s total]
  [hotpotqa                 4/16] kq_post_d080   (6/16)  ex    8/20  KL=0.2595  mean=1.3591  0.09ex/s  eta=2m06s  [eta=3h52m23s total]
  [hotpotqa                 4/16] kq_post_d080   (6/16)  ex    9/20  KL=0.1672  mean=1.2267  0.09ex/s  eta=1m58s  [eta=3h52m28s total]
  [hotpotqa                 4/16] kq_post_d080   (6/16)  ex   10/20  KL=0.4121  mean=1.1452  0.09ex/s  eta=1m48s  [eta=3h52m34s total]
  [hotpotqa                 4/16] kq_post_d080   (6/16)  ex   11/20  KL=1.6025  mean=1.1868  0.09ex/s  eta=1m38s  [eta=3h52m40s total]
  [hotpotqa                 4/16] kq_post_d080   (6/16)  ex   12/20  KL=5.3370  mean=1.5327  0.09ex/s  eta=1m28s  [eta=3h52m45s total]
  [hotpotqa                 4/16] kq_post_d080   (6/16)  ex   13/20  KL=1.7749  mean=1.5513  0.09ex/s  eta=1m17s  [eta=3h52m50s total]
  [hotpotqa                 4/16] kq_post_d080   (6/16)  ex   14/20  KL=8.5226  mean=2.0492  0.09ex/s  eta=1m07s  [eta=3h52m55s total]
  [hotpotqa                 4/16] kq_post_d080   (6/16)  ex   15/20  KL=0.5520  mean=1.9494  0.09ex/s  eta=56s  [eta=3h53m00s total]
  [hotpotqa                 4/16] kq_post_d080   (6/16)  ex   16/20  KL=0.5860  mean=1.8642  0.09ex/s  eta=45s  [eta=3h53m05s total]
  [hotpotqa                 4/16] kq_post_d080   (6/16)  ex   17/20  KL=0.9455  mean=1.8102  0.09ex/s  eta=33s  [eta=3h53m04s total]
  [hotpotqa                 4/16] kq_post_d080   (6/16)  ex   18/20  KL=1.7622  mean=1.8075  0.09ex/s  eta=22s  [eta=3h53m08s total]
  [hotpotqa                 4/16] kq_post_d080   (6/16)  ex   19/20  KL=2.4299  mean=1.8403  0.09ex/s  eta=11s  [eta=3h53m13s total]
  [hotpotqa                 4/16] kq_post_d080   (6/16)  ex   20/20  KL=2.2298  mean=1.8597  0.09ex/s  eta=0s  [eta=3h53m18s total]
  >>> hotpotqa / kq_post_d080:  n=20  mean_KL=1.8597  [3m44s]

  [hotpotqa                 4/16] kq_post_d090   (7/16)  ex    1/20  KL=0.4264  mean=0.4264  0.09ex/s  eta=3m41s  [eta=3h53m22s total]
  [hotpotqa                 4/16] kq_post_d090   (7/16)  ex    2/20  KL=1.3081  mean=0.8673  0.08ex/s  eta=3m32s  [eta=3h53m27s total]
  [hotpotqa                 4/16] kq_post_d090   (7/16)  ex    3/20  KL=3.3161  mean=1.6835  0.08ex/s  eta=3m20s  [eta=3h53m32s total]
  [hotpotqa                 4/16] kq_post_d090   (7/16)  ex    4/20  KL=0.4126  mean=1.3658  0.08ex/s  eta=3m09s  [eta=3h53m37s total]
  [hotpotqa                 4/16] kq_post_d090   (7/16)  ex    5/20  KL=0.8716  mean=1.2670  0.08ex/s  eta=2m57s  [eta=3h53m42s total]
  [hotpotqa                 4/16] kq_post_d090   (7/16)  ex    6/20  KL=1.8239  mean=1.3598  0.08ex/s  eta=2m45s  [eta=3h53m46s total]
  [hotpotqa                 4/16] kq_post_d090   (7/16)  ex    7/20  KL=2.5287  mean=1.5268  0.08ex/s  eta=2m33s  [eta=3h53m51s total]
  [hotpotqa                 4/16] kq_post_d090   (7/16)  ex    8/20  KL=0.1880  mean=1.3594  0.09ex/s  eta=2m07s  [eta=3h53m35s total]
  [hotpotqa                 4/16] kq_post_d090   (7/16)  ex    9/20  KL=0.1657  mean=1.2268  0.09ex/s  eta=1m58s  [eta=3h53m40s total]
  [hotpotqa                 4/16] kq_post_d090   (7/16)  ex   10/20  KL=0.3912  mean=1.1432  0.09ex/s  eta=1m48s  [eta=3h53m45s total]
  [hotpotqa                 4/16] kq_post_d090   (7/16)  ex   11/20  KL=1.6196  mean=1.1865  0.09ex/s  eta=1m38s  [eta=3h53m50s total]
  [hotpotqa                 4/16] kq_post_d090   (7/16)  ex   12/20  KL=5.4403  mean=1.5410  0.09ex/s  eta=1m28s  [eta=3h53m54s total]
  [hotpotqa                 4/16] kq_post_d090   (7/16)  ex   13/20  KL=1.7634  mean=1.5581  0.09ex/s  eta=1m17s  [eta=3h53m59s total]
  [hotpotqa                 4/16] kq_post_d090   (7/16)  ex   14/20  KL=8.2694  mean=2.0375  0.09ex/s  eta=1m07s  [eta=3h54m03s total]
  [hotpotqa                 4/16] kq_post_d090   (7/16)  ex   15/20  KL=0.5563  mean=1.9388  0.09ex/s  eta=56s  [eta=3h54m07s total]
  [hotpotqa                 4/16] kq_post_d090   (7/16)  ex   16/20  KL=0.5740  mean=1.8535  0.09ex/s  eta=44s  [eta=3h54m11s total]
  [hotpotqa                 4/16] kq_post_d090   (7/16)  ex   17/20  KL=0.8914  mean=1.7969  0.09ex/s  eta=33s  [eta=3h54m11s total]
  [hotpotqa                 4/16] kq_post_d090   (7/16)  ex   18/20  KL=1.4265  mean=1.7763  0.09ex/s  eta=22s  [eta=3h54m15s total]
  [hotpotqa                 4/16] kq_post_d090   (7/16)  ex   19/20  KL=2.8593  mean=1.8333  0.09ex/s  eta=11s  [eta=3h54m20s total]
  [hotpotqa                 4/16] kq_post_d090   (7/16)  ex   20/20  KL=1.6959  mean=1.8264  0.09ex/s  eta=0s  [eta=3h54m24s total]
  >>> hotpotqa / kq_post_d090:  n=20  mean_KL=1.8264  [3m44s]

  [hotpotqa                 4/16] kq_post_d095   (8/16)  ex    1/20  KL=0.4547  mean=0.4547  0.08ex/s  eta=3m46s  [eta=3h54m28s total]
  [hotpotqa                 4/16] kq_post_d095   (8/16)  ex    2/20  KL=1.3339  mean=0.8943  0.08ex/s  eta=3m34s  [eta=3h54m33s total]
  [hotpotqa                 4/16] kq_post_d095   (8/16)  ex    3/20  KL=3.3170  mean=1.7019  0.08ex/s  eta=3m21s  [eta=3h54m37s total]
  [hotpotqa                 4/16] kq_post_d095   (8/16)  ex    4/20  KL=0.4261  mean=1.3829  0.08ex/s  eta=3m10s  [eta=3h54m41s total]
  [hotpotqa                 4/16] kq_post_d095   (8/16)  ex    5/20  KL=0.8689  mean=1.2801  0.08ex/s  eta=2m58s  [eta=3h54m46s total]
  [hotpotqa                 4/16] kq_post_d095   (8/16)  ex    6/20  KL=1.7791  mean=1.3633  0.08ex/s  eta=2m46s  [eta=3h54m49s total]
  [hotpotqa                 4/16] kq_post_d095   (8/16)  ex    7/20  KL=2.6170  mean=1.5424  0.08ex/s  eta=2m34s  [eta=3h54m54s total]
  [hotpotqa                 4/16] kq_post_d095   (8/16)  ex    8/20  KL=0.1828  mean=1.3724  0.09ex/s  eta=2m07s  [eta=3h54m38s total]
  [hotpotqa                 4/16] kq_post_d095   (8/16)  ex    9/20  KL=0.1639  mean=1.2381  0.09ex/s  eta=1m58s  [eta=3h54m42s total]
  [hotpotqa                 4/16] kq_post_d095   (8/16)  ex   10/20  KL=0.4378  mean=1.1581  0.09ex/s  eta=1m49s  [eta=3h54m47s total]
  [hotpotqa                 4/16] kq_post_d095   (8/16)  ex   11/20  KL=1.5506  mean=1.1938  0.09ex/s  eta=1m38s  [eta=3h54m51s total]
  [hotpotqa                 4/16] kq_post_d095   (8/16)  ex   12/20  KL=5.3354  mean=1.5389  0.09ex/s  eta=1m28s  [eta=3h54m54s total]
  [hotpotqa                 4/16] kq_post_d095   (8/16)  ex   13/20  KL=1.6975  mean=1.5511  0.09ex/s  eta=1m17s  [eta=3h54m58s total]
  [hotpotqa                 4/16] kq_post_d095   (8/16)  ex   14/20  KL=4.3901  mean=1.7539  0.09ex/s  eta=1m07s  [eta=3h55m02s total]
  [hotpotqa                 4/16] kq_post_d095   (8/16)  ex   15/20  KL=0.5219  mean=1.6718  0.09ex/s  eta=56s  [eta=3h55m06s total]
  [hotpotqa                 4/16] kq_post_d095   (8/16)  ex   16/20  KL=0.5880  mean=1.6040  0.09ex/s  eta=45s  [eta=3h55m10s total]
  [hotpotqa                 4/16] kq_post_d095   (8/16)  ex   17/20  KL=0.8252  mean=1.5582  0.09ex/s  eta=33s  [eta=3h55m09s total]
  [hotpotqa                 4/16] kq_post_d095   (8/16)  ex   18/20  KL=1.4536  mean=1.5524  0.09ex/s  eta=22s  [eta=3h55m12s total]
  [hotpotqa                 4/16] kq_post_d095   (8/16)  ex   19/20  KL=2.8696  mean=1.6217  0.09ex/s  eta=11s  [eta=3h55m16s total]
  [hotpotqa                 4/16] kq_post_d095   (8/16)  ex   20/20  KL=2.0837  mean=1.6448  0.09ex/s  eta=0s  [eta=3h55m20s total]
  >>> hotpotqa / kq_post_d095:  n=20  mean_KL=1.6448  [3m44s]

  [hotpotqa                 4/16] snapkv_d070    (9/16)  ex    1/20  KL=0.5743  mean=0.5743  0.08ex/s  eta=3m45s  [eta=3h55m24s total]
  [hotpotqa                 4/16] snapkv_d070    (9/16)  ex    2/20  KL=1.2018  mean=0.8880  0.08ex/s  eta=3m34s  [eta=3h55m27s total]
  [hotpotqa                 4/16] snapkv_d070    (9/16)  ex    3/20  KL=3.8237  mean=1.8666  0.08ex/s  eta=3m23s  [eta=3h55m31s total]
  [hotpotqa                 4/16] snapkv_d070    (9/16)  ex    4/20  KL=0.5557  mean=1.5389  0.08ex/s  eta=3m10s  [eta=3h55m35s total]
  [hotpotqa                 4/16] snapkv_d070    (9/16)  ex    5/20  KL=0.5469  mean=1.3405  0.08ex/s  eta=2m58s  [eta=3h55m38s total]
  [hotpotqa                 4/16] snapkv_d070    (9/16)  ex    6/20  KL=0.9522  mean=1.2758  0.08ex/s  eta=2m46s  [eta=3h55m42s total]
  [hotpotqa                 4/16] snapkv_d070    (9/16)  ex    7/20  KL=2.4098  mean=1.4378  0.08ex/s  eta=2m34s  [eta=3h55m46s total]
  [hotpotqa                 4/16] snapkv_d070    (9/16)  ex    8/20  KL=0.1123  mean=1.2721  0.09ex/s  eta=2m07s  [eta=3h55m30s total]
  [hotpotqa                 4/16] snapkv_d070    (9/16)  ex    9/20  KL=4.4773  mean=1.6282  0.09ex/s  eta=1m58s  [eta=3h55m34s total]
  [hotpotqa                 4/16] snapkv_d070    (9/16)  ex   10/20  KL=2.2096  mean=1.6864  0.09ex/s  eta=1m49s  [eta=3h55m37s total]
  [hotpotqa                 4/16] snapkv_d070    (9/16)  ex   11/20  KL=0.5201  mean=1.5803  0.09ex/s  eta=1m39s  [eta=3h55m41s total]
  [hotpotqa                 4/16] snapkv_d070    (9/16)  ex   12/20  KL=5.9697  mean=1.9461  0.09ex/s  eta=1m28s  [eta=3h55m45s total]
  [hotpotqa                 4/16] snapkv_d070    (9/16)  ex   13/20  KL=1.8996  mean=1.9425  0.09ex/s  eta=1m17s  [eta=3h55m48s total]
  [hotpotqa                 4/16] snapkv_d070    (9/16)  ex   14/20  KL=1.4858  mean=1.9099  0.09ex/s  eta=1m07s  [eta=3h55m51s total]
  [hotpotqa                 4/16] snapkv_d070    (9/16)  ex   15/20  KL=0.6950  mean=1.8289  0.09ex/s  eta=56s  [eta=3h55m54s total]
  [hotpotqa                 4/16] snapkv_d070    (9/16)  ex   16/20  KL=0.3529  mean=1.7367  0.09ex/s  eta=45s  [eta=3h55m58s total]
  [hotpotqa                 4/16] snapkv_d070    (9/16)  ex   17/20  KL=0.9569  mean=1.6908  0.09ex/s  eta=33s  [eta=3h55m56s total]
  [hotpotqa                 4/16] snapkv_d070    (9/16)  ex   18/20  KL=1.8305  mean=1.6986  0.09ex/s  eta=22s  [eta=3h56m00s total]
  [hotpotqa                 4/16] snapkv_d070    (9/16)  ex   19/20  KL=2.4825  mean=1.7398  0.09ex/s  eta=11s  [eta=3h56m03s total]
  [hotpotqa                 4/16] snapkv_d070    (9/16)  ex   20/20  KL=1.6995  mean=1.7378  0.09ex/s  eta=0s  [eta=3h56m07s total]
  >>> hotpotqa / snapkv_d070:  n=20  mean_KL=1.7378  [3m45s]

  [hotpotqa                 4/16] snapkv_d080    (10/16)  ex    1/20  KL=0.5723  mean=0.5723  0.08ex/s  eta=3m45s  [eta=3h56m10s total]
  [hotpotqa                 4/16] snapkv_d080    (10/16)  ex    2/20  KL=1.2105  mean=0.8914  0.08ex/s  eta=3m33s  [eta=3h56m13s total]
  [hotpotqa                 4/16] snapkv_d080    (10/16)  ex    3/20  KL=3.8296  mean=1.8708  0.08ex/s  eta=3m21s  [eta=3h56m16s total]
  [hotpotqa                 4/16] snapkv_d080    (10/16)  ex    4/20  KL=0.3977  mean=1.5025  0.08ex/s  eta=3m09s  [eta=3h56m19s total]
  [hotpotqa                 4/16] snapkv_d080    (10/16)  ex    5/20  KL=0.6093  mean=1.3239  0.08ex/s  eta=2m57s  [eta=3h56m22s total]
  [hotpotqa                 4/16] snapkv_d080    (10/16)  ex    6/20  KL=0.9810  mean=1.2667  0.08ex/s  eta=2m45s  [eta=3h56m25s total]
  [hotpotqa                 4/16] snapkv_d080    (10/16)  ex    7/20  KL=2.4188  mean=1.4313  0.08ex/s  eta=2m33s  [eta=3h56m28s total]
  [hotpotqa                 4/16] snapkv_d080    (10/16)  ex    8/20  KL=0.1316  mean=1.2689  0.09ex/s  eta=2m06s  [eta=3h56m12s total]
  [hotpotqa                 4/16] snapkv_d080    (10/16)  ex    9/20  KL=4.4773  mean=1.6253  0.09ex/s  eta=1m58s  [eta=3h56m16s total]
  [hotpotqa                 4/16] snapkv_d080    (10/16)  ex   10/20  KL=2.2392  mean=1.6867  0.09ex/s  eta=1m48s  [eta=3h56m19s total]
  [hotpotqa                 4/16] snapkv_d080    (10/16)  ex   11/20  KL=0.5442  mean=1.5829  0.09ex/s  eta=1m38s  [eta=3h56m23s total]
  [hotpotqa                 4/16] snapkv_d080    (10/16)  ex   12/20  KL=5.9149  mean=1.9439  0.09ex/s  eta=1m28s  [eta=3h56m26s total]
  [hotpotqa                 4/16] snapkv_d080    (10/16)  ex   13/20  KL=1.9069  mean=1.9410  0.09ex/s  eta=1m17s  [eta=3h56m28s total]
  [hotpotqa                 4/16] snapkv_d080    (10/16)  ex   14/20  KL=1.6420  mean=1.9197  0.09ex/s  eta=1m07s  [eta=3h56m32s total]
  [hotpotqa                 4/16] snapkv_d080    (10/16)  ex   15/20  KL=0.7235  mean=1.8399  0.09ex/s  eta=56s  [eta=3h56m35s total]
  [hotpotqa                 4/16] snapkv_d080    (10/16)  ex   16/20  KL=0.3280  mean=1.7454  0.09ex/s  eta=45s  [eta=3h56m37s total]
  [hotpotqa                 4/16] snapkv_d080    (10/16)  ex   17/20  KL=0.9412  mean=1.6981  0.09ex/s  eta=33s  [eta=3h56m36s total]
  [hotpotqa                 4/16] snapkv_d080    (10/16)  ex   18/20  KL=1.4497  mean=1.6843  0.09ex/s  eta=22s  [eta=3h56m38s total]
  [hotpotqa                 4/16] snapkv_d080    (10/16)  ex   19/20  KL=2.4490  mean=1.7246  0.09ex/s  eta=11s  [eta=3h56m41s total]
  [hotpotqa                 4/16] snapkv_d080    (10/16)  ex   20/20  KL=1.6950  mean=1.7231  0.09ex/s  eta=0s  [eta=3h56m44s total]
  >>> hotpotqa / snapkv_d080:  n=20  mean_KL=1.7231  [3m45s]

  [hotpotqa                 4/16] snapkv_d090    (11/16)  ex    1/20  KL=0.5483  mean=0.5483  0.08ex/s  eta=3m46s  [eta=3h56m47s total]
  [hotpotqa                 4/16] snapkv_d090    (11/16)  ex    2/20  KL=1.1993  mean=0.8738  0.08ex/s  eta=3m36s  [eta=3h56m50s total]
  [hotpotqa                 4/16] snapkv_d090    (11/16)  ex    3/20  KL=3.8416  mean=1.8631  0.08ex/s  eta=3m24s  [eta=3h56m53s total]
  [hotpotqa                 4/16] snapkv_d090    (11/16)  ex    4/20  KL=0.4293  mean=1.5046  0.08ex/s  eta=3m11s  [eta=3h56m56s total]
  [hotpotqa                 4/16] snapkv_d090    (11/16)  ex    5/20  KL=0.6214  mean=1.3280  0.08ex/s  eta=2m59s  [eta=3h56m58s total]
  [hotpotqa                 4/16] snapkv_d090    (11/16)  ex    6/20  KL=0.8511  mean=1.2485  0.08ex/s  eta=2m47s  [eta=3h57m01s total]
  [hotpotqa                 4/16] snapkv_d090    (11/16)  ex    7/20  KL=2.3736  mean=1.4092  0.08ex/s  eta=2m35s  [eta=3h57m04s total]
  [hotpotqa                 4/16] snapkv_d090    (11/16)  ex    8/20  KL=0.1308  mean=1.2494  0.09ex/s  eta=2m08s  [eta=3h56m48s total]
  [hotpotqa                 4/16] snapkv_d090    (11/16)  ex    9/20  KL=4.7686  mean=1.6404  0.09ex/s  eta=1m59s  [eta=3h56m51s total]
  [hotpotqa                 4/16] snapkv_d090    (11/16)  ex   10/20  KL=2.2341  mean=1.6998  0.09ex/s  eta=1m49s  [eta=3h56m54s total]
  [hotpotqa                 4/16] snapkv_d090    (11/16)  ex   11/20  KL=0.5555  mean=1.5958  0.09ex/s  eta=1m39s  [eta=3h56m57s total]
  [hotpotqa                 4/16] snapkv_d090    (11/16)  ex   12/20  KL=5.8963  mean=1.9542  0.09ex/s  eta=1m29s  [eta=3h57m00s total]
  [hotpotqa                 4/16] snapkv_d090    (11/16)  ex   13/20  KL=1.9105  mean=1.9508  0.09ex/s  eta=1m18s  [eta=3h57m02s total]
  [hotpotqa                 4/16] snapkv_d090    (11/16)  ex   14/20  KL=1.8165  mean=1.9412  0.09ex/s  eta=1m07s  [eta=3h57m05s total]
  [hotpotqa                 4/16] snapkv_d090    (11/16)  ex   15/20  KL=0.6475  mean=1.8550  0.09ex/s  eta=56s  [eta=3h57m07s total]
  [hotpotqa                 4/16] snapkv_d090    (11/16)  ex   16/20  KL=0.3220  mean=1.7591  0.09ex/s  eta=45s  [eta=3h57m10s total]
  [hotpotqa                 4/16] snapkv_d090    (11/16)  ex   17/20  KL=0.9448  mean=1.7112  0.09ex/s  eta=33s  [eta=3h57m08s total]
  [hotpotqa                 4/16] snapkv_d090    (11/16)  ex   18/20  KL=1.4276  mean=1.6955  0.09ex/s  eta=22s  [eta=3h57m10s total]
  [hotpotqa                 4/16] snapkv_d090    (11/16)  ex   19/20  KL=2.5894  mean=1.7425  0.09ex/s  eta=11s  [eta=3h57m12s total]
  [hotpotqa                 4/16] snapkv_d090    (11/16)  ex   20/20  KL=1.7274  mean=1.7418  0.09ex/s  eta=0s  [eta=3h57m15s total]
  >>> hotpotqa / snapkv_d090:  n=20  mean_KL=1.7418  [3m46s]

  [hotpotqa                 4/16] snapkv_d095    (12/16)  ex    1/20  KL=0.4043  mean=0.4043  0.08ex/s  eta=3m47s  [eta=3h57m17s total]
  [hotpotqa                 4/16] snapkv_d095    (12/16)  ex    2/20  KL=1.1975  mean=0.8009  0.08ex/s  eta=3m34s  [eta=3h57m19s total]
  [hotpotqa                 4/16] snapkv_d095    (12/16)  ex    3/20  KL=3.8378  mean=1.8132  0.08ex/s  eta=3m23s  [eta=3h57m22s total]
  [hotpotqa                 4/16] snapkv_d095    (12/16)  ex    4/20  KL=0.4246  mean=1.4661  0.08ex/s  eta=3m11s  [eta=3h57m24s total]
  [hotpotqa                 4/16] snapkv_d095    (12/16)  ex    5/20  KL=0.6164  mean=1.2961  0.08ex/s  eta=2m59s  [eta=3h57m27s total]
  [hotpotqa                 4/16] snapkv_d095    (12/16)  ex    6/20  KL=0.8479  mean=1.2214  0.08ex/s  eta=2m47s  [eta=3h57m29s total]
  [hotpotqa                 4/16] snapkv_d095    (12/16)  ex    7/20  KL=2.3722  mean=1.3858  0.08ex/s  eta=2m35s  [eta=3h57m31s total]
  [hotpotqa                 4/16] snapkv_d095    (12/16)  ex    8/20  KL=0.0799  mean=1.2226  0.09ex/s  eta=2m08s  [eta=3h57m15s total]
  [hotpotqa                 4/16] snapkv_d095    (12/16)  ex    9/20  KL=4.6523  mean=1.6037  0.09ex/s  eta=1m58s  [eta=3h57m18s total]
  [hotpotqa                 4/16] snapkv_d095    (12/16)  ex   10/20  KL=2.2349  mean=1.6668  0.09ex/s  eta=1m49s  [eta=3h57m20s total]
  [hotpotqa                 4/16] snapkv_d095    (12/16)  ex   11/20  KL=0.5555  mean=1.5658  0.09ex/s  eta=1m39s  [eta=3h57m23s total]
  [hotpotqa                 4/16] snapkv_d095    (12/16)  ex   12/20  KL=5.8965  mean=1.9267  0.09ex/s  eta=1m28s  [eta=3h57m24s total]
  [hotpotqa                 4/16] snapkv_d095    (12/16)  ex   13/20  KL=1.9092  mean=1.9253  0.09ex/s  eta=1m18s  [eta=3h57m27s total]
  [hotpotqa                 4/16] snapkv_d095    (12/16)  ex   14/20  KL=1.7589  mean=1.9134  0.09ex/s  eta=1m07s  [eta=3h57m29s total]
  [hotpotqa                 4/16] snapkv_d095    (12/16)  ex   15/20  KL=0.6512  mean=1.8293  0.09ex/s  eta=56s  [eta=3h57m32s total]
  [hotpotqa                 4/16] snapkv_d095    (12/16)  ex   16/20  KL=0.3321  mean=1.7357  0.09ex/s  eta=45s  [eta=3h57m33s total]
  [hotpotqa                 4/16] snapkv_d095    (12/16)  ex   17/20  KL=0.9275  mean=1.6882  0.09ex/s  eta=33s  [eta=3h57m31s total]
  [hotpotqa                 4/16] snapkv_d095    (12/16)  ex   18/20  KL=1.3286  mean=1.6682  0.09ex/s  eta=22s  [eta=3h57m32s total]
  [hotpotqa                 4/16] snapkv_d095    (12/16)  ex   19/20  KL=2.6360  mean=1.7191  0.09ex/s  eta=11s  [eta=3h57m35s total]
  [hotpotqa                 4/16] snapkv_d095    (12/16)  ex   20/20  KL=1.7140  mean=1.7189  0.09ex/s  eta=0s  [eta=3h57m36s total]
  >>> hotpotqa / snapkv_d095:  n=20  mean_KL=1.7189  [3m46s]

[hotpotqa                 4/16] naive_65pct    (13/16)  SKIP — already done  n=20  mean_KL=0.7167
[hotpotqa                 4/16] snapkv         (14/16)  SKIP — already done  n=20  mean_KL=0.7844
[hotpotqa                 4/16] kq_only        (15/16)  SKIP — already done  n=20  mean_KL=0.8115
[hotpotqa                 4/16] kq_post_rope   (16/16)  SKIP — already done  n=20  mean_KL=1.6977
  [2wikimqa                 5/16] kq_pre_d070    (1/16)  ex    1/20  KL=4.0913  mean=4.0913  0.09ex/s  eta=3m28s  [eta=3h34m12s total]
  [2wikimqa                 5/16] kq_pre_d070    (1/16)  ex    2/20  KL=10.7782  mean=7.4347  0.09ex/s  eta=3m22s  [eta=3h34m13s total]
  [2wikimqa                 5/16] kq_pre_d070    (1/16)  ex    3/20  KL=6.5992  mean=7.1562  0.10ex/s  eta=2m58s  [eta=3h34m11s total]
  [2wikimqa                 5/16] kq_pre_d070    (1/16)  ex    4/20  KL=7.6946  mean=7.2908  0.09ex/s  eta=2m55s  [eta=3h34m13s total]
  [2wikimqa                 5/16] kq_pre_d070    (1/16)  ex    5/20  KL=1.1431  mean=6.0613  0.09ex/s  eta=2m47s  [eta=3h34m16s total]
  [2wikimqa                 5/16] kq_pre_d070    (1/16)  ex    6/20  KL=1.8482  mean=5.3591  0.09ex/s  eta=2m38s  [eta=3h34m18s total]
  [2wikimqa                 5/16] kq_pre_d070    (1/16)  ex    7/20  KL=5.8356  mean=5.4272  0.09ex/s  eta=2m28s  [eta=3h34m20s total]
  [2wikimqa                 5/16] kq_pre_d070    (1/16)  ex    8/20  KL=1.1352  mean=4.8907  0.09ex/s  eta=2m17s  [eta=3h34m22s total]
  [2wikimqa                 5/16] kq_pre_d070    (1/16)  ex    9/20  KL=5.8561  mean=4.9979  0.09ex/s  eta=2m02s  [eta=3h34m19s total]
  [2wikimqa                 5/16] kq_pre_d070    (1/16)  ex   10/20  KL=8.6625  mean=5.3644  0.09ex/s  eta=1m52s  [eta=3h34m21s total]
  [2wikimqa                 5/16] kq_pre_d070    (1/16)  ex   11/20  KL=2.9458  mean=5.1445  0.09ex/s  eta=1m41s  [eta=3h34m23s total]
  [2wikimqa                 5/16] kq_pre_d070    (1/16)  ex   12/20  KL=3.1300  mean=4.9766  0.09ex/s  eta=1m28s  [eta=3h34m19s total]
  [2wikimqa                 5/16] kq_pre_d070    (1/16)  ex   13/20  KL=3.2178  mean=4.8413  0.10ex/s  eta=1m12s  [eta=3h34m06s total]
  [2wikimqa                 5/16] kq_pre_d070    (1/16)  ex   14/20  KL=5.0193  mean=4.8541  0.10ex/s  eta=1m00s  [eta=3h34m00s total]
  [2wikimqa                 5/16] kq_pre_d070    (1/16)  ex   15/20  KL=1.6690  mean=4.6417  0.10ex/s  eta=50s  [eta=3h34m00s total]
  [2wikimqa                 5/16] kq_pre_d070    (1/16)  ex   16/20  KL=4.7742  mean=4.6500  0.10ex/s  eta=41s  [eta=3h34m02s total]
  [2wikimqa                 5/16] kq_pre_d070    (1/16)  ex   17/20  KL=0.9938  mean=4.4349  0.10ex/s  eta=29s  [eta=3h33m50s total]
  [2wikimqa                 5/16] kq_pre_d070    (1/16)  ex   18/20  KL=5.5589  mean=4.4974  0.10ex/s  eta=19s  [eta=3h33m52s total]
  [2wikimqa                 5/16] kq_pre_d070    (1/16)  ex   19/20  KL=1.0894  mean=4.3180  0.11ex/s  eta=9s  [eta=3h33m37s total]
  [2wikimqa                 5/16] kq_pre_d070    (1/16)  ex   20/20  KL=2.5271  mean=4.2285  0.11ex/s  eta=0s  [eta=3h33m32s total]
  >>> 2wikimqa / kq_pre_d070:  n=20  mean_KL=4.2285  [3m07s]

  [2wikimqa                 5/16] kq_pre_d080    (2/16)  ex    1/20  KL=4.1325  mean=4.1325  0.09ex/s  eta=3m38s  [eta=3h33m33s total]
  [2wikimqa                 5/16] kq_pre_d080    (2/16)  ex    2/20  KL=10.7903  mean=7.4614  0.09ex/s  eta=3m26s  [eta=3h33m34s total]
  [2wikimqa                 5/16] kq_pre_d080    (2/16)  ex    3/20  KL=6.8774  mean=7.2667  0.09ex/s  eta=2m59s  [eta=3h33m31s total]
  [2wikimqa                 5/16] kq_pre_d080    (2/16)  ex    4/20  KL=5.8652  mean=6.9163  0.09ex/s  eta=2m55s  [eta=3h33m33s total]
  [2wikimqa                 5/16] kq_pre_d080    (2/16)  ex    5/20  KL=0.1443  mean=5.5619  0.09ex/s  eta=2m47s  [eta=3h33m35s total]
  [2wikimqa                 5/16] kq_pre_d080    (2/16)  ex    6/20  KL=1.8762  mean=4.9476  0.09ex/s  eta=2m38s  [eta=3h33m37s total]
  [2wikimqa                 5/16] kq_pre_d080    (2/16)  ex    7/20  KL=6.1489  mean=5.1192  0.09ex/s  eta=2m28s  [eta=3h33m38s total]
  [2wikimqa                 5/16] kq_pre_d080    (2/16)  ex    8/20  KL=0.8093  mean=4.5805  0.09ex/s  eta=2m17s  [eta=3h33m40s total]
  [2wikimqa                 5/16] kq_pre_d080    (2/16)  ex    9/20  KL=6.8039  mean=4.8275  0.09ex/s  eta=2m02s  [eta=3h33m36s total]
  [2wikimqa                 5/16] kq_pre_d080    (2/16)  ex   10/20  KL=8.6684  mean=5.2116  0.09ex/s  eta=1m51s  [eta=3h33m38s total]
  [2wikimqa                 5/16] kq_pre_d080    (2/16)  ex   11/20  KL=4.6363  mean=5.1593  0.09ex/s  eta=1m41s  [eta=3h33m40s total]
  [2wikimqa                 5/16] kq_pre_d080    (2/16)  ex   12/20  KL=2.7857  mean=4.9615  0.09ex/s  eta=1m27s  [eta=3h33m35s total]
  [2wikimqa                 5/16] kq_pre_d080    (2/16)  ex   13/20  KL=3.9086  mean=4.8805  0.10ex/s  eta=1m12s  [eta=3h33m22s total]
  [2wikimqa                 5/16] kq_pre_d080    (2/16)  ex   14/20  KL=3.6426  mean=4.7921  0.10ex/s  eta=1m00s  [eta=3h33m16s total]
  [2wikimqa                 5/16] kq_pre_d080    (2/16)  ex   15/20  KL=1.3660  mean=4.5637  0.10ex/s  eta=50s  [eta=3h33m16s total]
  [2wikimqa                 5/16] kq_pre_d080    (2/16)  ex   16/20  KL=6.3427  mean=4.6749  0.10ex/s  eta=40s  [eta=3h33m18s total]
  [2wikimqa                 5/16] kq_pre_d080    (2/16)  ex   17/20  KL=1.4625  mean=4.4859  0.10ex/s  eta=29s  [eta=3h33m05s total]
  [2wikimqa                 5/16] kq_pre_d080    (2/16)  ex   18/20  KL=1.1486  mean=4.3005  0.10ex/s  eta=19s  [eta=3h33m07s total]
  [2wikimqa                 5/16] kq_pre_d080    (2/16)  ex   19/20  KL=1.1408  mean=4.1342  0.11ex/s  eta=9s  [eta=3h32m52s total]
  [2wikimqa                 5/16] kq_pre_d080    (2/16)  ex   20/20  KL=2.5030  mean=4.0527  0.11ex/s  eta=0s  [eta=3h32m48s total]
  >>> 2wikimqa / kq_pre_d080:  n=20  mean_KL=4.0527  [3m07s]

  [2wikimqa                 5/16] kq_pre_d090    (3/16)  ex    1/20  KL=4.2773  mean=4.2773  0.09ex/s  eta=3m32s  [eta=3h32m48s total]
  [2wikimqa                 5/16] kq_pre_d090    (3/16)  ex    2/20  KL=9.9033  mean=7.0903  0.09ex/s  eta=3m23s  [eta=3h32m49s total]
  [2wikimqa                 5/16] kq_pre_d090    (3/16)  ex    3/20  KL=7.0189  mean=7.0665  0.09ex/s  eta=3m00s  [eta=3h32m47s total]
  [2wikimqa                 5/16] kq_pre_d090    (3/16)  ex    4/20  KL=7.1970  mean=7.0991  0.09ex/s  eta=2m55s  [eta=3h32m48s total]
  [2wikimqa                 5/16] kq_pre_d090    (3/16)  ex    5/20  KL=0.1941  mean=5.7181  0.09ex/s  eta=2m48s  [eta=3h32m50s total]
  [2wikimqa                 5/16] kq_pre_d090    (3/16)  ex    6/20  KL=1.8682  mean=5.0765  0.09ex/s  eta=2m38s  [eta=3h32m51s total]
  [2wikimqa                 5/16] kq_pre_d090    (3/16)  ex    7/20  KL=2.1189  mean=4.6540  0.09ex/s  eta=2m28s  [eta=3h32m53s total]
  [2wikimqa                 5/16] kq_pre_d090    (3/16)  ex    8/20  KL=3.6830  mean=4.5326  0.09ex/s  eta=2m18s  [eta=3h32m55s total]
  [2wikimqa                 5/16] kq_pre_d090    (3/16)  ex    9/20  KL=6.0561  mean=4.7019  0.09ex/s  eta=2m02s  [eta=3h32m51s total]
  [2wikimqa                 5/16] kq_pre_d090    (3/16)  ex   10/20  KL=9.3299  mean=5.1647  0.09ex/s  eta=1m52s  [eta=3h32m53s total]
  [2wikimqa                 5/16] kq_pre_d090    (3/16)  ex   11/20  KL=4.5547  mean=5.1092  0.09ex/s  eta=1m42s  [eta=3h32m54s total]
  [2wikimqa                 5/16] kq_pre_d090    (3/16)  ex   12/20  KL=2.1090  mean=4.8592  0.09ex/s  eta=1m28s  [eta=3h32m49s total]
  [2wikimqa                 5/16] kq_pre_d090    (3/16)  ex   13/20  KL=3.1446  mean=4.7273  0.10ex/s  eta=1m12s  [eta=3h32m36s total]
  [2wikimqa                 5/16] kq_pre_d090    (3/16)  ex   14/20  KL=3.8535  mean=4.6649  0.10ex/s  eta=1m00s  [eta=3h32m30s total]
  [2wikimqa                 5/16] kq_pre_d090    (3/16)  ex   15/20  KL=3.7514  mean=4.6040  0.10ex/s  eta=50s  [eta=3h32m29s total]
  [2wikimqa                 5/16] kq_pre_d090    (3/16)  ex   16/20  KL=4.3351  mean=4.5872  0.10ex/s  eta=41s  [eta=3h32m31s total]
  [2wikimqa                 5/16] kq_pre_d090    (3/16)  ex   17/20  KL=1.6264  mean=4.4130  0.10ex/s  eta=29s  [eta=3h32m19s total]
  [2wikimqa                 5/16] kq_pre_d090    (3/16)  ex   18/20  KL=1.5954  mean=4.2565  0.10ex/s  eta=19s  [eta=3h32m20s total]
  [2wikimqa                 5/16] kq_pre_d090    (3/16)  ex   19/20  KL=1.1380  mean=4.0924  0.11ex/s  eta=9s  [eta=3h32m05s total]
  [2wikimqa                 5/16] kq_pre_d090    (3/16)  ex   20/20  KL=2.3893  mean=4.0072  0.11ex/s  eta=0s  [eta=3h32m00s total]
  >>> 2wikimqa / kq_pre_d090:  n=20  mean_KL=4.0072  [3m07s]

  [2wikimqa                 5/16] kq_pre_d095    (4/16)  ex    1/20  KL=4.3884  mean=4.3884  0.09ex/s  eta=3m30s  [eta=3h32m00s total]
  [2wikimqa                 5/16] kq_pre_d095    (4/16)  ex    2/20  KL=10.7918  mean=7.5901  0.09ex/s  eta=3m25s  [eta=3h32m01s total]
  [2wikimqa                 5/16] kq_pre_d095    (4/16)  ex    3/20  KL=6.9525  mean=7.3776  0.09ex/s  eta=2m59s  [eta=3h31m58s total]
  [2wikimqa                 5/16] kq_pre_d095    (4/16)  ex    4/20  KL=7.3407  mean=7.3684  0.09ex/s  eta=2m55s  [eta=3h31m59s total]
  [2wikimqa                 5/16] kq_pre_d095    (4/16)  ex    5/20  KL=0.1205  mean=5.9188  0.09ex/s  eta=2m47s  [eta=3h32m00s total]
  [2wikimqa                 5/16] kq_pre_d095    (4/16)  ex    6/20  KL=2.0191  mean=5.2688  0.09ex/s  eta=2m38s  [eta=3h32m02s total]
  [2wikimqa                 5/16] kq_pre_d095    (4/16)  ex    7/20  KL=2.2162  mean=4.8328  0.09ex/s  eta=2m28s  [eta=3h32m03s total]
  [2wikimqa                 5/16] kq_pre_d095    (4/16)  ex    8/20  KL=3.3443  mean=4.6467  0.09ex/s  eta=2m17s  [eta=3h32m04s total]
  [2wikimqa                 5/16] kq_pre_d095    (4/16)  ex    9/20  KL=7.0422  mean=4.9129  0.09ex/s  eta=2m02s  [eta=3h32m00s total]
  [2wikimqa                 5/16] kq_pre_d095    (4/16)  ex   10/20  KL=9.7121  mean=5.3928  0.09ex/s  eta=1m52s  [eta=3h32m01s total]
  [2wikimqa                 5/16] kq_pre_d095    (4/16)  ex   11/20  KL=0.2935  mean=4.9292  0.09ex/s  eta=1m41s  [eta=3h32m02s total]
  [2wikimqa                 5/16] kq_pre_d095    (4/16)  ex   12/20  KL=2.7807  mean=4.7502  0.09ex/s  eta=1m27s  [eta=3h31m57s total]
  [2wikimqa                 5/16] kq_pre_d095    (4/16)  ex   13/20  KL=3.6080  mean=4.6623  0.10ex/s  eta=1m12s  [eta=3h31m44s total]
  [2wikimqa                 5/16] kq_pre_d095    (4/16)  ex   14/20  KL=3.7871  mean=4.5998  0.10ex/s  eta=1m00s  [eta=3h31m38s total]
  [2wikimqa                 5/16] kq_pre_d095    (4/16)  ex   15/20  KL=4.2354  mean=4.5755  0.10ex/s  eta=50s  [eta=3h31m37s total]
  [2wikimqa                 5/16] kq_pre_d095    (4/16)  ex   16/20  KL=10.3397  mean=4.9358  0.10ex/s  eta=40s  [eta=3h31m39s total]
  [2wikimqa                 5/16] kq_pre_d095    (4/16)  ex   17/20  KL=1.5447  mean=4.7363  0.10ex/s  eta=29s  [eta=3h31m26s total]
  [2wikimqa                 5/16] kq_pre_d095    (4/16)  ex   18/20  KL=0.7498  mean=4.5148  0.10ex/s  eta=19s  [eta=3h31m27s total]
  [2wikimqa                 5/16] kq_pre_d095    (4/16)  ex   19/20  KL=1.1276  mean=4.3365  0.11ex/s  eta=9s  [eta=3h31m12s total]
  [2wikimqa                 5/16] kq_pre_d095    (4/16)  ex   20/20  KL=2.0909  mean=4.2243  0.11ex/s  eta=0s  [eta=3h31m07s total]
  >>> 2wikimqa / kq_pre_d095:  n=20  mean_KL=4.2243  [3m06s]

  [2wikimqa                 5/16] kq_post_d070   (5/16)  ex    1/20  KL=4.6815  mean=4.6815  0.09ex/s  eta=3m35s  [eta=3h31m07s total]
  [2wikimqa                 5/16] kq_post_d070   (5/16)  ex    2/20  KL=2.1966  mean=3.4391  0.09ex/s  eta=3m28s  [eta=3h31m08s total]
  [2wikimqa                 5/16] kq_post_d070   (5/16)  ex    3/20  KL=1.2043  mean=2.6941  0.09ex/s  eta=3m01s  [eta=3h31m05s total]
  [2wikimqa                 5/16] kq_post_d070   (5/16)  ex    4/20  KL=1.2697  mean=2.3380  0.09ex/s  eta=2m57s  [eta=3h31m06s total]
  [2wikimqa                 5/16] kq_post_d070   (5/16)  ex    5/20  KL=0.5449  mean=1.9794  0.09ex/s  eta=2m49s  [eta=3h31m07s total]
  [2wikimqa                 5/16] kq_post_d070   (5/16)  ex    6/20  KL=2.1951  mean=2.0154  0.09ex/s  eta=2m40s  [eta=3h31m08s total]
  [2wikimqa                 5/16] kq_post_d070   (5/16)  ex    7/20  KL=0.5899  mean=1.8117  0.09ex/s  eta=2m29s  [eta=3h31m09s total]
  [2wikimqa                 5/16] kq_post_d070   (5/16)  ex    8/20  KL=1.9160  mean=1.8248  0.09ex/s  eta=2m18s  [eta=3h31m10s total]
  [2wikimqa                 5/16] kq_post_d070   (5/16)  ex    9/20  KL=3.4285  mean=2.0029  0.09ex/s  eta=2m03s  [eta=3h31m06s total]
  [2wikimqa                 5/16] kq_post_d070   (5/16)  ex   10/20  KL=1.2600  mean=1.9286  0.09ex/s  eta=1m52s  [eta=3h31m07s total]
  [2wikimqa                 5/16] kq_post_d070   (5/16)  ex   11/20  KL=0.1767  mean=1.7694  0.09ex/s  eta=1m42s  [eta=3h31m08s total]
  [2wikimqa                 5/16] kq_post_d070   (5/16)  ex   12/20  KL=0.8001  mean=1.6886  0.09ex/s  eta=1m28s  [eta=3h31m03s total]
  [2wikimqa                 5/16] kq_post_d070   (5/16)  ex   13/20  KL=0.9776  mean=1.6339  0.10ex/s  eta=1m12s  [eta=3h30m50s total]
  [2wikimqa                 5/16] kq_post_d070   (5/16)  ex   14/20  KL=0.5740  mean=1.5582  0.10ex/s  eta=1m00s  [eta=3h30m43s total]
  [2wikimqa                 5/16] kq_post_d070   (5/16)  ex   15/20  KL=1.1456  mean=1.5307  0.10ex/s  eta=50s  [eta=3h30m42s total]
  [2wikimqa                 5/16] kq_post_d070   (5/16)  ex   16/20  KL=3.2324  mean=1.6370  0.10ex/s  eta=41s  [eta=3h30m43s total]
  [2wikimqa                 5/16] kq_post_d070   (5/16)  ex   17/20  KL=0.2823  mean=1.5574  0.10ex/s  eta=29s  [eta=3h30m30s total]
  [2wikimqa                 5/16] kq_post_d070   (5/16)  ex   18/20  KL=1.3543  mean=1.5461  0.10ex/s  eta=19s  [eta=3h30m31s total]
  [2wikimqa                 5/16] kq_post_d070   (5/16)  ex   19/20  KL=1.0621  mean=1.5206  0.11ex/s  eta=9s  [eta=3h30m16s total]
  [2wikimqa                 5/16] kq_post_d070   (5/16)  ex   20/20  KL=2.2911  mean=1.5591  0.11ex/s  eta=0s  [eta=3h30m11s total]
  >>> 2wikimqa / kq_post_d070:  n=20  mean_KL=1.5591  [3m06s]

  [2wikimqa                 5/16] kq_post_d080   (6/16)  ex    1/20  KL=4.7263  mean=4.7263  0.09ex/s  eta=3m35s  [eta=3h30m10s total]
  [2wikimqa                 5/16] kq_post_d080   (6/16)  ex    2/20  KL=2.1656  mean=3.4460  0.09ex/s  eta=3m26s  [eta=3h30m11s total]
  [2wikimqa                 5/16] kq_post_d080   (6/16)  ex    3/20  KL=1.1854  mean=2.6924  0.09ex/s  eta=3m01s  [eta=3h30m07s total]
  [2wikimqa                 5/16] kq_post_d080   (6/16)  ex    4/20  KL=1.2142  mean=2.3229  0.09ex/s  eta=2m55s  [eta=3h30m08s total]
  [2wikimqa                 5/16] kq_post_d080   (6/16)  ex    5/20  KL=0.6659  mean=1.9915  0.09ex/s  eta=2m47s  [eta=3h30m08s total]
  [2wikimqa                 5/16] kq_post_d080   (6/16)  ex    6/20  KL=2.2351  mean=2.0321  0.09ex/s  eta=2m38s  [eta=3h30m09s total]
  [2wikimqa                 5/16] kq_post_d080   (6/16)  ex    7/20  KL=0.5648  mean=1.8225  0.09ex/s  eta=2m28s  [eta=3h30m10s total]
  [2wikimqa                 5/16] kq_post_d080   (6/16)  ex    8/20  KL=1.9902  mean=1.8434  0.09ex/s  eta=2m17s  [eta=3h30m10s total]
  [2wikimqa                 5/16] kq_post_d080   (6/16)  ex    9/20  KL=3.4283  mean=2.0195  0.09ex/s  eta=2m02s  [eta=3h30m06s total]
  [2wikimqa                 5/16] kq_post_d080   (6/16)  ex   10/20  KL=1.3526  mean=1.9528  0.09ex/s  eta=1m51s  [eta=3h30m06s total]
  [2wikimqa                 5/16] kq_post_d080   (6/16)  ex   11/20  KL=0.1496  mean=1.7889  0.09ex/s  eta=1m41s  [eta=3h30m07s total]
  [2wikimqa                 5/16] kq_post_d080   (6/16)  ex   12/20  KL=1.0887  mean=1.7306  0.09ex/s  eta=1m27s  [eta=3h30m01s total]
  [2wikimqa                 5/16] kq_post_d080   (6/16)  ex   13/20  KL=0.7885  mean=1.6581  0.10ex/s  eta=1m11s  [eta=3h29m48s total]
  [2wikimqa                 5/16] kq_post_d080   (6/16)  ex   14/20  KL=0.6040  mean=1.5828  0.10ex/s  eta=1m00s  [eta=3h29m42s total]
  [2wikimqa                 5/16] kq_post_d080   (6/16)  ex   15/20  KL=1.0719  mean=1.5488  0.10ex/s  eta=50s  [eta=3h29m40s total]
  [2wikimqa                 5/16] kq_post_d080   (6/16)  ex   16/20  KL=3.0273  mean=1.6412  0.10ex/s  eta=40s  [eta=3h29m41s total]
  [2wikimqa                 5/16] kq_post_d080   (6/16)  ex   17/20  KL=0.3500  mean=1.5652  0.10ex/s  eta=29s  [eta=3h29m29s total]
  [2wikimqa                 5/16] kq_post_d080   (6/16)  ex   18/20  KL=1.3075  mean=1.5509  0.10ex/s  eta=19s  [eta=3h29m29s total]
  [2wikimqa                 5/16] kq_post_d080   (6/16)  ex   19/20  KL=0.5881  mean=1.5002  0.11ex/s  eta=9s  [eta=3h29m15s total]
  [2wikimqa                 5/16] kq_post_d080   (6/16)  ex   20/20  KL=2.3744  mean=1.5439  0.11ex/s  eta=0s  [eta=3h29m09s total]
  >>> 2wikimqa / kq_post_d080:  n=20  mean_KL=1.5439  [3m06s]

  [2wikimqa                 5/16] kq_post_d090   (7/16)  ex    1/20  KL=4.6561  mean=4.6561  0.09ex/s  eta=3m33s  [eta=3h29m09s total]
  [2wikimqa                 5/16] kq_post_d090   (7/16)  ex    2/20  KL=2.2312  mean=3.4437  0.09ex/s  eta=3m26s  [eta=3h29m09s total]
  [2wikimqa                 5/16] kq_post_d090   (7/16)  ex    3/20  KL=1.1666  mean=2.6846  0.09ex/s  eta=3m00s  [eta=3h29m05s total]
  [2wikimqa                 5/16] kq_post_d090   (7/16)  ex    4/20  KL=1.2075  mean=2.3154  0.09ex/s  eta=2m57s  [eta=3h29m06s total]
  [2wikimqa                 5/16] kq_post_d090   (7/16)  ex    5/20  KL=0.8015  mean=2.0126  0.09ex/s  eta=2m49s  [eta=3h29m07s total]
  [2wikimqa                 5/16] kq_post_d090   (7/16)  ex    6/20  KL=2.2349  mean=2.0496  0.09ex/s  eta=2m39s  [eta=3h29m07s total]
  [2wikimqa                 5/16] kq_post_d090   (7/16)  ex    7/20  KL=0.5933  mean=1.8416  0.09ex/s  eta=2m29s  [eta=3h29m07s total]
  [2wikimqa                 5/16] kq_post_d090   (7/16)  ex    8/20  KL=2.0084  mean=1.8624  0.09ex/s  eta=2m18s  [eta=3h29m08s total]
  [2wikimqa                 5/16] kq_post_d090   (7/16)  ex    9/20  KL=3.3194  mean=2.0243  0.09ex/s  eta=2m02s  [eta=3h29m03s total]
  [2wikimqa                 5/16] kq_post_d090   (7/16)  ex   10/20  KL=1.2653  mean=1.9484  0.09ex/s  eta=1m52s  [eta=3h29m03s total]
  [2wikimqa                 5/16] kq_post_d090   (7/16)  ex   11/20  KL=0.2192  mean=1.7912  0.09ex/s  eta=1m41s  [eta=3h29m03s total]
  [2wikimqa                 5/16] kq_post_d090   (7/16)  ex   12/20  KL=1.0471  mean=1.7292  0.09ex/s  eta=1m27s  [eta=3h28m58s total]
  [2wikimqa                 5/16] kq_post_d090   (7/16)  ex   13/20  KL=0.9223  mean=1.6671  0.10ex/s  eta=1m12s  [eta=3h28m45s total]
  [2wikimqa                 5/16] kq_post_d090   (7/16)  ex   14/20  KL=0.5799  mean=1.5895  0.10ex/s  eta=1m00s  [eta=3h28m39s total]
  [2wikimqa                 5/16] kq_post_d090   (7/16)  ex   15/20  KL=1.2028  mean=1.5637  0.10ex/s  eta=50s  [eta=3h28m37s total]
  [2wikimqa                 5/16] kq_post_d090   (7/16)  ex   16/20  KL=3.1597  mean=1.6635  0.10ex/s  eta=40s  [eta=3h28m37s total]
  [2wikimqa                 5/16] kq_post_d090   (7/16)  ex   17/20  KL=0.4158  mean=1.5901  0.10ex/s  eta=29s  [eta=3h28m25s total]
  [2wikimqa                 5/16] kq_post_d090   (7/16)  ex   18/20  KL=1.2533  mean=1.5714  0.10ex/s  eta=19s  [eta=3h28m25s total]
  [2wikimqa                 5/16] kq_post_d090   (7/16)  ex   19/20  KL=0.3886  mean=1.5091  0.11ex/s  eta=9s  [eta=3h28m10s total]
  [2wikimqa                 5/16] kq_post_d090   (7/16)  ex   20/20  KL=2.0190  mean=1.5346  0.11ex/s  eta=0s  [eta=3h28m05s total]
  >>> 2wikimqa / kq_post_d090:  n=20  mean_KL=1.5346  [3m06s]

  [2wikimqa                 5/16] kq_post_d095   (8/16)  ex    1/20  KL=4.4924  mean=4.4924  0.09ex/s  eta=3m28s  [eta=3h28m04s total]
  [2wikimqa                 5/16] kq_post_d095   (8/16)  ex    2/20  KL=2.1003  mean=3.2964  0.09ex/s  eta=3m24s  [eta=3h28m03s total]
  [2wikimqa                 5/16] kq_post_d095   (8/16)  ex    3/20  KL=1.1263  mean=2.5730  0.09ex/s  eta=3m00s  [eta=3h28m00s total]
  [2wikimqa                 5/16] kq_post_d095   (8/16)  ex    4/20  KL=1.2086  mean=2.2319  0.09ex/s  eta=2m55s  [eta=3h28m00s total]
  [2wikimqa                 5/16] kq_post_d095   (8/16)  ex    5/20  KL=0.7465  mean=1.9349  0.09ex/s  eta=2m47s  [eta=3h28m00s total]
  [2wikimqa                 5/16] kq_post_d095   (8/16)  ex    6/20  KL=2.2277  mean=1.9837  0.09ex/s  eta=2m38s  [eta=3h28m00s total]
  [2wikimqa                 5/16] kq_post_d095   (8/16)  ex    7/20  KL=0.6149  mean=1.7881  0.09ex/s  eta=2m28s  [eta=3h28m00s total]
  [2wikimqa                 5/16] kq_post_d095   (8/16)  ex    8/20  KL=2.1521  mean=1.8336  0.09ex/s  eta=2m17s  [eta=3h28m00s total]
  [2wikimqa                 5/16] kq_post_d095   (8/16)  ex    9/20  KL=3.2887  mean=1.9953  0.09ex/s  eta=2m02s  [eta=3h27m56s total]
  [2wikimqa                 5/16] kq_post_d095   (8/16)  ex   10/20  KL=1.3479  mean=1.9306  0.09ex/s  eta=1m52s  [eta=3h27m56s total]
  [2wikimqa                 5/16] kq_post_d095   (8/16)  ex   11/20  KL=0.1958  mean=1.7728  0.09ex/s  eta=1m41s  [eta=3h27m56s total]
  [2wikimqa                 5/16] kq_post_d095   (8/16)  ex   12/20  KL=1.0626  mean=1.7137  0.09ex/s  eta=1m27s  [eta=3h27m50s total]
  [2wikimqa                 5/16] kq_post_d095   (8/16)  ex   13/20  KL=1.0105  mean=1.6596  0.10ex/s  eta=1m12s  [eta=3h27m38s total]
  [2wikimqa                 5/16] kq_post_d095   (8/16)  ex   14/20  KL=0.6228  mean=1.5855  0.10ex/s  eta=1m00s  [eta=3h27m31s total]
  [2wikimqa                 5/16] kq_post_d095   (8/16)  ex   15/20  KL=1.1810  mean=1.5585  0.10ex/s  eta=50s  [eta=3h27m30s total]
  [2wikimqa                 5/16] kq_post_d095   (8/16)  ex   16/20  KL=3.2326  mean=1.6632  0.10ex/s  eta=40s  [eta=3h27m30s total]
  [2wikimqa                 5/16] kq_post_d095   (8/16)  ex   17/20  KL=0.4014  mean=1.5890  0.10ex/s  eta=29s  [eta=3h27m17s total]
  [2wikimqa                 5/16] kq_post_d095   (8/16)  ex   18/20  KL=1.2831  mean=1.5720  0.10ex/s  eta=19s  [eta=3h27m17s total]
  [2wikimqa                 5/16] kq_post_d095   (8/16)  ex   19/20  KL=0.9049  mean=1.5369  0.11ex/s  eta=9s  [eta=3h27m03s total]
  [2wikimqa                 5/16] kq_post_d095   (8/16)  ex   20/20  KL=2.0667  mean=1.5633  0.11ex/s  eta=0s  [eta=3h26m57s total]
  >>> 2wikimqa / kq_post_d095:  n=20  mean_KL=1.5633  [3m06s]

  [2wikimqa                 5/16] snapkv_d070    (9/16)  ex    1/20  KL=4.6233  mean=4.6233  0.09ex/s  eta=3m33s  [eta=3h26m56s total]
  [2wikimqa                 5/16] snapkv_d070    (9/16)  ex    2/20  KL=7.7510  mean=6.1872  0.09ex/s  eta=3m25s  [eta=3h26m56s total]
  [2wikimqa                 5/16] snapkv_d070    (9/16)  ex    3/20  KL=3.5490  mean=5.3078  0.10ex/s  eta=2m58s  [eta=3h26m51s total]
  [2wikimqa                 5/16] snapkv_d070    (9/16)  ex    4/20  KL=0.3947  mean=4.0795  0.09ex/s  eta=2m54s  [eta=3h26m52s total]
  [2wikimqa                 5/16] snapkv_d070    (9/16)  ex    5/20  KL=0.3121  mean=3.3260  0.09ex/s  eta=2m47s  [eta=3h26m52s total]
  [2wikimqa                 5/16] snapkv_d070    (9/16)  ex    6/20  KL=2.2531  mean=3.1472  0.09ex/s  eta=2m38s  [eta=3h26m51s total]
  [2wikimqa                 5/16] snapkv_d070    (9/16)  ex    7/20  KL=0.8863  mean=2.8242  0.09ex/s  eta=2m28s  [eta=3h26m51s total]
  [2wikimqa                 5/16] snapkv_d070    (9/16)  ex    8/20  KL=1.2798  mean=2.6312  0.09ex/s  eta=2m17s  [eta=3h26m51s total]
  [2wikimqa                 5/16] snapkv_d070    (9/16)  ex    9/20  KL=6.1015  mean=3.0168  0.09ex/s  eta=2m02s  [eta=3h26m46s total]
  [2wikimqa                 5/16] snapkv_d070    (9/16)  ex   10/20  KL=1.2538  mean=2.8405  0.09ex/s  eta=1m52s  [eta=3h26m47s total]
  [2wikimqa                 5/16] snapkv_d070    (9/16)  ex   11/20  KL=0.2458  mean=2.6046  0.09ex/s  eta=1m41s  [eta=3h26m46s total]
  [2wikimqa                 5/16] snapkv_d070    (9/16)  ex   12/20  KL=1.2154  mean=2.4888  0.09ex/s  eta=1m27s  [eta=3h26m40s total]
  [2wikimqa                 5/16] snapkv_d070    (9/16)  ex   13/20  KL=0.5386  mean=2.3388  0.10ex/s  eta=1m12s  [eta=3h26m28s total]
  [2wikimqa                 5/16] snapkv_d070    (9/16)  ex   14/20  KL=0.4450  mean=2.2035  0.10ex/s  eta=1m00s  [eta=3h26m21s total]
  [2wikimqa                 5/16] snapkv_d070    (9/16)  ex   15/20  KL=0.4350  mean=2.0856  0.10ex/s  eta=50s  [eta=3h26m19s total]
  [2wikimqa                 5/16] snapkv_d070    (9/16)  ex   16/20  KL=3.9437  mean=2.2018  0.10ex/s  eta=40s  [eta=3h26m19s total]
  [2wikimqa                 5/16] snapkv_d070    (9/16)  ex   17/20  KL=0.1870  mean=2.0832  0.10ex/s  eta=29s  [eta=3h26m07s total]
  [2wikimqa                 5/16] snapkv_d070    (9/16)  ex   18/20  KL=0.9254  mean=2.0189  0.10ex/s  eta=19s  [eta=3h26m06s total]
  [2wikimqa                 5/16] snapkv_d070    (9/16)  ex   19/20  KL=0.1972  mean=1.9230  0.11ex/s  eta=9s  [eta=3h25m52s total]
  [2wikimqa                 5/16] snapkv_d070    (9/16)  ex   20/20  KL=1.6188  mean=1.9078  0.11ex/s  eta=0s  [eta=3h25m47s total]
  >>> 2wikimqa / snapkv_d070:  n=20  mean_KL=1.9078  [3m06s]

  [2wikimqa                 5/16] snapkv_d080    (10/16)  ex    1/20  KL=4.7293  mean=4.7293  0.09ex/s  eta=3m33s  [eta=3h25m45s total]
  [2wikimqa                 5/16] snapkv_d080    (10/16)  ex    2/20  KL=7.7734  mean=6.2513  0.09ex/s  eta=3m27s  [eta=3h25m45s total]
  [2wikimqa                 5/16] snapkv_d080    (10/16)  ex    3/20  KL=6.4745  mean=6.3257  0.09ex/s  eta=3m01s  [eta=3h25m41s total]
  [2wikimqa                 5/16] snapkv_d080    (10/16)  ex    4/20  KL=0.4259  mean=4.8508  0.09ex/s  eta=2m57s  [eta=3h25m41s total]
  [2wikimqa                 5/16] snapkv_d080    (10/16)  ex    5/20  KL=0.3025  mean=3.9411  0.09ex/s  eta=2m49s  [eta=3h25m40s total]
  [2wikimqa                 5/16] snapkv_d080    (10/16)  ex    6/20  KL=2.3930  mean=3.6831  0.09ex/s  eta=2m38s  [eta=3h25m40s total]
  [2wikimqa                 5/16] snapkv_d080    (10/16)  ex    7/20  KL=0.9207  mean=3.2885  0.09ex/s  eta=2m28s  [eta=3h25m39s total]
  [2wikimqa                 5/16] snapkv_d080    (10/16)  ex    8/20  KL=1.3308  mean=3.0438  0.09ex/s  eta=2m18s  [eta=3h25m39s total]
  [2wikimqa                 5/16] snapkv_d080    (10/16)  ex    9/20  KL=6.0931  mean=3.3826  0.09ex/s  eta=2m03s  [eta=3h25m34s total]
  [2wikimqa                 5/16] snapkv_d080    (10/16)  ex   10/20  KL=1.2637  mean=3.1707  0.09ex/s  eta=1m52s  [eta=3h25m34s total]
  [2wikimqa                 5/16] snapkv_d080    (10/16)  ex   11/20  KL=0.2422  mean=2.9045  0.09ex/s  eta=1m42s  [eta=3h25m34s total]
  [2wikimqa                 5/16] snapkv_d080    (10/16)  ex   12/20  KL=1.2675  mean=2.7680  0.09ex/s  eta=1m28s  [eta=3h25m28s total]
  [2wikimqa                 5/16] snapkv_d080    (10/16)  ex   13/20  KL=0.5224  mean=2.5953  0.10ex/s  eta=1m12s  [eta=3h25m15s total]
  [2wikimqa                 5/16] snapkv_d080    (10/16)  ex   14/20  KL=0.4425  mean=2.4415  0.10ex/s  eta=1m00s  [eta=3h25m09s total]
  [2wikimqa                 5/16] snapkv_d080    (10/16)  ex   15/20  KL=0.4253  mean=2.3071  0.10ex/s  eta=50s  [eta=3h25m07s total]
  [2wikimqa                 5/16] snapkv_d080    (10/16)  ex   16/20  KL=3.9325  mean=2.4087  0.10ex/s  eta=41s  [eta=3h25m06s total]
  [2wikimqa                 5/16] snapkv_d080    (10/16)  ex   17/20  KL=0.1255  mean=2.2744  0.10ex/s  eta=29s  [eta=3h24m54s total]
  [2wikimqa                 5/16] snapkv_d080    (10/16)  ex   18/20  KL=0.9853  mean=2.2028  0.10ex/s  eta=19s  [eta=3h24m54s total]
  [2wikimqa                 5/16] snapkv_d080    (10/16)  ex   19/20  KL=0.1973  mean=2.0972  0.11ex/s  eta=9s  [eta=3h24m40s total]
  [2wikimqa                 5/16] snapkv_d080    (10/16)  ex   20/20  KL=1.6731  mean=2.0760  0.11ex/s  eta=0s  [eta=3h24m34s total]
  >>> 2wikimqa / snapkv_d080:  n=20  mean_KL=2.0760  [3m07s]

  [2wikimqa                 5/16] snapkv_d090    (11/16)  ex    1/20  KL=4.9328  mean=4.9328  0.09ex/s  eta=3m29s  [eta=3h24m32s total]
  [2wikimqa                 5/16] snapkv_d090    (11/16)  ex    2/20  KL=7.6861  mean=6.3094  0.09ex/s  eta=3m25s  [eta=3h24m31s total]
  [2wikimqa                 5/16] snapkv_d090    (11/16)  ex    3/20  KL=3.7267  mean=5.4485  0.09ex/s  eta=2m59s  [eta=3h24m27s total]
  [2wikimqa                 5/16] snapkv_d090    (11/16)  ex    4/20  KL=0.4288  mean=4.1936  0.09ex/s  eta=2m56s  [eta=3h24m27s total]
  [2wikimqa                 5/16] snapkv_d090    (11/16)  ex    5/20  KL=0.2187  mean=3.3986  0.09ex/s  eta=2m48s  [eta=3h24m26s total]
  [2wikimqa                 5/16] snapkv_d090    (11/16)  ex    6/20  KL=2.3718  mean=3.2275  0.09ex/s  eta=2m39s  [eta=3h24m26s total]
  [2wikimqa                 5/16] snapkv_d090    (11/16)  ex    7/20  KL=6.3091  mean=3.6677  0.09ex/s  eta=2m29s  [eta=3h24m26s total]
  [2wikimqa                 5/16] snapkv_d090    (11/16)  ex    8/20  KL=1.4646  mean=3.3923  0.09ex/s  eta=2m18s  [eta=3h24m25s total]
  [2wikimqa                 5/16] snapkv_d090    (11/16)  ex    9/20  KL=6.1483  mean=3.6985  0.09ex/s  eta=2m03s  [eta=3h24m20s total]
  [2wikimqa                 5/16] snapkv_d090    (11/16)  ex   10/20  KL=1.2612  mean=3.4548  0.09ex/s  eta=1m52s  [eta=3h24m19s total]
  [2wikimqa                 5/16] snapkv_d090    (11/16)  ex   11/20  KL=0.2607  mean=3.1644  0.09ex/s  eta=1m42s  [eta=3h24m19s total]
  [2wikimqa                 5/16] snapkv_d090    (11/16)  ex   12/20  KL=1.2183  mean=3.0023  0.09ex/s  eta=1m28s  [eta=3h24m13s total]
  [2wikimqa                 5/16] snapkv_d090    (11/16)  ex   13/20  KL=0.5412  mean=2.8129  0.10ex/s  eta=1m12s  [eta=3h24m00s total]
  [2wikimqa                 5/16] snapkv_d090    (11/16)  ex   14/20  KL=0.4814  mean=2.6464  0.10ex/s  eta=1m00s  [eta=3h23m54s total]
  [2wikimqa                 5/16] snapkv_d090    (11/16)  ex   15/20  KL=0.4208  mean=2.4980  0.10ex/s  eta=50s  [eta=3h23m51s total]
  [2wikimqa                 5/16] snapkv_d090    (11/16)  ex   16/20  KL=3.9674  mean=2.5899  0.10ex/s  eta=41s  [eta=3h23m50s total]
  [2wikimqa                 5/16] snapkv_d090    (11/16)  ex   17/20  KL=0.1318  mean=2.4453  0.10ex/s  eta=29s  [eta=3h23m38s total]
  [2wikimqa                 5/16] snapkv_d090    (11/16)  ex   18/20  KL=1.0961  mean=2.3703  0.10ex/s  eta=19s  [eta=3h23m37s total]
  [2wikimqa                 5/16] snapkv_d090    (11/16)  ex   19/20  KL=0.1965  mean=2.2559  0.11ex/s  eta=9s  [eta=3h23m23s total]
  [2wikimqa                 5/16] snapkv_d090    (11/16)  ex   20/20  KL=1.7493  mean=2.2306  0.11ex/s  eta=0s  [eta=3h23m17s total]
  >>> 2wikimqa / snapkv_d090:  n=20  mean_KL=2.2306  [3m06s]

  [2wikimqa                 5/16] snapkv_d095    (12/16)  ex    1/20  KL=4.9620  mean=4.9620  0.09ex/s  eta=3m38s  [eta=3h23m16s total]
  [2wikimqa                 5/16] snapkv_d095    (12/16)  ex    2/20  KL=7.6911  mean=6.3266  0.09ex/s  eta=3m27s  [eta=3h23m15s total]
  [2wikimqa                 5/16] snapkv_d095    (12/16)  ex    3/20  KL=4.9966  mean=5.8833  0.09ex/s  eta=3m00s  [eta=3h23m10s total]
  [2wikimqa                 5/16] snapkv_d095    (12/16)  ex    4/20  KL=0.4138  mean=4.5159  0.09ex/s  eta=2m57s  [eta=3h23m10s total]
  [2wikimqa                 5/16] snapkv_d095    (12/16)  ex    5/20  KL=0.2175  mean=3.6562  0.09ex/s  eta=2m49s  [eta=3h23m09s total]
  [2wikimqa                 5/16] snapkv_d095    (12/16)  ex    6/20  KL=2.3636  mean=3.4408  0.09ex/s  eta=2m40s  [eta=3h23m08s total]
  [2wikimqa                 5/16] snapkv_d095    (12/16)  ex    7/20  KL=6.3085  mean=3.8505  0.09ex/s  eta=2m29s  [eta=3h23m08s total]
  [2wikimqa                 5/16] snapkv_d095    (12/16)  ex    8/20  KL=1.5367  mean=3.5612  0.09ex/s  eta=2m19s  [eta=3h23m07s total]
  [2wikimqa                 5/16] snapkv_d095    (12/16)  ex    9/20  KL=6.1370  mean=3.8474  0.09ex/s  eta=2m03s  [eta=3h23m02s total]
  [2wikimqa                 5/16] snapkv_d095    (12/16)  ex   10/20  KL=1.2756  mean=3.5902  0.09ex/s  eta=1m53s  [eta=3h23m01s total]
  [2wikimqa                 5/16] snapkv_d095    (12/16)  ex   11/20  KL=0.2543  mean=3.2870  0.09ex/s  eta=1m42s  [eta=3h23m00s total]
  [2wikimqa                 5/16] snapkv_d095    (12/16)  ex   12/20  KL=1.2536  mean=3.1175  0.09ex/s  eta=1m28s  [eta=3h22m54s total]
  [2wikimqa                 5/16] snapkv_d095    (12/16)  ex   13/20  KL=0.5427  mean=2.9195  0.10ex/s  eta=1m12s  [eta=3h22m42s total]
  [2wikimqa                 5/16] snapkv_d095    (12/16)  ex   14/20  KL=0.4560  mean=2.7435  0.10ex/s  eta=1m01s  [eta=3h22m35s total]
  [2wikimqa                 5/16] snapkv_d095    (12/16)  ex   15/20  KL=0.4352  mean=2.5896  0.10ex/s  eta=51s  [eta=3h22m33s total]
  [2wikimqa                 5/16] snapkv_d095    (12/16)  ex   16/20  KL=3.9873  mean=2.6770  0.10ex/s  eta=41s  [eta=3h22m32s total]
  [2wikimqa                 5/16] snapkv_d095    (12/16)  ex   17/20  KL=0.1291  mean=2.5271  0.10ex/s  eta=29s  [eta=3h22m20s total]
  [2wikimqa                 5/16] snapkv_d095    (12/16)  ex   18/20  KL=1.0961  mean=2.4476  0.10ex/s  eta=19s  [eta=3h22m19s total]
  [2wikimqa                 5/16] snapkv_d095    (12/16)  ex   19/20  KL=0.1854  mean=2.3285  0.11ex/s  eta=9s  [eta=3h22m05s total]
  [2wikimqa                 5/16] snapkv_d095    (12/16)  ex   20/20  KL=1.7056  mean=2.2974  0.11ex/s  eta=0s  [eta=3h21m59s total]
  >>> 2wikimqa / snapkv_d095:  n=20  mean_KL=2.2974  [3m07s]

[2wikimqa                 5/16] naive_65pct    (13/16)  SKIP — already done  n=20  mean_KL=0.6824
[2wikimqa                 5/16] snapkv         (14/16)  SKIP — already done  n=20  mean_KL=0.7205
[2wikimqa                 5/16] kq_only        (15/16)  SKIP — already done  n=20  mean_KL=0.9555
[2wikimqa                 5/16] kq_post_rope   (16/16)  SKIP — already done  n=20  mean_KL=1.3139
