{
  "r=50% additive(\u03b1=0.3)": {
    "passage_retrieval_en": 10.0,
    "hotpotqa": 5.6570464069102915,
    "2wikimqa": 8.913667593530294,
    "gov_report": 13.926242405132802,
    "qmsum": 6.949616751376412,
    "multi_news": 5.388062215963954
  },
  "r=50% additive(\u03b1=0.5)": {
    "passage_retrieval_en": 6.666666666666667,
    "hotpotqa": 5.9315554089791975,
    "2wikimqa": 8.327573011783537,
    "gov_report": 12.32733688173605,
    "qmsum": 7.720676548974832,
    "multi_news": 6.459104434083781
  },
  "r=50% additive(\u03b1=0.7)": {
    "passage_retrieval_en": 3.3333333333333335,
    "hotpotqa": 7.227225077937221,
    "2wikimqa": 9.311795177165124,
    "gov_report": 14.808110779879588,
    "qmsum": 6.999741832315364,
    "multi_news": 4.217221093867836
  },
  "r=50% additive(\u03b1=0.9)": {
    "passage_retrieval_en": 6.666666666666667,
    "hotpotqa": 9.573491870769548,
    "2wikimqa": 9.49068007019279,
    "gov_report": 15.632141118398577,
    "qmsum": 6.715988671921722,
    "multi_news": 1.600873493627887
  },
  "r=65% additive(\u03b1=0.3)": {
    "passage_retrieval_en": 6.666666666666667,
    "hotpotqa": 6.964517177287214,
    "2wikimqa": 9.56075834496887,
    "gov_report": 15.441310351358855,
    "qmsum": 7.659615655257088,
    "multi_news": 4.86017474278352
  },
  "r=65% additive(\u03b1=0.5)": {
    "passage_retrieval_en": 16.666666666666668,
    "hotpotqa": 9.116685348721962,
    "2wikimqa": 11.015584851543034,
    "gov_report": 17.44486092677543,
    "qmsum": 7.132814651337713,
    "multi_news": 1.7183012021902322
  },
  "r=65% additive(\u03b1=0.7)": {
    "passage_retrieval_en": 20.0,
    "hotpotqa": 9.600712915358224,
    "2wikimqa": 11.217960158044063,
    "gov_report": 19.61736041032182,
    "qmsum": 8.549352400065972,
    "multi_news": 1.7926166033306494
  },
  "r=65% additive(\u03b1=0.9)": {
    "passage_retrieval_en": 26.666666666666668,
    "hotpotqa": 12.253313725853774,
    "2wikimqa": 11.836896112334708,
    "gov_report": 17.907181895204324,
    "qmsum": 7.493823133169593,
    "multi_news": 0.4878048780487804
  },
  "r=80% additive(\u03b1=0.3)": {
    "passage_retrieval_en": 23.333333333333332,
    "hotpotqa": 11.841815349016857,
    "2wikimqa": 12.438748124807262,
    "gov_report": 20.080760272228634,
    "qmsum": 7.8679650023655885,
    "multi_news": 4.974232879975471
  },
  "r=80% additive(\u03b1=0.5)": {
    "passage_retrieval_en": 30.0,
    "hotpotqa": 12.193551166241138,
    "2wikimqa": 10.275998327180629,
    "gov_report": 20.73327054255166,
    "qmsum": 7.857661538932279,
    "multi_news": 1.400872392856667
  },
  "r=80% additive(\u03b1=0.7)": {
    "passage_retrieval_en": 33.333333333333336,
    "hotpotqa": 12.926050734522658,
    "2wikimqa": 14.94659243197853,
    "gov_report": 18.483575629634338,
    "qmsum": 7.956244800208647,
    "multi_news": 0.21652421652421655
  },
  "r=80% additive(\u03b1=0.9)": {
    "passage_retrieval_en": 23.333333333333332,
    "hotpotqa": 13.467800976296575,
    "2wikimqa": 14.102014217384164,
    "gov_report": 19.684786677837945,
    "qmsum": 8.279015241688604,
    "multi_news": 0.0
  }
}